pair,year,gap_start,gap_end,gap_minutes,missing_minutes
EURUSD,2024,2024-01-05T16:59:00Z,2024-01-08T00:00:00Z,421,420
EURUSD,2024,2024-01-12T16:59:00Z,2024-01-15T00:00:00Z,421,420
EURUSD,2024,2024-01-15T13:59:00Z,2024-01-15T15:00:00Z,61,60
EURUSD,2024,2024-01-16T11:59:00Z,2024-01-16T13:00:00Z,61,60
EURUSD,2024,2024-01-16T15:59:00Z,2024-01-16T19:00:00Z,181,180
EURUSD,2024,2024-01-19T16:59:00Z,2024-01-22T00:00:00Z,421,420
EURUSD,2024,2024-01-26T16:59:00Z,2024-01-29T00:00:00Z,421,420
EURUSD,2024,2024-02-02T16:59:00Z,2024-02-05T00:00:00Z,421,420
EURUSD,2024,2024-02-09T16:59:00Z,2024-02-12T00:00:00Z,421,420
EURUSD,2024,2024-02-16T16:59:00Z,2024-02-19T00:00:00Z,421,420
EURUSD,2024,2024-02-23T16:59:00Z,2024-02-26T00:00:00Z,421,420
EURUSD,2024,2024-03-01T16:59:00Z,2024-03-04T00:00:00Z,421,420
EURUSD,2024,2024-03-08T16:59:00Z,2024-03-11T00:00:00Z,421,420
EURUSD,2024,2024-03-15T15:59:00Z,2024-03-18T00:00:00Z,481,480
EURUSD,2024,2024-03-22T15:59:00Z,2024-03-25T00:00:00Z,481,480
EURUSD,2024,2024-03-29T15:59:00Z,2024-04-01T00:00:00Z,481,480
EURUSD,2024,2024-04-05T16:59:00Z,2024-04-08T00:00:00Z,421,420
EURUSD,2024,2024-04-12T16:59:00Z,2024-04-15T00:00:00Z,421,420
EURUSD,2024,2024-04-19T16:59:00Z,2024-04-22T00:00:00Z,421,420
EURUSD,2024,2024-04-26T16:59:00Z,2024-04-29T00:00:00Z,421,420
EURUSD,2024,2024-05-03T16:59:00Z,2024-05-06T00:00:00Z,421,420
EURUSD,2024,2024-05-10T16:59:00Z,2024-05-13T00:00:00Z,421,420
EURUSD,2024,2024-05-17T16:59:00Z,2024-05-20T00:00:00Z,421,420
EURUSD,2024,2024-05-24T16:59:00Z,2024-05-27T00:00:00Z,421,420
EURUSD,2024,2024-05-31T16:59:00Z,2024-06-03T00:00:00Z,421,420
EURUSD,2024,2024-06-07T16:59:00Z,2024-06-10T00:00:00Z,421,420
EURUSD,2024,2024-06-14T16:59:00Z,2024-06-17T00:00:00Z,421,420
EURUSD,2024,2024-06-19T14:24:00Z,2024-06-19T14:31:00Z,7,6
EURUSD,2024,2024-06-21T16:59:00Z,2024-06-24T00:00:00Z,421,420
EURUSD,2024,2024-06-24T18:48:00Z,2024-06-24T18:57:00Z,9,8
EURUSD,2024,2024-06-28T16:59:00Z,2024-07-01T00:00:00Z,421,420
EURUSD,2024,2024-07-04T14:32:00Z,2024-07-04T14:40:00Z,8,7
EURUSD,2024,2024-07-04T15:13:00Z,2024-07-04T15:20:00Z,7,6
EURUSD,2024,2024-07-05T16:59:00Z,2024-07-08T00:00:00Z,421,420
EURUSD,2024,2024-07-08T17:01:00Z,2024-07-08T17:09:00Z,8,7
EURUSD,2024,2024-07-08T17:17:00Z,2024-07-08T17:24:00Z,7,6
EURUSD,2024,2024-07-12T16:59:00Z,2024-07-15T00:00:00Z,421,420
EURUSD,2024,2024-07-19T16:59:00Z,2024-07-22T00:00:00Z,421,420
EURUSD,2024,2024-07-26T16:59:00Z,2024-07-29T00:00:00Z,421,420
EURUSD,2024,2024-08-02T16:59:00Z,2024-08-05T00:00:00Z,421,420
EURUSD,2024,2024-08-09T16:59:00Z,2024-08-12T00:00:00Z,421,420
EURUSD,2024,2024-08-16T16:59:00Z,2024-08-19T00:00:00Z,421,420
EURUSD,2024,2024-08-23T16:59:00Z,2024-08-26T00:00:00Z,421,420
EURUSD,2024,2024-08-30T16:59:00Z,2024-09-02T00:00:00Z,421,420
EURUSD,2024,2024-09-06T16:59:00Z,2024-09-09T00:00:00Z,421,420
EURUSD,2024,2024-09-13T16:59:00Z,2024-09-16T00:00:00Z,421,420
EURUSD,2024,2024-09-20T16:59:00Z,2024-09-23T00:00:00Z,421,420
EURUSD,2024,2024-09-27T16:59:00Z,2024-09-30T00:00:00Z,421,420
EURUSD,2024,2024-10-04T16:59:00Z,2024-10-07T00:00:00Z,421,420
EURUSD,2024,2024-10-11T16:59:00Z,2024-10-14T00:00:00Z,421,420
EURUSD,2024,2024-10-18T16:59:00Z,2024-10-21T00:00:00Z,421,420
EURUSD,2024,2024-10-25T16:59:00Z,2024-10-28T00:00:00Z,421,420
EURUSD,2024,2024-11-01T15:59:00Z,2024-11-04T00:00:00Z,481,480
EURUSD,2024,2024-11-08T16:59:00Z,2024-11-11T00:00:00Z,421,420
EURUSD,2024,2024-11-15T16:59:00Z,2024-11-18T00:00:00Z,421,420
EURUSD,2024,2024-11-22T16:59:00Z,2024-11-25T00:00:00Z,421,420
EURUSD,2024,2024-11-29T16:59:00Z,2024-12-02T00:00:00Z,421,420
EURUSD,2024,2024-12-06T16:59:00Z,2024-12-09T00:00:00Z,421,420
EURUSD,2024,2024-12-13T16:59:00Z,2024-12-16T00:00:00Z,421,420
EURUSD,2024,2024-12-20T16:59:00Z,2024-12-23T00:00:00Z,421,420
EURUSD,2024,2024-12-24T17:17:00Z,2024-12-24T17:25:00Z,8,7
EURUSD,2024,2024-12-24T17:25:00Z,2024-12-24T17:34:00Z,9,8
EURUSD,2024,2024-12-24T17:34:00Z,2024-12-24T17:42:00Z,8,7
EURUSD,2024,2024-12-24T17:43:00Z,2024-12-24T17:54:00Z,11,10
EURUSD,2024,2024-12-24T18:01:00Z,2024-12-24T18:10:00Z,9,8
EURUSD,2024,2024-12-24T18:15:00Z,2024-12-24T18:29:00Z,14,13
EURUSD,2024,2024-12-24T18:33:00Z,2024-12-24T18:47:00Z,14,13
EURUSD,2024,2024-12-24T18:47:00Z,2024-12-24T18:56:00Z,9,8
EURUSD,2024,2024-12-24T18:56:00Z,2024-12-24T19:03:00Z,7,6
EURUSD,2024,2024-12-24T20:40:00Z,2024-12-24T20:47:00Z,7,6
EURUSD,2024,2024-12-24T20:48:00Z,2024-12-24T21:01:00Z,13,12
EURUSD,2024,2024-12-24T21:07:00Z,2024-12-24T21:14:00Z,7,6
EURUSD,2024,2024-12-24T21:14:00Z,2024-12-24T21:33:00Z,19,18
EURUSD,2024,2024-12-24T22:11:00Z,2024-12-24T22:28:00Z,17,16
EURUSD,2024,2024-12-24T23:11:00Z,2024-12-24T23:19:00Z,8,7
EURUSD,2024,2024-12-24T23:21:00Z,2024-12-24T23:30:00Z,9,8
EURUSD,2024,2024-12-24T23:30:00Z,2024-12-24T23:39:00Z,9,8
EURUSD,2024,2024-12-24T23:43:00Z,2024-12-25T00:00:00Z,17,16
EURUSD,2024,2024-12-25T01:49:00Z,2024-12-25T01:56:00Z,7,6
EURUSD,2024,2024-12-25T02:59:00Z,2024-12-25T17:04:00Z,845,844
EURUSD,2024,2024-12-27T16:59:00Z,2024-12-30T00:00:00Z,421,420
GBPUSD,2023,2023-01-06T16:59:00Z,2023-01-09T00:00:00Z,421,420
GBPUSD,2023,2023-01-13T16:59:00Z,2023-01-16T00:00:00Z,421,420
GBPUSD,2023,2023-01-20T16:59:00Z,2023-01-23T00:00:00Z,421,420
GBPUSD,2023,2023-01-27T16:59:00Z,2023-01-30T00:00:00Z,421,420
GBPUSD,2023,2023-02-03T16:59:00Z,2023-02-06T00:00:00Z,421,420
GBPUSD,2023,2023-02-07T16:59:00Z,2023-02-07T18:00:00Z,61,60
GBPUSD,2023,2023-02-10T16:59:00Z,2023-02-13T00:00:00Z,421,420
GBPUSD,2023,2023-02-17T16:59:00Z,2023-02-20T00:00:00Z,421,420
GBPUSD,2023,2023-02-20T04:59:00Z,2023-02-20T06:00:00Z,61,60
GBPUSD,2023,2023-02-20T07:59:00Z,2023-02-20T10:00:00Z,121,120
GBPUSD,2023,2023-02-20T11:59:00Z,2023-02-20T13:00:00Z,61,60
GBPUSD,2023,2023-02-20T13:59:00Z,2023-02-20T16:00:00Z,121,120
GBPUSD,2023,2023-02-20T16:59:00Z,2023-02-20T18:00:00Z,61,60
GBPUSD,2023,2023-02-21T05:59:00Z,2023-02-21T07:00:00Z,61,60
GBPUSD,2023,2023-02-21T07:59:00Z,2023-02-21T09:00:00Z,61,60
GBPUSD,2023,2023-02-21T09:59:00Z,2023-02-21T11:00:00Z,61,60
GBPUSD,2023,2023-02-21T11:59:00Z,2023-02-21T13:00:00Z,61,60
GBPUSD,2023,2023-02-21T13:59:00Z,2023-02-21T15:00:00Z,61,60
GBPUSD,2023,2023-02-21T15:59:00Z,2023-02-21T17:00:00Z,61,60
GBPUSD,2023,2023-02-21T17:59:00Z,2023-02-21T19:00:00Z,61,60
GBPUSD,2023,2023-02-22T05:59:00Z,2023-02-22T07:00:00Z,61,60
GBPUSD,2023,2023-02-22T07:59:00Z,2023-02-22T09:00:00Z,61,60
GBPUSD,2023,2023-02-22T09:59:00Z,2023-02-22T11:00:00Z,61,60
GBPUSD,2023,2023-02-22T11:59:00Z,2023-02-22T13:00:00Z,61,60
GBPUSD,2023,2023-02-22T13:59:00Z,2023-02-22T15:00:00Z,61,60
GBPUSD,2023,2023-02-22T15:59:00Z,2023-02-22T17:00:00Z,61,60
GBPUSD,2023,2023-02-22T17:59:00Z,2023-02-22T19:00:00Z,61,60
GBPUSD,2023,2023-02-23T04:59:00Z,2023-02-23T06:00:00Z,61,60
GBPUSD,2023,2023-02-23T07:59:00Z,2023-02-23T09:00:00Z,61,60
GBPUSD,2023,2023-02-23T09:59:00Z,2023-02-23T11:00:00Z,61,60
GBPUSD,2023,2023-02-23T11:59:00Z,2023-02-23T14:00:00Z,121,120
GBPUSD,2023,2023-02-23T15:59:00Z,2023-02-23T17:00:00Z,61,60
GBPUSD,2023,2023-02-23T17:59:00Z,2023-02-23T19:00:00Z,61,60
GBPUSD,2023,2023-02-24T04:59:00Z,2023-02-24T06:00:00Z,61,60
GBPUSD,2023,2023-02-24T07:59:00Z,2023-02-24T09:00:00Z,61,60
GBPUSD,2023,2023-02-24T09:59:00Z,2023-02-24T11:00:00Z,61,60
GBPUSD,2023,2023-02-24T11:59:00Z,2023-02-24T13:00:00Z,61,60
GBPUSD,2023,2023-02-24T13:59:00Z,2023-02-24T15:00:00Z,61,60
GBPUSD,2023,2023-02-24T15:59:00Z,2023-02-27T00:00:00Z,481,480
GBPUSD,2023,2023-02-27T04:59:00Z,2023-02-27T06:00:00Z,61,60
GBPUSD,2023,2023-02-27T06:59:00Z,2023-02-27T08:00:00Z,61,60
GBPUSD,2023,2023-02-27T08:59:00Z,2023-02-27T10:00:00Z,61,60
GBPUSD,2023,2023-02-27T11:59:00Z,2023-02-27T14:00:00Z,121,120
GBPUSD,2023,2023-02-27T15:59:00Z,2023-02-27T18:00:00Z,121,120
GBPUSD,2023,2023-02-28T04:59:00Z,2023-02-28T06:00:00Z,61,60
GBPUSD,2023,2023-02-28T06:59:00Z,2023-02-28T08:00:00Z,61,60
GBPUSD,2023,2023-02-28T08:59:00Z,2023-02-28T10:00:00Z,61,60
GBPUSD,2023,2023-02-28T10:59:00Z,2023-02-28T12:00:00Z,61,60
GBPUSD,2023,2023-02-28T13:59:00Z,2023-02-28T15:00:00Z,61,60
GBPUSD,2023,2023-02-28T15:59:00Z,2023-02-28T18:00:00Z,121,120
GBPUSD,2023,2023-03-01T04:59:00Z,2023-03-01T06:00:00Z,61,60
GBPUSD,2023,2023-03-01T06:59:00Z,2023-03-01T08:00:00Z,61,60
GBPUSD,2023,2023-03-01T08:59:00Z,2023-03-01T10:00:00Z,61,60
GBPUSD,2023,2023-03-01T11:59:00Z,2023-03-01T14:00:00Z,121,120
GBPUSD,2023,2023-03-01T14:59:00Z,2023-03-01T16:00:00Z,61,60
GBPUSD,2023,2023-03-01T16:59:00Z,2023-03-01T18:00:00Z,61,60
GBPUSD,2023,2023-03-02T05:59:00Z,2023-03-02T07:00:00Z,61,60
GBPUSD,2023,2023-03-02T07:59:00Z,2023-03-02T09:00:00Z,61,60
GBPUSD,2023,2023-03-02T09:59:00Z,2023-03-02T11:00:00Z,61,60
GBPUSD,2023,2023-03-02T11:59:00Z,2023-03-02T13:00:00Z,61,60
GBPUSD,2023,2023-03-02T13:59:00Z,2023-03-02T15:00:00Z,61,60
GBPUSD,2023,2023-03-02T15:59:00Z,2023-03-02T17:00:00Z,61,60
GBPUSD,2023,2023-03-02T17:59:00Z,2023-03-02T19:00:00Z,61,60
GBPUSD,2023,2023-03-03T05:59:00Z,2023-03-03T07:00:00Z,61,60
GBPUSD,2023,2023-03-03T07:59:00Z,2023-03-03T09:00:00Z,61,60
GBPUSD,2023,2023-03-03T09:59:00Z,2023-03-03T11:00:00Z,61,60
GBPUSD,2023,2023-03-03T11:59:00Z,2023-03-03T13:00:00Z,61,60
GBPUSD,2023,2023-03-03T13:59:00Z,2023-03-03T15:00:00Z,61,60
GBPUSD,2023,2023-03-03T15:59:00Z,2023-03-06T00:00:00Z,481,480
GBPUSD,2023,2023-03-06T04:59:00Z,2023-03-06T06:00:00Z,61,60
GBPUSD,2023,2023-03-06T06:59:00Z,2023-03-06T08:00:00Z,61,60
GBPUSD,2023,2023-03-06T08:59:00Z,2023-03-06T10:00:00Z,61,60
GBPUSD,2023,2023-03-06T10:59:00Z,2023-03-06T12:00:00Z,61,60
GBPUSD,2023,2023-03-06T12:59:00Z,2023-03-06T14:00:00Z,61,60
GBPUSD,2023,2023-03-06T14:59:00Z,2023-03-06T16:00:00Z,61,60
GBPUSD,2023,2023-03-06T16:59:00Z,2023-03-06T18:00:00Z,61,60
GBPUSD,2023,2023-03-07T05:59:00Z,2023-03-07T07:00:00Z,61,60
GBPUSD,2023,2023-03-07T07:59:00Z,2023-03-07T09:00:00Z,61,60
GBPUSD,2023,2023-03-07T09:59:00Z,2023-03-07T11:00:00Z,61,60
GBPUSD,2023,2023-03-07T11:59:00Z,2023-03-07T13:00:00Z,61,60
GBPUSD,2023,2023-03-07T13:59:00Z,2023-03-07T15:00:00Z,61,60
GBPUSD,2023,2023-03-07T15:59:00Z,2023-03-07T17:04:00Z,65,64
GBPUSD,2023,2023-03-07T17:59:00Z,2023-03-07T19:00:00Z,61,60
GBPUSD,2023,2023-03-08T04:59:00Z,2023-03-08T06:00:00Z,61,60
GBPUSD,2023,2023-03-08T07:59:00Z,2023-03-08T10:00:00Z,121,120
GBPUSD,2023,2023-03-08T10:59:00Z,2023-03-08T12:00:00Z,61,60
GBPUSD,2023,2023-03-08T12:59:00Z,2023-03-08T14:00:00Z,61,60
GBPUSD,2023,2023-03-08T14:59:00Z,2023-03-08T16:00:00Z,61,60
GBPUSD,2023,2023-03-08T16:59:00Z,2023-03-08T18:00:00Z,61,60
GBPUSD,2023,2023-03-09T05:59:00Z,2023-03-09T07:00:00Z,61,60
GBPUSD,2023,2023-03-09T07:59:00Z,2023-03-09T09:00:00Z,61,60
GBPUSD,2023,2023-03-09T09:54:00Z,2023-03-09T11:00:00Z,66,65
GBPUSD,2023,2023-03-09T11:59:00Z,2023-03-09T13:00:00Z,61,60
GBPUSD,2023,2023-03-09T13:59:00Z,2023-03-09T15:00:00Z,61,60
GBPUSD,2023,2023-03-09T15:59:00Z,2023-03-09T17:00:00Z,61,60
GBPUSD,2023,2023-03-09T17:59:00Z,2023-03-09T19:00:00Z,61,60
GBPUSD,2023,2023-03-10T05:59:00Z,2023-03-10T08:00:00Z,121,120
GBPUSD,2023,2023-03-10T09:59:00Z,2023-03-10T12:00:00Z,121,120
GBPUSD,2023,2023-03-10T12:59:00Z,2023-03-10T14:00:00Z,61,60
GBPUSD,2023,2023-03-10T15:59:00Z,2023-03-13T00:00:00Z,481,480
GBPUSD,2023,2023-03-13T05:59:00Z,2023-03-13T08:00:00Z,121,120
GBPUSD,2023,2023-03-13T08:59:00Z,2023-03-13T10:00:00Z,61,60
GBPUSD,2023,2023-03-13T10:59:00Z,2023-03-13T12:00:00Z,61,60
GBPUSD,2023,2023-03-13T12:59:00Z,2023-03-13T14:00:00Z,61,60
GBPUSD,2023,2023-03-13T14:59:00Z,2023-03-13T16:00:00Z,61,60
GBPUSD,2023,2023-03-13T16:59:00Z,2023-03-13T18:00:00Z,61,60
GBPUSD,2023,2023-03-14T04:59:00Z,2023-03-14T06:00:00Z,61,60
GBPUSD,2023,2023-03-14T06:59:00Z,2023-03-14T08:00:00Z,61,60
GBPUSD,2023,2023-03-14T08:59:00Z,2023-03-14T10:00:00Z,61,60
GBPUSD,2023,2023-03-14T10:59:00Z,2023-03-14T12:00:00Z,61,60
GBPUSD,2023,2023-03-14T12:59:00Z,2023-03-14T14:00:00Z,61,60
GBPUSD,2023,2023-03-14T14:59:00Z,2023-03-14T16:00:00Z,61,60
GBPUSD,2023,2023-03-14T16:59:00Z,2023-03-14T18:00:00Z,61,60
GBPUSD,2023,2023-03-15T05:59:00Z,2023-03-15T07:00:00Z,61,60
GBPUSD,2023,2023-03-15T07:59:00Z,2023-03-15T09:00:00Z,61,60
GBPUSD,2023,2023-03-15T09:59:00Z,2023-03-15T11:00:00Z,61,60
GBPUSD,2023,2023-03-15T11:59:00Z,2023-03-15T13:00:00Z,61,60
GBPUSD,2023,2023-03-15T13:59:00Z,2023-03-15T15:00:00Z,61,60
GBPUSD,2023,2023-03-15T15:59:00Z,2023-03-15T17:00:00Z,61,60
GBPUSD,2023,2023-03-15T17:59:00Z,2023-03-15T19:00:00Z,61,60
GBPUSD,2023,2023-03-16T05:59:00Z,2023-03-16T08:00:00Z,121,120
GBPUSD,2023,2023-03-16T08:59:00Z,2023-03-16T10:00:00Z,61,60
GBPUSD,2023,2023-03-16T10:59:00Z,2023-03-16T12:00:00Z,61,60
GBPUSD,2023,2023-03-16T13:59:00Z,2023-03-16T16:00:00Z,121,120
GBPUSD,2023,2023-03-16T16:59:00Z,2023-03-16T18:00:00Z,61,60
GBPUSD,2023,2023-03-17T04:59:00Z,2023-03-17T06:00:00Z,61,60
GBPUSD,2023,2023-03-17T06:59:00Z,2023-03-17T08:00:00Z,61,60
GBPUSD,2023,2023-03-17T08:59:00Z,2023-03-17T10:00:00Z,61,60
GBPUSD,2023,2023-03-17T10:59:00Z,2023-03-17T12:00:00Z,61,60
GBPUSD,2023,2023-03-17T12:59:00Z,2023-03-17T14:00:00Z,61,60
GBPUSD,2023,2023-03-17T14:59:00Z,2023-03-20T00:00:00Z,541,540
GBPUSD,2023,2023-03-20T04:59:00Z,2023-03-20T06:00:00Z,61,60
GBPUSD,2023,2023-03-20T07:59:00Z,2023-03-20T10:00:00Z,121,120
GBPUSD,2023,2023-03-20T10:59:00Z,2023-03-20T12:00:00Z,61,60
GBPUSD,2023,2023-03-20T12:59:00Z,2023-03-20T14:00:00Z,61,60
GBPUSD,2023,2023-03-20T14:59:00Z,2023-03-20T16:00:00Z,61,60
GBPUSD,2023,2023-03-20T16:59:00Z,2023-03-20T18:00:00Z,61,60
GBPUSD,2023,2023-03-21T04:59:00Z,2023-03-21T06:00:00Z,61,60
GBPUSD,2023,2023-03-21T06:59:00Z,2023-03-21T08:00:00Z,61,60
GBPUSD,2023,2023-03-21T09:59:00Z,2023-03-21T11:00:00Z,61,60
GBPUSD,2023,2023-03-21T11:59:00Z,2023-03-21T14:00:00Z,121,120
GBPUSD,2023,2023-03-21T15:59:00Z,2023-03-21T18:00:00Z,121,120
GBPUSD,2023,2023-03-22T03:59:00Z,2023-03-22T05:00:00Z,61,60
GBPUSD,2023,2023-03-22T05:59:00Z,2023-03-22T07:00:00Z,61,60
GBPUSD,2023,2023-03-22T08:59:00Z,2023-03-22T11:00:00Z,121,120
GBPUSD,2023,2023-03-22T11:59:00Z,2023-03-22T13:00:00Z,61,60
GBPUSD,2023,2023-03-22T13:59:00Z,2023-03-22T15:00:00Z,61,60
GBPUSD,2023,2023-03-22T15:59:00Z,2023-03-22T17:00:00Z,61,60
GBPUSD,2023,2023-03-22T17:59:00Z,2023-03-22T19:00:00Z,61,60
GBPUSD,2023,2023-03-23T03:59:00Z,2023-03-23T05:00:00Z,61,60
GBPUSD,2023,2023-03-23T05:59:00Z,2023-03-23T07:00:00Z,61,60
GBPUSD,2023,2023-03-23T07:59:00Z,2023-03-23T09:00:00Z,61,60
GBPUSD,2023,2023-03-23T09:59:00Z,2023-03-23T11:00:00Z,61,60
GBPUSD,2023,2023-03-23T11:59:00Z,2023-03-23T13:00:00Z,61,60
GBPUSD,2023,2023-03-23T13:59:00Z,2023-03-23T15:00:00Z,61,60
GBPUSD,2023,2023-03-23T15:59:00Z,2023-03-23T17:00:00Z,61,60
GBPUSD,2023,2023-03-23T17:59:00Z,2023-03-23T19:00:00Z,61,60
GBPUSD,2023,2023-03-24T03:59:00Z,2023-03-24T05:00:00Z,61,60
GBPUSD,2023,2023-03-24T05:59:00Z,2023-03-24T07:00:00Z,61,60
GBPUSD,2023,2023-03-24T08:59:00Z,2023-03-24T10:00:00Z,61,60
GBPUSD,2023,2023-03-24T10:59:00Z,2023-03-24T12:00:00Z,61,60
GBPUSD,2023,2023-03-24T12:59:00Z,2023-03-24T15:00:00Z,121,120
GBPUSD,2023,2023-03-24T15:59:00Z,2023-03-27T00:00:00Z,481,480
GBPUSD,2023,2023-03-27T06:59:00Z,2023-03-27T08:00:00Z,61,60
GBPUSD,2023,2023-03-27T08:59:00Z,2023-03-27T11:00:00Z,121,120
GBPUSD,2023,2023-03-27T12:59:00Z,2023-03-27T14:00:00Z,61,60
GBPUSD,2023,2023-03-27T14:59:00Z,2023-03-27T16:00:00Z,61,60
GBPUSD,2023,2023-03-27T16:59:00Z,2023-03-27T18:00:00Z,61,60
GBPUSD,2023,2023-03-27T18:59:00Z,2023-03-27T20:00:00Z,61,60
GBPUSD,2023,2023-03-28T06:59:00Z,2023-03-28T08:00:00Z,61,60
GBPUSD,2023,2023-03-28T08:59:00Z,2023-03-28T10:00:00Z,61,60
GBPUSD,2023,2023-03-28T10:59:00Z,2023-03-28T12:00:00Z,61,60
GBPUSD,2023,2023-03-28T12:59:00Z,2023-03-28T15:00:00Z,121,120
GBPUSD,2023,2023-03-28T15:59:00Z,2023-03-28T17:00:00Z,61,60
GBPUSD,2023,2023-03-29T05:59:00Z,2023-03-29T07:00:00Z,61,60
GBPUSD,2023,2023-03-29T07:59:00Z,2023-03-29T09:00:00Z,61,60
GBPUSD,2023,2023-03-29T09:59:00Z,2023-03-29T11:00:00Z,61,60
GBPUSD,2023,2023-03-29T11:59:00Z,2023-03-29T13:00:00Z,61,60
GBPUSD,2023,2023-03-29T13:59:00Z,2023-03-29T15:00:00Z,61,60
GBPUSD,2023,2023-03-29T15:59:00Z,2023-03-29T17:00:00Z,61,60
GBPUSD,2023,2023-03-29T17:59:00Z,2023-03-29T19:00:00Z,61,60
GBPUSD,2023,2023-03-30T05:59:00Z,2023-03-30T07:00:00Z,61,60
GBPUSD,2023,2023-03-30T07:59:00Z,2023-03-30T09:00:00Z,61,60
GBPUSD,2023,2023-03-30T09:59:00Z,2023-03-30T11:00:00Z,61,60
GBPUSD,2023,2023-03-30T11:59:00Z,2023-03-30T13:00:00Z,61,60
GBPUSD,2023,2023-03-30T13:59:00Z,2023-03-30T15:00:00Z,61,60
GBPUSD,2023,2023-03-30T15:59:00Z,2023-03-30T17:00:00Z,61,60
GBPUSD,2023,2023-03-30T17:59:00Z,2023-03-30T19:00:00Z,61,60
GBPUSD,2023,2023-03-31T05:59:00Z,2023-03-31T07:00:00Z,61,60
GBPUSD,2023,2023-03-31T07:59:00Z,2023-03-31T09:00:00Z,61,60
GBPUSD,2023,2023-03-31T11:59:00Z,2023-03-31T14:00:00Z,121,120
GBPUSD,2023,2023-03-31T14:59:00Z,2023-04-03T00:00:00Z,541,540
GBPUSD,2023,2023-04-03T06:59:00Z,2023-04-03T09:00:00Z,121,120
GBPUSD,2023,2023-04-03T09:59:00Z,2023-04-03T11:00:00Z,61,60
GBPUSD,2023,2023-04-03T11:59:00Z,2023-04-03T13:00:00Z,61,60
GBPUSD,2023,2023-04-03T14:59:00Z,2023-04-03T18:00:00Z,181,180
GBPUSD,2023,2023-04-04T05:59:00Z,2023-04-04T07:00:00Z,61,60
GBPUSD,2023,2023-04-04T08:59:00Z,2023-04-04T10:00:00Z,61,60
GBPUSD,2023,2023-04-04T10:59:00Z,2023-04-04T13:00:00Z,121,120
GBPUSD,2023,2023-04-04T13:59:00Z,2023-04-04T15:00:00Z,61,60
GBPUSD,2023,2023-04-04T16:59:00Z,2023-04-04T19:00:00Z,121,120
GBPUSD,2023,2023-04-05T06:59:00Z,2023-04-05T09:00:00Z,121,120
GBPUSD,2023,2023-04-05T10:59:00Z,2023-04-05T12:00:00Z,61,60
GBPUSD,2023,2023-04-05T12:59:00Z,2023-04-05T15:00:00Z,121,120
GBPUSD,2023,2023-04-05T15:59:00Z,2023-04-05T17:00:00Z,61,60
GBPUSD,2023,2023-04-05T18:59:00Z,2023-04-05T20:00:00Z,61,60
GBPUSD,2023,2023-04-06T05:59:00Z,2023-04-06T07:00:00Z,61,60
GBPUSD,2023,2023-04-06T08:59:00Z,2023-04-06T10:00:00Z,61,60
GBPUSD,2023,2023-04-06T10:59:00Z,2023-04-06T13:00:00Z,121,120
GBPUSD,2023,2023-04-06T14:59:00Z,2023-04-06T16:00:00Z,61,60
GBPUSD,2023,2023-04-06T16:59:00Z,2023-04-06T19:00:00Z,121,120
GBPUSD,2023,2023-04-06T19:59:00Z,2023-04-10T00:00:00Z,1681,1680
GBPUSD,2023,2023-04-10T06:59:00Z,2023-04-10T08:00:00Z,61,60
GBPUSD,2023,2023-04-10T08:59:00Z,2023-04-10T10:00:00Z,61,60
GBPUSD,2023,2023-04-10T10:59:00Z,2023-04-10T12:00:00Z,61,60
GBPUSD,2023,2023-04-10T12:59:00Z,2023-04-10T14:00:00Z,61,60
GBPUSD,2023,2023-04-10T14:59:00Z,2023-04-10T16:00:00Z,61,60
GBPUSD,2023,2023-04-10T16:59:00Z,2023-04-10T19:00:00Z,121,120
GBPUSD,2023,2023-04-11T05:59:00Z,2023-04-11T07:00:00Z,61,60
GBPUSD,2023,2023-04-11T08:59:00Z,2023-04-11T10:00:00Z,61,60
GBPUSD,2023,2023-04-11T10:59:00Z,2023-04-11T13:00:00Z,121,120
GBPUSD,2023,2023-04-11T13:59:00Z,2023-04-11T15:00:00Z,61,60
GBPUSD,2023,2023-04-11T15:59:00Z,2023-04-11T17:00:00Z,61,60
GBPUSD,2023,2023-04-11T17:59:00Z,2023-04-11T19:00:00Z,61,60
GBPUSD,2023,2023-04-12T06:59:00Z,2023-04-12T08:00:00Z,61,60
GBPUSD,2023,2023-04-12T08:59:00Z,2023-04-12T10:00:00Z,61,60
GBPUSD,2023,2023-04-12T10:59:00Z,2023-04-12T12:00:00Z,61,60
GBPUSD,2023,2023-04-12T12:59:00Z,2023-04-12T14:00:00Z,61,60
GBPUSD,2023,2023-04-12T14:59:00Z,2023-04-12T16:00:00Z,61,60
GBPUSD,2023,2023-04-12T16:59:00Z,2023-04-12T18:00:00Z,61,60
GBPUSD,2023,2023-04-12T18:59:00Z,2023-04-12T20:00:00Z,61,60
GBPUSD,2023,2023-04-13T06:59:00Z,2023-04-13T08:00:00Z,61,60
GBPUSD,2023,2023-04-13T08:59:00Z,2023-04-13T10:00:00Z,61,60
GBPUSD,2023,2023-04-13T10:59:00Z,2023-04-13T12:00:00Z,61,60
GBPUSD,2023,2023-04-13T12:59:00Z,2023-04-13T14:00:00Z,61,60
GBPUSD,2023,2023-04-13T14:59:00Z,2023-04-13T16:00:00Z,61,60
GBPUSD,2023,2023-04-13T16:59:00Z,2023-04-13T18:00:00Z,61,60
GBPUSD,2023,2023-04-13T18:59:00Z,2023-04-13T20:00:00Z,61,60
GBPUSD,2023,2023-04-14T05:59:00Z,2023-04-14T07:00:00Z,61,60
GBPUSD,2023,2023-04-14T07:59:00Z,2023-04-14T09:00:00Z,61,60
GBPUSD,2023,2023-04-14T11:59:00Z,2023-04-14T14:00:00Z,121,120
GBPUSD,2023,2023-04-14T14:59:00Z,2023-04-14T16:00:00Z,61,60
GBPUSD,2023,2023-04-14T16:59:00Z,2023-04-17T00:00:00Z,421,420
GBPUSD,2023,2023-04-17T06:59:00Z,2023-04-17T08:00:00Z,61,60
GBPUSD,2023,2023-04-17T08:59:00Z,2023-04-17T10:00:00Z,61,60
GBPUSD,2023,2023-04-17T10:59:00Z,2023-04-17T12:00:00Z,61,60
GBPUSD,2023,2023-04-17T12:59:00Z,2023-04-17T14:00:00Z,61,60
GBPUSD,2023,2023-04-17T14:59:00Z,2023-04-17T16:00:00Z,61,60
GBPUSD,2023,2023-04-17T16:59:00Z,2023-04-17T19:00:00Z,121,120
GBPUSD,2023,2023-04-18T05:59:00Z,2023-04-18T07:00:00Z,61,60
GBPUSD,2023,2023-04-18T07:59:00Z,2023-04-18T09:00:00Z,61,60
GBPUSD,2023,2023-04-18T09:59:00Z,2023-04-18T11:00:00Z,61,60
GBPUSD,2023,2023-04-18T12:59:00Z,2023-04-18T15:00:00Z,121,120
GBPUSD,2023,2023-04-18T15:59:00Z,2023-04-18T17:00:00Z,61,60
GBPUSD,2023,2023-04-18T17:59:00Z,2023-04-18T19:00:00Z,61,60
GBPUSD,2023,2023-04-19T06:59:00Z,2023-04-19T08:00:00Z,61,60
GBPUSD,2023,2023-04-19T08:59:00Z,2023-04-19T10:00:00Z,61,60
GBPUSD,2023,2023-04-19T10:59:00Z,2023-04-19T12:00:00Z,61,60
GBPUSD,2023,2023-04-19T12:59:00Z,2023-04-19T14:00:00Z,61,60
GBPUSD,2023,2023-04-19T14:59:00Z,2023-04-19T16:00:00Z,61,60
GBPUSD,2023,2023-04-19T16:59:00Z,2023-04-19T18:00:00Z,61,60
GBPUSD,2023,2023-04-19T18:59:00Z,2023-04-19T20:00:00Z,61,60
GBPUSD,2023,2023-04-20T06:59:00Z,2023-04-20T08:00:00Z,61,60
GBPUSD,2023,2023-04-20T08:59:00Z,2023-04-20T11:00:00Z,121,120
GBPUSD,2023,2023-04-20T12:59:00Z,2023-04-20T14:00:00Z,61,60
GBPUSD,2023,2023-04-20T14:59:00Z,2023-04-20T16:00:00Z,61,60
GBPUSD,2023,2023-04-20T16:59:00Z,2023-04-20T19:00:00Z,121,120
GBPUSD,2023,2023-04-21T05:59:00Z,2023-04-21T07:00:00Z,61,60
GBPUSD,2023,2023-04-21T07:59:00Z,2023-04-21T09:00:00Z,61,60
GBPUSD,2023,2023-04-21T10:59:00Z,2023-04-21T13:00:00Z,121,120
GBPUSD,2023,2023-04-21T14:59:00Z,2023-04-24T00:00:00Z,541,540
GBPUSD,2023,2023-04-24T06:59:00Z,2023-04-24T08:00:00Z,61,60
GBPUSD,2023,2023-04-24T08:59:00Z,2023-04-24T11:00:00Z,121,120
GBPUSD,2023,2023-04-24T11:59:00Z,2023-04-24T13:00:00Z,61,60
GBPUSD,2023,2023-04-24T13:59:00Z,2023-04-24T15:00:00Z,61,60
GBPUSD,2023,2023-04-24T16:59:00Z,2023-04-24T19:00:00Z,121,120
GBPUSD,2023,2023-04-25T06:59:00Z,2023-04-25T08:00:00Z,61,60
GBPUSD,2023,2023-04-25T08:59:00Z,2023-04-25T10:00:00Z,61,60
GBPUSD,2023,2023-04-25T10:59:00Z,2023-04-25T12:00:00Z,61,60
GBPUSD,2023,2023-04-25T12:59:00Z,2023-04-25T14:00:00Z,61,60
GBPUSD,2023,2023-04-25T14:59:00Z,2023-04-25T16:00:00Z,61,60
GBPUSD,2023,2023-04-25T16:59:00Z,2023-04-25T18:00:00Z,61,60
GBPUSD,2023,2023-04-25T18:59:00Z,2023-04-25T20:00:00Z,61,60
GBPUSD,2023,2023-04-26T06:59:00Z,2023-04-26T09:00:00Z,121,120
GBPUSD,2023,2023-04-26T09:59:00Z,2023-04-26T11:00:00Z,61,60
GBPUSD,2023,2023-04-26T12:59:00Z,2023-04-26T15:00:00Z,121,120
GBPUSD,2023,2023-04-26T17:59:00Z,2023-04-26T20:00:00Z,121,120
GBPUSD,2023,2023-04-27T05:59:00Z,2023-04-27T07:00:00Z,61,60
GBPUSD,2023,2023-04-27T07:59:00Z,2023-04-27T09:00:00Z,61,60
GBPUSD,2023,2023-04-27T09:59:00Z,2023-04-27T11:00:00Z,61,60
GBPUSD,2023,2023-04-27T11:59:00Z,2023-04-27T13:00:00Z,61,60
GBPUSD,2023,2023-04-27T13:59:00Z,2023-04-27T15:00:00Z,61,60
GBPUSD,2023,2023-04-27T15:59:00Z,2023-04-27T17:00:00Z,61,60
GBPUSD,2023,2023-04-27T17:59:00Z,2023-04-27T19:00:00Z,61,60
GBPUSD,2023,2023-04-28T05:59:00Z,2023-04-28T07:00:00Z,61,60
GBPUSD,2023,2023-04-28T08:59:00Z,2023-04-28T10:00:00Z,61,60
GBPUSD,2023,2023-04-28T10:59:00Z,2023-04-28T12:00:00Z,61,60
GBPUSD,2023,2023-04-28T12:59:00Z,2023-04-28T14:00:00Z,61,60
GBPUSD,2023,2023-04-28T15:59:00Z,2023-05-01T00:00:00Z,481,480
GBPUSD,2023,2023-05-01T05:59:00Z,2023-05-01T07:00:00Z,61,60
GBPUSD,2023,2023-05-01T08:59:00Z,2023-05-01T10:00:00Z,61,60
GBPUSD,2023,2023-05-01T10:59:00Z,2023-05-01T13:00:00Z,121,120
GBPUSD,2023,2023-05-01T14:59:00Z,2023-05-01T17:00:00Z,121,120
GBPUSD,2023,2023-05-01T17:59:00Z,2023-05-01T19:00:00Z,61,60
GBPUSD,2023,2023-05-02T06:59:00Z,2023-05-02T08:00:00Z,61,60
GBPUSD,2023,2023-05-02T08:59:00Z,2023-05-02T10:00:00Z,61,60
GBPUSD,2023,2023-05-02T10:59:00Z,2023-05-02T12:00:00Z,61,60
GBPUSD,2023,2023-05-02T12:59:00Z,2023-05-02T14:00:00Z,61,60
GBPUSD,2023,2023-05-02T14:59:00Z,2023-05-02T16:00:00Z,61,60
GBPUSD,2023,2023-05-02T16:59:00Z,2023-05-02T18:00:00Z,61,60
GBPUSD,2023,2023-05-02T18:59:00Z,2023-05-02T20:00:00Z,61,60
GBPUSD,2023,2023-05-03T06:59:00Z,2023-05-03T08:00:00Z,61,60
GBPUSD,2023,2023-05-03T08:59:00Z,2023-05-03T10:00:00Z,61,60
GBPUSD,2023,2023-05-03T10:59:00Z,2023-05-03T12:00:00Z,61,60
GBPUSD,2023,2023-05-03T12:59:00Z,2023-05-03T15:00:00Z,121,120
GBPUSD,2023,2023-05-03T16:59:00Z,2023-05-03T18:00:00Z,61,60
GBPUSD,2023,2023-05-03T18:59:00Z,2023-05-03T20:00:00Z,61,60
GBPUSD,2023,2023-05-04T06:59:00Z,2023-05-04T08:00:00Z,61,60
GBPUSD,2023,2023-05-04T08:59:00Z,2023-05-04T10:00:00Z,61,60
GBPUSD,2023,2023-05-04T10:59:00Z,2023-05-04T12:00:00Z,61,60
GBPUSD,2023,2023-05-04T12:59:00Z,2023-05-04T14:00:00Z,61,60
GBPUSD,2023,2023-05-04T14:59:00Z,2023-05-04T16:00:00Z,61,60
GBPUSD,2023,2023-05-04T16:59:00Z,2023-05-04T18:00:00Z,61,60
GBPUSD,2023,2023-05-04T18:59:00Z,2023-05-04T20:00:00Z,61,60
GBPUSD,2023,2023-05-05T06:59:00Z,2023-05-05T09:00:00Z,121,120
GBPUSD,2023,2023-05-05T09:59:00Z,2023-05-05T11:00:00Z,61,60
GBPUSD,2023,2023-05-05T12:59:00Z,2023-05-05T14:00:00Z,61,60
GBPUSD,2023,2023-05-05T14:59:00Z,2023-05-05T16:00:00Z,61,60
GBPUSD,2023,2023-05-05T16:59:00Z,2023-05-08T00:00:00Z,421,420
GBPUSD,2023,2023-05-08T06:59:00Z,2023-05-08T08:00:00Z,61,60
GBPUSD,2023,2023-05-08T08:59:00Z,2023-05-08T11:00:00Z,121,120
GBPUSD,2023,2023-05-08T12:59:00Z,2023-05-08T15:00:00Z,121,120
GBPUSD,2023,2023-05-08T16:59:00Z,2023-05-08T18:00:00Z,61,60
GBPUSD,2023,2023-05-09T06:59:00Z,2023-05-09T08:00:00Z,61,60
GBPUSD,2023,2023-05-09T08:59:00Z,2023-05-09T11:00:00Z,121,120
GBPUSD,2023,2023-05-09T12:59:00Z,2023-05-09T14:00:00Z,61,60
GBPUSD,2023,2023-05-09T14:59:00Z,2023-05-09T16:00:00Z,61,60
GBPUSD,2023,2023-05-09T16:59:00Z,2023-05-09T18:00:00Z,61,60
GBPUSD,2023,2023-05-09T18:59:00Z,2023-05-09T20:00:00Z,61,60
GBPUSD,2023,2023-05-10T05:59:00Z,2023-05-10T07:00:00Z,61,60
GBPUSD,2023,2023-05-10T07:59:00Z,2023-05-10T09:00:00Z,61,60
GBPUSD,2023,2023-05-10T09:59:00Z,2023-05-10T11:00:00Z,61,60
GBPUSD,2023,2023-05-10T12:59:00Z,2023-05-10T14:00:00Z,61,60
GBPUSD,2023,2023-05-10T14:59:00Z,2023-05-10T16:00:00Z,61,60
GBPUSD,2023,2023-05-10T16:59:00Z,2023-05-10T19:00:00Z,121,120
GBPUSD,2023,2023-05-11T04:59:00Z,2023-05-11T06:00:00Z,61,60
GBPUSD,2023,2023-05-11T06:59:00Z,2023-05-11T08:00:00Z,61,60
GBPUSD,2023,2023-05-11T08:59:00Z,2023-05-11T10:00:00Z,61,60
GBPUSD,2023,2023-05-11T11:59:00Z,2023-05-11T13:00:00Z,61,60
GBPUSD,2023,2023-05-11T13:59:00Z,2023-05-11T16:00:00Z,121,120
GBPUSD,2023,2023-05-11T16:59:00Z,2023-05-11T18:00:00Z,61,60
GBPUSD,2023,2023-05-11T18:59:00Z,2023-05-11T20:00:00Z,61,60
GBPUSD,2023,2023-05-12T05:59:00Z,2023-05-12T07:00:00Z,61,60
GBPUSD,2023,2023-05-12T07:59:00Z,2023-05-12T09:00:00Z,61,60
GBPUSD,2023,2023-05-12T09:59:00Z,2023-05-12T11:00:00Z,61,60
GBPUSD,2023,2023-05-12T11:59:00Z,2023-05-12T14:00:00Z,121,120
GBPUSD,2023,2023-05-12T15:59:00Z,2023-05-15T00:00:00Z,481,480
GBPUSD,2023,2023-05-15T05:59:00Z,2023-05-15T07:00:00Z,61,60
GBPUSD,2023,2023-05-15T07:59:00Z,2023-05-15T09:00:00Z,61,60
GBPUSD,2023,2023-05-15T10:59:00Z,2023-05-15T13:00:00Z,121,120
GBPUSD,2023,2023-05-15T13:59:00Z,2023-05-15T15:00:00Z,61,60
GBPUSD,2023,2023-05-15T15:59:00Z,2023-05-15T17:00:00Z,61,60
GBPUSD,2023,2023-05-15T18:59:00Z,2023-05-15T20:00:00Z,61,60
GBPUSD,2023,2023-05-16T06:59:00Z,2023-05-16T09:00:00Z,121,120
GBPUSD,2023,2023-05-16T09:59:00Z,2023-05-16T11:00:00Z,61,60
GBPUSD,2023,2023-05-16T12:59:00Z,2023-05-16T15:00:00Z,121,120
GBPUSD,2023,2023-05-16T15:59:00Z,2023-05-16T17:00:00Z,61,60
GBPUSD,2023,2023-05-16T18:59:00Z,2023-05-16T20:00:00Z,61,60
GBPUSD,2023,2023-05-17T06:59:00Z,2023-05-17T08:00:00Z,61,60
GBPUSD,2023,2023-05-17T08:59:00Z,2023-05-17T10:00:00Z,61,60
GBPUSD,2023,2023-05-17T10:59:00Z,2023-05-17T12:00:00Z,61,60
GBPUSD,2023,2023-05-17T12:59:00Z,2023-05-17T15:00:00Z,121,120
GBPUSD,2023,2023-05-17T16:59:00Z,2023-05-17T18:00:00Z,61,60
GBPUSD,2023,2023-05-17T18:59:00Z,2023-05-17T20:00:00Z,61,60
GBPUSD,2023,2023-05-18T05:59:00Z,2023-05-18T07:00:00Z,61,60
GBPUSD,2023,2023-05-18T07:59:00Z,2023-05-18T09:00:00Z,61,60
GBPUSD,2023,2023-05-18T09:59:00Z,2023-05-18T11:00:00Z,61,60
GBPUSD,2023,2023-05-18T12:59:00Z,2023-05-18T15:00:00Z,121,120
GBPUSD,2023,2023-05-18T16:59:00Z,2023-05-18T19:00:00Z,121,120
GBPUSD,2023,2023-05-19T05:59:00Z,2023-05-19T07:00:00Z,61,60
GBPUSD,2023,2023-05-19T08:59:00Z,2023-05-19T10:00:00Z,61,60
GBPUSD,2023,2023-05-19T10:59:00Z,2023-05-19T13:00:00Z,121,120
GBPUSD,2023,2023-05-19T13:59:00Z,2023-05-19T15:00:00Z,61,60
GBPUSD,2023,2023-05-19T16:59:00Z,2023-05-22T00:00:00Z,421,420
GBPUSD,2023,2023-05-22T06:59:00Z,2023-05-22T08:00:00Z,61,60
GBPUSD,2023,2023-05-22T08:59:00Z,2023-05-22T10:00:00Z,61,60
GBPUSD,2023,2023-05-22T10:59:00Z,2023-05-22T12:00:00Z,61,60
GBPUSD,2023,2023-05-22T12:59:00Z,2023-05-22T14:00:00Z,61,60
GBPUSD,2023,2023-05-22T14:59:00Z,2023-05-22T16:00:00Z,61,60
GBPUSD,2023,2023-05-22T16:59:00Z,2023-05-22T18:00:00Z,61,60
GBPUSD,2023,2023-05-22T18:59:00Z,2023-05-22T20:00:00Z,61,60
GBPUSD,2023,2023-05-23T05:59:00Z,2023-05-23T07:00:00Z,61,60
GBPUSD,2023,2023-05-23T07:59:00Z,2023-05-23T09:00:00Z,61,60
GBPUSD,2023,2023-05-23T09:59:00Z,2023-05-23T11:00:00Z,61,60
GBPUSD,2023,2023-05-23T11:59:00Z,2023-05-23T13:00:00Z,61,60
GBPUSD,2023,2023-05-23T13:59:00Z,2023-05-23T15:00:00Z,61,60
GBPUSD,2023,2023-05-23T15:59:00Z,2023-05-23T17:00:00Z,61,60
GBPUSD,2023,2023-05-23T17:59:00Z,2023-05-23T19:00:00Z,61,60
GBPUSD,2023,2023-05-24T06:59:00Z,2023-05-24T08:00:00Z,61,60
GBPUSD,2023,2023-05-24T08:59:00Z,2023-05-24T10:00:00Z,61,60
GBPUSD,2023,2023-05-24T10:59:00Z,2023-05-24T12:00:00Z,61,60
GBPUSD,2023,2023-05-24T12:59:00Z,2023-05-24T14:00:00Z,61,60
GBPUSD,2023,2023-05-24T14:59:00Z,2023-05-24T16:00:00Z,61,60
GBPUSD,2023,2023-05-24T16:59:00Z,2023-05-24T18:00:00Z,61,60
GBPUSD,2023,2023-05-24T18:59:00Z,2023-05-24T20:00:00Z,61,60
GBPUSD,2023,2023-05-25T06:59:00Z,2023-05-25T08:00:00Z,61,60
GBPUSD,2023,2023-05-25T08:59:00Z,2023-05-25T10:00:00Z,61,60
GBPUSD,2023,2023-05-25T10:59:00Z,2023-05-25T12:00:00Z,61,60
GBPUSD,2023,2023-05-25T12:59:00Z,2023-05-25T14:00:00Z,61,60
GBPUSD,2023,2023-05-25T14:59:00Z,2023-05-25T16:00:00Z,61,60
GBPUSD,2023,2023-05-25T16:59:00Z,2023-05-25T18:00:00Z,61,60
GBPUSD,2023,2023-05-25T18:59:00Z,2023-05-25T20:00:00Z,61,60
GBPUSD,2023,2023-05-26T05:59:00Z,2023-05-26T07:00:00Z,61,60
GBPUSD,2023,2023-05-26T07:59:00Z,2023-05-26T09:00:00Z,61,60
GBPUSD,2023,2023-05-26T09:59:00Z,2023-05-26T11:00:00Z,61,60
GBPUSD,2023,2023-05-26T11:59:00Z,2023-05-26T13:00:00Z,61,60
GBPUSD,2023,2023-05-26T13:59:00Z,2023-05-26T15:00:00Z,61,60
GBPUSD,2023,2023-05-26T15:59:00Z,2023-05-29T00:00:00Z,481,480
GBPUSD,2023,2023-05-29T05:59:00Z,2023-05-29T07:00:00Z,61,60
GBPUSD,2023,2023-05-29T08:59:00Z,2023-05-29T11:00:00Z,121,120
GBPUSD,2023,2023-05-29T11:59:00Z,2023-05-29T13:00:00Z,61,60
GBPUSD,2023,2023-05-29T13:58:00Z,2023-05-29T15:00:00Z,62,61
GBPUSD,2023,2023-05-29T15:59:00Z,2023-05-29T17:00:00Z,61,60
GBPUSD,2023,2023-05-29T17:59:00Z,2023-05-29T19:00:00Z,61,60
GBPUSD,2023,2023-05-30T06:59:00Z,2023-05-30T08:00:00Z,61,60
GBPUSD,2023,2023-05-30T08:59:00Z,2023-05-30T10:00:00Z,61,60
GBPUSD,2023,2023-05-30T10:59:00Z,2023-05-30T12:00:00Z,61,60
GBPUSD,2023,2023-05-30T12:59:00Z,2023-05-30T14:00:00Z,61,60
GBPUSD,2023,2023-05-30T14:59:00Z,2023-05-30T16:00:00Z,61,60
GBPUSD,2023,2023-05-30T16:59:00Z,2023-05-30T18:00:00Z,61,60
GBPUSD,2023,2023-05-30T18:59:00Z,2023-05-30T20:00:00Z,61,60
GBPUSD,2023,2023-05-31T06:59:00Z,2023-05-31T09:00:00Z,121,120
GBPUSD,2023,2023-05-31T10:59:00Z,2023-05-31T12:00:00Z,61,60
GBPUSD,2023,2023-05-31T13:59:00Z,2023-05-31T16:00:00Z,121,120
GBPUSD,2023,2023-05-31T16:59:00Z,2023-05-31T19:00:00Z,121,120
GBPUSD,2023,2023-06-01T06:59:00Z,2023-06-01T08:00:00Z,61,60
GBPUSD,2023,2023-06-01T08:59:00Z,2023-06-01T11:00:00Z,121,120
GBPUSD,2023,2023-06-01T12:59:00Z,2023-06-01T14:00:00Z,61,60
GBPUSD,2023,2023-06-01T14:59:00Z,2023-06-01T16:00:00Z,61,60
GBPUSD,2023,2023-06-01T16:59:00Z,2023-06-01T19:00:00Z,121,120
GBPUSD,2023,2023-06-02T05:59:00Z,2023-06-02T07:00:00Z,61,60
GBPUSD,2023,2023-06-02T07:59:00Z,2023-06-02T09:00:00Z,61,60
GBPUSD,2023,2023-06-02T09:59:00Z,2023-06-02T11:00:00Z,61,60
GBPUSD,2023,2023-06-02T11:59:00Z,2023-06-02T13:00:00Z,61,60
GBPUSD,2023,2023-06-02T13:59:00Z,2023-06-02T15:00:00Z,61,60
GBPUSD,2023,2023-06-02T15:59:00Z,2023-06-05T00:00:00Z,481,480
GBPUSD,2023,2023-06-05T05:59:00Z,2023-06-05T07:00:00Z,61,60
GBPUSD,2023,2023-06-05T07:59:00Z,2023-06-05T09:00:00Z,61,60
GBPUSD,2023,2023-06-05T09:59:00Z,2023-06-05T11:00:00Z,61,60
GBPUSD,2023,2023-06-05T11:59:00Z,2023-06-05T13:00:00Z,61,60
GBPUSD,2023,2023-06-05T13:59:00Z,2023-06-05T15:00:00Z,61,60
GBPUSD,2023,2023-06-05T15:59:00Z,2023-06-05T17:00:00Z,61,60
GBPUSD,2023,2023-06-05T17:59:00Z,2023-06-05T19:00:00Z,61,60
GBPUSD,2023,2023-06-06T04:59:00Z,2023-06-06T06:00:00Z,61,60
GBPUSD,2023,2023-06-06T06:59:00Z,2023-06-06T08:00:00Z,61,60
GBPUSD,2023,2023-06-06T09:59:00Z,2023-06-06T11:00:00Z,61,60
GBPUSD,2023,2023-06-06T11:59:00Z,2023-06-06T13:00:00Z,61,60
GBPUSD,2023,2023-06-06T13:59:00Z,2023-06-06T16:00:00Z,121,120
GBPUSD,2023,2023-06-06T17:59:00Z,2023-06-06T19:00:00Z,61,60
GBPUSD,2023,2023-06-07T06:59:00Z,2023-06-07T08:00:00Z,61,60
GBPUSD,2023,2023-06-07T08:59:00Z,2023-06-07T10:00:00Z,61,60
GBPUSD,2023,2023-06-07T10:59:00Z,2023-06-07T12:00:00Z,61,60
GBPUSD,2023,2023-06-07T12:59:00Z,2023-06-07T14:00:00Z,61,60
GBPUSD,2023,2023-06-07T14:59:00Z,2023-06-07T16:00:00Z,61,60
GBPUSD,2023,2023-06-07T16:59:00Z,2023-06-07T18:00:00Z,61,60
GBPUSD,2023,2023-06-07T18:59:00Z,2023-06-07T20:00:00Z,61,60
GBPUSD,2023,2023-06-08T06:59:00Z,2023-06-08T08:00:00Z,61,60
GBPUSD,2023,2023-06-08T08:59:00Z,2023-06-08T10:00:00Z,61,60
GBPUSD,2023,2023-06-08T10:59:00Z,2023-06-08T12:00:00Z,61,60
GBPUSD,2023,2023-06-08T12:59:00Z,2023-06-08T14:00:00Z,61,60
GBPUSD,2023,2023-06-08T14:59:00Z,2023-06-08T17:00:00Z,121,120
GBPUSD,2023,2023-06-08T18:59:00Z,2023-06-08T20:00:00Z,61,60
GBPUSD,2023,2023-06-09T05:59:00Z,2023-06-09T07:00:00Z,61,60
GBPUSD,2023,2023-06-09T07:59:00Z,2023-06-09T09:00:00Z,61,60
GBPUSD,2023,2023-06-09T09:59:00Z,2023-06-09T11:00:00Z,61,60
GBPUSD,2023,2023-06-09T12:59:00Z,2023-06-09T15:00:00Z,121,120
GBPUSD,2023,2023-06-09T15:59:00Z,2023-06-12T00:00:00Z,481,480
GBPUSD,2023,2023-06-12T06:59:00Z,2023-06-12T08:00:00Z,61,60
GBPUSD,2023,2023-06-12T08:59:00Z,2023-06-12T10:00:00Z,61,60
GBPUSD,2023,2023-06-12T10:59:00Z,2023-06-12T12:00:00Z,61,60
GBPUSD,2023,2023-06-12T12:59:00Z,2023-06-12T14:00:00Z,61,60
GBPUSD,2023,2023-06-12T14:59:00Z,2023-06-12T16:00:00Z,61,60
GBPUSD,2023,2023-06-12T16:59:00Z,2023-06-12T18:00:00Z,61,60
GBPUSD,2023,2023-06-12T18:59:00Z,2023-06-12T20:00:00Z,61,60
GBPUSD,2023,2023-06-13T05:59:00Z,2023-06-13T07:00:00Z,61,60
GBPUSD,2023,2023-06-13T07:59:00Z,2023-06-13T09:00:00Z,61,60
GBPUSD,2023,2023-06-13T09:59:00Z,2023-06-13T11:00:00Z,61,60
GBPUSD,2023,2023-06-13T11:59:00Z,2023-06-13T13:00:00Z,61,60
GBPUSD,2023,2023-06-13T14:59:00Z,2023-06-13T17:00:00Z,121,120
GBPUSD,2023,2023-06-13T18:59:00Z,2023-06-13T20:00:00Z,61,60
GBPUSD,2023,2023-06-14T06:59:00Z,2023-06-14T08:00:00Z,61,60
GBPUSD,2023,2023-06-14T08:59:00Z,2023-06-14T10:00:00Z,61,60
GBPUSD,2023,2023-06-14T10:59:00Z,2023-06-14T12:00:00Z,61,60
GBPUSD,2023,2023-06-14T12:59:00Z,2023-06-14T14:00:00Z,61,60
GBPUSD,2023,2023-06-14T14:59:00Z,2023-06-14T16:00:00Z,61,60
GBPUSD,2023,2023-06-14T16:59:00Z,2023-06-14T18:00:00Z,61,60
GBPUSD,2023,2023-06-14T18:59:00Z,2023-06-14T20:00:00Z,61,60
GBPUSD,2023,2023-06-15T06:59:00Z,2023-06-15T09:00:00Z,121,120
GBPUSD,2023,2023-06-15T10:59:00Z,2023-06-15T13:00:00Z,121,120
GBPUSD,2023,2023-06-15T14:59:00Z,2023-06-15T17:00:00Z,121,120
GBPUSD,2023,2023-06-15T18:59:00Z,2023-06-15T20:00:00Z,61,60
GBPUSD,2023,2023-06-16T06:59:00Z,2023-06-16T08:00:00Z,61,60
GBPUSD,2023,2023-06-16T08:59:00Z,2023-06-16T10:00:00Z,61,60
GBPUSD,2023,2023-06-16T10:59:00Z,2023-06-16T13:00:00Z,121,120
GBPUSD,2023,2023-06-16T14:59:00Z,2023-06-16T16:00:00Z,61,60
GBPUSD,2023,2023-06-16T16:59:00Z,2023-06-19T00:00:00Z,421,420
GBPUSD,2023,2023-06-19T05:59:00Z,2023-06-19T07:00:00Z,61,60
GBPUSD,2023,2023-06-19T07:59:00Z,2023-06-19T09:00:00Z,61,60
GBPUSD,2023,2023-06-19T09:59:00Z,2023-06-19T11:00:00Z,61,60
GBPUSD,2023,2023-06-19T12:59:00Z,2023-06-19T14:01:00Z,62,61
GBPUSD,2023,2023-06-19T14:59:00Z,2023-06-19T17:00:00Z,121,120
GBPUSD,2023,2023-06-19T17:59:00Z,2023-06-19T19:00:00Z,61,60
GBPUSD,2023,2023-06-20T06:59:00Z,2023-06-20T08:00:00Z,61,60
GBPUSD,2023,2023-06-20T08:59:00Z,2023-06-20T10:00:00Z,61,60
GBPUSD,2023,2023-06-20T10:59:00Z,2023-06-20T13:00:00Z,121,120
GBPUSD,2023,2023-06-20T13:59:00Z,2023-06-20T15:00:00Z,61,60
GBPUSD,2023,2023-06-20T15:59:00Z,2023-06-20T17:00:00Z,61,60
GBPUSD,2023,2023-06-20T18:59:00Z,2023-06-20T20:00:00Z,61,60
GBPUSD,2023,2023-06-21T05:59:00Z,2023-06-21T07:00:00Z,61,60
GBPUSD,2023,2023-06-21T07:59:00Z,2023-06-21T09:00:00Z,61,60
GBPUSD,2023,2023-06-21T10:59:00Z,2023-06-21T12:00:00Z,61,60
GBPUSD,2023,2023-06-21T12:59:00Z,2023-06-21T14:00:00Z,61,60
GBPUSD,2023,2023-06-21T14:59:00Z,2023-06-21T16:00:00Z,61,60
GBPUSD,2023,2023-06-21T16:59:00Z,2023-06-21T19:00:00Z,121,120
GBPUSD,2023,2023-06-22T04:59:00Z,2023-06-22T06:00:00Z,61,60
GBPUSD,2023,2023-06-22T06:59:00Z,2023-06-22T08:00:00Z,61,60
GBPUSD,2023,2023-06-22T08:59:00Z,2023-06-22T10:00:00Z,61,60
GBPUSD,2023,2023-06-22T10:59:00Z,2023-06-22T12:00:00Z,61,60
GBPUSD,2023,2023-06-22T12:59:00Z,2023-06-22T14:00:00Z,61,60
GBPUSD,2023,2023-06-22T14:59:00Z,2023-06-22T16:00:00Z,61,60
GBPUSD,2023,2023-06-22T16:59:00Z,2023-06-22T18:00:00Z,61,60
GBPUSD,2023,2023-06-22T18:59:00Z,2023-06-22T20:00:00Z,61,60
GBPUSD,2023,2023-06-23T05:59:00Z,2023-06-23T07:00:00Z,61,60
GBPUSD,2023,2023-06-23T07:59:00Z,2023-06-23T09:00:00Z,61,60
GBPUSD,2023,2023-06-23T09:59:00Z,2023-06-23T11:00:00Z,61,60
GBPUSD,2023,2023-06-23T11:59:00Z,2023-06-23T13:00:00Z,61,60
GBPUSD,2023,2023-06-23T13:59:00Z,2023-06-23T15:00:00Z,61,60
GBPUSD,2023,2023-06-23T15:59:00Z,2023-06-26T00:00:00Z,481,480
GBPUSD,2023,2023-06-26T05:59:00Z,2023-06-26T07:00:00Z,61,60
GBPUSD,2023,2023-06-26T07:59:00Z,2023-06-26T09:00:00Z,61,60
GBPUSD,2023,2023-06-26T10:59:00Z,2023-06-26T12:00:00Z,61,60
GBPUSD,2023,2023-06-26T12:59:00Z,2023-06-26T15:00:00Z,121,120
GBPUSD,2023,2023-06-26T15:59:00Z,2023-06-26T17:00:00Z,61,60
GBPUSD,2023,2023-06-26T18:59:00Z,2023-06-26T20:00:00Z,61,60
GBPUSD,2023,2023-06-27T06:59:00Z,2023-06-27T08:00:00Z,61,60
GBPUSD,2023,2023-06-27T08:59:00Z,2023-06-27T10:00:00Z,61,60
GBPUSD,2023,2023-06-27T10:59:00Z,2023-06-27T12:00:00Z,61,60
GBPUSD,2023,2023-06-27T12:59:00Z,2023-06-27T14:00:00Z,61,60
GBPUSD,2023,2023-06-27T14:59:00Z,2023-06-27T16:00:00Z,61,60
GBPUSD,2023,2023-06-27T16:59:00Z,2023-06-27T18:00:00Z,61,60
GBPUSD,2023,2023-06-27T18:59:00Z,2023-06-27T20:00:00Z,61,60
GBPUSD,2023,2023-06-28T05:59:00Z,2023-06-28T07:00:00Z,61,60
GBPUSD,2023,2023-06-28T08:59:00Z,2023-06-28T11:00:00Z,121,120
GBPUSD,2023,2023-06-28T12:59:00Z,2023-06-28T14:00:00Z,61,60
GBPUSD,2023,2023-06-28T14:59:00Z,2023-06-28T16:00:00Z,61,60
GBPUSD,2023,2023-06-28T17:59:00Z,2023-06-28T20:00:00Z,121,120
GBPUSD,2023,2023-06-29T06:59:00Z,2023-06-29T08:00:00Z,61,60
GBPUSD,2023,2023-06-29T08:59:00Z,2023-06-29T10:00:00Z,61,60
GBPUSD,2023,2023-06-29T10:59:00Z,2023-06-29T12:00:00Z,61,60
GBPUSD,2023,2023-06-29T12:59:00Z,2023-06-29T14:00:00Z,61,60
GBPUSD,2023,2023-06-29T14:59:00Z,2023-06-29T16:00:00Z,61,60
GBPUSD,2023,2023-06-29T16:59:00Z,2023-06-29T18:00:00Z,61,60
GBPUSD,2023,2023-06-29T18:59:00Z,2023-06-29T20:00:00Z,61,60
GBPUSD,2023,2023-06-30T06:59:00Z,2023-06-30T09:00:00Z,121,120
GBPUSD,2023,2023-06-30T09:59:00Z,2023-06-30T11:00:00Z,61,60
GBPUSD,2023,2023-06-30T11:59:00Z,2023-06-30T13:00:00Z,61,60
GBPUSD,2023,2023-06-30T14:59:00Z,2023-07-03T00:00:00Z,541,540
GBPUSD,2023,2023-07-03T05:59:00Z,2023-07-03T07:00:00Z,61,60
GBPUSD,2023,2023-07-03T07:59:00Z,2023-07-03T09:00:00Z,61,60
GBPUSD,2023,2023-07-03T10:59:00Z,2023-07-03T13:00:00Z,121,120
GBPUSD,2023,2023-07-03T13:59:00Z,2023-07-03T15:00:00Z,61,60
GBPUSD,2023,2023-07-03T15:59:00Z,2023-07-03T17:00:00Z,61,60
GBPUSD,2023,2023-07-03T17:59:00Z,2023-07-03T19:00:00Z,61,60
GBPUSD,2023,2023-07-04T06:59:00Z,2023-07-04T09:00:00Z,121,120
GBPUSD,2023,2023-07-04T09:59:00Z,2023-07-04T11:00:00Z,61,60
GBPUSD,2023,2023-07-04T11:59:00Z,2023-07-04T13:00:00Z,61,60
GBPUSD,2023,2023-07-04T13:59:00Z,2023-07-04T15:00:00Z,61,60
GBPUSD,2023,2023-07-04T15:59:00Z,2023-07-04T17:00:00Z,61,60
GBPUSD,2023,2023-07-04T17:59:00Z,2023-07-04T19:00:00Z,61,60
GBPUSD,2023,2023-07-05T06:59:00Z,2023-07-05T08:00:00Z,61,60
GBPUSD,2023,2023-07-05T08:59:00Z,2023-07-05T10:00:00Z,61,60
GBPUSD,2023,2023-07-05T10:59:00Z,2023-07-05T12:00:00Z,61,60
GBPUSD,2023,2023-07-05T12:59:00Z,2023-07-05T14:00:00Z,61,60
GBPUSD,2023,2023-07-05T14:59:00Z,2023-07-05T16:00:00Z,61,60
GBPUSD,2023,2023-07-05T16:59:00Z,2023-07-05T18:00:00Z,61,60
GBPUSD,2023,2023-07-06T05:59:00Z,2023-07-06T07:00:00Z,61,60
GBPUSD,2023,2023-07-06T07:59:00Z,2023-07-06T09:00:00Z,61,60
GBPUSD,2023,2023-07-06T09:59:00Z,2023-07-06T11:00:00Z,61,60
GBPUSD,2023,2023-07-06T11:59:00Z,2023-07-06T13:00:00Z,61,60
GBPUSD,2023,2023-07-06T13:59:00Z,2023-07-06T15:00:00Z,61,60
GBPUSD,2023,2023-07-06T15:59:00Z,2023-07-06T17:00:00Z,61,60
GBPUSD,2023,2023-07-06T17:59:00Z,2023-07-06T19:00:00Z,61,60
GBPUSD,2023,2023-07-07T05:59:00Z,2023-07-07T07:00:00Z,61,60
GBPUSD,2023,2023-07-07T08:59:00Z,2023-07-07T11:00:00Z,121,120
GBPUSD,2023,2023-07-07T11:59:00Z,2023-07-07T13:00:00Z,61,60
GBPUSD,2023,2023-07-07T14:59:00Z,2023-07-10T00:00:00Z,541,540
GBPUSD,2023,2023-07-10T05:59:00Z,2023-07-10T07:00:00Z,61,60
GBPUSD,2023,2023-07-10T08:59:00Z,2023-07-10T11:00:00Z,121,120
GBPUSD,2023,2023-07-10T11:59:00Z,2023-07-10T13:00:00Z,61,60
GBPUSD,2023,2023-07-10T13:59:00Z,2023-07-10T15:00:00Z,61,60
GBPUSD,2023,2023-07-10T15:59:00Z,2023-07-10T17:00:00Z,61,60
GBPUSD,2023,2023-07-10T17:59:00Z,2023-07-10T19:00:00Z,61,60
GBPUSD,2023,2023-07-11T05:59:00Z,2023-07-11T08:00:00Z,121,120
GBPUSD,2023,2023-07-11T09:59:00Z,2023-07-11T12:00:00Z,121,120
GBPUSD,2023,2023-07-11T12:59:00Z,2023-07-11T14:00:00Z,61,60
GBPUSD,2023,2023-07-11T14:59:00Z,2023-07-11T16:00:00Z,61,60
GBPUSD,2023,2023-07-11T17:59:00Z,2023-07-11T20:00:00Z,121,120
GBPUSD,2023,2023-07-12T06:59:00Z,2023-07-12T08:00:00Z,61,60
GBPUSD,2023,2023-07-12T08:59:00Z,2023-07-12T10:00:00Z,61,60
GBPUSD,2023,2023-07-12T10:59:00Z,2023-07-12T12:00:00Z,61,60
GBPUSD,2023,2023-07-12T12:59:00Z,2023-07-12T14:00:00Z,61,60
GBPUSD,2023,2023-07-12T14:59:00Z,2023-07-12T16:00:00Z,61,60
GBPUSD,2023,2023-07-12T16:59:00Z,2023-07-12T18:00:00Z,61,60
GBPUSD,2023,2023-07-12T18:59:00Z,2023-07-12T20:00:00Z,61,60
GBPUSD,2023,2023-07-13T05:59:00Z,2023-07-13T07:00:00Z,61,60
GBPUSD,2023,2023-07-13T07:59:00Z,2023-07-13T09:00:00Z,61,60
GBPUSD,2023,2023-07-13T10:59:00Z,2023-07-13T12:00:00Z,61,60
GBPUSD,2023,2023-07-13T12:59:00Z,2023-07-13T15:00:00Z,121,120
GBPUSD,2023,2023-07-13T15:59:00Z,2023-07-13T17:00:00Z,61,60
GBPUSD,2023,2023-07-13T17:59:00Z,2023-07-13T19:00:00Z,61,60
GBPUSD,2023,2023-07-14T06:59:00Z,2023-07-14T09:00:00Z,121,120
GBPUSD,2023,2023-07-14T09:59:00Z,2023-07-14T11:00:00Z,61,60
GBPUSD,2023,2023-07-14T11:59:00Z,2023-07-14T13:00:00Z,61,60
GBPUSD,2023,2023-07-14T13:59:00Z,2023-07-14T15:00:00Z,61,60
GBPUSD,2023,2023-07-14T15:59:00Z,2023-07-17T00:00:00Z,481,480
GBPUSD,2023,2023-07-17T05:59:00Z,2023-07-17T07:00:00Z,61,60
GBPUSD,2023,2023-07-17T08:59:00Z,2023-07-17T10:00:00Z,61,60
GBPUSD,2023,2023-07-17T10:59:00Z,2023-07-17T12:00:00Z,61,60
GBPUSD,2023,2023-07-17T12:59:00Z,2023-07-17T14:00:00Z,61,60
GBPUSD,2023,2023-07-17T14:59:00Z,2023-07-17T17:00:00Z,121,120
GBPUSD,2023,2023-07-17T17:59:00Z,2023-07-17T19:00:00Z,61,60
GBPUSD,2023,2023-07-18T05:59:00Z,2023-07-18T07:00:00Z,61,60
GBPUSD,2023,2023-07-18T07:59:00Z,2023-07-18T09:00:00Z,61,60
GBPUSD,2023,2023-07-18T09:59:00Z,2023-07-18T11:00:00Z,61,60
GBPUSD,2023,2023-07-18T11:59:00Z,2023-07-18T13:00:00Z,61,60
GBPUSD,2023,2023-07-18T13:59:00Z,2023-07-18T15:00:00Z,61,60
GBPUSD,2023,2023-07-18T15:59:00Z,2023-07-18T17:00:00Z,61,60
GBPUSD,2023,2023-07-18T17:59:00Z,2023-07-18T19:00:00Z,61,60
GBPUSD,2023,2023-07-19T06:59:00Z,2023-07-19T09:00:00Z,121,120
GBPUSD,2023,2023-07-19T09:59:00Z,2023-07-19T11:00:00Z,61,60
GBPUSD,2023,2023-07-19T11:59:00Z,2023-07-19T13:00:00Z,61,60
GBPUSD,2023,2023-07-19T13:59:00Z,2023-07-19T15:00:00Z,61,60
GBPUSD,2023,2023-07-19T15:59:00Z,2023-07-19T17:00:00Z,61,60
GBPUSD,2023,2023-07-19T17:59:00Z,2023-07-19T19:00:00Z,61,60
GBPUSD,2023,2023-07-20T06:59:00Z,2023-07-20T09:00:00Z,121,120
GBPUSD,2023,2023-07-20T09:59:00Z,2023-07-20T11:00:00Z,61,60
GBPUSD,2023,2023-07-20T11:59:00Z,2023-07-20T13:00:00Z,61,60
GBPUSD,2023,2023-07-20T13:59:00Z,2023-07-20T15:00:00Z,61,60
GBPUSD,2023,2023-07-20T16:59:00Z,2023-07-20T19:00:00Z,121,120
GBPUSD,2023,2023-07-21T06:59:00Z,2023-07-21T08:00:00Z,61,60
GBPUSD,2023,2023-07-21T08:59:00Z,2023-07-21T10:00:00Z,61,60
GBPUSD,2023,2023-07-21T10:59:00Z,2023-07-21T12:00:00Z,61,60
GBPUSD,2023,2023-07-21T12:59:00Z,2023-07-21T14:00:00Z,61,60
GBPUSD,2023,2023-07-21T14:59:00Z,2023-07-21T16:00:00Z,61,60
GBPUSD,2023,2023-07-21T16:59:00Z,2023-07-24T00:00:00Z,421,420
GBPUSD,2023,2023-07-24T06:59:00Z,2023-07-24T09:00:00Z,121,120
GBPUSD,2023,2023-07-24T10:59:00Z,2023-07-24T13:00:00Z,121,120
GBPUSD,2023,2023-07-24T15:59:00Z,2023-07-24T18:00:00Z,121,120
GBPUSD,2023,2023-07-24T18:59:00Z,2023-07-24T20:00:00Z,61,60
GBPUSD,2023,2023-07-25T05:59:00Z,2023-07-25T07:00:00Z,61,60
GBPUSD,2023,2023-07-25T07:59:00Z,2023-07-25T09:00:00Z,61,60
GBPUSD,2023,2023-07-25T09:59:00Z,2023-07-25T11:00:00Z,61,60
GBPUSD,2023,2023-07-25T11:59:00Z,2023-07-25T13:00:00Z,61,60
GBPUSD,2023,2023-07-25T13:59:00Z,2023-07-25T15:00:00Z,61,60
GBPUSD,2023,2023-07-25T15:59:00Z,2023-07-25T17:00:00Z,61,60
GBPUSD,2023,2023-07-25T17:59:00Z,2023-07-25T19:00:00Z,61,60
GBPUSD,2023,2023-07-26T06:59:00Z,2023-07-26T09:00:00Z,121,120
GBPUSD,2023,2023-07-26T09:59:00Z,2023-07-26T11:00:00Z,61,60
GBPUSD,2023,2023-07-26T12:59:00Z,2023-07-26T14:00:00Z,61,60
GBPUSD,2023,2023-07-26T14:59:00Z,2023-07-26T17:00:00Z,121,120
GBPUSD,2023,2023-07-26T17:59:00Z,2023-07-26T19:00:00Z,61,60
GBPUSD,2023,2023-07-27T06:59:00Z,2023-07-27T09:00:00Z,121,120
GBPUSD,2023,2023-07-27T09:59:00Z,2023-07-27T11:00:00Z,61,60
GBPUSD,2023,2023-07-27T11:59:00Z,2023-07-27T13:00:00Z,61,60
GBPUSD,2023,2023-07-27T13:59:00Z,2023-07-27T15:00:00Z,61,60
GBPUSD,2023,2023-07-27T15:59:00Z,2023-07-27T17:00:00Z,61,60
GBPUSD,2023,2023-07-27T17:59:00Z,2023-07-27T19:00:00Z,61,60
GBPUSD,2023,2023-07-28T06:59:00Z,2023-07-28T08:00:00Z,61,60
GBPUSD,2023,2023-07-28T08:59:00Z,2023-07-28T10:00:00Z,61,60
GBPUSD,2023,2023-07-28T10:59:00Z,2023-07-28T12:00:00Z,61,60
GBPUSD,2023,2023-07-28T12:59:00Z,2023-07-28T14:00:00Z,61,60
GBPUSD,2023,2023-07-28T14:59:00Z,2023-07-28T16:00:00Z,61,60
GBPUSD,2023,2023-07-28T16:59:00Z,2023-07-31T00:00:00Z,421,420
GBPUSD,2023,2023-08-04T16:59:00Z,2023-08-07T00:00:00Z,421,420
GBPUSD,2023,2023-08-11T16:59:00Z,2023-08-14T00:00:00Z,421,420
GBPUSD,2023,2023-08-18T16:59:00Z,2023-08-21T00:00:00Z,421,420
GBPUSD,2023,2023-08-25T16:59:00Z,2023-08-28T00:00:00Z,421,420
GBPUSD,2023,2023-09-01T16:59:00Z,2023-09-04T00:00:00Z,421,420
GBPUSD,2023,2023-09-08T16:59:00Z,2023-09-11T00:00:00Z,421,420
GBPUSD,2023,2023-09-14T09:49:00Z,2023-09-14T10:00:00Z,11,10
GBPUSD,2023,2023-09-15T16:59:00Z,2023-09-18T00:00:00Z,421,420
GBPUSD,2023,2023-09-22T16:59:00Z,2023-09-25T00:00:00Z,421,420
GBPUSD,2023,2023-09-25T06:05:00Z,2023-09-25T07:00:00Z,55,54
GBPUSD,2023,2023-09-29T16:59:00Z,2023-10-02T00:00:00Z,421,420
GBPUSD,2023,2023-10-06T16:59:00Z,2023-10-09T00:00:00Z,421,420
GBPUSD,2023,2023-10-13T16:59:00Z,2023-10-16T00:00:00Z,421,420
GBPUSD,2023,2023-10-20T16:59:00Z,2023-10-23T00:00:00Z,421,420
GBPUSD,2023,2023-10-27T16:59:00Z,2023-10-30T00:00:00Z,421,420
GBPUSD,2023,2023-11-03T15:59:00Z,2023-11-06T00:00:00Z,481,480
GBPUSD,2023,2023-11-10T16:59:00Z,2023-11-13T00:00:00Z,421,420
GBPUSD,2023,2023-11-17T16:59:00Z,2023-11-20T00:00:00Z,421,420
GBPUSD,2023,2023-11-24T16:59:00Z,2023-11-27T00:00:00Z,421,420
GBPUSD,2023,2023-12-01T16:59:00Z,2023-12-04T00:00:00Z,421,420
GBPUSD,2023,2023-12-08T16:59:00Z,2023-12-11T00:00:00Z,421,420
GBPUSD,2023,2023-12-15T16:59:00Z,2023-12-18T00:00:00Z,421,420
GBPUSD,2023,2023-12-22T16:58:00Z,2023-12-25T00:00:00Z,422,421
GBPUSD,2023,2023-12-25T02:40:00Z,2023-12-25T02:52:00Z,12,11
GBPUSD,2023,2023-12-25T02:57:00Z,2023-12-25T17:04:00Z,847,846
GBPUSD,2024,2024-01-04T17:06:00Z,2024-01-04T17:15:00Z,9,8
GBPUSD,2024,2024-01-05T16:59:00Z,2024-01-08T00:00:00Z,421,420
GBPUSD,2024,2024-01-12T16:59:00Z,2024-01-15T00:00:00Z,421,420
GBPUSD,2024,2024-01-19T14:59:00Z,2024-01-19T16:00:00Z,61,60
GBPUSD,2024,2024-01-19T16:59:00Z,2024-01-22T00:00:00Z,421,420
GBPUSD,2024,2024-01-26T16:59:00Z,2024-01-29T00:00:00Z,421,420
GBPUSD,2024,2024-02-02T16:59:00Z,2024-02-05T00:00:00Z,421,420
GBPUSD,2024,2024-02-09T16:59:00Z,2024-02-12T00:00:00Z,421,420
GBPUSD,2024,2024-02-16T16:59:00Z,2024-02-19T00:00:00Z,421,420
GBPUSD,2024,2024-02-23T16:59:00Z,2024-02-26T00:00:00Z,421,420
GBPUSD,2024,2024-03-01T16:59:00Z,2024-03-04T00:00:00Z,421,420
GBPUSD,2024,2024-03-08T16:59:00Z,2024-03-11T00:00:00Z,421,420
GBPUSD,2024,2024-03-15T15:59:00Z,2024-03-18T00:00:00Z,481,480
GBPUSD,2024,2024-03-22T15:59:00Z,2024-03-25T00:00:00Z,481,480
GBPUSD,2024,2024-03-29T15:59:00Z,2024-04-01T00:00:00Z,481,480
GBPUSD,2024,2024-04-05T16:59:00Z,2024-04-08T00:00:00Z,421,420
GBPUSD,2024,2024-04-12T16:59:00Z,2024-04-15T00:00:00Z,421,420
GBPUSD,2024,2024-04-19T16:59:00Z,2024-04-22T00:00:00Z,421,420
GBPUSD,2024,2024-04-26T16:59:00Z,2024-04-29T00:00:00Z,421,420
GBPUSD,2024,2024-05-03T16:59:00Z,2024-05-06T00:00:00Z,421,420
GBPUSD,2024,2024-05-10T16:59:00Z,2024-05-13T00:00:00Z,421,420
GBPUSD,2024,2024-05-17T16:59:00Z,2024-05-20T00:00:00Z,421,420
GBPUSD,2024,2024-05-24T16:59:00Z,2024-05-27T00:00:00Z,421,420
GBPUSD,2024,2024-05-27T15:01:00Z,2024-05-27T15:09:00Z,8,7
GBPUSD,2024,2024-05-31T16:59:00Z,2024-06-03T00:00:00Z,421,420
GBPUSD,2024,2024-06-07T16:59:00Z,2024-06-10T00:00:00Z,421,420
GBPUSD,2024,2024-06-14T16:59:00Z,2024-06-17T00:00:00Z,421,420
GBPUSD,2024,2024-06-21T16:59:00Z,2024-06-24T00:00:00Z,421,420
GBPUSD,2024,2024-06-28T16:59:00Z,2024-07-01T00:00:00Z,421,420
GBPUSD,2024,2024-07-05T16:59:00Z,2024-07-08T00:00:00Z,421,420
GBPUSD,2024,2024-07-12T16:59:00Z,2024-07-15T00:00:00Z,421,420
GBPUSD,2024,2024-07-19T16:59:00Z,2024-07-22T00:00:00Z,421,420
GBPUSD,2024,2024-07-26T16:59:00Z,2024-07-29T00:00:00Z,421,420
GBPUSD,2024,2024-08-02T16:59:00Z,2024-08-05T00:00:00Z,421,420
GBPUSD,2024,2024-08-09T16:59:00Z,2024-08-12T00:00:00Z,421,420
GBPUSD,2024,2024-08-16T16:59:00Z,2024-08-19T00:00:00Z,421,420
GBPUSD,2024,2024-08-22T17:18:00Z,2024-08-22T17:30:00Z,12,11
GBPUSD,2024,2024-08-23T16:59:00Z,2024-08-26T00:00:00Z,421,420
GBPUSD,2024,2024-08-30T16:59:00Z,2024-09-02T00:00:00Z,421,420
GBPUSD,2024,2024-09-02T15:35:00Z,2024-09-02T15:43:00Z,8,7
GBPUSD,2024,2024-09-06T16:59:00Z,2024-09-09T00:00:00Z,421,420
GBPUSD,2024,2024-09-12T17:21:00Z,2024-09-12T17:28:00Z,7,6
GBPUSD,2024,2024-09-13T16:59:00Z,2024-09-16T00:00:00Z,421,420
GBPUSD,2024,2024-09-20T16:59:00Z,2024-09-23T00:00:00Z,421,420
GBPUSD,2024,2024-09-27T16:59:00Z,2024-09-30T00:00:00Z,421,420
GBPUSD,2024,2024-10-03T17:37:00Z,2024-10-03T17:44:00Z,7,6
GBPUSD,2024,2024-10-04T16:59:00Z,2024-10-07T00:00:00Z,421,420
GBPUSD,2024,2024-10-11T16:59:00Z,2024-10-14T00:00:00Z,421,420
GBPUSD,2024,2024-10-18T16:59:00Z,2024-10-21T00:00:00Z,421,420
GBPUSD,2024,2024-10-25T16:59:00Z,2024-10-28T00:00:00Z,421,420
GBPUSD,2024,2024-11-01T13:59:00Z,2024-11-01T15:00:00Z,61,60
GBPUSD,2024,2024-11-01T15:59:00Z,2024-11-04T00:00:00Z,481,480
GBPUSD,2024,2024-11-07T11:59:00Z,2024-11-07T13:00:00Z,61,60
GBPUSD,2024,2024-11-07T13:59:00Z,2024-11-07T15:00:00Z,61,60
GBPUSD,2024,2024-11-07T15:59:00Z,2024-11-07T17:00:00Z,61,60
GBPUSD,2024,2024-11-07T17:59:00Z,2024-11-07T19:00:00Z,61,60
GBPUSD,2024,2024-11-08T16:59:00Z,2024-11-11T00:00:00Z,421,420
GBPUSD,2024,2024-11-15T16:59:00Z,2024-11-18T00:00:00Z,421,420
GBPUSD,2024,2024-11-22T16:59:00Z,2024-11-25T00:00:00Z,421,420
GBPUSD,2024,2024-11-29T16:59:00Z,2024-12-02T00:00:00Z,421,420
GBPUSD,2024,2024-12-06T16:59:00Z,2024-12-09T00:00:00Z,421,420
GBPUSD,2024,2024-12-13T16:59:00Z,2024-12-16T00:00:00Z,421,420
GBPUSD,2024,2024-12-20T16:59:00Z,2024-12-23T00:00:00Z,421,420
GBPUSD,2024,2024-12-24T17:17:00Z,2024-12-24T17:33:00Z,16,15
GBPUSD,2024,2024-12-24T17:35:00Z,2024-12-24T17:54:00Z,19,18
GBPUSD,2024,2024-12-24T19:31:00Z,2024-12-24T19:40:00Z,9,8
GBPUSD,2024,2024-12-24T19:40:00Z,2024-12-24T19:48:00Z,8,7
GBPUSD,2024,2024-12-24T20:34:00Z,2024-12-24T21:01:00Z,27,26
GBPUSD,2024,2024-12-24T21:07:00Z,2024-12-24T21:20:00Z,13,12
GBPUSD,2024,2024-12-24T21:20:00Z,2024-12-24T21:33:00Z,13,12
GBPUSD,2024,2024-12-24T21:33:00Z,2024-12-24T21:45:00Z,12,11
GBPUSD,2024,2024-12-24T21:51:00Z,2024-12-24T21:58:00Z,7,6
GBPUSD,2024,2024-12-24T22:07:00Z,2024-12-24T22:18:00Z,11,10
GBPUSD,2024,2024-12-24T22:21:00Z,2024-12-24T22:28:00Z,7,6
GBPUSD,2024,2024-12-24T22:51:00Z,2024-12-24T22:58:00Z,7,6
GBPUSD,2024,2024-12-24T23:18:00Z,2024-12-24T23:25:00Z,7,6
GBPUSD,2024,2024-12-24T23:25:00Z,2024-12-24T23:49:00Z,24,23
GBPUSD,2024,2024-12-24T23:52:00Z,2024-12-25T00:07:00Z,15,14
GBPUSD,2024,2024-12-25T00:29:00Z,2024-12-25T00:42:00Z,13,12
GBPUSD,2024,2024-12-25T00:51:00Z,2024-12-25T00:58:00Z,7,6
GBPUSD,2024,2024-12-25T02:18:00Z,2024-12-25T17:03:00Z,885,884
GBPUSD,2024,2024-12-27T16:59:00Z,2024-12-30T00:00:00Z,421,420
GBPUSD,2025,2025-01-03T16:59:00Z,2025-01-06T00:00:00Z,421,420
GBPUSD,2025,2025-01-10T16:59:00Z,2025-01-13T00:00:00Z,421,420
GBPUSD,2025,2025-01-17T16:59:00Z,2025-01-20T00:00:00Z,421,420
GBPUSD,2025,2025-01-24T16:59:00Z,2025-01-27T00:00:00Z,421,420
GBPUSD,2025,2025-01-31T16:59:00Z,2025-02-03T00:00:00Z,421,420
GBPUSD,2025,2025-02-07T16:59:00Z,2025-02-10T00:00:00Z,421,420
GBPUSD,2025,2025-02-14T16:59:00Z,2025-02-17T00:00:00Z,421,420
GBPUSD,2025,2025-02-21T16:59:00Z,2025-02-24T00:00:00Z,421,420
GBPUSD,2025,2025-02-28T16:59:00Z,2025-03-03T00:00:00Z,421,420
GBPUSD,2025,2025-03-07T16:59:00Z,2025-03-10T00:00:00Z,421,420
GBPUSD,2025,2025-03-14T15:59:00Z,2025-03-17T00:00:00Z,481,480
GBPUSD,2025,2025-03-21T15:59:00Z,2025-03-24T00:00:00Z,481,480
GBPUSD,2025,2025-03-28T15:59:00Z,2025-03-31T00:00:00Z,481,480
GBPUSD,2025,2025-04-04T16:59:00Z,2025-04-07T00:00:00Z,421,420
GBPUSD,2025,2025-04-08T17:00:00Z,2025-04-08T17:28:00Z,28,27
GBPUSD,2025,2025-04-11T16:59:00Z,2025-04-14T00:00:00Z,421,420
GBPUSD,2025,2025-04-18T16:59:00Z,2025-04-21T00:00:00Z,421,420
GBPUSD,2025,2025-04-25T16:59:00Z,2025-04-28T00:00:00Z,421,420
GBPUSD,2025,2025-05-01T16:59:00Z,2025-05-01T17:10:00Z,11,10
GBPUSD,2025,2025-05-02T16:59:00Z,2025-05-05T00:00:00Z,421,420
GBPUSD,2025,2025-05-09T16:59:00Z,2025-05-12T00:00:00Z,421,420
GBPUSD,2025,2025-05-16T16:59:00Z,2025-05-19T00:00:00Z,421,420
GBPUSD,2025,2025-05-23T16:59:00Z,2025-05-26T00:00:00Z,421,420
GBPUSD,2025,2025-05-30T16:59:00Z,2025-06-02T00:00:00Z,421,420
GBPUSD,2025,2025-06-06T16:59:00Z,2025-06-09T00:00:00Z,421,420
GBPUSD,2025,2025-06-13T16:59:00Z,2025-06-16T00:00:00Z,421,420
GBPUSD,2025,2025-06-20T16:59:00Z,2025-06-23T00:00:00Z,421,420
GBPUSD,2025,2025-06-24T17:16:00Z,2025-06-24T17:26:00Z,10,9
GBPUSD,2025,2025-06-27T16:59:00Z,2025-06-30T00:00:00Z,421,420
GBPUSD,2025,2025-07-04T16:59:00Z,2025-07-07T00:00:00Z,421,420
GBPUSD,2025,2025-07-11T16:59:00Z,2025-07-14T00:00:00Z,421,420
GBPUSD,2025,2025-07-18T16:59:00Z,2025-07-21T00:00:00Z,421,420
GBPUSD,2025,2025-07-25T16:59:00Z,2025-07-28T00:00:00Z,421,420
GBPUSD,2025,2025-08-01T16:59:00Z,2025-08-04T00:00:00Z,421,420
GBPUSD,2025,2025-08-08T16:59:00Z,2025-08-11T00:00:00Z,421,420
GBPUSD,2025,2025-08-15T16:59:00Z,2025-08-18T00:00:00Z,421,420
GBPUSD,2025,2025-08-22T16:59:00Z,2025-08-25T00:00:00Z,421,420
GBPUSD,2025,2025-08-29T16:59:00Z,2025-09-01T00:00:00Z,421,420
GBPUSD,2025,2025-09-05T16:59:00Z,2025-09-08T00:00:00Z,421,420
GBPUSD,2025,2025-09-12T16:59:00Z,2025-09-15T00:00:00Z,421,420
GBPUSD,2025,2025-09-19T16:59:00Z,2025-09-22T00:00:00Z,421,420
GBPUSD,2025,2025-09-26T16:59:00Z,2025-09-29T00:00:00Z,421,420
GBPUSD,2025,2025-10-03T16:59:00Z,2025-10-06T00:00:00Z,421,420
GBPUSD,2025,2025-10-10T16:59:00Z,2025-10-13T00:00:00Z,421,420
GBPUSD,2025,2025-10-17T16:59:00Z,2025-10-20T00:00:00Z,421,420
GBPUSD,2025,2025-10-24T16:59:00Z,2025-10-27T00:00:00Z,421,420
GBPUSD,2025,2025-10-31T15:59:00Z,2025-11-03T00:00:00Z,481,480
GBPUSD,2025,2025-11-07T16:59:00Z,2025-11-10T00:00:00Z,421,420
GBPUSD,2025,2025-11-14T16:59:00Z,2025-11-17T00:00:00Z,421,420
GBPUSD,2025,2025-11-21T16:59:00Z,2025-11-24T00:00:00Z,421,420
GBPUSD,2025,2025-11-28T16:59:00Z,2025-12-01T00:00:00Z,421,420
GBPUSD,2025,2025-12-05T16:59:00Z,2025-12-08T00:00:00Z,421,420
GBPUSD,2025,2025-12-12T16:59:00Z,2025-12-15T00:00:00Z,421,420
GBPUSD,2025,2025-12-19T16:59:00Z,2025-12-22T00:00:00Z,421,420
GBPUSD,2025,2025-12-24T17:00:00Z,2025-12-24T17:50:00Z,50,49
GBPUSD,2025,2025-12-24T18:29:00Z,2025-12-24T18:41:00Z,12,11
GBPUSD,2025,2025-12-24T18:43:00Z,2025-12-24T18:51:00Z,8,7
GBPUSD,2025,2025-12-24T21:36:00Z,2025-12-24T21:47:00Z,11,10
GBPUSD,2025,2025-12-24T21:48:00Z,2025-12-24T21:58:00Z,10,9
GBPUSD,2025,2025-12-24T22:04:00Z,2025-12-24T22:19:00Z,15,14
GBPUSD,2025,2025-12-24T22:55:00Z,2025-12-24T23:04:00Z,9,8
GBPUSD,2025,2025-12-24T23:10:00Z,2025-12-24T23:39:00Z,29,28
GBPUSD,2025,2025-12-24T23:47:00Z,2025-12-24T23:58:00Z,11,10
GBPUSD,2025,2025-12-25T00:03:00Z,2025-12-25T00:10:00Z,7,6
GBPUSD,2025,2025-12-25T01:04:00Z,2025-12-25T01:11:00Z,7,6
GBPUSD,2025,2025-12-25T01:22:00Z,2025-12-25T01:29:00Z,7,6
GBPUSD,2025,2025-12-25T01:42:00Z,2025-12-25T01:52:00Z,10,9
GBPUSD,2025,2025-12-25T02:15:00Z,2025-12-25T02:48:00Z,33,32
GBPUSD,2025,2025-12-25T02:49:00Z,2025-12-25T17:04:00Z,855,854
GBPUSD,2025,2025-12-26T16:59:00Z,2025-12-29T00:00:00Z,421,420
GBPUSD,2026,2026-01-02T16:59:00Z,2026-01-05T00:00:00Z,421,420
GBPUSD,2026,2026-01-09T16:59:00Z,2026-01-12T00:00:00Z,421,420
GBPUSD,2026,2026-01-16T16:59:00Z,2026-01-19T00:00:00Z,421,420
GBPUSD,2026,2026-01-23T16:59:00Z,2026-01-26T00:00:00Z,421,420
GBPUSD,2026,2026-01-30T16:58:00Z,2026-02-02T00:00:00Z,422,421
GBPUSD,2026,2026-02-06T16:59:00Z,2026-02-09T00:00:00Z,421,420
GBPUSD,2026,2026-02-13T16:59:00Z,2026-02-16T00:00:00Z,421,420
GBPUSD,2026,2026-02-20T16:59:00Z,2026-02-23T00:00:00Z,421,420
GBPUSD,2026,2026-02-27T16:58:00Z,2026-03-02T00:00:00Z,422,421
GBPUSD,2026,2026-03-06T16:59:00Z,2026-03-09T00:00:00Z,421,420
GBPUSD,2026,2026-03-13T15:59:00Z,2026-03-16T00:00:00Z,481,480
GBPUSD,2026,2026-03-20T15:59:00Z,2026-03-23T00:00:00Z,481,480
GBPUSD,2026,2026-03-27T15:59:00Z,2026-03-30T00:00:00Z,481,480
GBPUSD,2026,2026-04-03T16:59:00Z,2026-04-06T00:00:00Z,421,420
GBPUSD,2026,2026-04-10T16:59:00Z,2026-04-13T00:00:00Z,421,420
GBPUSD,2026,2026-04-15T17:41:00Z,2026-04-15T18:00:00Z,19,18
GBPUSD,2026,2026-04-17T16:59:00Z,2026-04-20T00:00:00Z,421,420
GBPUSD,2026,2026-04-24T16:59:00Z,2026-04-27T00:00:00Z,421,420
GBPUSD,2026,2026-05-01T16:59:00Z,2026-05-04T00:00:00Z,421,420
GBPUSD,2026,2026-05-08T16:59:00Z,2026-05-11T00:00:00Z,421,420
GBPUSD,2026,2026-05-15T16:59:00Z,2026-05-18T01:00:00Z,481,480
GBPUSD,2026,2026-05-18T02:59:00Z,2026-05-18T07:00:00Z,241,240
GBPUSD,2026,2026-05-18T11:59:00Z,2026-05-18T14:00:00Z,121,120
GBPUSD,2026,2026-05-18T16:59:00Z,2026-05-18T18:00:00Z,61,60
GBPUSD,2026,2026-05-18T18:59:00Z,2026-05-18T20:00:00Z,61,60
GBPUSD,2026,2026-05-22T16:59:00Z,2026-05-25T00:00:00Z,421,420
USDJPY,2023,2023-01-02T17:00:00Z,2023-01-02T17:07:00Z,7,6
USDJPY,2023,2023-01-06T16:59:00Z,2023-01-09T00:00:00Z,421,420
USDJPY,2023,2023-01-13T16:59:00Z,2023-01-16T00:00:00Z,421,420
USDJPY,2023,2023-01-20T16:59:00Z,2023-01-23T00:00:00Z,421,420
USDJPY,2023,2023-01-26T17:11:00Z,2023-01-26T17:24:00Z,13,12
USDJPY,2023,2023-01-27T16:59:00Z,2023-01-30T00:00:00Z,421,420
USDJPY,2023,2023-01-31T17:08:00Z,2023-01-31T17:17:00Z,9,8
USDJPY,2023,2023-02-03T16:59:00Z,2023-02-06T00:00:00Z,421,420
USDJPY,2023,2023-02-10T16:59:00Z,2023-02-13T00:00:00Z,421,420
USDJPY,2023,2023-02-17T16:59:00Z,2023-02-20T00:00:00Z,421,420
USDJPY,2023,2023-02-20T04:59:00Z,2023-02-20T06:00:00Z,61,60
USDJPY,2023,2023-02-20T06:59:00Z,2023-02-20T08:00:00Z,61,60
USDJPY,2023,2023-02-20T08:59:00Z,2023-02-20T10:00:00Z,61,60
USDJPY,2023,2023-02-20T10:59:00Z,2023-02-20T12:00:00Z,61,60
USDJPY,2023,2023-02-20T12:59:00Z,2023-02-20T14:00:00Z,61,60
USDJPY,2023,2023-02-20T14:59:00Z,2023-02-20T16:00:00Z,61,60
USDJPY,2023,2023-02-20T16:59:00Z,2023-02-20T18:00:00Z,61,60
USDJPY,2023,2023-02-21T04:59:00Z,2023-02-21T06:00:00Z,61,60
USDJPY,2023,2023-02-21T06:59:00Z,2023-02-21T08:00:00Z,61,60
USDJPY,2023,2023-02-21T08:59:00Z,2023-02-21T10:00:00Z,61,60
USDJPY,2023,2023-02-21T10:59:00Z,2023-02-21T12:00:00Z,61,60
USDJPY,2023,2023-02-21T12:59:00Z,2023-02-21T14:00:00Z,61,60
USDJPY,2023,2023-02-21T14:59:00Z,2023-02-21T16:00:00Z,61,60
USDJPY,2023,2023-02-22T05:59:00Z,2023-02-22T08:00:00Z,121,120
USDJPY,2023,2023-02-22T09:59:00Z,2023-02-22T11:00:00Z,61,60
USDJPY,2023,2023-02-22T11:59:00Z,2023-02-22T14:00:00Z,121,120
USDJPY,2023,2023-02-22T14:59:00Z,2023-02-22T16:00:00Z,61,60
USDJPY,2023,2023-02-22T16:59:00Z,2023-02-22T18:00:00Z,61,60
USDJPY,2023,2023-02-23T03:59:00Z,2023-02-23T05:00:00Z,61,60
USDJPY,2023,2023-02-23T05:59:00Z,2023-02-23T07:00:00Z,61,60
USDJPY,2023,2023-02-23T07:59:00Z,2023-02-23T09:00:00Z,61,60
USDJPY,2023,2023-02-23T10:59:00Z,2023-02-23T12:00:00Z,61,60
USDJPY,2023,2023-02-23T12:59:00Z,2023-02-23T14:00:00Z,61,60
USDJPY,2023,2023-02-23T14:59:00Z,2023-02-23T16:00:00Z,61,60
USDJPY,2023,2023-02-23T16:59:00Z,2023-02-23T19:00:00Z,121,120
USDJPY,2023,2023-02-24T05:59:00Z,2023-02-24T08:00:00Z,121,120
USDJPY,2023,2023-02-24T08:59:00Z,2023-02-24T10:00:00Z,61,60
USDJPY,2023,2023-02-24T11:59:00Z,2023-02-24T14:00:00Z,121,120
USDJPY,2023,2023-02-24T14:59:00Z,2023-02-24T16:00:00Z,61,60
USDJPY,2023,2023-02-24T16:59:00Z,2023-02-27T00:00:00Z,421,420
USDJPY,2023,2023-02-27T03:59:00Z,2023-02-27T05:00:00Z,61,60
USDJPY,2023,2023-02-27T05:59:00Z,2023-02-27T07:00:00Z,61,60
USDJPY,2023,2023-02-27T07:59:00Z,2023-02-27T09:00:00Z,61,60
USDJPY,2023,2023-02-27T09:59:00Z,2023-02-27T11:00:00Z,61,60
USDJPY,2023,2023-02-27T11:59:00Z,2023-02-27T13:00:00Z,61,60
USDJPY,2023,2023-02-27T13:59:00Z,2023-02-27T15:00:00Z,61,60
USDJPY,2023,2023-02-27T15:59:00Z,2023-02-27T17:00:00Z,61,60
USDJPY,2023,2023-02-27T17:59:00Z,2023-02-27T19:00:00Z,61,60
USDJPY,2023,2023-02-28T04:59:00Z,2023-02-28T06:00:00Z,61,60
USDJPY,2023,2023-02-28T06:59:00Z,2023-02-28T08:00:00Z,61,60
USDJPY,2023,2023-02-28T09:59:00Z,2023-02-28T11:00:00Z,61,60
USDJPY,2023,2023-02-28T11:59:00Z,2023-02-28T13:00:00Z,61,60
USDJPY,2023,2023-02-28T13:59:00Z,2023-02-28T15:00:00Z,61,60
USDJPY,2023,2023-02-28T15:59:00Z,2023-02-28T17:00:00Z,61,60
USDJPY,2023,2023-02-28T17:17:00Z,2023-02-28T17:24:00Z,7,6
USDJPY,2023,2023-02-28T17:59:00Z,2023-02-28T19:00:00Z,61,60
USDJPY,2023,2023-03-01T05:59:00Z,2023-03-01T08:00:00Z,121,120
USDJPY,2023,2023-03-01T08:59:00Z,2023-03-01T10:00:00Z,61,60
USDJPY,2023,2023-03-01T11:59:00Z,2023-03-01T13:00:00Z,61,60
USDJPY,2023,2023-03-01T13:59:00Z,2023-03-01T16:00:00Z,121,120
USDJPY,2023,2023-03-01T17:59:00Z,2023-03-01T19:00:00Z,61,60
USDJPY,2023,2023-03-02T04:59:00Z,2023-03-02T06:00:00Z,61,60
USDJPY,2023,2023-03-02T06:59:00Z,2023-03-02T08:00:00Z,61,60
USDJPY,2023,2023-03-02T08:59:00Z,2023-03-02T10:00:00Z,61,60
USDJPY,2023,2023-03-02T10:59:00Z,2023-03-02T12:00:00Z,61,60
USDJPY,2023,2023-03-02T12:59:00Z,2023-03-02T14:00:00Z,61,60
USDJPY,2023,2023-03-02T14:59:00Z,2023-03-02T16:00:00Z,61,60
USDJPY,2023,2023-03-02T16:59:00Z,2023-03-02T18:00:00Z,61,60
USDJPY,2023,2023-03-03T04:59:00Z,2023-03-03T06:00:00Z,61,60
USDJPY,2023,2023-03-03T06:59:00Z,2023-03-03T08:00:00Z,61,60
USDJPY,2023,2023-03-03T08:59:00Z,2023-03-03T10:00:00Z,61,60
USDJPY,2023,2023-03-03T10:59:00Z,2023-03-03T12:00:00Z,61,60
USDJPY,2023,2023-03-03T12:59:00Z,2023-03-03T14:00:00Z,61,60
USDJPY,2023,2023-03-03T14:59:00Z,2023-03-03T16:00:00Z,61,60
USDJPY,2023,2023-03-03T16:59:00Z,2023-03-06T00:00:00Z,421,420
USDJPY,2023,2023-03-06T05:59:00Z,2023-03-06T07:00:00Z,61,60
USDJPY,2023,2023-03-06T07:59:00Z,2023-03-06T09:00:00Z,61,60
USDJPY,2023,2023-03-06T09:59:00Z,2023-03-06T11:00:00Z,61,60
USDJPY,2023,2023-03-06T11:59:00Z,2023-03-06T13:00:00Z,61,60
USDJPY,2023,2023-03-06T13:59:00Z,2023-03-06T15:00:00Z,61,60
USDJPY,2023,2023-03-06T15:59:00Z,2023-03-06T17:00:00Z,61,60
USDJPY,2023,2023-03-06T17:59:00Z,2023-03-06T19:00:00Z,61,60
USDJPY,2023,2023-03-07T04:59:00Z,2023-03-07T06:00:00Z,61,60
USDJPY,2023,2023-03-07T06:59:00Z,2023-03-07T08:00:00Z,61,60
USDJPY,2023,2023-03-07T08:59:00Z,2023-03-07T10:00:00Z,61,60
USDJPY,2023,2023-03-07T10:59:00Z,2023-03-07T12:00:00Z,61,60
USDJPY,2023,2023-03-07T12:59:00Z,2023-03-07T14:00:00Z,61,60
USDJPY,2023,2023-03-07T14:59:00Z,2023-03-07T17:00:00Z,121,120
USDJPY,2023,2023-03-08T04:59:00Z,2023-03-08T06:00:00Z,61,60
USDJPY,2023,2023-03-08T06:59:00Z,2023-03-08T08:00:00Z,61,60
USDJPY,2023,2023-03-08T08:59:00Z,2023-03-08T10:00:00Z,61,60
USDJPY,2023,2023-03-08T10:59:00Z,2023-03-08T12:00:00Z,61,60
USDJPY,2023,2023-03-08T12:59:00Z,2023-03-08T14:00:00Z,61,60
USDJPY,2023,2023-03-08T14:59:00Z,2023-03-08T16:00:00Z,61,60
USDJPY,2023,2023-03-08T16:59:00Z,2023-03-08T18:00:00Z,61,60
USDJPY,2023,2023-03-09T05:59:00Z,2023-03-09T07:00:00Z,61,60
USDJPY,2023,2023-03-09T07:59:00Z,2023-03-09T09:00:00Z,61,60
USDJPY,2023,2023-03-09T09:54:00Z,2023-03-09T11:00:00Z,66,65
USDJPY,2023,2023-03-09T11:59:00Z,2023-03-09T13:00:00Z,61,60
USDJPY,2023,2023-03-09T13:59:00Z,2023-03-09T15:00:00Z,61,60
USDJPY,2023,2023-03-09T15:59:00Z,2023-03-09T17:00:00Z,61,60
USDJPY,2023,2023-03-09T17:59:00Z,2023-03-09T19:00:00Z,61,60
USDJPY,2023,2023-03-10T05:59:00Z,2023-03-10T07:00:00Z,61,60
USDJPY,2023,2023-03-10T07:59:00Z,2023-03-10T09:00:00Z,61,60
USDJPY,2023,2023-03-10T09:59:00Z,2023-03-10T11:00:00Z,61,60
USDJPY,2023,2023-03-10T11:59:00Z,2023-03-10T13:00:00Z,61,60
USDJPY,2023,2023-03-10T13:59:00Z,2023-03-10T15:00:00Z,61,60
USDJPY,2023,2023-03-10T15:59:00Z,2023-03-13T00:00:00Z,481,480
USDJPY,2023,2023-03-13T03:59:00Z,2023-03-13T05:00:00Z,61,60
USDJPY,2023,2023-03-13T05:59:00Z,2023-03-13T07:00:00Z,61,60
USDJPY,2023,2023-03-13T07:59:00Z,2023-03-13T09:00:00Z,61,60
USDJPY,2023,2023-03-13T09:59:00Z,2023-03-13T11:00:00Z,61,60
USDJPY,2023,2023-03-13T11:59:00Z,2023-03-13T13:00:00Z,61,60
USDJPY,2023,2023-03-13T13:59:00Z,2023-03-13T15:00:00Z,61,60
USDJPY,2023,2023-03-13T15:59:00Z,2023-03-13T17:00:00Z,61,60
USDJPY,2023,2023-03-13T17:59:00Z,2023-03-13T19:00:00Z,61,60
USDJPY,2023,2023-03-14T04:59:00Z,2023-03-14T06:00:00Z,61,60
USDJPY,2023,2023-03-14T06:59:00Z,2023-03-14T08:00:00Z,61,60
USDJPY,2023,2023-03-14T08:59:00Z,2023-03-14T10:00:00Z,61,60
USDJPY,2023,2023-03-14T10:59:00Z,2023-03-14T12:00:00Z,61,60
USDJPY,2023,2023-03-14T13:59:00Z,2023-03-14T15:00:00Z,61,60
USDJPY,2023,2023-03-14T15:59:00Z,2023-03-14T18:00:00Z,121,120
USDJPY,2023,2023-03-15T05:59:00Z,2023-03-15T07:00:00Z,61,60
USDJPY,2023,2023-03-15T07:59:00Z,2023-03-15T10:00:00Z,121,120
USDJPY,2023,2023-03-15T11:59:00Z,2023-03-15T13:00:00Z,61,60
USDJPY,2023,2023-03-15T13:59:00Z,2023-03-15T15:00:00Z,61,60
USDJPY,2023,2023-03-15T15:59:00Z,2023-03-15T18:00:00Z,121,120
USDJPY,2023,2023-03-16T04:59:00Z,2023-03-16T06:00:00Z,61,60
USDJPY,2023,2023-03-16T06:59:00Z,2023-03-16T08:00:00Z,61,60
USDJPY,2023,2023-03-16T08:59:00Z,2023-03-16T10:00:00Z,61,60
USDJPY,2023,2023-03-16T11:59:00Z,2023-03-16T13:00:00Z,61,60
USDJPY,2023,2023-03-16T13:59:00Z,2023-03-16T15:00:00Z,61,60
USDJPY,2023,2023-03-16T15:59:00Z,2023-03-16T17:00:00Z,61,60
USDJPY,2023,2023-03-16T17:59:00Z,2023-03-16T19:00:00Z,61,60
USDJPY,2023,2023-03-17T05:59:00Z,2023-03-17T07:00:00Z,61,60
USDJPY,2023,2023-03-17T07:59:00Z,2023-03-17T09:00:00Z,61,60
USDJPY,2023,2023-03-17T09:59:00Z,2023-03-17T11:00:00Z,61,60
USDJPY,2023,2023-03-17T12:59:00Z,2023-03-17T14:00:00Z,61,60
USDJPY,2023,2023-03-17T14:59:00Z,2023-03-20T00:00:00Z,541,540
USDJPY,2023,2023-03-20T04:59:00Z,2023-03-20T06:00:00Z,61,60
USDJPY,2023,2023-03-20T07:59:00Z,2023-03-20T10:00:00Z,121,120
USDJPY,2023,2023-03-20T10:59:00Z,2023-03-20T12:00:00Z,61,60
USDJPY,2023,2023-03-20T12:59:00Z,2023-03-20T14:00:00Z,61,60
USDJPY,2023,2023-03-20T14:59:00Z,2023-03-20T16:00:00Z,61,60
USDJPY,2023,2023-03-20T16:59:00Z,2023-03-20T18:00:00Z,61,60
USDJPY,2023,2023-03-21T04:59:00Z,2023-03-21T06:00:00Z,61,60
USDJPY,2023,2023-03-21T06:59:00Z,2023-03-21T08:00:00Z,61,60
USDJPY,2023,2023-03-21T08:59:00Z,2023-03-21T10:00:00Z,61,60
USDJPY,2023,2023-03-21T10:59:00Z,2023-03-21T12:00:00Z,61,60
USDJPY,2023,2023-03-21T13:59:00Z,2023-03-21T15:00:00Z,61,60
USDJPY,2023,2023-03-21T15:59:00Z,2023-03-21T18:00:00Z,121,120
USDJPY,2023,2023-03-22T05:59:00Z,2023-03-22T07:00:00Z,61,60
USDJPY,2023,2023-03-22T07:59:00Z,2023-03-22T09:00:00Z,61,60
USDJPY,2023,2023-03-22T09:59:00Z,2023-03-22T11:00:00Z,61,60
USDJPY,2023,2023-03-22T11:59:00Z,2023-03-22T13:00:00Z,61,60
USDJPY,2023,2023-03-22T13:59:00Z,2023-03-22T15:00:00Z,61,60
USDJPY,2023,2023-03-22T15:59:00Z,2023-03-22T17:00:00Z,61,60
USDJPY,2023,2023-03-22T17:59:00Z,2023-03-22T19:00:00Z,61,60
USDJPY,2023,2023-03-23T05:59:00Z,2023-03-23T07:00:00Z,61,60
USDJPY,2023,2023-03-23T07:59:00Z,2023-03-23T09:00:00Z,61,60
USDJPY,2023,2023-03-23T09:59:00Z,2023-03-23T11:00:00Z,61,60
USDJPY,2023,2023-03-23T11:59:00Z,2023-03-23T13:00:00Z,61,60
USDJPY,2023,2023-03-23T13:59:00Z,2023-03-23T15:00:00Z,61,60
USDJPY,2023,2023-03-23T15:59:00Z,2023-03-23T17:00:00Z,61,60
USDJPY,2023,2023-03-23T17:59:00Z,2023-03-23T19:00:00Z,61,60
USDJPY,2023,2023-03-24T04:59:00Z,2023-03-24T06:00:00Z,61,60
USDJPY,2023,2023-03-24T06:59:00Z,2023-03-24T08:00:00Z,61,60
USDJPY,2023,2023-03-24T08:59:00Z,2023-03-24T10:00:00Z,61,60
USDJPY,2023,2023-03-24T10:59:00Z,2023-03-24T12:00:00Z,61,60
USDJPY,2023,2023-03-24T12:59:00Z,2023-03-24T14:00:00Z,61,60
USDJPY,2023,2023-03-24T14:59:00Z,2023-03-27T00:00:00Z,541,540
USDJPY,2023,2023-03-27T06:59:00Z,2023-03-27T08:00:00Z,61,60
USDJPY,2023,2023-03-27T09:59:00Z,2023-03-27T11:00:00Z,61,60
USDJPY,2023,2023-03-27T11:59:00Z,2023-03-27T14:00:00Z,121,120
USDJPY,2023,2023-03-27T14:59:00Z,2023-03-27T16:00:00Z,61,60
USDJPY,2023,2023-03-27T16:59:00Z,2023-03-27T18:00:00Z,61,60
USDJPY,2023,2023-03-27T18:59:00Z,2023-03-27T20:00:00Z,61,60
USDJPY,2023,2023-03-28T06:59:00Z,2023-03-28T08:00:00Z,61,60
USDJPY,2023,2023-03-28T09:59:00Z,2023-03-28T11:00:00Z,61,60
USDJPY,2023,2023-03-28T11:59:00Z,2023-03-28T14:00:00Z,121,120
USDJPY,2023,2023-03-28T14:59:00Z,2023-03-28T16:00:00Z,61,60
USDJPY,2023,2023-03-28T16:59:00Z,2023-03-28T18:00:00Z,61,60
USDJPY,2023,2023-03-28T18:59:00Z,2023-03-28T20:00:00Z,61,60
USDJPY,2023,2023-03-29T06:59:00Z,2023-03-29T08:00:00Z,61,60
USDJPY,2023,2023-03-29T08:59:00Z,2023-03-29T10:00:00Z,61,60
USDJPY,2023,2023-03-29T10:59:00Z,2023-03-29T13:00:00Z,121,120
USDJPY,2023,2023-03-29T13:59:00Z,2023-03-29T15:00:00Z,61,60
USDJPY,2023,2023-03-29T16:59:00Z,2023-03-29T18:00:00Z,61,60
USDJPY,2023,2023-03-29T18:59:00Z,2023-03-29T20:00:00Z,61,60
USDJPY,2023,2023-03-30T06:59:00Z,2023-03-30T09:00:00Z,121,120
USDJPY,2023,2023-03-30T13:59:00Z,2023-03-30T15:00:00Z,61,60
USDJPY,2023,2023-03-30T15:59:00Z,2023-03-30T20:00:00Z,241,240
USDJPY,2023,2023-03-31T06:59:00Z,2023-03-31T08:00:00Z,61,60
USDJPY,2023,2023-03-31T08:59:00Z,2023-03-31T11:00:00Z,121,120
USDJPY,2023,2023-03-31T12:59:00Z,2023-03-31T15:00:00Z,121,120
USDJPY,2023,2023-03-31T15:59:00Z,2023-04-03T00:00:00Z,481,480
USDJPY,2023,2023-04-03T05:59:00Z,2023-04-03T07:00:00Z,61,60
USDJPY,2023,2023-04-03T08:59:00Z,2023-04-03T10:00:00Z,61,60
USDJPY,2023,2023-04-03T10:59:00Z,2023-04-03T12:00:00Z,61,60
USDJPY,2023,2023-04-03T12:59:00Z,2023-04-03T15:00:00Z,121,120
USDJPY,2023,2023-04-03T15:59:00Z,2023-04-03T17:01:00Z,62,61
USDJPY,2023,2023-04-03T17:59:00Z,2023-04-03T19:00:00Z,61,60
USDJPY,2023,2023-04-04T06:59:00Z,2023-04-04T08:00:00Z,61,60
USDJPY,2023,2023-04-04T08:59:00Z,2023-04-04T10:00:00Z,61,60
USDJPY,2023,2023-04-04T10:59:00Z,2023-04-04T12:00:00Z,61,60
USDJPY,2023,2023-04-04T12:59:00Z,2023-04-04T14:00:00Z,61,60
USDJPY,2023,2023-04-04T14:59:00Z,2023-04-04T16:00:00Z,61,60
USDJPY,2023,2023-04-04T16:59:00Z,2023-04-04T18:00:00Z,61,60
USDJPY,2023,2023-04-04T18:59:00Z,2023-04-04T20:00:00Z,61,60
USDJPY,2023,2023-04-05T05:59:00Z,2023-04-05T07:00:00Z,61,60
USDJPY,2023,2023-04-05T07:59:00Z,2023-04-05T09:00:00Z,61,60
USDJPY,2023,2023-04-05T09:59:00Z,2023-04-05T11:00:00Z,61,60
USDJPY,2023,2023-04-05T11:59:00Z,2023-04-05T13:00:00Z,61,60
USDJPY,2023,2023-04-05T13:59:00Z,2023-04-05T15:00:00Z,61,60
USDJPY,2023,2023-04-05T15:59:00Z,2023-04-05T17:00:00Z,61,60
USDJPY,2023,2023-04-05T17:59:00Z,2023-04-05T19:00:00Z,61,60
USDJPY,2023,2023-04-06T19:59:00Z,2023-04-10T00:00:00Z,1681,1680
USDJPY,2023,2023-04-10T06:59:00Z,2023-04-10T09:00:00Z,121,120
USDJPY,2023,2023-04-10T09:59:00Z,2023-04-10T11:00:00Z,61,60
USDJPY,2023,2023-04-10T12:59:00Z,2023-04-10T14:00:00Z,61,60
USDJPY,2023,2023-04-10T14:59:00Z,2023-04-10T16:00:00Z,61,60
USDJPY,2023,2023-04-10T16:59:00Z,2023-04-10T18:00:00Z,61,60
USDJPY,2023,2023-04-10T18:59:00Z,2023-04-10T20:00:00Z,61,60
USDJPY,2023,2023-04-11T06:59:00Z,2023-04-11T09:00:00Z,121,120
USDJPY,2023,2023-04-11T10:59:00Z,2023-04-11T13:00:00Z,121,120
USDJPY,2023,2023-04-11T13:59:00Z,2023-04-11T15:00:00Z,61,60
USDJPY,2023,2023-04-11T15:59:00Z,2023-04-11T17:00:00Z,61,60
USDJPY,2023,2023-04-11T18:59:00Z,2023-04-11T20:00:00Z,61,60
USDJPY,2023,2023-04-12T06:59:00Z,2023-04-12T08:00:00Z,61,60
USDJPY,2023,2023-04-12T08:59:00Z,2023-04-12T11:00:00Z,121,120
USDJPY,2023,2023-04-12T11:59:00Z,2023-04-12T13:00:00Z,61,60
USDJPY,2023,2023-04-12T14:59:00Z,2023-04-12T16:00:00Z,61,60
USDJPY,2023,2023-04-12T16:59:00Z,2023-04-12T18:00:00Z,61,60
USDJPY,2023,2023-04-12T18:59:00Z,2023-04-12T20:00:00Z,61,60
USDJPY,2023,2023-04-13T05:59:00Z,2023-04-13T08:00:00Z,121,120
USDJPY,2023,2023-04-13T09:59:00Z,2023-04-13T11:00:00Z,61,60
USDJPY,2023,2023-04-13T11:59:00Z,2023-04-13T13:00:00Z,61,60
USDJPY,2023,2023-04-13T13:59:00Z,2023-04-13T15:00:00Z,61,60
USDJPY,2023,2023-04-13T16:59:00Z,2023-04-13T18:00:00Z,61,60
USDJPY,2023,2023-04-13T18:59:00Z,2023-04-13T20:00:00Z,61,60
USDJPY,2023,2023-04-14T05:59:00Z,2023-04-14T07:00:00Z,61,60
USDJPY,2023,2023-04-14T07:59:00Z,2023-04-14T09:00:00Z,61,60
USDJPY,2023,2023-04-14T10:59:00Z,2023-04-14T13:00:00Z,121,120
USDJPY,2023,2023-04-14T14:59:00Z,2023-04-14T16:00:00Z,61,60
USDJPY,2023,2023-04-14T16:59:00Z,2023-04-17T00:00:00Z,421,420
USDJPY,2023,2023-04-17T04:59:00Z,2023-04-17T06:00:00Z,61,60
USDJPY,2023,2023-04-17T07:59:00Z,2023-04-17T10:00:00Z,121,120
USDJPY,2023,2023-04-17T10:59:00Z,2023-04-17T12:00:00Z,61,60
USDJPY,2023,2023-04-17T12:59:00Z,2023-04-17T14:00:00Z,61,60
USDJPY,2023,2023-04-17T14:59:00Z,2023-04-17T16:00:00Z,61,60
USDJPY,2023,2023-04-17T16:59:00Z,2023-04-17T18:00:00Z,61,60
USDJPY,2023,2023-04-17T18:59:00Z,2023-04-17T20:00:00Z,61,60
USDJPY,2023,2023-04-18T06:59:00Z,2023-04-18T09:00:00Z,121,120
USDJPY,2023,2023-04-18T09:59:00Z,2023-04-18T11:00:00Z,61,60
USDJPY,2023,2023-04-18T11:59:00Z,2023-04-18T13:00:00Z,61,60
USDJPY,2023,2023-04-18T14:59:00Z,2023-04-18T16:00:00Z,61,60
USDJPY,2023,2023-04-18T16:59:00Z,2023-04-18T18:00:00Z,61,60
USDJPY,2023,2023-04-18T18:59:00Z,2023-04-18T20:00:00Z,61,60
USDJPY,2023,2023-04-19T06:59:00Z,2023-04-19T09:00:00Z,121,120
USDJPY,2023,2023-04-19T09:59:00Z,2023-04-19T11:00:00Z,61,60
USDJPY,2023,2023-04-19T11:59:00Z,2023-04-19T13:00:00Z,61,60
USDJPY,2023,2023-04-19T14:59:00Z,2023-04-19T16:00:00Z,61,60
USDJPY,2023,2023-04-19T16:59:00Z,2023-04-19T18:00:00Z,61,60
USDJPY,2023,2023-04-19T18:59:00Z,2023-04-19T20:00:00Z,61,60
USDJPY,2023,2023-04-20T06:59:00Z,2023-04-20T08:00:00Z,61,60
USDJPY,2023,2023-04-20T08:59:00Z,2023-04-20T10:00:00Z,61,60
USDJPY,2023,2023-04-20T10:59:00Z,2023-04-20T12:00:00Z,61,60
USDJPY,2023,2023-04-20T12:59:00Z,2023-04-20T14:00:00Z,61,60
USDJPY,2023,2023-04-20T14:59:00Z,2023-04-20T16:00:00Z,61,60
USDJPY,2023,2023-04-20T16:59:00Z,2023-04-20T18:00:00Z,61,60
USDJPY,2023,2023-04-20T18:59:00Z,2023-04-20T20:00:00Z,61,60
USDJPY,2023,2023-04-21T05:59:00Z,2023-04-21T07:00:00Z,61,60
USDJPY,2023,2023-04-21T07:59:00Z,2023-04-21T09:00:00Z,61,60
USDJPY,2023,2023-04-21T09:59:00Z,2023-04-21T11:00:00Z,61,60
USDJPY,2023,2023-04-21T11:59:00Z,2023-04-21T13:00:00Z,61,60
USDJPY,2023,2023-04-21T13:59:00Z,2023-04-21T15:00:00Z,61,60
USDJPY,2023,2023-04-21T15:59:00Z,2023-04-24T00:00:00Z,481,480
USDJPY,2023,2023-04-24T05:59:00Z,2023-04-24T07:00:00Z,61,60
USDJPY,2023,2023-04-24T07:59:00Z,2023-04-24T09:00:00Z,61,60
USDJPY,2023,2023-04-24T09:59:00Z,2023-04-24T11:00:00Z,61,60
USDJPY,2023,2023-04-24T11:59:00Z,2023-04-24T13:00:00Z,61,60
USDJPY,2023,2023-04-24T13:59:00Z,2023-04-24T15:00:00Z,61,60
USDJPY,2023,2023-04-24T15:59:00Z,2023-04-24T17:00:00Z,61,60
USDJPY,2023,2023-04-24T17:59:00Z,2023-04-24T19:00:00Z,61,60
USDJPY,2023,2023-04-25T05:59:00Z,2023-04-25T07:00:00Z,61,60
USDJPY,2023,2023-04-25T07:59:00Z,2023-04-25T09:00:00Z,61,60
USDJPY,2023,2023-04-25T09:59:00Z,2023-04-25T11:00:00Z,61,60
USDJPY,2023,2023-04-25T11:59:00Z,2023-04-25T13:00:00Z,61,60
USDJPY,2023,2023-04-25T13:59:00Z,2023-04-25T15:00:00Z,61,60
USDJPY,2023,2023-04-25T15:59:00Z,2023-04-25T17:00:00Z,61,60
USDJPY,2023,2023-04-25T17:59:00Z,2023-04-25T19:00:00Z,61,60
USDJPY,2023,2023-04-26T05:59:00Z,2023-04-26T07:00:00Z,61,60
USDJPY,2023,2023-04-26T07:59:00Z,2023-04-26T09:00:00Z,61,60
USDJPY,2023,2023-04-26T10:59:00Z,2023-04-26T12:00:00Z,61,60
USDJPY,2023,2023-04-26T12:59:00Z,2023-04-26T15:00:00Z,121,120
USDJPY,2023,2023-04-26T15:59:00Z,2023-04-26T17:00:00Z,61,60
USDJPY,2023,2023-04-26T17:59:00Z,2023-04-26T19:00:00Z,61,60
USDJPY,2023,2023-04-27T06:59:00Z,2023-04-27T08:00:00Z,61,60
USDJPY,2023,2023-04-27T08:59:00Z,2023-04-27T10:00:00Z,61,60
USDJPY,2023,2023-04-27T10:59:00Z,2023-04-27T13:00:00Z,121,120
USDJPY,2023,2023-04-27T14:59:00Z,2023-04-27T16:00:00Z,61,60
USDJPY,2023,2023-04-27T16:59:00Z,2023-04-27T18:00:00Z,61,60
USDJPY,2023,2023-04-27T18:59:00Z,2023-04-27T20:00:00Z,61,60
USDJPY,2023,2023-04-28T06:59:00Z,2023-04-28T09:00:00Z,121,120
USDJPY,2023,2023-04-28T10:59:00Z,2023-04-28T13:00:00Z,121,120
USDJPY,2023,2023-04-28T14:59:00Z,2023-05-01T00:00:00Z,541,540
USDJPY,2023,2023-05-01T05:59:00Z,2023-05-01T07:00:00Z,61,60
USDJPY,2023,2023-05-01T07:59:00Z,2023-05-01T09:00:00Z,61,60
USDJPY,2023,2023-05-01T09:59:00Z,2023-05-01T11:00:00Z,61,60
USDJPY,2023,2023-05-01T11:59:00Z,2023-05-01T13:00:00Z,61,60
USDJPY,2023,2023-05-01T13:59:00Z,2023-05-01T15:00:00Z,61,60
USDJPY,2023,2023-05-01T15:59:00Z,2023-05-01T17:00:00Z,61,60
USDJPY,2023,2023-05-01T18:59:00Z,2023-05-01T20:00:00Z,61,60
USDJPY,2023,2023-05-02T05:59:00Z,2023-05-02T07:00:00Z,61,60
USDJPY,2023,2023-05-02T08:59:00Z,2023-05-02T11:00:00Z,121,120
USDJPY,2023,2023-05-02T12:59:00Z,2023-05-02T15:00:00Z,121,120
USDJPY,2023,2023-05-02T17:59:00Z,2023-05-02T20:00:00Z,121,120
USDJPY,2023,2023-05-03T04:59:00Z,2023-05-03T06:00:00Z,61,60
USDJPY,2023,2023-05-03T06:59:00Z,2023-05-03T08:00:00Z,61,60
USDJPY,2023,2023-05-03T08:59:00Z,2023-05-03T10:00:00Z,61,60
USDJPY,2023,2023-05-03T10:59:00Z,2023-05-03T12:00:00Z,61,60
USDJPY,2023,2023-05-03T12:59:00Z,2023-05-03T14:00:00Z,61,60
USDJPY,2023,2023-05-03T14:59:00Z,2023-05-03T16:00:00Z,61,60
USDJPY,2023,2023-05-03T16:59:00Z,2023-05-03T18:00:00Z,61,60
USDJPY,2023,2023-05-03T18:59:00Z,2023-05-03T20:00:00Z,61,60
USDJPY,2023,2023-05-04T06:59:00Z,2023-05-04T08:00:00Z,61,60
USDJPY,2023,2023-05-04T08:59:00Z,2023-05-04T10:00:00Z,61,60
USDJPY,2023,2023-05-04T10:59:00Z,2023-05-04T12:00:00Z,61,60
USDJPY,2023,2023-05-04T12:59:00Z,2023-05-04T14:00:00Z,61,60
USDJPY,2023,2023-05-04T14:59:00Z,2023-05-04T16:00:00Z,61,60
USDJPY,2023,2023-05-04T16:59:00Z,2023-05-04T18:00:00Z,61,60
USDJPY,2023,2023-05-04T18:59:00Z,2023-05-04T20:00:00Z,61,60
USDJPY,2023,2023-05-05T05:59:00Z,2023-05-05T07:00:00Z,61,60
USDJPY,2023,2023-05-05T07:59:00Z,2023-05-05T09:00:00Z,61,60
USDJPY,2023,2023-05-05T09:59:00Z,2023-05-05T11:00:00Z,61,60
USDJPY,2023,2023-05-05T11:59:00Z,2023-05-05T13:00:00Z,61,60
USDJPY,2023,2023-05-05T13:59:00Z,2023-05-05T15:00:00Z,61,60
USDJPY,2023,2023-05-05T15:59:00Z,2023-05-08T00:00:00Z,481,480
USDJPY,2023,2023-05-08T04:59:00Z,2023-05-08T07:00:00Z,121,120
USDJPY,2023,2023-05-08T10:59:00Z,2023-05-08T12:00:00Z,61,60
USDJPY,2023,2023-05-08T12:59:00Z,2023-05-08T15:00:00Z,121,120
USDJPY,2023,2023-05-08T15:59:00Z,2023-05-08T17:00:00Z,61,60
USDJPY,2023,2023-05-08T18:59:00Z,2023-05-08T20:00:00Z,61,60
USDJPY,2023,2023-05-09T04:59:00Z,2023-05-09T06:00:00Z,61,60
USDJPY,2023,2023-05-09T06:59:00Z,2023-05-09T08:00:00Z,61,60
USDJPY,2023,2023-05-09T08:59:00Z,2023-05-09T10:00:00Z,61,60
USDJPY,2023,2023-05-09T10:59:00Z,2023-05-09T12:00:00Z,61,60
USDJPY,2023,2023-05-09T12:59:00Z,2023-05-09T14:00:00Z,61,60
USDJPY,2023,2023-05-09T14:59:00Z,2023-05-09T16:00:00Z,61,60
USDJPY,2023,2023-05-09T16:59:00Z,2023-05-09T18:00:00Z,61,60
USDJPY,2023,2023-05-09T18:59:00Z,2023-05-09T20:00:00Z,61,60
USDJPY,2023,2023-05-10T06:59:00Z,2023-05-10T08:00:00Z,61,60
USDJPY,2023,2023-05-10T08:59:00Z,2023-05-10T10:00:00Z,61,60
USDJPY,2023,2023-05-10T10:59:00Z,2023-05-10T13:00:00Z,121,120
USDJPY,2023,2023-05-10T13:59:00Z,2023-05-10T15:00:00Z,61,60
USDJPY,2023,2023-05-10T16:59:00Z,2023-05-10T19:00:00Z,121,120
USDJPY,2023,2023-05-11T06:59:00Z,2023-05-11T08:00:00Z,61,60
USDJPY,2023,2023-05-11T08:59:00Z,2023-05-11T10:00:00Z,61,60
USDJPY,2023,2023-05-11T10:59:00Z,2023-05-11T12:00:00Z,61,60
USDJPY,2023,2023-05-11T12:59:00Z,2023-05-11T15:00:00Z,121,120
USDJPY,2023,2023-05-11T16:59:00Z,2023-05-11T18:00:00Z,61,60
USDJPY,2023,2023-05-11T18:59:00Z,2023-05-11T20:00:00Z,61,60
USDJPY,2023,2023-05-12T05:59:00Z,2023-05-12T07:00:00Z,61,60
USDJPY,2023,2023-05-12T07:59:00Z,2023-05-12T09:00:00Z,61,60
USDJPY,2023,2023-05-12T10:59:00Z,2023-05-12T12:00:00Z,61,60
USDJPY,2023,2023-05-12T12:59:00Z,2023-05-12T15:00:00Z,121,120
USDJPY,2023,2023-05-12T15:59:00Z,2023-05-15T00:00:00Z,481,480
USDJPY,2023,2023-05-15T05:59:00Z,2023-05-15T07:00:00Z,61,60
USDJPY,2023,2023-05-15T08:59:00Z,2023-05-15T11:00:00Z,121,120
USDJPY,2023,2023-05-15T12:59:00Z,2023-05-15T14:00:00Z,61,60
USDJPY,2023,2023-05-15T14:59:00Z,2023-05-15T16:00:00Z,61,60
USDJPY,2023,2023-05-15T16:59:00Z,2023-05-15T18:00:00Z,61,60
USDJPY,2023,2023-05-15T18:59:00Z,2023-05-15T20:00:00Z,61,60
USDJPY,2023,2023-05-16T05:59:00Z,2023-05-16T07:00:00Z,61,60
USDJPY,2023,2023-05-16T07:59:00Z,2023-05-16T09:00:00Z,61,60
USDJPY,2023,2023-05-16T09:59:00Z,2023-05-16T11:00:00Z,61,60
USDJPY,2023,2023-05-16T11:59:00Z,2023-05-16T13:00:00Z,61,60
USDJPY,2023,2023-05-16T13:59:00Z,2023-05-16T15:00:00Z,61,60
USDJPY,2023,2023-05-16T15:59:00Z,2023-05-16T17:00:00Z,61,60
USDJPY,2023,2023-05-16T17:59:00Z,2023-05-16T19:00:00Z,61,60
USDJPY,2023,2023-05-17T06:59:00Z,2023-05-17T09:00:00Z,121,120
USDJPY,2023,2023-05-17T09:59:00Z,2023-05-17T11:00:00Z,61,60
USDJPY,2023,2023-05-17T11:59:00Z,2023-05-17T13:00:00Z,61,60
USDJPY,2023,2023-05-17T13:59:00Z,2023-05-17T15:00:00Z,61,60
USDJPY,2023,2023-05-17T15:59:00Z,2023-05-17T17:00:00Z,61,60
USDJPY,2023,2023-05-17T17:59:00Z,2023-05-17T19:00:00Z,61,60
USDJPY,2023,2023-05-18T06:59:00Z,2023-05-18T08:00:00Z,61,60
USDJPY,2023,2023-05-18T08:59:00Z,2023-05-18T10:00:00Z,61,60
USDJPY,2023,2023-05-18T10:59:00Z,2023-05-18T12:00:00Z,61,60
USDJPY,2023,2023-05-18T12:59:00Z,2023-05-18T14:00:00Z,61,60
USDJPY,2023,2023-05-18T14:59:00Z,2023-05-18T16:00:00Z,61,60
USDJPY,2023,2023-05-18T16:59:00Z,2023-05-18T18:00:00Z,61,60
USDJPY,2023,2023-05-18T18:59:00Z,2023-05-18T20:00:00Z,61,60
USDJPY,2023,2023-05-19T05:59:00Z,2023-05-19T07:00:00Z,61,60
USDJPY,2023,2023-05-19T07:59:00Z,2023-05-19T09:00:00Z,61,60
USDJPY,2023,2023-05-19T09:59:00Z,2023-05-19T11:00:00Z,61,60
USDJPY,2023,2023-05-19T11:59:00Z,2023-05-19T13:00:00Z,61,60
USDJPY,2023,2023-05-19T13:59:00Z,2023-05-19T15:00:00Z,61,60
USDJPY,2023,2023-05-19T15:59:00Z,2023-05-22T00:00:00Z,481,480
USDJPY,2023,2023-05-22T07:59:00Z,2023-05-22T11:00:00Z,181,180
USDJPY,2023,2023-05-22T11:59:00Z,2023-05-22T13:00:00Z,61,60
USDJPY,2023,2023-05-22T14:59:00Z,2023-05-22T17:00:00Z,121,120
USDJPY,2023,2023-05-22T17:59:00Z,2023-05-22T19:00:00Z,61,60
USDJPY,2023,2023-05-23T06:59:00Z,2023-05-23T08:00:00Z,61,60
USDJPY,2023,2023-05-23T08:59:00Z,2023-05-23T10:00:00Z,61,60
USDJPY,2023,2023-05-23T10:59:00Z,2023-05-23T12:00:00Z,61,60
USDJPY,2023,2023-05-23T12:59:00Z,2023-05-23T14:00:00Z,61,60
USDJPY,2023,2023-05-23T14:59:00Z,2023-05-23T16:00:00Z,61,60
USDJPY,2023,2023-05-23T16:59:00Z,2023-05-23T18:00:00Z,61,60
USDJPY,2023,2023-05-23T18:59:00Z,2023-05-23T20:00:00Z,61,60
USDJPY,2023,2023-05-24T06:59:00Z,2023-05-24T08:00:00Z,61,60
USDJPY,2023,2023-05-24T08:59:00Z,2023-05-24T10:00:00Z,61,60
USDJPY,2023,2023-05-24T10:59:00Z,2023-05-24T12:00:00Z,61,60
USDJPY,2023,2023-05-24T12:59:00Z,2023-05-24T14:00:00Z,61,60
USDJPY,2023,2023-05-24T14:59:00Z,2023-05-24T16:00:00Z,61,60
USDJPY,2023,2023-05-24T16:59:00Z,2023-05-24T18:00:00Z,61,60
USDJPY,2023,2023-05-24T18:59:00Z,2023-05-24T20:00:00Z,61,60
USDJPY,2023,2023-05-25T07:59:00Z,2023-05-25T10:00:00Z,121,120
USDJPY,2023,2023-05-25T10:59:00Z,2023-05-25T12:00:00Z,61,60
USDJPY,2023,2023-05-25T12:59:00Z,2023-05-25T15:00:00Z,121,120
USDJPY,2023,2023-05-25T15:59:00Z,2023-05-25T17:00:00Z,61,60
USDJPY,2023,2023-05-25T17:59:00Z,2023-05-25T19:00:00Z,61,60
USDJPY,2023,2023-05-26T05:59:00Z,2023-05-26T07:00:00Z,61,60
USDJPY,2023,2023-05-26T07:59:00Z,2023-05-26T09:00:00Z,61,60
USDJPY,2023,2023-05-26T09:59:00Z,2023-05-26T11:00:00Z,61,60
USDJPY,2023,2023-05-26T11:59:00Z,2023-05-26T13:00:00Z,61,60
USDJPY,2023,2023-05-26T13:59:00Z,2023-05-26T15:00:00Z,61,60
USDJPY,2023,2023-05-26T15:59:00Z,2023-05-29T00:00:00Z,481,480
USDJPY,2023,2023-05-29T05:59:00Z,2023-05-29T07:00:00Z,61,60
USDJPY,2023,2023-05-29T07:59:00Z,2023-05-29T09:00:00Z,61,60
USDJPY,2023,2023-05-29T09:59:00Z,2023-05-29T11:00:00Z,61,60
USDJPY,2023,2023-05-29T11:59:00Z,2023-05-29T13:00:00Z,61,60
USDJPY,2023,2023-05-29T14:59:00Z,2023-05-29T16:00:00Z,61,60
USDJPY,2023,2023-05-29T16:59:00Z,2023-05-29T19:00:00Z,121,120
USDJPY,2023,2023-05-30T05:59:00Z,2023-05-30T07:00:00Z,61,60
USDJPY,2023,2023-05-30T07:59:00Z,2023-05-30T09:00:00Z,61,60
USDJPY,2023,2023-05-30T10:59:00Z,2023-05-30T13:00:00Z,121,120
USDJPY,2023,2023-05-30T13:59:00Z,2023-05-30T15:00:00Z,61,60
USDJPY,2023,2023-05-30T15:59:00Z,2023-05-30T17:00:00Z,61,60
USDJPY,2023,2023-05-30T17:59:00Z,2023-05-30T19:00:00Z,61,60
USDJPY,2023,2023-05-31T06:59:00Z,2023-05-31T08:00:00Z,61,60
USDJPY,2023,2023-05-31T08:59:00Z,2023-05-31T10:00:00Z,61,60
USDJPY,2023,2023-05-31T10:59:00Z,2023-05-31T12:00:00Z,61,60
USDJPY,2023,2023-05-31T12:59:00Z,2023-05-31T14:00:00Z,61,60
USDJPY,2023,2023-05-31T14:59:00Z,2023-05-31T16:00:00Z,61,60
USDJPY,2023,2023-05-31T16:59:00Z,2023-05-31T18:00:00Z,61,60
USDJPY,2023,2023-05-31T18:59:00Z,2023-05-31T20:00:00Z,61,60
USDJPY,2023,2023-06-01T06:59:00Z,2023-06-01T08:00:00Z,61,60
USDJPY,2023,2023-06-01T08:59:00Z,2023-06-01T11:00:00Z,121,120
USDJPY,2023,2023-06-01T11:59:00Z,2023-06-01T13:00:00Z,61,60
USDJPY,2023,2023-06-01T14:59:00Z,2023-06-01T16:00:00Z,61,60
USDJPY,2023,2023-06-01T16:59:00Z,2023-06-01T19:00:00Z,121,120
USDJPY,2023,2023-06-02T06:59:00Z,2023-06-02T08:00:00Z,61,60
USDJPY,2023,2023-06-02T08:59:00Z,2023-06-02T10:00:00Z,61,60
USDJPY,2023,2023-06-02T10:59:00Z,2023-06-02T12:00:00Z,61,60
USDJPY,2023,2023-06-02T12:59:00Z,2023-06-02T14:00:00Z,61,60
USDJPY,2023,2023-06-02T14:59:00Z,2023-06-02T16:00:00Z,61,60
USDJPY,2023,2023-06-02T16:59:00Z,2023-06-05T00:00:00Z,421,420
USDJPY,2023,2023-06-05T05:59:00Z,2023-06-05T07:00:00Z,61,60
USDJPY,2023,2023-06-05T07:59:00Z,2023-06-05T09:00:00Z,61,60
USDJPY,2023,2023-06-05T09:59:00Z,2023-06-05T11:00:00Z,61,60
USDJPY,2023,2023-06-05T11:59:00Z,2023-06-05T13:00:00Z,61,60
USDJPY,2023,2023-06-05T13:59:00Z,2023-06-05T15:00:00Z,61,60
USDJPY,2023,2023-06-05T15:59:00Z,2023-06-05T17:00:00Z,61,60
USDJPY,2023,2023-06-05T17:59:00Z,2023-06-05T19:00:00Z,61,60
USDJPY,2023,2023-06-06T05:59:00Z,2023-06-06T07:00:00Z,61,60
USDJPY,2023,2023-06-06T08:59:00Z,2023-06-06T10:00:00Z,61,60
USDJPY,2023,2023-06-06T10:59:00Z,2023-06-06T12:00:00Z,61,60
USDJPY,2023,2023-06-06T12:59:00Z,2023-06-06T14:00:00Z,61,60
USDJPY,2023,2023-06-06T14:59:00Z,2023-06-06T16:00:00Z,61,60
USDJPY,2023,2023-06-06T16:59:00Z,2023-06-06T18:00:00Z,61,60
USDJPY,2023,2023-06-06T18:59:00Z,2023-06-06T20:00:00Z,61,60
USDJPY,2023,2023-06-07T06:59:00Z,2023-06-07T09:00:00Z,121,120
USDJPY,2023,2023-06-07T10:59:00Z,2023-06-07T13:00:00Z,121,120
USDJPY,2023,2023-06-07T13:59:00Z,2023-06-07T15:00:00Z,61,60
USDJPY,2023,2023-06-07T16:59:00Z,2023-06-07T18:00:00Z,61,60
USDJPY,2023,2023-06-07T18:59:00Z,2023-06-07T20:00:00Z,61,60
USDJPY,2023,2023-06-08T06:59:00Z,2023-06-08T08:00:00Z,61,60
USDJPY,2023,2023-06-08T08:59:00Z,2023-06-08T10:00:00Z,61,60
USDJPY,2023,2023-06-08T10:59:00Z,2023-06-08T12:00:00Z,61,60
USDJPY,2023,2023-06-08T12:59:00Z,2023-06-08T14:00:00Z,61,60
USDJPY,2023,2023-06-08T14:59:00Z,2023-06-08T16:00:00Z,61,60
USDJPY,2023,2023-06-08T16:59:00Z,2023-06-08T18:00:00Z,61,60
USDJPY,2023,2023-06-08T18:59:00Z,2023-06-08T20:00:00Z,61,60
USDJPY,2023,2023-06-09T06:59:00Z,2023-06-09T08:00:00Z,61,60
USDJPY,2023,2023-06-09T08:59:00Z,2023-06-09T10:00:00Z,61,60
USDJPY,2023,2023-06-09T10:59:00Z,2023-06-09T13:00:00Z,121,120
USDJPY,2023,2023-06-09T14:59:00Z,2023-06-12T00:00:00Z,541,540
USDJPY,2023,2023-06-12T05:59:00Z,2023-06-12T07:00:00Z,61,60
USDJPY,2023,2023-06-12T07:59:00Z,2023-06-12T09:00:00Z,61,60
USDJPY,2023,2023-06-12T10:59:00Z,2023-06-12T13:00:00Z,121,120
USDJPY,2023,2023-06-12T14:59:00Z,2023-06-12T17:00:00Z,121,120
USDJPY,2023,2023-06-12T18:59:00Z,2023-06-12T20:00:00Z,61,60
USDJPY,2023,2023-06-13T06:59:00Z,2023-06-13T08:00:00Z,61,60
USDJPY,2023,2023-06-13T08:59:00Z,2023-06-13T10:00:00Z,61,60
USDJPY,2023,2023-06-13T10:59:00Z,2023-06-13T12:00:00Z,61,60
USDJPY,2023,2023-06-13T12:59:00Z,2023-06-13T14:00:00Z,61,60
USDJPY,2023,2023-06-13T14:59:00Z,2023-06-13T16:00:00Z,61,60
USDJPY,2023,2023-06-13T16:59:00Z,2023-06-13T18:00:00Z,61,60
USDJPY,2023,2023-06-13T18:59:00Z,2023-06-13T20:00:00Z,61,60
USDJPY,2023,2023-06-14T05:59:00Z,2023-06-14T07:00:00Z,61,60
USDJPY,2023,2023-06-14T07:59:00Z,2023-06-14T09:00:00Z,61,60
USDJPY,2023,2023-06-14T09:59:00Z,2023-06-14T11:00:00Z,61,60
USDJPY,2023,2023-06-14T11:59:00Z,2023-06-14T13:00:00Z,61,60
USDJPY,2023,2023-06-14T13:59:00Z,2023-06-14T15:00:00Z,61,60
USDJPY,2023,2023-06-14T15:59:00Z,2023-06-14T17:00:00Z,61,60
USDJPY,2023,2023-06-14T17:59:00Z,2023-06-14T19:00:00Z,61,60
USDJPY,2023,2023-06-15T05:59:00Z,2023-06-15T07:00:00Z,61,60
USDJPY,2023,2023-06-15T08:59:00Z,2023-06-15T11:00:00Z,121,120
USDJPY,2023,2023-06-15T11:59:00Z,2023-06-15T13:00:00Z,61,60
USDJPY,2023,2023-06-15T13:59:00Z,2023-06-15T15:00:00Z,61,60
USDJPY,2023,2023-06-15T16:59:00Z,2023-06-15T18:00:00Z,61,60
USDJPY,2023,2023-06-15T18:59:00Z,2023-06-15T20:00:00Z,61,60
USDJPY,2023,2023-06-16T06:59:00Z,2023-06-16T08:00:00Z,61,60
USDJPY,2023,2023-06-16T08:59:00Z,2023-06-16T10:00:00Z,61,60
USDJPY,2023,2023-06-16T10:59:00Z,2023-06-16T12:00:00Z,61,60
USDJPY,2023,2023-06-16T12:59:00Z,2023-06-16T14:00:00Z,61,60
USDJPY,2023,2023-06-16T14:59:00Z,2023-06-16T16:00:00Z,61,60
USDJPY,2023,2023-06-16T16:59:00Z,2023-06-19T00:00:00Z,421,420
USDJPY,2023,2023-06-19T05:59:00Z,2023-06-19T07:00:00Z,61,60
USDJPY,2023,2023-06-19T07:59:00Z,2023-06-19T09:00:00Z,61,60
USDJPY,2023,2023-06-19T09:59:00Z,2023-06-19T12:00:00Z,121,120
USDJPY,2023,2023-06-19T13:59:00Z,2023-06-19T15:00:00Z,61,60
USDJPY,2023,2023-06-19T15:59:00Z,2023-06-19T17:00:00Z,61,60
USDJPY,2023,2023-06-19T17:59:00Z,2023-06-19T19:00:00Z,61,60
USDJPY,2023,2023-06-20T06:59:00Z,2023-06-20T08:00:00Z,61,60
USDJPY,2023,2023-06-20T08:59:00Z,2023-06-20T10:00:00Z,61,60
USDJPY,2023,2023-06-20T10:59:00Z,2023-06-20T12:00:00Z,61,60
USDJPY,2023,2023-06-20T12:59:00Z,2023-06-20T15:00:00Z,121,120
USDJPY,2023,2023-06-20T16:59:00Z,2023-06-20T18:00:00Z,61,60
USDJPY,2023,2023-06-20T18:59:00Z,2023-06-20T20:00:00Z,61,60
USDJPY,2023,2023-06-21T05:59:00Z,2023-06-21T07:00:00Z,61,60
USDJPY,2023,2023-06-21T07:59:00Z,2023-06-21T09:00:00Z,61,60
USDJPY,2023,2023-06-21T10:59:00Z,2023-06-21T13:00:00Z,121,120
USDJPY,2023,2023-06-21T13:59:00Z,2023-06-21T15:00:00Z,61,60
USDJPY,2023,2023-06-21T15:59:00Z,2023-06-21T17:00:00Z,61,60
USDJPY,2023,2023-06-21T17:59:00Z,2023-06-21T19:00:00Z,61,60
USDJPY,2023,2023-06-22T06:59:00Z,2023-06-22T08:00:00Z,61,60
USDJPY,2023,2023-06-22T08:59:00Z,2023-06-22T10:00:00Z,61,60
USDJPY,2023,2023-06-22T10:59:00Z,2023-06-22T12:00:00Z,61,60
USDJPY,2023,2023-06-22T12:59:00Z,2023-06-22T14:00:00Z,61,60
USDJPY,2023,2023-06-22T14:59:00Z,2023-06-22T16:00:00Z,61,60
USDJPY,2023,2023-06-22T16:59:00Z,2023-06-22T18:00:00Z,61,60
USDJPY,2023,2023-06-22T18:59:00Z,2023-06-22T20:00:00Z,61,60
USDJPY,2023,2023-06-23T05:59:00Z,2023-06-23T07:00:00Z,61,60
USDJPY,2023,2023-06-23T07:59:00Z,2023-06-23T09:00:00Z,61,60
USDJPY,2023,2023-06-23T09:59:00Z,2023-06-23T11:00:00Z,61,60
USDJPY,2023,2023-06-23T11:59:00Z,2023-06-23T13:00:00Z,61,60
USDJPY,2023,2023-06-23T13:59:00Z,2023-06-23T15:00:00Z,61,60
USDJPY,2023,2023-06-23T15:59:00Z,2023-06-26T00:00:00Z,481,480
USDJPY,2023,2023-06-26T05:59:00Z,2023-06-26T07:00:00Z,61,60
USDJPY,2023,2023-06-26T07:59:00Z,2023-06-26T09:00:00Z,61,60
USDJPY,2023,2023-06-26T09:59:00Z,2023-06-26T11:00:00Z,61,60
USDJPY,2023,2023-06-26T11:59:00Z,2023-06-26T13:00:00Z,61,60
USDJPY,2023,2023-06-26T13:59:00Z,2023-06-26T15:00:00Z,61,60
USDJPY,2023,2023-06-26T15:59:00Z,2023-06-26T17:00:00Z,61,60
USDJPY,2023,2023-06-26T17:59:00Z,2023-06-26T19:00:00Z,61,60
USDJPY,2023,2023-06-27T06:59:00Z,2023-06-27T08:00:00Z,61,60
USDJPY,2023,2023-06-27T08:59:00Z,2023-06-27T10:00:00Z,61,60
USDJPY,2023,2023-06-27T10:59:00Z,2023-06-27T12:00:00Z,61,60
USDJPY,2023,2023-06-27T12:59:00Z,2023-06-27T14:00:00Z,61,60
USDJPY,2023,2023-06-27T14:59:00Z,2023-06-27T16:00:00Z,61,60
USDJPY,2023,2023-06-27T16:59:00Z,2023-06-27T18:00:00Z,61,60
USDJPY,2023,2023-06-27T18:59:00Z,2023-06-27T20:00:00Z,61,60
USDJPY,2023,2023-06-28T05:59:00Z,2023-06-28T07:00:00Z,61,60
USDJPY,2023,2023-06-28T07:59:00Z,2023-06-28T09:00:00Z,61,60
USDJPY,2023,2023-06-28T11:59:00Z,2023-06-28T15:00:00Z,181,180
USDJPY,2023,2023-06-28T15:59:00Z,2023-06-28T17:00:00Z,61,60
USDJPY,2023,2023-06-28T17:59:00Z,2023-06-28T19:00:00Z,61,60
USDJPY,2023,2023-06-29T05:59:00Z,2023-06-29T07:00:00Z,61,60
USDJPY,2023,2023-06-29T08:59:00Z,2023-06-29T10:00:00Z,61,60
USDJPY,2023,2023-06-29T10:59:00Z,2023-06-29T13:00:00Z,121,120
USDJPY,2023,2023-06-29T13:59:00Z,2023-06-29T15:00:00Z,61,60
USDJPY,2023,2023-06-29T16:59:00Z,2023-06-29T18:00:00Z,61,60
USDJPY,2023,2023-06-29T18:59:00Z,2023-06-29T20:00:00Z,61,60
USDJPY,2023,2023-06-30T05:59:00Z,2023-06-30T07:00:00Z,61,60
USDJPY,2023,2023-06-30T07:59:00Z,2023-06-30T09:00:00Z,61,60
USDJPY,2023,2023-06-30T09:59:00Z,2023-06-30T11:00:00Z,61,60
USDJPY,2023,2023-06-30T12:59:00Z,2023-06-30T15:00:00Z,121,120
USDJPY,2023,2023-06-30T16:59:00Z,2023-07-03T00:00:00Z,421,420
USDJPY,2023,2023-07-03T06:59:00Z,2023-07-03T08:00:00Z,61,60
USDJPY,2023,2023-07-03T08:59:00Z,2023-07-03T10:00:00Z,61,60
USDJPY,2023,2023-07-03T10:59:00Z,2023-07-03T12:00:00Z,61,60
USDJPY,2023,2023-07-03T12:59:00Z,2023-07-03T14:00:00Z,61,60
USDJPY,2023,2023-07-03T14:59:00Z,2023-07-03T16:00:00Z,61,60
USDJPY,2023,2023-07-03T17:59:00Z,2023-07-03T20:00:00Z,121,120
USDJPY,2023,2023-07-04T05:59:00Z,2023-07-04T07:00:00Z,61,60
USDJPY,2023,2023-07-04T07:59:00Z,2023-07-04T09:00:00Z,61,60
USDJPY,2023,2023-07-04T09:59:00Z,2023-07-04T11:00:00Z,61,60
USDJPY,2023,2023-07-04T11:59:00Z,2023-07-04T13:00:00Z,61,60
USDJPY,2023,2023-07-04T14:59:00Z,2023-07-04T16:00:00Z,61,60
USDJPY,2023,2023-07-04T16:59:00Z,2023-07-04T19:00:00Z,121,120
USDJPY,2023,2023-07-05T05:59:00Z,2023-07-05T07:00:00Z,61,60
USDJPY,2023,2023-07-05T08:59:00Z,2023-07-05T10:00:00Z,61,60
USDJPY,2023,2023-07-05T10:59:00Z,2023-07-05T12:00:00Z,61,60
USDJPY,2023,2023-07-05T12:59:00Z,2023-07-05T14:00:00Z,61,60
USDJPY,2023,2023-07-05T14:59:00Z,2023-07-05T16:00:00Z,61,60
USDJPY,2023,2023-07-05T16:59:00Z,2023-07-05T19:00:00Z,121,120
USDJPY,2023,2023-07-06T05:59:00Z,2023-07-06T07:00:00Z,61,60
USDJPY,2023,2023-07-06T08:59:00Z,2023-07-06T10:00:00Z,61,60
USDJPY,2023,2023-07-06T10:59:00Z,2023-07-06T12:00:00Z,61,60
USDJPY,2023,2023-07-06T12:59:00Z,2023-07-06T14:00:00Z,61,60
USDJPY,2023,2023-07-06T14:59:00Z,2023-07-06T17:00:00Z,121,120
USDJPY,2023,2023-07-06T17:59:00Z,2023-07-06T19:00:00Z,61,60
USDJPY,2023,2023-07-07T06:59:00Z,2023-07-07T08:00:00Z,61,60
USDJPY,2023,2023-07-07T08:59:00Z,2023-07-07T10:00:00Z,61,60
USDJPY,2023,2023-07-07T10:59:00Z,2023-07-07T12:00:00Z,61,60
USDJPY,2023,2023-07-07T12:59:00Z,2023-07-07T14:00:00Z,61,60
USDJPY,2023,2023-07-07T14:59:00Z,2023-07-07T16:00:00Z,61,60
USDJPY,2023,2023-07-07T16:59:00Z,2023-07-10T00:00:00Z,421,420
USDJPY,2023,2023-07-10T05:59:00Z,2023-07-10T07:00:00Z,61,60
USDJPY,2023,2023-07-10T08:59:00Z,2023-07-10T10:00:00Z,61,60
USDJPY,2023,2023-07-10T10:59:00Z,2023-07-10T12:00:00Z,61,60
USDJPY,2023,2023-07-10T12:59:00Z,2023-07-10T14:00:00Z,61,60
USDJPY,2023,2023-07-10T14:59:00Z,2023-07-10T17:00:00Z,121,120
USDJPY,2023,2023-07-10T18:59:00Z,2023-07-10T20:00:00Z,61,60
USDJPY,2023,2023-07-11T05:59:00Z,2023-07-11T07:00:00Z,61,60
USDJPY,2023,2023-07-11T07:59:00Z,2023-07-11T09:00:00Z,61,60
USDJPY,2023,2023-07-11T09:59:00Z,2023-07-11T11:00:00Z,61,60
USDJPY,2023,2023-07-11T11:59:00Z,2023-07-11T13:00:00Z,61,60
USDJPY,2023,2023-07-11T13:59:00Z,2023-07-11T15:00:00Z,61,60
USDJPY,2023,2023-07-11T16:59:00Z,2023-07-11T18:00:00Z,61,60
USDJPY,2023,2023-07-11T18:59:00Z,2023-07-11T20:00:00Z,61,60
USDJPY,2023,2023-07-12T06:59:00Z,2023-07-12T08:00:00Z,61,60
USDJPY,2023,2023-07-12T08:59:00Z,2023-07-12T11:00:00Z,121,120
USDJPY,2023,2023-07-12T12:59:00Z,2023-07-12T15:00:00Z,121,120
USDJPY,2023,2023-07-12T16:59:00Z,2023-07-12T19:00:00Z,121,120
USDJPY,2023,2023-07-13T06:59:00Z,2023-07-13T09:00:00Z,121,120
USDJPY,2023,2023-07-13T10:59:00Z,2023-07-13T13:00:00Z,121,120
USDJPY,2023,2023-07-13T13:59:00Z,2023-07-13T15:00:00Z,61,60
USDJPY,2023,2023-07-13T15:59:00Z,2023-07-13T17:00:00Z,61,60
USDJPY,2023,2023-07-13T17:59:00Z,2023-07-13T19:00:00Z,61,60
USDJPY,2023,2023-07-14T06:59:00Z,2023-07-14T09:00:00Z,121,120
USDJPY,2023,2023-07-14T10:59:00Z,2023-07-14T12:00:00Z,61,60
USDJPY,2023,2023-07-14T12:59:00Z,2023-07-14T14:00:00Z,61,60
USDJPY,2023,2023-07-14T14:59:00Z,2023-07-14T16:00:00Z,61,60
USDJPY,2023,2023-07-14T16:59:00Z,2023-07-17T00:00:00Z,421,420
USDJPY,2023,2023-07-17T06:59:00Z,2023-07-17T08:00:00Z,61,60
USDJPY,2023,2023-07-17T08:59:00Z,2023-07-17T10:00:00Z,61,60
USDJPY,2023,2023-07-17T10:59:00Z,2023-07-17T12:00:00Z,61,60
USDJPY,2023,2023-07-17T12:59:00Z,2023-07-17T14:00:00Z,61,60
USDJPY,2023,2023-07-17T14:59:00Z,2023-07-17T16:00:00Z,61,60
USDJPY,2023,2023-07-17T16:59:00Z,2023-07-17T18:00:00Z,61,60
USDJPY,2023,2023-07-17T18:59:00Z,2023-07-17T20:00:00Z,61,60
USDJPY,2023,2023-07-18T05:59:00Z,2023-07-18T07:00:00Z,61,60
USDJPY,2023,2023-07-18T07:59:00Z,2023-07-18T09:00:00Z,61,60
USDJPY,2023,2023-07-18T10:59:00Z,2023-07-18T13:00:00Z,121,120
USDJPY,2023,2023-07-18T14:59:00Z,2023-07-18T17:00:00Z,121,120
USDJPY,2023,2023-07-18T17:59:00Z,2023-07-18T19:00:00Z,61,60
USDJPY,2023,2023-07-19T05:59:00Z,2023-07-19T07:00:00Z,61,60
USDJPY,2023,2023-07-19T07:59:00Z,2023-07-19T09:00:00Z,61,60
USDJPY,2023,2023-07-19T09:59:00Z,2023-07-19T11:00:00Z,61,60
USDJPY,2023,2023-07-19T11:59:00Z,2023-07-19T13:00:00Z,61,60
USDJPY,2023,2023-07-19T13:59:00Z,2023-07-19T15:00:00Z,61,60
USDJPY,2023,2023-07-19T15:59:00Z,2023-07-19T17:00:00Z,61,60
USDJPY,2023,2023-07-19T17:59:00Z,2023-07-19T19:00:00Z,61,60
USDJPY,2023,2023-07-20T06:59:00Z,2023-07-20T08:00:00Z,61,60
USDJPY,2023,2023-07-20T08:59:00Z,2023-07-20T10:00:00Z,61,60
USDJPY,2023,2023-07-20T10:59:00Z,2023-07-20T12:00:00Z,61,60
USDJPY,2023,2023-07-20T12:59:00Z,2023-07-20T14:00:00Z,61,60
USDJPY,2023,2023-07-20T14:59:00Z,2023-07-20T16:00:00Z,61,60
USDJPY,2023,2023-07-20T16:59:00Z,2023-07-20T18:00:00Z,61,60
USDJPY,2023,2023-07-20T18:59:00Z,2023-07-20T20:00:00Z,61,60
USDJPY,2023,2023-07-21T06:59:00Z,2023-07-21T08:00:00Z,61,60
USDJPY,2023,2023-07-21T08:59:00Z,2023-07-21T10:00:00Z,61,60
USDJPY,2023,2023-07-21T10:59:00Z,2023-07-21T12:00:00Z,61,60
USDJPY,2023,2023-07-21T12:59:00Z,2023-07-21T14:00:00Z,61,60
USDJPY,2023,2023-07-21T15:59:00Z,2023-07-24T00:00:00Z,481,480
USDJPY,2023,2023-07-24T05:59:00Z,2023-07-24T07:00:00Z,61,60
USDJPY,2023,2023-07-24T08:59:00Z,2023-07-24T11:00:00Z,121,120
USDJPY,2023,2023-07-24T12:59:00Z,2023-07-24T15:00:00Z,121,120
USDJPY,2023,2023-07-24T15:59:00Z,2023-07-24T17:00:00Z,61,60
USDJPY,2023,2023-07-24T18:59:00Z,2023-07-24T20:00:00Z,61,60
USDJPY,2023,2023-07-25T05:59:00Z,2023-07-25T07:00:00Z,61,60
USDJPY,2023,2023-07-25T07:59:00Z,2023-07-25T09:00:00Z,61,60
USDJPY,2023,2023-07-25T09:59:00Z,2023-07-25T11:00:00Z,61,60
USDJPY,2023,2023-07-25T11:59:00Z,2023-07-25T13:00:00Z,61,60
USDJPY,2023,2023-07-25T13:59:00Z,2023-07-25T15:00:00Z,61,60
USDJPY,2023,2023-07-25T15:59:00Z,2023-07-25T17:00:00Z,61,60
USDJPY,2023,2023-07-25T17:59:00Z,2023-07-25T19:00:00Z,61,60
USDJPY,2023,2023-07-26T06:59:00Z,2023-07-26T09:00:00Z,121,120
USDJPY,2023,2023-07-26T09:59:00Z,2023-07-26T11:00:00Z,61,60
USDJPY,2023,2023-07-26T11:59:00Z,2023-07-26T13:00:00Z,61,60
USDJPY,2023,2023-07-26T13:59:00Z,2023-07-26T15:00:00Z,61,60
USDJPY,2023,2023-07-26T15:59:00Z,2023-07-26T17:00:00Z,61,60
USDJPY,2023,2023-07-26T17:59:00Z,2023-07-26T19:00:00Z,61,60
USDJPY,2023,2023-07-27T05:59:00Z,2023-07-27T07:00:00Z,61,60
USDJPY,2023,2023-07-27T08:59:00Z,2023-07-27T11:00:00Z,121,120
USDJPY,2023,2023-07-27T11:59:00Z,2023-07-27T13:00:00Z,61,60
USDJPY,2023,2023-07-27T13:59:00Z,2023-07-27T15:00:00Z,61,60
USDJPY,2023,2023-07-27T15:59:00Z,2023-07-27T17:01:00Z,62,61
USDJPY,2023,2023-07-27T17:59:00Z,2023-07-27T19:00:00Z,61,60
USDJPY,2023,2023-07-28T05:59:00Z,2023-07-28T07:00:00Z,61,60
USDJPY,2023,2023-07-28T07:59:00Z,2023-07-28T09:00:00Z,61,60
USDJPY,2023,2023-07-28T09:59:00Z,2023-07-28T11:00:00Z,61,60
USDJPY,2023,2023-07-28T11:59:00Z,2023-07-28T13:00:00Z,61,60
USDJPY,2023,2023-07-28T14:59:00Z,2023-07-31T00:00:00Z,541,540
USDJPY,2023,2023-08-04T16:59:00Z,2023-08-07T00:00:00Z,421,420
USDJPY,2023,2023-08-11T16:59:00Z,2023-08-14T00:00:00Z,421,420
USDJPY,2023,2023-08-18T16:59:00Z,2023-08-21T00:00:00Z,421,420
USDJPY,2023,2023-08-25T16:59:00Z,2023-08-28T00:00:00Z,421,420
USDJPY,2023,2023-09-01T16:59:00Z,2023-09-04T00:00:00Z,421,420
USDJPY,2023,2023-09-04T13:03:00Z,2023-09-04T13:14:00Z,11,10
USDJPY,2023,2023-09-08T16:59:00Z,2023-09-11T00:00:00Z,421,420
USDJPY,2023,2023-09-14T09:49:00Z,2023-09-14T10:00:00Z,11,10
USDJPY,2023,2023-09-15T16:59:00Z,2023-09-18T00:00:00Z,421,420
USDJPY,2023,2023-09-22T16:59:00Z,2023-09-25T00:00:00Z,421,420
USDJPY,2023,2023-09-25T06:05:00Z,2023-09-25T07:00:00Z,55,54
USDJPY,2023,2023-09-29T16:59:00Z,2023-10-02T00:00:00Z,421,420
USDJPY,2023,2023-10-06T16:59:00Z,2023-10-09T00:00:00Z,421,420
USDJPY,2023,2023-10-13T16:59:00Z,2023-10-16T00:00:00Z,421,420
USDJPY,2023,2023-10-20T16:59:00Z,2023-10-23T00:00:00Z,421,420
USDJPY,2023,2023-10-27T16:59:00Z,2023-10-30T00:00:00Z,421,420
USDJPY,2023,2023-11-03T15:59:00Z,2023-11-06T00:00:00Z,481,480
USDJPY,2023,2023-11-10T16:59:00Z,2023-11-13T00:00:00Z,421,420
USDJPY,2023,2023-11-17T16:59:00Z,2023-11-20T00:00:00Z,421,420
USDJPY,2023,2023-11-24T16:59:00Z,2023-11-27T00:00:00Z,421,420
USDJPY,2023,2023-12-01T16:59:00Z,2023-12-04T00:00:00Z,421,420
USDJPY,2023,2023-12-08T16:59:00Z,2023-12-11T00:00:00Z,421,420
USDJPY,2023,2023-12-15T16:59:00Z,2023-12-18T00:00:00Z,421,420
USDJPY,2023,2023-12-22T16:58:00Z,2023-12-25T00:00:00Z,422,421
USDJPY,2023,2023-12-25T02:19:00Z,2023-12-25T02:31:00Z,12,11
USDJPY,2023,2023-12-25T02:33:00Z,2023-12-25T02:40:00Z,7,6
USDJPY,2023,2023-12-25T02:40:00Z,2023-12-25T02:47:00Z,7,6
USDJPY,2023,2023-12-25T02:58:00Z,2023-12-25T17:04:00Z,846,845
USDJPY,2024,2024-01-05T16:59:00Z,2024-01-08T00:00:00Z,421,420
USDJPY,2024,2024-01-12T16:59:00Z,2024-01-15T00:00:00Z,421,420
USDJPY,2024,2024-01-19T16:59:00Z,2024-01-22T00:00:00Z,421,420
USDJPY,2024,2024-01-26T16:59:00Z,2024-01-29T00:00:00Z,421,420
USDJPY,2024,2024-02-02T16:59:00Z,2024-02-05T00:00:00Z,421,420
USDJPY,2024,2024-02-09T16:59:00Z,2024-02-12T00:00:00Z,421,420
USDJPY,2024,2024-02-16T16:59:00Z,2024-02-19T00:00:00Z,421,420
USDJPY,2024,2024-02-23T16:59:00Z,2024-02-26T00:00:00Z,421,420
USDJPY,2024,2024-03-01T16:59:00Z,2024-03-04T00:00:00Z,421,420
USDJPY,2024,2024-03-08T16:59:00Z,2024-03-11T00:00:00Z,421,420
USDJPY,2024,2024-03-15T15:59:00Z,2024-03-18T00:00:00Z,481,480
USDJPY,2024,2024-03-22T15:59:00Z,2024-03-25T00:00:00Z,481,480
USDJPY,2024,2024-03-29T15:59:00Z,2024-04-01T00:00:00Z,481,480
USDJPY,2024,2024-04-05T16:59:00Z,2024-04-08T00:00:00Z,421,420
USDJPY,2024,2024-04-12T16:59:00Z,2024-04-15T00:00:00Z,421,420
USDJPY,2024,2024-04-19T16:59:00Z,2024-04-22T00:00:00Z,421,420
USDJPY,2024,2024-04-26T16:59:00Z,2024-04-29T00:00:00Z,421,420
USDJPY,2024,2024-05-03T16:59:00Z,2024-05-06T00:00:00Z,421,420
USDJPY,2024,2024-05-10T16:59:00Z,2024-05-13T00:00:00Z,421,420
USDJPY,2024,2024-05-17T16:59:00Z,2024-05-20T00:00:00Z,421,420
USDJPY,2024,2024-05-24T16:59:00Z,2024-05-27T00:00:00Z,421,420
USDJPY,2024,2024-05-31T16:59:00Z,2024-06-03T00:00:00Z,421,420
USDJPY,2024,2024-06-07T16:59:00Z,2024-06-10T00:00:00Z,421,420
USDJPY,2024,2024-06-14T16:59:00Z,2024-06-17T00:00:00Z,421,420
USDJPY,2024,2024-06-21T16:59:00Z,2024-06-24T00:00:00Z,421,420
USDJPY,2024,2024-06-28T16:59:00Z,2024-07-01T00:00:00Z,421,420
USDJPY,2024,2024-07-05T16:59:00Z,2024-07-08T00:00:00Z,421,420
USDJPY,2024,2024-07-12T16:59:00Z,2024-07-15T00:00:00Z,421,420
USDJPY,2024,2024-07-19T16:59:00Z,2024-07-22T00:00:00Z,421,420
USDJPY,2024,2024-07-26T16:59:00Z,2024-07-29T00:00:00Z,421,420
USDJPY,2024,2024-08-02T16:59:00Z,2024-08-05T00:00:00Z,421,420
USDJPY,2024,2024-08-05T11:59:00Z,2024-08-05T14:00:00Z,121,120
USDJPY,2024,2024-08-05T15:59:00Z,2024-08-05T17:00:00Z,61,60
USDJPY,2024,2024-08-05T17:59:00Z,2024-08-05T19:00:00Z,61,60
USDJPY,2024,2024-08-09T16:59:00Z,2024-08-12T00:00:00Z,421,420
USDJPY,2024,2024-08-16T16:59:00Z,2024-08-19T00:00:00Z,421,420
USDJPY,2024,2024-08-23T16:59:00Z,2024-08-26T00:00:00Z,421,420
USDJPY,2024,2024-08-30T16:59:00Z,2024-09-02T00:00:00Z,421,420
USDJPY,2024,2024-09-06T16:59:00Z,2024-09-09T00:00:00Z,421,420
USDJPY,2024,2024-09-13T16:59:00Z,2024-09-16T00:00:00Z,421,420
USDJPY,2024,2024-09-20T16:59:00Z,2024-09-23T00:00:00Z,421,420
USDJPY,2024,2024-09-27T16:59:00Z,2024-09-30T00:00:00Z,421,420
USDJPY,2024,2024-10-04T16:59:00Z,2024-10-07T00:00:00Z,421,420
USDJPY,2024,2024-10-11T16:59:00Z,2024-10-14T00:00:00Z,421,420
USDJPY,2024,2024-10-18T16:59:00Z,2024-10-21T00:00:00Z,421,420
USDJPY,2024,2024-10-22T11:59:00Z,2024-10-22T20:00:00Z,481,480
USDJPY,2024,2024-10-23T17:08:00Z,2024-10-23T17:18:00Z,10,9
USDJPY,2024,2024-10-23T17:34:00Z,2024-10-23T17:46:00Z,12,11
USDJPY,2024,2024-10-25T16:59:00Z,2024-10-28T00:00:00Z,421,420
USDJPY,2024,2024-10-29T16:44:00Z,2024-10-29T16:53:00Z,9,8
USDJPY,2024,2024-10-31T10:59:00Z,2024-10-31T19:00:00Z,481,480
USDJPY,2024,2024-11-01T15:59:00Z,2024-11-04T00:00:00Z,481,480
USDJPY,2024,2024-11-08T16:59:00Z,2024-11-11T00:00:00Z,421,420
USDJPY,2024,2024-11-14T08:59:00Z,2024-11-14T10:00:00Z,61,60
USDJPY,2024,2024-11-14T10:59:00Z,2024-11-14T12:00:00Z,61,60
USDJPY,2024,2024-11-15T16:59:00Z,2024-11-18T00:00:00Z,421,420
USDJPY,2024,2024-11-19T17:11:00Z,2024-11-19T17:21:00Z,10,9
USDJPY,2024,2024-11-22T16:59:00Z,2024-11-25T00:00:00Z,421,420
USDJPY,2024,2024-11-28T17:18:00Z,2024-11-28T17:26:00Z,8,7
USDJPY,2024,2024-11-29T16:59:00Z,2024-12-02T00:00:00Z,421,420
USDJPY,2024,2024-12-06T16:59:00Z,2024-12-09T00:00:00Z,421,420
USDJPY,2024,2024-12-10T17:00:00Z,2024-12-10T17:16:00Z,16,15
USDJPY,2024,2024-12-13T16:59:00Z,2024-12-16T00:00:00Z,421,420
USDJPY,2024,2024-12-20T16:59:00Z,2024-12-23T00:00:00Z,421,420
USDJPY,2024,2024-12-24T17:09:00Z,2024-12-24T17:42:00Z,33,32
USDJPY,2024,2024-12-24T17:44:00Z,2024-12-24T17:51:00Z,7,6
USDJPY,2024,2024-12-24T21:56:00Z,2024-12-24T22:04:00Z,8,7
USDJPY,2024,2024-12-25T02:59:00Z,2024-12-25T17:04:00Z,845,844
USDJPY,2024,2024-12-27T16:59:00Z,2024-12-30T00:00:00Z,421,420
USDJPY,2024,2024-12-30T17:39:00Z,2024-12-30T17:50:00Z,11,10
USDJPY,2025,2025-01-03T16:59:00Z,2025-01-06T00:00:00Z,421,420
USDJPY,2025,2025-01-10T16:59:00Z,2025-01-13T00:00:00Z,421,420
USDJPY,2025,2025-01-17T16:59:00Z,2025-01-20T00:00:00Z,421,420
USDJPY,2025,2025-01-24T16:59:00Z,2025-01-27T00:00:00Z,421,420
USDJPY,2025,2025-01-31T16:59:00Z,2025-02-03T00:00:00Z,421,420
USDJPY,2025,2025-02-07T16:59:00Z,2025-02-10T00:00:00Z,421,420
USDJPY,2025,2025-02-14T16:59:00Z,2025-02-17T00:00:00Z,421,420
USDJPY,2025,2025-02-21T16:59:00Z,2025-02-24T00:00:00Z,421,420
USDJPY,2025,2025-02-28T16:59:00Z,2025-03-03T00:00:00Z,421,420
USDJPY,2025,2025-03-07T16:59:00Z,2025-03-10T00:00:00Z,421,420
USDJPY,2025,2025-03-14T15:59:00Z,2025-03-17T00:00:00Z,481,480
USDJPY,2025,2025-03-21T15:59:00Z,2025-03-24T00:00:00Z,481,480
USDJPY,2025,2025-03-28T15:59:00Z,2025-03-31T00:00:00Z,481,480
USDJPY,2025,2025-04-04T16:59:00Z,2025-04-07T00:00:00Z,421,420
USDJPY,2025,2025-04-08T17:00:00Z,2025-04-08T17:09:00Z,9,8
USDJPY,2025,2025-04-09T16:59:00Z,2025-04-09T17:21:00Z,22,21
USDJPY,2025,2025-04-09T17:24:00Z,2025-04-09T17:32:00Z,8,7
USDJPY,2025,2025-04-11T16:59:00Z,2025-04-14T00:00:00Z,421,420
USDJPY,2025,2025-04-14T16:59:00Z,2025-04-14T17:07:00Z,8,7
USDJPY,2025,2025-04-14T17:07:00Z,2025-04-14T17:15:00Z,8,7
USDJPY,2025,2025-04-18T16:59:00Z,2025-04-21T00:00:00Z,421,420
USDJPY,2025,2025-04-25T16:59:00Z,2025-04-28T00:00:00Z,421,420
USDJPY,2025,2025-04-28T17:08:00Z,2025-04-28T17:16:00Z,8,7
USDJPY,2025,2025-04-28T17:53:00Z,2025-04-28T18:00:00Z,7,6
USDJPY,2025,2025-05-02T16:59:00Z,2025-05-05T00:00:00Z,421,420
USDJPY,2025,2025-05-09T16:59:00Z,2025-05-12T00:00:00Z,421,420
USDJPY,2025,2025-05-16T16:59:00Z,2025-05-19T00:00:00Z,421,420
USDJPY,2025,2025-05-23T16:59:00Z,2025-05-26T00:00:00Z,421,420
USDJPY,2025,2025-05-30T16:59:00Z,2025-06-02T00:00:00Z,421,420
USDJPY,2025,2025-06-06T16:59:00Z,2025-06-09T00:00:00Z,421,420
USDJPY,2025,2025-06-13T16:59:00Z,2025-06-16T00:00:00Z,421,420
USDJPY,2025,2025-06-20T16:59:00Z,2025-06-23T00:00:00Z,421,420
USDJPY,2025,2025-06-27T16:59:00Z,2025-06-30T00:00:00Z,421,420
USDJPY,2025,2025-07-04T16:59:00Z,2025-07-07T00:00:00Z,421,420
USDJPY,2025,2025-07-11T16:59:00Z,2025-07-14T00:00:00Z,421,420
USDJPY,2025,2025-07-18T16:59:00Z,2025-07-21T00:00:00Z,421,420
USDJPY,2025,2025-07-25T16:59:00Z,2025-07-28T00:00:00Z,421,420
USDJPY,2025,2025-08-01T16:59:00Z,2025-08-04T00:00:00Z,421,420
USDJPY,2025,2025-08-08T16:59:00Z,2025-08-11T00:00:00Z,421,420
USDJPY,2025,2025-08-15T16:59:00Z,2025-08-18T00:00:00Z,421,420
USDJPY,2025,2025-08-22T16:59:00Z,2025-08-25T00:00:00Z,421,420
USDJPY,2025,2025-08-29T16:59:00Z,2025-09-01T00:00:00Z,421,420
USDJPY,2025,2025-09-05T16:59:00Z,2025-09-08T00:00:00Z,421,420
USDJPY,2025,2025-09-12T16:59:00Z,2025-09-15T00:00:00Z,421,420
USDJPY,2025,2025-09-19T16:59:00Z,2025-09-22T00:00:00Z,421,420
USDJPY,2025,2025-09-26T16:59:00Z,2025-09-29T00:00:00Z,421,420
USDJPY,2025,2025-10-03T16:59:00Z,2025-10-06T00:00:00Z,421,420
USDJPY,2025,2025-10-10T16:59:00Z,2025-10-13T00:00:00Z,421,420
USDJPY,2025,2025-10-17T16:59:00Z,2025-10-20T00:00:00Z,421,420
USDJPY,2025,2025-10-24T16:59:00Z,2025-10-27T00:00:00Z,421,420
USDJPY,2025,2025-10-31T15:59:00Z,2025-11-03T00:00:00Z,481,480
USDJPY,2025,2025-11-07T16:59:00Z,2025-11-10T00:00:00Z,421,420
USDJPY,2025,2025-11-14T16:59:00Z,2025-11-17T00:00:00Z,421,420
USDJPY,2025,2025-11-21T16:59:00Z,2025-11-24T00:00:00Z,421,420
USDJPY,2025,2025-11-28T16:59:00Z,2025-12-01T00:00:00Z,421,420
USDJPY,2025,2025-12-05T16:59:00Z,2025-12-08T00:00:00Z,421,420
USDJPY,2025,2025-12-12T16:59:00Z,2025-12-15T00:00:00Z,421,420
USDJPY,2025,2025-12-19T16:59:00Z,2025-12-22T00:00:00Z,421,420
USDJPY,2025,2025-12-24T17:16:00Z,2025-12-24T17:25:00Z,9,8
USDJPY,2025,2025-12-24T17:31:00Z,2025-12-24T17:40:00Z,9,8
USDJPY,2025,2025-12-24T17:40:00Z,2025-12-24T17:59:00Z,19,18
USDJPY,2025,2025-12-24T19:06:00Z,2025-12-24T19:21:00Z,15,14
USDJPY,2025,2025-12-25T00:07:00Z,2025-12-25T00:14:00Z,7,6
USDJPY,2025,2025-12-25T00:30:00Z,2025-12-25T00:41:00Z,11,10
USDJPY,2025,2025-12-25T02:58:00Z,2025-12-25T17:00:00Z,842,841
USDJPY,2025,2025-12-26T16:59:00Z,2025-12-29T00:00:00Z,421,420
USDJPY,2026,2026-01-02T16:59:00Z,2026-01-05T00:00:00Z,421,420
USDJPY,2026,2026-01-09T16:59:00Z,2026-01-12T00:00:00Z,421,420
USDJPY,2026,2026-01-16T16:59:00Z,2026-01-19T00:00:00Z,421,420
USDJPY,2026,2026-01-23T16:59:00Z,2026-01-26T00:00:00Z,421,420
USDJPY,2026,2026-01-29T17:00:00Z,2026-01-29T17:09:00Z,9,8
USDJPY,2026,2026-01-30T16:58:00Z,2026-02-02T00:00:00Z,422,421
USDJPY,2026,2026-02-06T16:59:00Z,2026-02-09T00:00:00Z,421,420
USDJPY,2026,2026-02-13T16:59:00Z,2026-02-16T00:00:00Z,421,420
USDJPY,2026,2026-02-20T16:59:00Z,2026-02-23T00:00:00Z,421,420
USDJPY,2026,2026-02-27T16:58:00Z,2026-03-02T00:00:00Z,422,421
USDJPY,2026,2026-03-06T16:59:00Z,2026-03-09T00:00:00Z,421,420
USDJPY,2026,2026-03-13T15:59:00Z,2026-03-16T00:00:00Z,481,480
USDJPY,2026,2026-03-20T15:59:00Z,2026-03-23T00:00:00Z,481,480
USDJPY,2026,2026-03-27T15:59:00Z,2026-03-30T00:00:00Z,481,480
USDJPY,2026,2026-04-03T16:59:00Z,2026-04-06T00:00:00Z,421,420
USDJPY,2026,2026-04-10T16:59:00Z,2026-04-13T00:00:00Z,421,420
USDJPY,2026,2026-04-13T17:50:00Z,2026-04-13T17:59:00Z,9,8
USDJPY,2026,2026-04-15T17:42:00Z,2026-04-15T18:00:00Z,18,17
USDJPY,2026,2026-04-17T16:59:00Z,2026-04-20T00:00:00Z,421,420
USDJPY,2026,2026-04-24T16:59:00Z,2026-04-27T00:00:00Z,421,420
USDJPY,2026,2026-05-01T16:59:00Z,2026-05-04T00:00:00Z,421,420
USDJPY,2026,2026-05-08T16:59:00Z,2026-05-11T00:00:00Z,421,420
USDJPY,2026,2026-05-15T16:59:00Z,2026-05-18T00:00:00Z,421,420
USDJPY,2026,2026-05-22T16:59:00Z,2026-05-25T00:00:00Z,421,420
AUDUSD,2023,2023-01-06T16:59:00Z,2023-01-09T00:00:00Z,421,420
AUDUSD,2023,2023-01-09T17:07:00Z,2023-01-09T17:16:00Z,9,8
AUDUSD,2023,2023-01-12T17:14:00Z,2023-01-12T17:21:00Z,7,6
AUDUSD,2023,2023-01-13T16:59:00Z,2023-01-16T00:00:00Z,421,420
AUDUSD,2023,2023-01-20T16:59:00Z,2023-01-23T00:00:00Z,421,420
AUDUSD,2023,2023-01-23T17:02:00Z,2023-01-23T17:10:00Z,8,7
AUDUSD,2023,2023-01-25T17:12:00Z,2023-01-25T17:19:00Z,7,6
AUDUSD,2023,2023-01-27T16:59:00Z,2023-01-30T00:00:00Z,421,420
AUDUSD,2023,2023-02-03T16:59:00Z,2023-02-06T00:00:00Z,421,420
AUDUSD,2023,2023-02-10T16:59:00Z,2023-02-13T00:00:00Z,421,420
AUDUSD,2023,2023-02-17T16:59:00Z,2023-02-20T00:00:00Z,421,420
AUDUSD,2023,2023-02-20T04:59:00Z,2023-02-20T06:00:00Z,61,60
AUDUSD,2023,2023-02-20T06:59:00Z,2023-02-20T08:00:00Z,61,60
AUDUSD,2023,2023-02-20T08:59:00Z,2023-02-20T10:00:00Z,61,60
AUDUSD,2023,2023-02-20T10:59:00Z,2023-02-20T12:00:00Z,61,60
AUDUSD,2023,2023-02-20T12:59:00Z,2023-02-20T14:00:00Z,61,60
AUDUSD,2023,2023-02-20T14:59:00Z,2023-02-20T16:00:00Z,61,60
AUDUSD,2023,2023-02-20T16:59:00Z,2023-02-20T18:00:00Z,61,60
AUDUSD,2023,2023-02-21T04:59:00Z,2023-02-21T06:00:00Z,61,60
AUDUSD,2023,2023-02-21T07:59:00Z,2023-02-21T10:00:00Z,121,120
AUDUSD,2023,2023-02-21T10:59:00Z,2023-02-21T12:00:00Z,61,60
AUDUSD,2023,2023-02-21T12:59:00Z,2023-02-21T14:00:00Z,61,60
AUDUSD,2023,2023-02-21T14:59:00Z,2023-02-21T16:00:00Z,61,60
AUDUSD,2023,2023-02-21T16:59:00Z,2023-02-21T18:00:00Z,61,60
AUDUSD,2023,2023-02-22T05:59:00Z,2023-02-22T08:00:00Z,121,120
AUDUSD,2023,2023-02-22T08:59:00Z,2023-02-22T10:00:00Z,61,60
AUDUSD,2023,2023-02-22T10:59:00Z,2023-02-22T12:00:00Z,61,60
AUDUSD,2023,2023-02-22T13:59:00Z,2023-02-22T15:00:00Z,61,60
AUDUSD,2023,2023-02-22T15:59:00Z,2023-02-22T17:00:00Z,61,60
AUDUSD,2023,2023-02-23T04:59:00Z,2023-02-23T06:00:00Z,61,60
AUDUSD,2023,2023-02-23T06:59:00Z,2023-02-23T08:00:00Z,61,60
AUDUSD,2023,2023-02-23T08:59:00Z,2023-02-23T10:00:00Z,61,60
AUDUSD,2023,2023-02-23T10:59:00Z,2023-02-23T12:00:00Z,61,60
AUDUSD,2023,2023-02-23T13:59:00Z,2023-02-23T16:00:00Z,121,120
AUDUSD,2023,2023-02-23T17:59:00Z,2023-02-23T19:00:00Z,61,60
AUDUSD,2023,2023-02-24T05:59:00Z,2023-02-24T07:00:00Z,61,60
AUDUSD,2023,2023-02-24T07:59:00Z,2023-02-24T09:00:00Z,61,60
AUDUSD,2023,2023-02-24T09:59:00Z,2023-02-24T11:00:00Z,61,60
AUDUSD,2023,2023-02-24T11:59:00Z,2023-02-24T14:00:00Z,121,120
AUDUSD,2023,2023-02-24T15:59:00Z,2023-02-27T00:00:00Z,481,480
AUDUSD,2023,2023-02-27T05:59:00Z,2023-02-27T08:00:00Z,121,120
AUDUSD,2023,2023-02-27T09:59:00Z,2023-02-27T12:00:00Z,121,120
AUDUSD,2023,2023-02-27T13:59:00Z,2023-02-27T16:00:00Z,121,120
AUDUSD,2023,2023-02-27T16:59:00Z,2023-02-27T18:00:00Z,61,60
AUDUSD,2023,2023-02-28T05:59:00Z,2023-02-28T07:00:00Z,61,60
AUDUSD,2023,2023-02-28T07:59:00Z,2023-02-28T10:00:00Z,121,120
AUDUSD,2023,2023-02-28T10:59:00Z,2023-02-28T12:00:00Z,61,60
AUDUSD,2023,2023-02-28T13:59:00Z,2023-02-28T16:00:00Z,121,120
AUDUSD,2023,2023-02-28T17:59:00Z,2023-02-28T19:00:00Z,61,60
AUDUSD,2023,2023-03-01T06:59:00Z,2023-03-01T09:00:00Z,121,120
AUDUSD,2023,2023-03-01T09:59:00Z,2023-03-01T11:00:00Z,61,60
AUDUSD,2023,2023-03-01T11:59:00Z,2023-03-01T13:00:00Z,61,60
AUDUSD,2023,2023-03-01T13:59:00Z,2023-03-01T15:00:00Z,61,60
AUDUSD,2023,2023-03-01T15:59:00Z,2023-03-01T17:00:00Z,61,60
AUDUSD,2023,2023-03-01T17:59:00Z,2023-03-01T19:00:00Z,61,60
AUDUSD,2023,2023-03-02T05:59:00Z,2023-03-02T07:00:00Z,61,60
AUDUSD,2023,2023-03-02T07:59:00Z,2023-03-02T09:00:00Z,61,60
AUDUSD,2023,2023-03-02T09:59:00Z,2023-03-02T11:00:00Z,61,60
AUDUSD,2023,2023-03-02T11:59:00Z,2023-03-02T13:00:00Z,61,60
AUDUSD,2023,2023-03-02T14:59:00Z,2023-03-02T17:00:00Z,121,120
AUDUSD,2023,2023-03-02T17:59:00Z,2023-03-02T19:00:00Z,61,60
AUDUSD,2023,2023-03-03T05:59:00Z,2023-03-03T07:00:00Z,61,60
AUDUSD,2023,2023-03-03T07:59:00Z,2023-03-03T09:00:00Z,61,60
AUDUSD,2023,2023-03-03T09:59:00Z,2023-03-03T11:00:00Z,61,60
AUDUSD,2023,2023-03-03T11:59:00Z,2023-03-03T13:00:00Z,61,60
AUDUSD,2023,2023-03-03T13:59:00Z,2023-03-03T15:00:00Z,61,60
AUDUSD,2023,2023-03-03T15:59:00Z,2023-03-06T00:00:00Z,481,480
AUDUSD,2023,2023-03-06T04:59:00Z,2023-03-06T06:00:00Z,61,60
AUDUSD,2023,2023-03-06T06:59:00Z,2023-03-06T08:00:00Z,61,60
AUDUSD,2023,2023-03-06T08:59:00Z,2023-03-06T10:00:00Z,61,60
AUDUSD,2023,2023-03-06T10:59:00Z,2023-03-06T12:00:00Z,61,60
AUDUSD,2023,2023-03-06T12:59:00Z,2023-03-06T14:00:00Z,61,60
AUDUSD,2023,2023-03-06T14:59:00Z,2023-03-06T16:00:00Z,61,60
AUDUSD,2023,2023-03-06T16:59:00Z,2023-03-06T18:00:00Z,61,60
AUDUSD,2023,2023-03-07T05:59:00Z,2023-03-07T07:00:00Z,61,60
AUDUSD,2023,2023-03-07T07:59:00Z,2023-03-07T09:00:00Z,61,60
AUDUSD,2023,2023-03-07T09:59:00Z,2023-03-07T11:00:00Z,61,60
AUDUSD,2023,2023-03-07T11:59:00Z,2023-03-07T13:00:00Z,61,60
AUDUSD,2023,2023-03-07T13:59:00Z,2023-03-07T15:00:00Z,61,60
AUDUSD,2023,2023-03-07T15:59:00Z,2023-03-07T18:00:00Z,121,120
AUDUSD,2023,2023-03-08T05:59:00Z,2023-03-08T07:00:00Z,61,60
AUDUSD,2023,2023-03-08T07:59:00Z,2023-03-08T09:00:00Z,61,60
AUDUSD,2023,2023-03-08T09:59:00Z,2023-03-08T11:00:00Z,61,60
AUDUSD,2023,2023-03-08T11:59:00Z,2023-03-08T13:00:00Z,61,60
AUDUSD,2023,2023-03-08T13:59:00Z,2023-03-08T15:00:00Z,61,60
AUDUSD,2023,2023-03-08T15:59:00Z,2023-03-08T17:00:00Z,61,60
AUDUSD,2023,2023-03-08T17:59:00Z,2023-03-08T19:00:00Z,61,60
AUDUSD,2023,2023-03-09T04:59:00Z,2023-03-09T06:00:00Z,61,60
AUDUSD,2023,2023-03-09T07:59:00Z,2023-03-09T09:00:00Z,61,60
AUDUSD,2023,2023-03-09T09:54:00Z,2023-03-09T12:00:00Z,126,125
AUDUSD,2023,2023-03-09T12:59:00Z,2023-03-09T14:00:00Z,61,60
AUDUSD,2023,2023-03-09T14:59:00Z,2023-03-09T16:00:00Z,61,60
AUDUSD,2023,2023-03-09T16:59:00Z,2023-03-09T18:00:00Z,61,60
AUDUSD,2023,2023-03-10T05:59:00Z,2023-03-10T08:00:00Z,121,120
AUDUSD,2023,2023-03-10T09:59:00Z,2023-03-10T12:00:00Z,121,120
AUDUSD,2023,2023-03-10T13:59:00Z,2023-03-10T15:00:00Z,61,60
AUDUSD,2023,2023-03-10T15:59:00Z,2023-03-13T00:00:00Z,481,480
AUDUSD,2023,2023-03-13T04:59:00Z,2023-03-13T06:00:00Z,61,60
AUDUSD,2023,2023-03-13T07:59:00Z,2023-03-13T10:00:00Z,121,120
AUDUSD,2023,2023-03-13T10:59:00Z,2023-03-13T12:00:00Z,61,60
AUDUSD,2023,2023-03-13T12:59:00Z,2023-03-13T14:00:00Z,61,60
AUDUSD,2023,2023-03-13T14:59:00Z,2023-03-13T16:00:00Z,61,60
AUDUSD,2023,2023-03-13T16:59:00Z,2023-03-13T18:00:00Z,61,60
AUDUSD,2023,2023-03-14T05:59:00Z,2023-03-14T08:00:00Z,121,120
AUDUSD,2023,2023-03-14T09:59:00Z,2023-03-14T11:00:00Z,61,60
AUDUSD,2023,2023-03-14T11:59:00Z,2023-03-14T14:00:00Z,121,120
AUDUSD,2023,2023-03-14T15:59:00Z,2023-03-14T18:00:00Z,121,120
AUDUSD,2023,2023-03-15T05:59:00Z,2023-03-15T08:00:00Z,121,120
AUDUSD,2023,2023-03-15T08:59:00Z,2023-03-15T10:00:00Z,61,60
AUDUSD,2023,2023-03-15T10:59:00Z,2023-03-15T12:00:00Z,61,60
AUDUSD,2023,2023-03-15T12:59:00Z,2023-03-15T14:00:00Z,61,60
AUDUSD,2023,2023-03-15T14:59:00Z,2023-03-15T16:00:00Z,61,60
AUDUSD,2023,2023-03-15T16:59:00Z,2023-03-15T18:00:00Z,61,60
AUDUSD,2023,2023-03-16T04:59:00Z,2023-03-16T06:00:00Z,61,60
AUDUSD,2023,2023-03-16T06:59:00Z,2023-03-16T08:00:00Z,61,60
AUDUSD,2023,2023-03-16T09:59:00Z,2023-03-16T12:00:00Z,121,120
AUDUSD,2023,2023-03-16T12:59:00Z,2023-03-16T14:00:00Z,61,60
AUDUSD,2023,2023-03-16T14:59:00Z,2023-03-16T16:00:00Z,61,60
AUDUSD,2023,2023-03-16T16:59:00Z,2023-03-16T18:00:00Z,61,60
AUDUSD,2023,2023-03-17T05:59:00Z,2023-03-17T07:00:00Z,61,60
AUDUSD,2023,2023-03-17T07:59:00Z,2023-03-17T09:00:00Z,61,60
AUDUSD,2023,2023-03-17T09:59:00Z,2023-03-17T11:00:00Z,61,60
AUDUSD,2023,2023-03-17T11:59:00Z,2023-03-17T13:00:00Z,61,60
AUDUSD,2023,2023-03-17T13:59:00Z,2023-03-17T15:00:00Z,61,60
AUDUSD,2023,2023-03-17T15:59:00Z,2023-03-20T00:00:00Z,481,480
AUDUSD,2023,2023-03-20T05:59:00Z,2023-03-20T08:00:00Z,121,120
AUDUSD,2023,2023-03-20T08:59:00Z,2023-03-20T10:00:00Z,61,60
AUDUSD,2023,2023-03-20T10:59:00Z,2023-03-20T12:00:00Z,61,60
AUDUSD,2023,2023-03-20T12:59:00Z,2023-03-20T14:00:00Z,61,60
AUDUSD,2023,2023-03-20T14:59:00Z,2023-03-20T16:00:00Z,61,60
AUDUSD,2023,2023-03-20T16:59:00Z,2023-03-20T18:00:00Z,61,60
AUDUSD,2023,2023-03-21T05:59:00Z,2023-03-21T07:00:00Z,61,60
AUDUSD,2023,2023-03-21T07:59:00Z,2023-03-21T09:00:00Z,61,60
AUDUSD,2023,2023-03-21T09:59:00Z,2023-03-21T11:00:00Z,61,60
AUDUSD,2023,2023-03-21T11:59:00Z,2023-03-21T13:00:00Z,61,60
AUDUSD,2023,2023-03-21T13:59:00Z,2023-03-21T15:00:00Z,61,60
AUDUSD,2023,2023-03-21T15:59:00Z,2023-03-21T17:00:00Z,61,60
AUDUSD,2023,2023-03-21T17:59:00Z,2023-03-21T19:00:00Z,61,60
AUDUSD,2023,2023-03-22T05:59:00Z,2023-03-22T08:00:00Z,121,120
AUDUSD,2023,2023-03-22T08:59:00Z,2023-03-22T10:00:00Z,61,60
AUDUSD,2023,2023-03-22T10:59:00Z,2023-03-22T12:00:00Z,61,60
AUDUSD,2023,2023-03-22T12:59:00Z,2023-03-22T14:00:00Z,61,60
AUDUSD,2023,2023-03-22T14:59:00Z,2023-03-22T16:00:00Z,61,60
AUDUSD,2023,2023-03-22T16:59:00Z,2023-03-22T18:00:00Z,61,60
AUDUSD,2023,2023-03-23T05:59:00Z,2023-03-23T07:00:00Z,61,60
AUDUSD,2023,2023-03-23T07:59:00Z,2023-03-23T09:00:00Z,61,60
AUDUSD,2023,2023-03-23T09:59:00Z,2023-03-23T11:00:00Z,61,60
AUDUSD,2023,2023-03-23T11:59:00Z,2023-03-23T13:00:00Z,61,60
AUDUSD,2023,2023-03-23T14:59:00Z,2023-03-23T17:00:00Z,121,120
AUDUSD,2023,2023-03-23T17:59:00Z,2023-03-23T19:00:00Z,61,60
AUDUSD,2023,2023-03-24T05:59:00Z,2023-03-24T07:00:00Z,61,60
AUDUSD,2023,2023-03-24T07:59:00Z,2023-03-24T09:00:00Z,61,60
AUDUSD,2023,2023-03-24T09:59:00Z,2023-03-24T11:00:00Z,61,60
AUDUSD,2023,2023-03-24T11:59:00Z,2023-03-24T13:00:00Z,61,60
AUDUSD,2023,2023-03-24T13:59:00Z,2023-03-24T15:00:00Z,61,60
AUDUSD,2023,2023-03-24T15:59:00Z,2023-03-27T00:00:00Z,481,480
AUDUSD,2023,2023-03-27T06:59:00Z,2023-03-27T08:00:00Z,61,60
AUDUSD,2023,2023-03-27T08:59:00Z,2023-03-27T10:00:00Z,61,60
AUDUSD,2023,2023-03-27T10:59:00Z,2023-03-27T12:00:00Z,61,60
AUDUSD,2023,2023-03-27T12:59:00Z,2023-03-27T14:00:00Z,61,60
AUDUSD,2023,2023-03-27T14:59:00Z,2023-03-27T16:00:00Z,61,60
AUDUSD,2023,2023-03-27T16:59:00Z,2023-03-27T18:00:00Z,61,60
AUDUSD,2023,2023-03-27T18:59:00Z,2023-03-27T20:00:00Z,61,60
AUDUSD,2023,2023-03-28T05:59:00Z,2023-03-28T07:00:00Z,61,60
AUDUSD,2023,2023-03-28T08:59:00Z,2023-03-28T10:00:00Z,61,60
AUDUSD,2023,2023-03-28T10:59:00Z,2023-03-28T12:00:00Z,61,60
AUDUSD,2023,2023-03-28T12:59:00Z,2023-03-28T14:00:00Z,61,60
AUDUSD,2023,2023-03-28T15:59:00Z,2023-03-28T18:00:00Z,121,120
AUDUSD,2023,2023-03-28T18:59:00Z,2023-03-28T20:00:00Z,61,60
AUDUSD,2023,2023-03-29T05:59:00Z,2023-03-29T08:00:00Z,121,120
AUDUSD,2023,2023-03-29T08:59:00Z,2023-03-29T10:00:00Z,61,60
AUDUSD,2023,2023-03-29T11:59:00Z,2023-03-29T13:00:00Z,61,60
AUDUSD,2023,2023-03-29T13:59:00Z,2023-03-29T16:00:00Z,121,120
AUDUSD,2023,2023-03-29T16:59:00Z,2023-03-29T18:00:00Z,61,60
AUDUSD,2023,2023-03-29T18:59:00Z,2023-03-29T20:00:00Z,61,60
AUDUSD,2023,2023-03-30T05:59:00Z,2023-03-30T07:00:00Z,61,60
AUDUSD,2023,2023-03-30T07:59:00Z,2023-03-30T09:00:00Z,61,60
AUDUSD,2023,2023-03-30T09:59:00Z,2023-03-30T11:00:00Z,61,60
AUDUSD,2023,2023-03-30T12:59:00Z,2023-03-30T15:00:00Z,121,120
AUDUSD,2023,2023-03-30T15:59:00Z,2023-03-30T17:00:00Z,61,60
AUDUSD,2023,2023-03-31T05:59:00Z,2023-03-31T07:00:00Z,61,60
AUDUSD,2023,2023-03-31T08:59:00Z,2023-03-31T11:00:00Z,121,120
AUDUSD,2023,2023-03-31T11:59:00Z,2023-03-31T13:00:00Z,61,60
AUDUSD,2023,2023-03-31T14:59:00Z,2023-04-03T00:00:00Z,541,540
AUDUSD,2023,2023-04-03T05:59:00Z,2023-04-03T08:00:00Z,121,120
AUDUSD,2023,2023-04-03T08:59:00Z,2023-04-03T10:00:00Z,61,60
AUDUSD,2023,2023-04-03T10:59:00Z,2023-04-03T12:00:00Z,61,60
AUDUSD,2023,2023-04-03T13:59:00Z,2023-04-03T16:00:00Z,121,120
AUDUSD,2023,2023-04-03T17:59:00Z,2023-04-03T20:00:00Z,121,120
AUDUSD,2023,2023-04-04T03:59:00Z,2023-04-04T05:00:00Z,61,60
AUDUSD,2023,2023-04-04T05:59:00Z,2023-04-04T07:00:00Z,61,60
AUDUSD,2023,2023-04-04T07:59:00Z,2023-04-04T09:00:00Z,61,60
AUDUSD,2023,2023-04-04T09:59:00Z,2023-04-04T11:00:00Z,61,60
AUDUSD,2023,2023-04-04T12:59:00Z,2023-04-04T15:00:00Z,121,120
AUDUSD,2023,2023-04-04T16:59:00Z,2023-04-04T19:00:00Z,121,120
AUDUSD,2023,2023-04-05T05:59:00Z,2023-04-05T07:00:00Z,61,60
AUDUSD,2023,2023-04-05T08:59:00Z,2023-04-05T11:00:00Z,121,120
AUDUSD,2023,2023-04-05T12:59:00Z,2023-04-05T15:00:00Z,121,120
AUDUSD,2023,2023-04-05T16:59:00Z,2023-04-05T18:00:00Z,61,60
AUDUSD,2023,2023-04-05T18:59:00Z,2023-04-05T20:00:00Z,61,60
AUDUSD,2023,2023-04-06T05:59:00Z,2023-04-06T07:00:00Z,61,60
AUDUSD,2023,2023-04-06T07:59:00Z,2023-04-06T09:00:00Z,61,60
AUDUSD,2023,2023-04-06T09:59:00Z,2023-04-06T11:00:00Z,61,60
AUDUSD,2023,2023-04-06T11:59:00Z,2023-04-06T13:00:00Z,61,60
AUDUSD,2023,2023-04-06T13:59:00Z,2023-04-06T15:00:00Z,61,60
AUDUSD,2023,2023-04-06T15:59:00Z,2023-04-06T17:00:00Z,61,60
AUDUSD,2023,2023-04-06T17:58:00Z,2023-04-06T19:00:00Z,62,61
AUDUSD,2023,2023-04-06T19:59:00Z,2023-04-10T00:00:00Z,1681,1680
AUDUSD,2023,2023-04-10T06:59:00Z,2023-04-10T08:00:00Z,61,60
AUDUSD,2023,2023-04-10T08:59:00Z,2023-04-10T10:00:00Z,61,60
AUDUSD,2023,2023-04-10T10:59:00Z,2023-04-10T12:00:00Z,61,60
AUDUSD,2023,2023-04-10T12:59:00Z,2023-04-10T14:00:00Z,61,60
AUDUSD,2023,2023-04-10T14:59:00Z,2023-04-10T16:00:00Z,61,60
AUDUSD,2023,2023-04-10T16:59:00Z,2023-04-10T18:00:00Z,61,60
AUDUSD,2023,2023-04-10T18:59:00Z,2023-04-10T20:00:00Z,61,60
AUDUSD,2023,2023-04-11T06:59:00Z,2023-04-11T09:00:00Z,121,120
AUDUSD,2023,2023-04-11T09:59:00Z,2023-04-11T11:00:00Z,61,60
AUDUSD,2023,2023-04-11T12:59:00Z,2023-04-11T15:00:00Z,121,120
AUDUSD,2023,2023-04-11T15:59:00Z,2023-04-11T17:00:00Z,61,60
AUDUSD,2023,2023-04-11T17:59:00Z,2023-04-11T19:00:00Z,61,60
AUDUSD,2023,2023-04-12T06:59:00Z,2023-04-12T08:00:00Z,61,60
AUDUSD,2023,2023-04-12T08:59:00Z,2023-04-12T10:00:00Z,61,60
AUDUSD,2023,2023-04-12T10:59:00Z,2023-04-12T12:00:00Z,61,60
AUDUSD,2023,2023-04-12T12:59:00Z,2023-04-12T14:00:00Z,61,60
AUDUSD,2023,2023-04-12T14:59:00Z,2023-04-12T16:00:00Z,61,60
AUDUSD,2023,2023-04-12T16:59:00Z,2023-04-12T18:00:00Z,61,60
AUDUSD,2023,2023-04-12T18:59:00Z,2023-04-12T20:00:00Z,61,60
AUDUSD,2023,2023-04-13T05:59:00Z,2023-04-13T07:00:00Z,61,60
AUDUSD,2023,2023-04-13T07:59:00Z,2023-04-13T09:00:00Z,61,60
AUDUSD,2023,2023-04-13T10:59:00Z,2023-04-13T13:00:00Z,121,120
AUDUSD,2023,2023-04-13T14:59:00Z,2023-04-13T16:00:00Z,61,60
AUDUSD,2023,2023-04-13T16:59:00Z,2023-04-13T19:00:00Z,121,120
AUDUSD,2023,2023-04-14T06:59:00Z,2023-04-14T08:00:00Z,61,60
AUDUSD,2023,2023-04-14T08:59:00Z,2023-04-14T10:00:00Z,61,60
AUDUSD,2023,2023-04-14T10:59:00Z,2023-04-14T12:00:00Z,61,60
AUDUSD,2023,2023-04-14T12:59:00Z,2023-04-14T14:00:00Z,61,60
AUDUSD,2023,2023-04-14T14:59:00Z,2023-04-14T16:00:00Z,61,60
AUDUSD,2023,2023-04-14T16:59:00Z,2023-04-17T00:00:00Z,421,420
AUDUSD,2023,2023-04-17T06:59:00Z,2023-04-17T09:00:00Z,121,120
AUDUSD,2023,2023-04-17T09:59:00Z,2023-04-17T11:00:00Z,61,60
AUDUSD,2023,2023-04-17T12:59:00Z,2023-04-17T15:00:00Z,121,120
AUDUSD,2023,2023-04-17T16:59:00Z,2023-04-17T19:00:00Z,121,120
AUDUSD,2023,2023-04-18T06:59:00Z,2023-04-18T08:00:00Z,61,60
AUDUSD,2023,2023-04-18T08:59:00Z,2023-04-18T10:00:00Z,61,60
AUDUSD,2023,2023-04-18T10:59:00Z,2023-04-18T12:00:00Z,61,60
AUDUSD,2023,2023-04-18T12:59:00Z,2023-04-18T14:00:00Z,61,60
AUDUSD,2023,2023-04-18T14:59:00Z,2023-04-18T16:00:00Z,61,60
AUDUSD,2023,2023-04-18T16:59:00Z,2023-04-18T18:00:00Z,61,60
AUDUSD,2023,2023-04-18T18:59:00Z,2023-04-18T20:00:00Z,61,60
AUDUSD,2023,2023-04-19T05:59:00Z,2023-04-19T07:00:00Z,61,60
AUDUSD,2023,2023-04-19T07:59:00Z,2023-04-19T09:00:00Z,61,60
AUDUSD,2023,2023-04-19T09:59:00Z,2023-04-19T11:00:00Z,61,60
AUDUSD,2023,2023-04-19T11:59:00Z,2023-04-19T14:00:00Z,121,120
AUDUSD,2023,2023-04-19T15:59:00Z,2023-04-19T18:00:00Z,121,120
AUDUSD,2023,2023-04-20T06:59:00Z,2023-04-20T08:00:00Z,61,60
AUDUSD,2023,2023-04-20T08:59:00Z,2023-04-20T10:00:00Z,61,60
AUDUSD,2023,2023-04-20T10:59:00Z,2023-04-20T13:00:00Z,121,120
AUDUSD,2023,2023-04-20T14:59:00Z,2023-04-20T16:00:00Z,61,60
AUDUSD,2023,2023-04-20T16:59:00Z,2023-04-20T18:00:00Z,61,60
AUDUSD,2023,2023-04-20T18:59:00Z,2023-04-20T20:00:00Z,61,60
AUDUSD,2023,2023-04-21T06:59:00Z,2023-04-21T08:00:00Z,61,60
AUDUSD,2023,2023-04-21T08:59:00Z,2023-04-21T10:00:00Z,61,60
AUDUSD,2023,2023-04-21T10:59:00Z,2023-04-21T12:00:00Z,61,60
AUDUSD,2023,2023-04-21T12:59:00Z,2023-04-21T14:00:00Z,61,60
AUDUSD,2023,2023-04-21T14:59:00Z,2023-04-21T16:00:00Z,61,60
AUDUSD,2023,2023-04-21T16:59:00Z,2023-04-24T00:00:00Z,421,420
AUDUSD,2023,2023-04-24T06:59:00Z,2023-04-24T08:00:00Z,61,60
AUDUSD,2023,2023-04-24T08:59:00Z,2023-04-24T10:00:00Z,61,60
AUDUSD,2023,2023-04-24T10:59:00Z,2023-04-24T12:00:00Z,61,60
AUDUSD,2023,2023-04-24T12:59:00Z,2023-04-24T14:00:00Z,61,60
AUDUSD,2023,2023-04-24T14:59:00Z,2023-04-24T16:00:00Z,61,60
AUDUSD,2023,2023-04-24T16:59:00Z,2023-04-24T18:00:00Z,61,60
AUDUSD,2023,2023-04-24T18:59:00Z,2023-04-24T20:00:00Z,61,60
AUDUSD,2023,2023-04-25T05:59:00Z,2023-04-25T07:00:00Z,61,60
AUDUSD,2023,2023-04-25T07:59:00Z,2023-04-25T09:00:00Z,61,60
AUDUSD,2023,2023-04-25T10:59:00Z,2023-04-25T12:00:00Z,61,60
AUDUSD,2023,2023-04-25T12:59:00Z,2023-04-25T15:00:00Z,121,120
AUDUSD,2023,2023-04-25T16:59:00Z,2023-04-25T19:00:00Z,121,120
AUDUSD,2023,2023-04-26T06:59:00Z,2023-04-26T08:00:00Z,61,60
AUDUSD,2023,2023-04-26T08:59:00Z,2023-04-26T10:00:00Z,61,60
AUDUSD,2023,2023-04-26T10:59:00Z,2023-04-26T12:00:00Z,61,60
AUDUSD,2023,2023-04-26T12:59:00Z,2023-04-26T14:00:00Z,61,60
AUDUSD,2023,2023-04-26T14:59:00Z,2023-04-26T16:00:00Z,61,60
AUDUSD,2023,2023-04-26T16:59:00Z,2023-04-26T18:00:00Z,61,60
AUDUSD,2023,2023-04-26T18:59:00Z,2023-04-26T20:00:00Z,61,60
AUDUSD,2023,2023-04-27T05:59:00Z,2023-04-27T07:00:00Z,61,60
AUDUSD,2023,2023-04-27T07:59:00Z,2023-04-27T09:00:00Z,61,60
AUDUSD,2023,2023-04-27T09:59:00Z,2023-04-27T11:00:00Z,61,60
AUDUSD,2023,2023-04-27T12:59:00Z,2023-04-27T14:00:00Z,61,60
AUDUSD,2023,2023-04-27T14:59:00Z,2023-04-27T16:00:00Z,61,60
AUDUSD,2023,2023-04-27T16:59:00Z,2023-04-27T19:00:00Z,121,120
AUDUSD,2023,2023-04-28T05:59:00Z,2023-04-28T07:00:00Z,61,60
AUDUSD,2023,2023-04-28T08:59:00Z,2023-04-28T11:00:00Z,121,120
AUDUSD,2023,2023-04-28T11:59:00Z,2023-04-28T13:00:00Z,61,60
AUDUSD,2023,2023-04-28T13:59:00Z,2023-04-28T15:00:00Z,61,60
AUDUSD,2023,2023-04-28T16:59:00Z,2023-05-01T00:00:00Z,421,420
AUDUSD,2023,2023-05-01T05:59:00Z,2023-05-01T07:00:00Z,61,60
AUDUSD,2023,2023-05-01T07:59:00Z,2023-05-01T09:00:00Z,61,60
AUDUSD,2023,2023-05-01T09:59:00Z,2023-05-01T11:00:00Z,61,60
AUDUSD,2023,2023-05-01T12:59:00Z,2023-05-01T15:00:00Z,121,120
AUDUSD,2023,2023-05-01T15:59:00Z,2023-05-01T17:00:00Z,61,60
AUDUSD,2023,2023-05-01T17:59:00Z,2023-05-01T19:00:00Z,61,60
AUDUSD,2023,2023-05-02T05:59:00Z,2023-05-02T07:00:00Z,61,60
AUDUSD,2023,2023-05-02T07:59:00Z,2023-05-02T09:00:00Z,61,60
AUDUSD,2023,2023-05-02T09:59:00Z,2023-05-02T11:00:00Z,61,60
AUDUSD,2023,2023-05-02T11:59:00Z,2023-05-02T13:00:00Z,61,60
AUDUSD,2023,2023-05-02T13:59:00Z,2023-05-02T15:00:00Z,61,60
AUDUSD,2023,2023-05-02T15:59:00Z,2023-05-02T17:00:00Z,61,60
AUDUSD,2023,2023-05-02T17:59:00Z,2023-05-02T19:00:00Z,61,60
AUDUSD,2023,2023-05-03T05:59:00Z,2023-05-03T07:00:00Z,61,60
AUDUSD,2023,2023-05-03T07:59:00Z,2023-05-03T09:00:00Z,61,60
AUDUSD,2023,2023-05-03T09:59:00Z,2023-05-03T11:00:00Z,61,60
AUDUSD,2023,2023-05-03T12:59:00Z,2023-05-03T15:00:00Z,121,120
AUDUSD,2023,2023-05-03T15:59:00Z,2023-05-03T17:02:00Z,63,62
AUDUSD,2023,2023-05-03T17:59:00Z,2023-05-03T19:00:00Z,61,60
AUDUSD,2023,2023-05-04T05:59:00Z,2023-05-04T07:00:00Z,61,60
AUDUSD,2023,2023-05-04T07:59:00Z,2023-05-04T09:00:00Z,61,60
AUDUSD,2023,2023-05-04T10:59:00Z,2023-05-04T12:00:00Z,61,60
AUDUSD,2023,2023-05-04T12:59:00Z,2023-05-04T14:00:00Z,61,60
AUDUSD,2023,2023-05-04T15:59:00Z,2023-05-04T17:00:00Z,61,60
AUDUSD,2023,2023-05-04T17:59:00Z,2023-05-04T20:00:00Z,121,120
AUDUSD,2023,2023-05-05T06:59:00Z,2023-05-05T08:00:00Z,61,60
AUDUSD,2023,2023-05-05T08:59:00Z,2023-05-05T10:00:00Z,61,60
AUDUSD,2023,2023-05-05T10:59:00Z,2023-05-05T12:00:00Z,61,60
AUDUSD,2023,2023-05-05T12:59:00Z,2023-05-05T14:00:00Z,61,60
AUDUSD,2023,2023-05-05T14:59:00Z,2023-05-05T16:00:00Z,61,60
AUDUSD,2023,2023-05-05T16:59:00Z,2023-05-08T00:00:00Z,421,420
AUDUSD,2023,2023-05-08T06:59:00Z,2023-05-08T08:00:00Z,61,60
AUDUSD,2023,2023-05-08T08:59:00Z,2023-05-08T11:00:00Z,121,120
AUDUSD,2023,2023-05-08T12:59:00Z,2023-05-08T14:00:00Z,61,60
AUDUSD,2023,2023-05-08T14:59:00Z,2023-05-08T16:00:00Z,61,60
AUDUSD,2023,2023-05-08T16:59:00Z,2023-05-08T19:00:00Z,121,120
AUDUSD,2023,2023-05-09T06:59:00Z,2023-05-09T08:00:00Z,61,60
AUDUSD,2023,2023-05-09T08:59:00Z,2023-05-09T10:00:00Z,61,60
AUDUSD,2023,2023-05-09T10:59:00Z,2023-05-09T12:00:00Z,61,60
AUDUSD,2023,2023-05-09T12:59:00Z,2023-05-09T14:00:00Z,61,60
AUDUSD,2023,2023-05-09T14:59:00Z,2023-05-09T16:00:00Z,61,60
AUDUSD,2023,2023-05-09T16:59:00Z,2023-05-09T19:00:00Z,121,120
AUDUSD,2023,2023-05-10T05:59:00Z,2023-05-10T07:00:00Z,61,60
AUDUSD,2023,2023-05-10T08:59:00Z,2023-05-10T11:00:00Z,121,120
AUDUSD,2023,2023-05-10T12:59:00Z,2023-05-10T14:00:00Z,61,60
AUDUSD,2023,2023-05-10T14:59:00Z,2023-05-10T17:00:00Z,121,120
AUDUSD,2023,2023-05-10T17:59:00Z,2023-05-10T19:00:00Z,61,60
AUDUSD,2023,2023-05-11T05:59:00Z,2023-05-11T07:00:00Z,61,60
AUDUSD,2023,2023-05-11T08:59:00Z,2023-05-11T11:00:00Z,121,120
AUDUSD,2023,2023-05-11T12:59:00Z,2023-05-11T15:00:00Z,121,120
AUDUSD,2023,2023-05-11T15:59:00Z,2023-05-11T17:00:00Z,61,60
AUDUSD,2023,2023-05-11T18:59:00Z,2023-05-11T20:00:00Z,61,60
AUDUSD,2023,2023-05-12T05:59:00Z,2023-05-12T07:00:00Z,61,60
AUDUSD,2023,2023-05-12T09:59:00Z,2023-05-12T12:00:00Z,121,120
AUDUSD,2023,2023-05-12T12:59:00Z,2023-05-12T14:00:00Z,61,60
AUDUSD,2023,2023-05-12T14:59:00Z,2023-05-12T16:00:00Z,61,60
AUDUSD,2023,2023-05-12T16:59:00Z,2023-05-15T00:00:00Z,421,420
AUDUSD,2023,2023-05-15T06:59:00Z,2023-05-15T09:00:00Z,121,120
AUDUSD,2023,2023-05-15T10:59:00Z,2023-05-15T12:00:00Z,61,60
AUDUSD,2023,2023-05-15T12:59:00Z,2023-05-15T14:00:00Z,61,60
AUDUSD,2023,2023-05-15T14:59:00Z,2023-05-15T16:00:00Z,61,60
AUDUSD,2023,2023-05-15T16:59:00Z,2023-05-15T20:00:00Z,181,180
AUDUSD,2023,2023-05-16T05:59:00Z,2023-05-16T07:00:00Z,61,60
AUDUSD,2023,2023-05-16T07:59:00Z,2023-05-16T09:00:00Z,61,60
AUDUSD,2023,2023-05-16T09:59:00Z,2023-05-16T11:00:00Z,61,60
AUDUSD,2023,2023-05-16T11:59:00Z,2023-05-16T13:00:00Z,61,60
AUDUSD,2023,2023-05-16T13:59:00Z,2023-05-16T15:00:00Z,61,60
AUDUSD,2023,2023-05-16T15:59:00Z,2023-05-16T17:00:00Z,61,60
AUDUSD,2023,2023-05-16T17:59:00Z,2023-05-16T19:00:00Z,61,60
AUDUSD,2023,2023-05-17T05:59:00Z,2023-05-17T07:00:00Z,61,60
AUDUSD,2023,2023-05-17T07:59:00Z,2023-05-17T09:00:00Z,61,60
AUDUSD,2023,2023-05-17T09:59:00Z,2023-05-17T11:00:00Z,61,60
AUDUSD,2023,2023-05-17T11:59:00Z,2023-05-17T13:00:00Z,61,60
AUDUSD,2023,2023-05-17T13:59:00Z,2023-05-17T15:00:00Z,61,60
AUDUSD,2023,2023-05-17T15:59:00Z,2023-05-17T17:00:00Z,61,60
AUDUSD,2023,2023-05-17T17:59:00Z,2023-05-17T19:00:00Z,61,60
AUDUSD,2023,2023-05-18T06:59:00Z,2023-05-18T08:00:00Z,61,60
AUDUSD,2023,2023-05-18T08:59:00Z,2023-05-18T10:00:00Z,61,60
AUDUSD,2023,2023-05-18T10:59:00Z,2023-05-18T12:00:00Z,61,60
AUDUSD,2023,2023-05-18T12:59:00Z,2023-05-18T14:00:00Z,61,60
AUDUSD,2023,2023-05-18T14:59:00Z,2023-05-18T16:00:00Z,61,60
AUDUSD,2023,2023-05-18T16:59:00Z,2023-05-18T18:00:00Z,61,60
AUDUSD,2023,2023-05-18T18:59:00Z,2023-05-18T20:00:00Z,61,60
AUDUSD,2023,2023-05-19T05:59:00Z,2023-05-19T07:00:00Z,61,60
AUDUSD,2023,2023-05-19T07:59:00Z,2023-05-19T09:00:00Z,61,60
AUDUSD,2023,2023-05-19T09:59:00Z,2023-05-19T11:00:00Z,61,60
AUDUSD,2023,2023-05-19T11:59:00Z,2023-05-19T13:00:00Z,61,60
AUDUSD,2023,2023-05-19T13:59:00Z,2023-05-19T15:00:00Z,61,60
AUDUSD,2023,2023-05-19T15:59:00Z,2023-05-22T00:00:00Z,481,480
AUDUSD,2023,2023-05-22T06:59:00Z,2023-05-22T08:00:00Z,61,60
AUDUSD,2023,2023-05-22T08:59:00Z,2023-05-22T10:00:00Z,61,60
AUDUSD,2023,2023-05-22T10:59:00Z,2023-05-22T12:00:00Z,61,60
AUDUSD,2023,2023-05-22T12:59:00Z,2023-05-22T14:00:00Z,61,60
AUDUSD,2023,2023-05-22T14:59:00Z,2023-05-22T16:00:00Z,61,60
AUDUSD,2023,2023-05-22T16:59:00Z,2023-05-22T18:00:00Z,61,60
AUDUSD,2023,2023-05-22T18:59:00Z,2023-05-22T20:00:00Z,61,60
AUDUSD,2023,2023-05-23T05:59:00Z,2023-05-23T07:00:00Z,61,60
AUDUSD,2023,2023-05-23T07:59:00Z,2023-05-23T09:00:00Z,61,60
AUDUSD,2023,2023-05-23T09:59:00Z,2023-05-23T11:00:00Z,61,60
AUDUSD,2023,2023-05-23T11:59:00Z,2023-05-23T13:00:00Z,61,60
AUDUSD,2023,2023-05-23T13:59:00Z,2023-05-23T15:00:00Z,61,60
AUDUSD,2023,2023-05-23T15:59:00Z,2023-05-23T17:00:00Z,61,60
AUDUSD,2023,2023-05-23T17:58:00Z,2023-05-23T19:00:00Z,62,61
AUDUSD,2023,2023-05-24T06:59:00Z,2023-05-24T09:00:00Z,121,120
AUDUSD,2023,2023-05-24T10:59:00Z,2023-05-24T13:00:00Z,121,120
AUDUSD,2023,2023-05-24T14:59:00Z,2023-05-24T16:00:00Z,61,60
AUDUSD,2023,2023-05-24T16:59:00Z,2023-05-24T18:00:00Z,61,60
AUDUSD,2023,2023-05-24T18:59:00Z,2023-05-24T20:00:00Z,61,60
AUDUSD,2023,2023-05-25T05:59:00Z,2023-05-25T07:00:00Z,61,60
AUDUSD,2023,2023-05-25T08:59:00Z,2023-05-25T11:00:00Z,121,120
AUDUSD,2023,2023-05-25T11:59:00Z,2023-05-25T13:00:00Z,61,60
AUDUSD,2023,2023-05-25T13:59:00Z,2023-05-25T15:00:00Z,61,60
AUDUSD,2023,2023-05-25T15:59:00Z,2023-05-25T17:00:00Z,61,60
AUDUSD,2023,2023-05-25T17:59:00Z,2023-05-25T19:00:00Z,61,60
AUDUSD,2023,2023-05-26T05:59:00Z,2023-05-26T07:00:00Z,61,60
AUDUSD,2023,2023-05-26T08:59:00Z,2023-05-26T11:00:00Z,121,120
AUDUSD,2023,2023-05-26T12:59:00Z,2023-05-26T15:00:00Z,121,120
AUDUSD,2023,2023-05-26T16:59:00Z,2023-05-29T00:00:00Z,421,420
AUDUSD,2023,2023-05-29T06:59:00Z,2023-05-29T09:00:00Z,121,120
AUDUSD,2023,2023-05-29T10:59:00Z,2023-05-29T13:00:00Z,121,120
AUDUSD,2023,2023-05-29T13:07:00Z,2023-05-29T13:14:00Z,7,6
AUDUSD,2023,2023-05-29T13:59:00Z,2023-05-29T15:00:00Z,61,60
AUDUSD,2023,2023-05-29T15:30:00Z,2023-05-29T15:37:00Z,7,6
AUDUSD,2023,2023-05-29T16:59:00Z,2023-05-29T18:00:00Z,61,60
AUDUSD,2023,2023-05-29T18:59:00Z,2023-05-29T20:00:00Z,61,60
AUDUSD,2023,2023-05-30T05:59:00Z,2023-05-30T07:00:00Z,61,60
AUDUSD,2023,2023-05-30T08:59:00Z,2023-05-30T11:00:00Z,121,120
AUDUSD,2023,2023-05-30T11:59:00Z,2023-05-30T13:00:00Z,61,60
AUDUSD,2023,2023-05-30T13:59:00Z,2023-05-30T15:00:00Z,61,60
AUDUSD,2023,2023-05-30T15:59:00Z,2023-05-30T17:00:00Z,61,60
AUDUSD,2023,2023-05-30T17:59:00Z,2023-05-30T19:00:00Z,61,60
AUDUSD,2023,2023-05-31T06:59:00Z,2023-05-31T08:00:00Z,61,60
AUDUSD,2023,2023-05-31T08:59:00Z,2023-05-31T11:00:00Z,121,120
AUDUSD,2023,2023-05-31T11:59:00Z,2023-05-31T13:00:00Z,61,60
AUDUSD,2023,2023-05-31T13:59:00Z,2023-05-31T15:00:00Z,61,60
AUDUSD,2023,2023-05-31T16:59:00Z,2023-05-31T18:00:00Z,61,60
AUDUSD,2023,2023-05-31T18:59:00Z,2023-05-31T20:00:00Z,61,60
AUDUSD,2023,2023-06-01T06:59:00Z,2023-06-01T08:00:00Z,61,60
AUDUSD,2023,2023-06-01T08:59:00Z,2023-06-01T10:00:00Z,61,60
AUDUSD,2023,2023-06-01T10:59:00Z,2023-06-01T12:00:00Z,61,60
AUDUSD,2023,2023-06-01T12:59:00Z,2023-06-01T14:00:00Z,61,60
AUDUSD,2023,2023-06-01T14:59:00Z,2023-06-01T16:00:00Z,61,60
AUDUSD,2023,2023-06-01T16:59:00Z,2023-06-01T18:00:00Z,61,60
AUDUSD,2023,2023-06-01T18:59:00Z,2023-06-01T20:00:00Z,61,60
AUDUSD,2023,2023-06-02T05:59:00Z,2023-06-02T07:00:00Z,61,60
AUDUSD,2023,2023-06-02T08:59:00Z,2023-06-02T11:00:00Z,121,120
AUDUSD,2023,2023-06-02T12:59:00Z,2023-06-02T15:00:00Z,121,120
AUDUSD,2023,2023-06-02T15:59:00Z,2023-06-05T00:00:00Z,481,480
AUDUSD,2023,2023-06-05T06:59:00Z,2023-06-05T08:00:00Z,61,60
AUDUSD,2023,2023-06-05T08:59:00Z,2023-06-05T10:00:00Z,61,60
AUDUSD,2023,2023-06-05T10:59:00Z,2023-06-05T12:00:00Z,61,60
AUDUSD,2023,2023-06-05T12:59:00Z,2023-06-05T14:00:00Z,61,60
AUDUSD,2023,2023-06-05T14:59:00Z,2023-06-05T16:00:00Z,61,60
AUDUSD,2023,2023-06-05T16:59:00Z,2023-06-05T18:00:00Z,61,60
AUDUSD,2023,2023-06-05T18:59:00Z,2023-06-05T20:00:00Z,61,60
AUDUSD,2023,2023-06-06T05:59:00Z,2023-06-06T07:00:00Z,61,60
AUDUSD,2023,2023-06-06T08:59:00Z,2023-06-06T11:00:00Z,121,120
AUDUSD,2023,2023-06-06T11:59:00Z,2023-06-06T13:00:00Z,61,60
AUDUSD,2023,2023-06-06T13:59:00Z,2023-06-06T15:00:00Z,61,60
AUDUSD,2023,2023-06-06T15:59:00Z,2023-06-06T17:04:00Z,65,64
AUDUSD,2023,2023-06-06T17:59:00Z,2023-06-06T19:00:00Z,61,60
AUDUSD,2023,2023-06-07T06:59:00Z,2023-06-07T08:00:00Z,61,60
AUDUSD,2023,2023-06-07T08:59:00Z,2023-06-07T10:00:00Z,61,60
AUDUSD,2023,2023-06-07T10:59:00Z,2023-06-07T13:00:00Z,121,120
AUDUSD,2023,2023-06-07T14:59:00Z,2023-06-07T16:00:00Z,61,60
AUDUSD,2023,2023-06-07T16:59:00Z,2023-06-07T18:00:00Z,61,60
AUDUSD,2023,2023-06-07T18:59:00Z,2023-06-07T20:00:00Z,61,60
AUDUSD,2023,2023-06-08T06:59:00Z,2023-06-08T08:00:00Z,61,60
AUDUSD,2023,2023-06-08T08:59:00Z,2023-06-08T10:00:00Z,61,60
AUDUSD,2023,2023-06-08T10:59:00Z,2023-06-08T13:00:00Z,121,120
AUDUSD,2023,2023-06-08T13:59:00Z,2023-06-08T15:00:00Z,61,60
AUDUSD,2023,2023-06-08T15:59:00Z,2023-06-08T17:00:00Z,61,60
AUDUSD,2023,2023-06-08T18:59:00Z,2023-06-08T20:00:00Z,61,60
AUDUSD,2023,2023-06-09T06:59:00Z,2023-06-09T08:00:00Z,61,60
AUDUSD,2023,2023-06-09T08:59:00Z,2023-06-09T10:00:00Z,61,60
AUDUSD,2023,2023-06-09T10:59:00Z,2023-06-09T12:00:00Z,61,60
AUDUSD,2023,2023-06-09T12:59:00Z,2023-06-09T14:00:00Z,61,60
AUDUSD,2023,2023-06-09T14:59:00Z,2023-06-09T16:00:00Z,61,60
AUDUSD,2023,2023-06-09T16:59:00Z,2023-06-12T00:00:00Z,421,420
AUDUSD,2023,2023-06-12T06:59:00Z,2023-06-12T09:00:00Z,121,120
AUDUSD,2023,2023-06-12T10:59:00Z,2023-06-12T12:00:00Z,61,60
AUDUSD,2023,2023-06-12T12:59:00Z,2023-06-12T14:00:00Z,61,60
AUDUSD,2023,2023-06-12T14:59:00Z,2023-06-12T16:00:00Z,61,60
AUDUSD,2023,2023-06-12T16:59:00Z,2023-06-12T18:00:00Z,61,60
AUDUSD,2023,2023-06-12T18:59:00Z,2023-06-12T20:00:00Z,61,60
AUDUSD,2023,2023-06-13T06:59:00Z,2023-06-13T08:00:00Z,61,60
AUDUSD,2023,2023-06-13T08:59:00Z,2023-06-13T10:00:00Z,61,60
AUDUSD,2023,2023-06-13T10:59:00Z,2023-06-13T12:00:00Z,61,60
AUDUSD,2023,2023-06-13T12:59:00Z,2023-06-13T14:00:00Z,61,60
AUDUSD,2023,2023-06-13T14:59:00Z,2023-06-13T16:00:00Z,61,60
AUDUSD,2023,2023-06-13T16:59:00Z,2023-06-13T18:00:00Z,61,60
AUDUSD,2023,2023-06-13T18:59:00Z,2023-06-13T20:00:00Z,61,60
AUDUSD,2023,2023-06-14T05:59:00Z,2023-06-14T07:00:00Z,61,60
AUDUSD,2023,2023-06-14T08:59:00Z,2023-06-14T11:00:00Z,121,120
AUDUSD,2023,2023-06-14T11:59:00Z,2023-06-14T13:00:00Z,61,60
AUDUSD,2023,2023-06-14T13:59:00Z,2023-06-14T15:00:00Z,61,60
AUDUSD,2023,2023-06-14T15:59:00Z,2023-06-14T17:02:00Z,63,62
AUDUSD,2023,2023-06-15T05:59:00Z,2023-06-15T07:00:00Z,61,60
AUDUSD,2023,2023-06-15T07:59:00Z,2023-06-15T09:00:00Z,61,60
AUDUSD,2023,2023-06-15T09:59:00Z,2023-06-15T11:00:00Z,61,60
AUDUSD,2023,2023-06-15T11:59:00Z,2023-06-15T13:00:00Z,61,60
AUDUSD,2023,2023-06-15T14:59:00Z,2023-06-15T17:00:00Z,121,120
AUDUSD,2023,2023-06-15T17:59:00Z,2023-06-15T19:00:00Z,61,60
AUDUSD,2023,2023-06-16T05:59:00Z,2023-06-16T07:00:00Z,61,60
AUDUSD,2023,2023-06-16T07:59:00Z,2023-06-16T09:00:00Z,61,60
AUDUSD,2023,2023-06-16T11:59:00Z,2023-06-16T14:00:00Z,121,120
AUDUSD,2023,2023-06-16T14:59:00Z,2023-06-19T00:00:00Z,541,540
AUDUSD,2023,2023-06-19T06:59:00Z,2023-06-19T09:00:00Z,121,120
AUDUSD,2023,2023-06-19T09:59:00Z,2023-06-19T11:00:00Z,61,60
AUDUSD,2023,2023-06-19T11:59:00Z,2023-06-19T13:00:00Z,61,60
AUDUSD,2023,2023-06-19T14:59:00Z,2023-06-19T16:00:00Z,61,60
AUDUSD,2023,2023-06-19T16:59:00Z,2023-06-19T19:00:00Z,121,120
AUDUSD,2023,2023-06-20T06:59:00Z,2023-06-20T08:00:00Z,61,60
AUDUSD,2023,2023-06-20T08:59:00Z,2023-06-20T10:00:00Z,61,60
AUDUSD,2023,2023-06-20T10:59:00Z,2023-06-20T12:00:00Z,61,60
AUDUSD,2023,2023-06-20T12:59:00Z,2023-06-20T15:00:00Z,121,120
AUDUSD,2023,2023-06-20T16:59:00Z,2023-06-20T18:00:00Z,61,60
AUDUSD,2023,2023-06-20T18:59:00Z,2023-06-20T20:00:00Z,61,60
AUDUSD,2023,2023-06-21T05:59:00Z,2023-06-21T07:00:00Z,61,60
AUDUSD,2023,2023-06-21T07:59:00Z,2023-06-21T09:00:00Z,61,60
AUDUSD,2023,2023-06-21T09:59:00Z,2023-06-21T11:00:00Z,61,60
AUDUSD,2023,2023-06-21T11:59:00Z,2023-06-21T13:00:00Z,61,60
AUDUSD,2023,2023-06-21T13:59:00Z,2023-06-21T15:00:00Z,61,60
AUDUSD,2023,2023-06-21T15:59:00Z,2023-06-21T17:00:00Z,61,60
AUDUSD,2023,2023-06-21T17:59:00Z,2023-06-21T19:00:00Z,61,60
AUDUSD,2023,2023-06-22T06:59:00Z,2023-06-22T09:00:00Z,121,120
AUDUSD,2023,2023-06-22T09:59:00Z,2023-06-22T11:00:00Z,61,60
AUDUSD,2023,2023-06-22T11:59:00Z,2023-06-22T13:00:00Z,61,60
AUDUSD,2023,2023-06-22T13:59:00Z,2023-06-22T15:00:00Z,61,60
AUDUSD,2023,2023-06-22T15:59:00Z,2023-06-22T17:00:00Z,61,60
AUDUSD,2023,2023-06-22T17:59:00Z,2023-06-22T19:00:00Z,61,60
AUDUSD,2023,2023-06-23T05:59:00Z,2023-06-23T07:00:00Z,61,60
AUDUSD,2023,2023-06-23T07:59:00Z,2023-06-23T09:00:00Z,61,60
AUDUSD,2023,2023-06-23T09:59:00Z,2023-06-23T11:00:00Z,61,60
AUDUSD,2023,2023-06-23T12:59:00Z,2023-06-23T14:00:00Z,61,60
AUDUSD,2023,2023-06-23T14:59:00Z,2023-06-26T00:00:00Z,541,540
AUDUSD,2023,2023-06-26T05:59:00Z,2023-06-26T07:00:00Z,61,60
AUDUSD,2023,2023-06-26T07:59:00Z,2023-06-26T09:00:00Z,61,60
AUDUSD,2023,2023-06-26T10:59:00Z,2023-06-26T12:00:00Z,61,60
AUDUSD,2023,2023-06-26T12:59:00Z,2023-06-26T15:00:00Z,121,120
AUDUSD,2023,2023-06-26T15:59:00Z,2023-06-26T17:04:00Z,65,64
AUDUSD,2023,2023-06-26T17:59:00Z,2023-06-26T19:00:00Z,61,60
AUDUSD,2023,2023-06-27T06:59:00Z,2023-06-27T08:00:00Z,61,60
AUDUSD,2023,2023-06-27T08:59:00Z,2023-06-27T10:00:00Z,61,60
AUDUSD,2023,2023-06-27T10:59:00Z,2023-06-27T12:00:00Z,61,60
AUDUSD,2023,2023-06-27T13:59:00Z,2023-06-27T16:00:00Z,121,120
AUDUSD,2023,2023-06-27T16:59:00Z,2023-06-27T18:00:00Z,61,60
AUDUSD,2023,2023-06-27T18:59:00Z,2023-06-27T20:00:00Z,61,60
AUDUSD,2023,2023-06-28T06:59:00Z,2023-06-28T09:00:00Z,121,120
AUDUSD,2023,2023-06-28T10:59:00Z,2023-06-28T12:00:00Z,61,60
AUDUSD,2023,2023-06-28T12:59:00Z,2023-06-28T14:00:00Z,61,60
AUDUSD,2023,2023-06-28T14:59:00Z,2023-06-28T16:00:00Z,61,60
AUDUSD,2023,2023-06-28T16:59:00Z,2023-06-28T18:00:00Z,61,60
AUDUSD,2023,2023-06-28T18:58:00Z,2023-06-28T20:00:00Z,62,61
AUDUSD,2023,2023-06-29T06:59:00Z,2023-06-29T08:00:00Z,61,60
AUDUSD,2023,2023-06-29T08:59:00Z,2023-06-29T10:00:00Z,61,60
AUDUSD,2023,2023-06-29T10:59:00Z,2023-06-29T12:00:00Z,61,60
AUDUSD,2023,2023-06-29T12:59:00Z,2023-06-29T14:00:00Z,61,60
AUDUSD,2023,2023-06-29T14:59:00Z,2023-06-29T16:00:00Z,61,60
AUDUSD,2023,2023-06-29T16:59:00Z,2023-06-29T18:00:00Z,61,60
AUDUSD,2023,2023-06-29T18:59:00Z,2023-06-29T20:00:00Z,61,60
AUDUSD,2023,2023-06-30T06:59:00Z,2023-06-30T08:00:00Z,61,60
AUDUSD,2023,2023-06-30T08:59:00Z,2023-06-30T10:00:00Z,61,60
AUDUSD,2023,2023-06-30T10:59:00Z,2023-06-30T12:00:00Z,61,60
AUDUSD,2023,2023-06-30T12:59:00Z,2023-06-30T15:00:00Z,121,120
AUDUSD,2023,2023-06-30T16:59:00Z,2023-07-03T00:00:00Z,421,420
AUDUSD,2023,2023-07-03T06:59:00Z,2023-07-03T08:00:00Z,61,60
AUDUSD,2023,2023-07-03T08:59:00Z,2023-07-03T11:00:00Z,121,120
AUDUSD,2023,2023-07-03T12:59:00Z,2023-07-03T15:00:00Z,121,120
AUDUSD,2023,2023-07-03T16:59:00Z,2023-07-03T19:00:00Z,121,120
AUDUSD,2023,2023-07-04T07:59:00Z,2023-07-04T10:00:00Z,121,120
AUDUSD,2023,2023-07-04T10:59:00Z,2023-07-04T12:00:00Z,61,60
AUDUSD,2023,2023-07-04T12:59:00Z,2023-07-04T14:00:00Z,61,60
AUDUSD,2023,2023-07-04T14:59:00Z,2023-07-04T17:00:00Z,121,120
AUDUSD,2023,2023-07-04T17:59:00Z,2023-07-04T19:00:00Z,61,60
AUDUSD,2023,2023-07-05T06:59:00Z,2023-07-05T08:00:00Z,61,60
AUDUSD,2023,2023-07-05T08:59:00Z,2023-07-05T10:00:00Z,61,60
AUDUSD,2023,2023-07-05T10:59:00Z,2023-07-05T12:00:00Z,61,60
AUDUSD,2023,2023-07-05T12:59:00Z,2023-07-05T14:00:00Z,61,60
AUDUSD,2023,2023-07-05T14:59:00Z,2023-07-05T16:00:00Z,61,60
AUDUSD,2023,2023-07-05T16:59:00Z,2023-07-05T18:00:00Z,61,60
AUDUSD,2023,2023-07-05T18:59:00Z,2023-07-05T20:00:00Z,61,60
AUDUSD,2023,2023-07-06T05:59:00Z,2023-07-06T07:00:00Z,61,60
AUDUSD,2023,2023-07-06T07:59:00Z,2023-07-06T09:00:00Z,61,60
AUDUSD,2023,2023-07-06T09:59:00Z,2023-07-06T11:00:00Z,61,60
AUDUSD,2023,2023-07-06T11:59:00Z,2023-07-06T13:00:00Z,61,60
AUDUSD,2023,2023-07-06T13:59:00Z,2023-07-06T15:00:00Z,61,60
AUDUSD,2023,2023-07-06T15:59:00Z,2023-07-06T17:00:00Z,61,60
AUDUSD,2023,2023-07-06T17:59:00Z,2023-07-06T19:00:00Z,61,60
AUDUSD,2023,2023-07-07T05:59:00Z,2023-07-07T07:00:00Z,61,60
AUDUSD,2023,2023-07-07T07:59:00Z,2023-07-07T09:00:00Z,61,60
AUDUSD,2023,2023-07-07T10:59:00Z,2023-07-07T13:00:00Z,121,120
AUDUSD,2023,2023-07-07T14:59:00Z,2023-07-07T16:00:00Z,61,60
AUDUSD,2023,2023-07-07T16:59:00Z,2023-07-10T00:00:00Z,421,420
AUDUSD,2023,2023-07-10T05:59:00Z,2023-07-10T07:00:00Z,61,60
AUDUSD,2023,2023-07-10T08:59:00Z,2023-07-10T11:00:00Z,121,120
AUDUSD,2023,2023-07-10T12:59:00Z,2023-07-10T15:00:00Z,121,120
AUDUSD,2023,2023-07-10T15:59:00Z,2023-07-10T17:00:00Z,61,60
AUDUSD,2023,2023-07-10T17:59:00Z,2023-07-10T19:00:00Z,61,60
AUDUSD,2023,2023-07-11T05:59:00Z,2023-07-11T07:00:00Z,61,60
AUDUSD,2023,2023-07-11T07:59:00Z,2023-07-11T09:00:00Z,61,60
AUDUSD,2023,2023-07-11T09:59:00Z,2023-07-11T11:00:00Z,61,60
AUDUSD,2023,2023-07-11T11:59:00Z,2023-07-11T13:00:00Z,61,60
AUDUSD,2023,2023-07-11T13:59:00Z,2023-07-11T15:00:00Z,61,60
AUDUSD,2023,2023-07-11T15:59:00Z,2023-07-11T17:00:00Z,61,60
AUDUSD,2023,2023-07-11T17:59:00Z,2023-07-11T19:00:00Z,61,60
AUDUSD,2023,2023-07-12T06:59:00Z,2023-07-12T08:00:00Z,61,60
AUDUSD,2023,2023-07-12T08:59:00Z,2023-07-12T11:00:00Z,121,120
AUDUSD,2023,2023-07-12T12:59:00Z,2023-07-12T15:00:00Z,121,120
AUDUSD,2023,2023-07-12T16:59:00Z,2023-07-12T18:00:00Z,61,60
AUDUSD,2023,2023-07-12T18:59:00Z,2023-07-12T20:00:00Z,61,60
AUDUSD,2023,2023-07-13T06:59:00Z,2023-07-13T08:00:00Z,61,60
AUDUSD,2023,2023-07-13T08:59:00Z,2023-07-13T10:00:00Z,61,60
AUDUSD,2023,2023-07-13T10:59:00Z,2023-07-13T12:00:00Z,61,60
AUDUSD,2023,2023-07-13T12:59:00Z,2023-07-13T14:00:00Z,61,60
AUDUSD,2023,2023-07-13T14:59:00Z,2023-07-13T16:00:00Z,61,60
AUDUSD,2023,2023-07-13T16:59:00Z,2023-07-13T18:00:00Z,61,60
AUDUSD,2023,2023-07-13T18:59:00Z,2023-07-13T20:00:00Z,61,60
AUDUSD,2023,2023-07-14T05:59:00Z,2023-07-14T07:00:00Z,61,60
AUDUSD,2023,2023-07-14T07:59:00Z,2023-07-14T09:00:00Z,61,60
AUDUSD,2023,2023-07-14T09:59:00Z,2023-07-14T11:00:00Z,61,60
AUDUSD,2023,2023-07-14T12:59:00Z,2023-07-14T14:00:00Z,61,60
AUDUSD,2023,2023-07-14T14:59:00Z,2023-07-17T00:00:00Z,541,540
AUDUSD,2023,2023-07-17T05:59:00Z,2023-07-17T07:00:00Z,61,60
AUDUSD,2023,2023-07-17T07:59:00Z,2023-07-17T09:00:00Z,61,60
AUDUSD,2023,2023-07-17T09:59:00Z,2023-07-17T11:00:00Z,61,60
AUDUSD,2023,2023-07-17T11:59:00Z,2023-07-17T13:00:00Z,61,60
AUDUSD,2023,2023-07-17T13:59:00Z,2023-07-17T15:00:00Z,61,60
AUDUSD,2023,2023-07-17T15:59:00Z,2023-07-17T17:00:00Z,61,60
AUDUSD,2023,2023-07-17T17:59:00Z,2023-07-17T19:00:00Z,61,60
AUDUSD,2023,2023-07-18T06:59:00Z,2023-07-18T08:00:00Z,61,60
AUDUSD,2023,2023-07-18T08:59:00Z,2023-07-18T10:00:00Z,61,60
AUDUSD,2023,2023-07-18T10:59:00Z,2023-07-18T12:00:00Z,61,60
AUDUSD,2023,2023-07-18T12:59:00Z,2023-07-18T14:00:00Z,61,60
AUDUSD,2023,2023-07-18T14:59:00Z,2023-07-18T16:00:00Z,61,60
AUDUSD,2023,2023-07-18T16:59:00Z,2023-07-18T18:00:00Z,61,60
AUDUSD,2023,2023-07-19T05:59:00Z,2023-07-19T07:00:00Z,61,60
AUDUSD,2023,2023-07-19T07:59:00Z,2023-07-19T09:00:00Z,61,60
AUDUSD,2023,2023-07-19T09:59:00Z,2023-07-19T11:00:00Z,61,60
AUDUSD,2023,2023-07-19T11:59:00Z,2023-07-19T13:00:00Z,61,60
AUDUSD,2023,2023-07-19T14:59:00Z,2023-07-19T16:00:00Z,61,60
AUDUSD,2023,2023-07-19T16:59:00Z,2023-07-19T18:00:00Z,61,60
AUDUSD,2023,2023-07-19T18:59:00Z,2023-07-19T20:00:00Z,61,60
AUDUSD,2023,2023-07-20T05:59:00Z,2023-07-20T07:00:00Z,61,60
AUDUSD,2023,2023-07-20T07:59:00Z,2023-07-20T09:00:00Z,61,60
AUDUSD,2023,2023-07-20T09:59:00Z,2023-07-20T11:00:00Z,61,60
AUDUSD,2023,2023-07-20T11:59:00Z,2023-07-20T13:00:00Z,61,60
AUDUSD,2023,2023-07-20T13:59:00Z,2023-07-20T15:00:00Z,61,60
AUDUSD,2023,2023-07-20T15:59:00Z,2023-07-20T17:00:00Z,61,60
AUDUSD,2023,2023-07-20T17:59:00Z,2023-07-20T19:00:00Z,61,60
AUDUSD,2023,2023-07-21T06:59:00Z,2023-07-21T08:00:00Z,61,60
AUDUSD,2023,2023-07-21T08:59:00Z,2023-07-21T10:00:00Z,61,60
AUDUSD,2023,2023-07-21T10:59:00Z,2023-07-21T12:00:00Z,61,60
AUDUSD,2023,2023-07-21T12:59:00Z,2023-07-21T14:00:00Z,61,60
AUDUSD,2023,2023-07-21T14:59:00Z,2023-07-21T16:00:00Z,61,60
AUDUSD,2023,2023-07-21T16:59:00Z,2023-07-24T00:00:00Z,421,420
AUDUSD,2023,2023-07-24T06:59:00Z,2023-07-24T08:00:00Z,61,60
AUDUSD,2023,2023-07-24T08:59:00Z,2023-07-24T11:00:00Z,121,120
AUDUSD,2023,2023-07-24T12:59:00Z,2023-07-24T14:00:00Z,61,60
AUDUSD,2023,2023-07-24T14:59:00Z,2023-07-24T16:00:00Z,61,60
AUDUSD,2023,2023-07-24T16:59:00Z,2023-07-24T18:00:00Z,61,60
AUDUSD,2023,2023-07-24T18:59:00Z,2023-07-24T20:00:00Z,61,60
AUDUSD,2023,2023-07-25T06:59:00Z,2023-07-25T08:00:00Z,61,60
AUDUSD,2023,2023-07-25T08:59:00Z,2023-07-25T10:00:00Z,61,60
AUDUSD,2023,2023-07-25T10:59:00Z,2023-07-25T13:00:00Z,121,120
AUDUSD,2023,2023-07-25T13:59:00Z,2023-07-25T15:00:00Z,61,60
AUDUSD,2023,2023-07-25T15:59:00Z,2023-07-25T17:05:00Z,66,65
AUDUSD,2023,2023-07-25T18:59:00Z,2023-07-25T20:00:00Z,61,60
AUDUSD,2023,2023-07-26T05:59:00Z,2023-07-26T07:00:00Z,61,60
AUDUSD,2023,2023-07-26T07:59:00Z,2023-07-26T09:00:00Z,61,60
AUDUSD,2023,2023-07-26T09:59:00Z,2023-07-26T11:00:00Z,61,60
AUDUSD,2023,2023-07-26T11:59:00Z,2023-07-26T13:00:00Z,61,60
AUDUSD,2023,2023-07-26T13:59:00Z,2023-07-26T15:00:00Z,61,60
AUDUSD,2023,2023-07-26T15:59:00Z,2023-07-26T17:00:00Z,61,60
AUDUSD,2023,2023-07-26T17:59:00Z,2023-07-26T19:00:00Z,61,60
AUDUSD,2023,2023-07-27T05:59:00Z,2023-07-27T07:00:00Z,61,60
AUDUSD,2023,2023-07-27T08:59:00Z,2023-07-27T11:00:00Z,121,120
AUDUSD,2023,2023-07-27T12:56:00Z,2023-07-27T15:00:00Z,124,123
AUDUSD,2023,2023-07-27T16:59:00Z,2023-07-27T19:00:00Z,121,120
AUDUSD,2023,2023-07-28T06:59:00Z,2023-07-28T09:00:00Z,121,120
AUDUSD,2023,2023-07-28T10:59:00Z,2023-07-28T12:00:00Z,61,60
AUDUSD,2023,2023-07-28T12:59:00Z,2023-07-28T14:00:00Z,61,60
AUDUSD,2023,2023-07-28T14:59:00Z,2023-07-28T16:00:00Z,61,60
AUDUSD,2023,2023-07-28T16:59:00Z,2023-07-31T00:00:00Z,421,420
AUDUSD,2023,2023-08-04T16:59:00Z,2023-08-07T00:00:00Z,421,420
AUDUSD,2023,2023-08-11T16:59:00Z,2023-08-14T00:00:00Z,421,420
AUDUSD,2023,2023-08-18T16:59:00Z,2023-08-21T00:00:00Z,421,420
AUDUSD,2023,2023-08-25T16:59:00Z,2023-08-28T00:00:00Z,421,420
AUDUSD,2023,2023-09-01T16:59:00Z,2023-09-04T00:00:00Z,421,420
AUDUSD,2023,2023-09-08T16:59:00Z,2023-09-11T00:00:00Z,421,420
AUDUSD,2023,2023-09-14T09:49:00Z,2023-09-14T10:00:00Z,11,10
AUDUSD,2023,2023-09-15T16:59:00Z,2023-09-18T00:00:00Z,421,420
AUDUSD,2023,2023-09-22T16:59:00Z,2023-09-25T00:00:00Z,421,420
AUDUSD,2023,2023-09-25T06:05:00Z,2023-09-25T07:00:00Z,55,54
AUDUSD,2023,2023-09-29T16:59:00Z,2023-10-02T00:00:00Z,421,420
AUDUSD,2023,2023-10-06T16:59:00Z,2023-10-09T00:00:00Z,421,420
AUDUSD,2023,2023-10-13T16:59:00Z,2023-10-16T00:00:00Z,421,420
AUDUSD,2023,2023-10-20T16:59:00Z,2023-10-23T00:00:00Z,421,420
AUDUSD,2023,2023-10-27T16:59:00Z,2023-10-30T00:00:00Z,421,420
AUDUSD,2023,2023-11-03T15:59:00Z,2023-11-06T00:00:00Z,481,480
AUDUSD,2023,2023-11-10T16:59:00Z,2023-11-13T00:00:00Z,421,420
AUDUSD,2023,2023-11-17T16:59:00Z,2023-11-20T00:00:00Z,421,420
AUDUSD,2023,2023-11-24T16:59:00Z,2023-11-27T00:00:00Z,421,420
AUDUSD,2023,2023-12-01T16:59:00Z,2023-12-04T00:00:00Z,421,420
AUDUSD,2023,2023-12-08T16:59:00Z,2023-12-11T00:00:00Z,421,420
AUDUSD,2023,2023-12-15T16:59:00Z,2023-12-18T00:00:00Z,421,420
AUDUSD,2023,2023-12-22T16:58:00Z,2023-12-25T00:00:00Z,422,421
AUDUSD,2023,2023-12-25T00:01:00Z,2023-12-25T00:09:00Z,8,7
AUDUSD,2023,2023-12-25T01:38:00Z,2023-12-25T01:48:00Z,10,9
AUDUSD,2023,2023-12-25T02:34:00Z,2023-12-25T02:52:00Z,18,17
AUDUSD,2023,2023-12-25T02:52:00Z,2023-12-25T17:04:00Z,852,851
AUDUSD,2023,2023-12-25T17:20:00Z,2023-12-25T17:34:00Z,14,13
AUDUSD,2024,2024-01-05T16:59:00Z,2024-01-08T00:00:00Z,421,420
AUDUSD,2024,2024-01-12T16:59:00Z,2024-01-15T00:00:00Z,421,420
AUDUSD,2024,2024-01-18T17:59:00Z,2024-01-18T19:00:00Z,61,60
AUDUSD,2024,2024-01-19T16:59:00Z,2024-01-22T00:00:00Z,421,420
AUDUSD,2024,2024-01-26T16:59:00Z,2024-01-29T00:00:00Z,421,420
AUDUSD,2024,2024-02-02T16:59:00Z,2024-02-05T00:00:00Z,421,420
AUDUSD,2024,2024-02-09T16:59:00Z,2024-02-12T00:00:00Z,421,420
AUDUSD,2024,2024-02-16T16:59:00Z,2024-02-19T00:00:00Z,421,420
AUDUSD,2024,2024-02-19T13:46:00Z,2024-02-19T13:55:00Z,9,8
AUDUSD,2024,2024-02-23T16:59:00Z,2024-02-26T00:00:00Z,421,420
AUDUSD,2024,2024-03-01T16:59:00Z,2024-03-04T00:00:00Z,421,420
AUDUSD,2024,2024-03-08T16:59:00Z,2024-03-11T00:00:00Z,421,420
AUDUSD,2024,2024-03-15T15:59:00Z,2024-03-18T00:00:00Z,481,480
AUDUSD,2024,2024-03-22T15:59:00Z,2024-03-25T00:00:00Z,481,480
AUDUSD,2024,2024-03-29T11:18:00Z,2024-03-29T11:29:00Z,11,10
AUDUSD,2024,2024-03-29T13:30:00Z,2024-03-29T13:43:00Z,13,12
AUDUSD,2024,2024-03-29T15:59:00Z,2024-04-01T00:00:00Z,481,480
AUDUSD,2024,2024-04-05T16:59:00Z,2024-04-08T00:00:00Z,421,420
AUDUSD,2024,2024-04-12T16:59:00Z,2024-04-15T00:00:00Z,421,420
AUDUSD,2024,2024-04-19T16:59:00Z,2024-04-22T00:00:00Z,421,420
AUDUSD,2024,2024-04-26T16:59:00Z,2024-04-29T00:00:00Z,421,420
AUDUSD,2024,2024-05-03T16:59:00Z,2024-05-06T00:00:00Z,421,420
AUDUSD,2024,2024-05-10T16:21:00Z,2024-05-10T16:28:00Z,7,6
AUDUSD,2024,2024-05-10T16:59:00Z,2024-05-13T00:00:00Z,421,420
AUDUSD,2024,2024-05-16T16:37:00Z,2024-05-16T16:44:00Z,7,6
AUDUSD,2024,2024-05-17T16:59:00Z,2024-05-20T00:00:00Z,421,420
AUDUSD,2024,2024-05-24T16:59:00Z,2024-05-27T00:00:00Z,421,420
AUDUSD,2024,2024-05-31T16:59:00Z,2024-06-03T00:00:00Z,421,420
AUDUSD,2024,2024-06-07T16:59:00Z,2024-06-10T00:00:00Z,421,420
AUDUSD,2024,2024-06-14T16:59:00Z,2024-06-17T00:00:00Z,421,420
AUDUSD,2024,2024-06-21T16:59:00Z,2024-06-24T00:00:00Z,421,420
AUDUSD,2024,2024-06-28T16:59:00Z,2024-07-01T00:00:00Z,421,420
AUDUSD,2024,2024-07-04T13:12:00Z,2024-07-04T13:22:00Z,10,9
AUDUSD,2024,2024-07-04T13:51:00Z,2024-07-04T13:59:00Z,8,7
AUDUSD,2024,2024-07-04T15:01:00Z,2024-07-04T15:11:00Z,10,9
AUDUSD,2024,2024-07-04T16:03:00Z,2024-07-04T16:10:00Z,7,6
AUDUSD,2024,2024-07-04T16:37:00Z,2024-07-04T16:44:00Z,7,6
AUDUSD,2024,2024-07-04T18:47:00Z,2024-07-04T18:55:00Z,8,7
AUDUSD,2024,2024-07-05T16:59:00Z,2024-07-08T00:00:00Z,421,420
AUDUSD,2024,2024-07-12T16:59:00Z,2024-07-15T00:00:00Z,421,420
AUDUSD,2024,2024-07-19T16:59:00Z,2024-07-22T00:00:00Z,421,420
AUDUSD,2024,2024-07-26T16:59:00Z,2024-07-29T00:00:00Z,421,420
AUDUSD,2024,2024-08-02T16:59:00Z,2024-08-05T00:00:00Z,421,420
AUDUSD,2024,2024-08-09T16:59:00Z,2024-08-12T00:00:00Z,421,420
AUDUSD,2024,2024-08-16T16:59:00Z,2024-08-19T00:00:00Z,421,420
AUDUSD,2024,2024-08-23T16:59:00Z,2024-08-26T00:00:00Z,421,420
AUDUSD,2024,2024-08-30T16:59:00Z,2024-09-02T00:00:00Z,421,420
AUDUSD,2024,2024-09-02T13:38:00Z,2024-09-02T13:45:00Z,7,6
AUDUSD,2024,2024-09-02T14:41:00Z,2024-09-02T14:48:00Z,7,6
AUDUSD,2024,2024-09-02T16:27:00Z,2024-09-02T16:34:00Z,7,6
AUDUSD,2024,2024-09-06T16:59:00Z,2024-09-09T00:00:00Z,421,420
AUDUSD,2024,2024-09-13T16:59:00Z,2024-09-16T00:00:00Z,421,420
AUDUSD,2024,2024-09-20T16:59:00Z,2024-09-23T00:00:00Z,421,420
AUDUSD,2024,2024-09-27T16:59:00Z,2024-09-30T00:00:00Z,421,420
AUDUSD,2024,2024-10-04T16:59:00Z,2024-10-07T00:00:00Z,421,420
AUDUSD,2024,2024-10-11T16:59:00Z,2024-10-14T00:00:00Z,421,420
AUDUSD,2024,2024-10-18T16:59:00Z,2024-10-21T00:00:00Z,421,420
AUDUSD,2024,2024-10-24T11:59:00Z,2024-10-24T20:00:00Z,481,480
AUDUSD,2024,2024-10-25T16:59:00Z,2024-10-28T00:00:00Z,421,420
AUDUSD,2024,2024-10-30T10:59:00Z,2024-10-30T19:00:00Z,481,480
AUDUSD,2024,2024-11-01T15:59:00Z,2024-11-04T00:00:00Z,481,480
AUDUSD,2024,2024-11-08T16:59:00Z,2024-11-11T00:00:00Z,421,420
AUDUSD,2024,2024-11-15T16:59:00Z,2024-11-18T00:00:00Z,421,420
AUDUSD,2024,2024-11-22T16:59:00Z,2024-11-25T00:00:00Z,421,420
AUDUSD,2024,2024-11-29T16:58:00Z,2024-12-02T00:00:00Z,422,421
AUDUSD,2024,2024-12-06T16:59:00Z,2024-12-09T00:00:00Z,421,420
AUDUSD,2024,2024-12-13T16:59:00Z,2024-12-16T00:00:00Z,421,420
AUDUSD,2024,2024-12-20T16:59:00Z,2024-12-23T00:00:00Z,421,420
AUDUSD,2024,2024-12-24T17:06:00Z,2024-12-24T17:27:00Z,21,20
AUDUSD,2024,2024-12-24T17:32:00Z,2024-12-24T17:42:00Z,10,9
AUDUSD,2024,2024-12-24T17:42:00Z,2024-12-24T17:55:00Z,13,12
AUDUSD,2024,2024-12-24T18:18:00Z,2024-12-24T18:28:00Z,10,9
AUDUSD,2024,2024-12-24T18:37:00Z,2024-12-24T18:49:00Z,12,11
AUDUSD,2024,2024-12-24T19:23:00Z,2024-12-24T19:40:00Z,17,16
AUDUSD,2024,2024-12-24T19:44:00Z,2024-12-24T19:51:00Z,7,6
AUDUSD,2024,2024-12-24T20:15:00Z,2024-12-24T20:25:00Z,10,9
AUDUSD,2024,2024-12-24T20:25:00Z,2024-12-24T20:35:00Z,10,9
AUDUSD,2024,2024-12-24T20:36:00Z,2024-12-24T20:46:00Z,10,9
AUDUSD,2024,2024-12-24T20:52:00Z,2024-12-24T21:00:00Z,8,7
AUDUSD,2024,2024-12-24T21:00:00Z,2024-12-24T21:21:00Z,21,20
AUDUSD,2024,2024-12-24T21:26:00Z,2024-12-24T21:34:00Z,8,7
AUDUSD,2024,2024-12-24T21:47:00Z,2024-12-24T22:09:00Z,22,21
AUDUSD,2024,2024-12-24T22:11:00Z,2024-12-24T22:43:00Z,32,31
AUDUSD,2024,2024-12-24T23:01:00Z,2024-12-24T23:23:00Z,22,21
AUDUSD,2024,2024-12-24T23:25:00Z,2024-12-25T01:11:00Z,106,105
AUDUSD,2024,2024-12-25T01:19:00Z,2024-12-25T01:26:00Z,7,6
AUDUSD,2024,2024-12-25T02:09:00Z,2024-12-25T02:17:00Z,8,7
AUDUSD,2024,2024-12-25T02:30:00Z,2024-12-25T17:04:00Z,874,873
AUDUSD,2024,2024-12-25T17:07:00Z,2024-12-25T17:16:00Z,9,8
AUDUSD,2024,2024-12-27T16:59:00Z,2024-12-30T00:00:00Z,421,420
AUDUSD,2025,2025-01-03T16:59:00Z,2025-01-06T00:00:00Z,421,420
AUDUSD,2025,2025-01-10T16:59:00Z,2025-01-13T00:00:00Z,421,420
AUDUSD,2025,2025-01-17T16:59:00Z,2025-01-20T00:00:00Z,421,420
AUDUSD,2025,2025-01-24T16:59:00Z,2025-01-27T00:00:00Z,421,420
AUDUSD,2025,2025-01-31T16:58:00Z,2025-02-03T00:00:00Z,422,421
AUDUSD,2025,2025-02-04T17:18:00Z,2025-02-04T17:26:00Z,8,7
AUDUSD,2025,2025-02-07T16:59:00Z,2025-02-10T00:00:00Z,421,420
AUDUSD,2025,2025-02-14T16:59:00Z,2025-02-17T00:00:00Z,421,420
AUDUSD,2025,2025-02-21T16:59:00Z,2025-02-24T00:00:00Z,421,420
AUDUSD,2025,2025-02-24T17:20:00Z,2025-02-24T17:27:00Z,7,6
AUDUSD,2025,2025-02-28T16:59:00Z,2025-03-03T00:00:00Z,421,420
AUDUSD,2025,2025-03-07T16:59:00Z,2025-03-10T00:00:00Z,421,420
AUDUSD,2025,2025-03-12T16:21:00Z,2025-03-12T16:28:00Z,7,6
AUDUSD,2025,2025-03-14T15:59:00Z,2025-03-17T00:00:00Z,481,480
AUDUSD,2025,2025-03-21T15:59:00Z,2025-03-24T00:00:00Z,481,480
AUDUSD,2025,2025-03-28T15:59:00Z,2025-03-31T00:00:00Z,481,480
AUDUSD,2025,2025-04-04T16:59:00Z,2025-04-07T00:00:00Z,421,420
AUDUSD,2025,2025-04-11T16:59:00Z,2025-04-14T00:00:00Z,421,420
AUDUSD,2025,2025-04-18T16:59:00Z,2025-04-21T00:00:00Z,421,420
AUDUSD,2025,2025-04-25T16:59:00Z,2025-04-28T00:00:00Z,421,420
AUDUSD,2025,2025-04-30T17:42:00Z,2025-04-30T17:53:00Z,11,10
AUDUSD,2025,2025-05-02T16:59:00Z,2025-05-05T00:00:00Z,421,420
AUDUSD,2025,2025-05-09T16:59:00Z,2025-05-12T00:00:00Z,421,420
AUDUSD,2025,2025-05-16T16:59:00Z,2025-05-19T00:00:00Z,421,420
AUDUSD,2025,2025-05-21T17:49:00Z,2025-05-21T17:56:00Z,7,6
AUDUSD,2025,2025-05-23T16:59:00Z,2025-05-26T00:00:00Z,421,420
AUDUSD,2025,2025-05-30T16:59:00Z,2025-06-02T00:00:00Z,421,420
AUDUSD,2025,2025-06-06T16:59:00Z,2025-06-09T00:00:00Z,421,420
AUDUSD,2025,2025-06-10T17:18:00Z,2025-06-10T17:27:00Z,9,8
AUDUSD,2025,2025-06-13T16:58:00Z,2025-06-16T00:00:00Z,422,421
AUDUSD,2025,2025-06-20T16:59:00Z,2025-06-23T00:00:00Z,421,420
AUDUSD,2025,2025-06-27T16:59:00Z,2025-06-30T00:00:00Z,421,420
AUDUSD,2025,2025-07-04T16:59:00Z,2025-07-07T00:00:00Z,421,420
AUDUSD,2025,2025-07-11T16:59:00Z,2025-07-14T00:00:00Z,421,420
AUDUSD,2025,2025-07-18T16:59:00Z,2025-07-21T00:00:00Z,421,420
AUDUSD,2025,2025-07-25T16:59:00Z,2025-07-28T00:00:00Z,421,420
AUDUSD,2025,2025-08-01T16:59:00Z,2025-08-04T00:00:00Z,421,420
AUDUSD,2025,2025-08-08T16:59:00Z,2025-08-11T00:00:00Z,421,420
AUDUSD,2025,2025-08-15T16:59:00Z,2025-08-18T00:00:00Z,421,420
AUDUSD,2025,2025-08-22T16:59:00Z,2025-08-25T00:00:00Z,421,420
AUDUSD,2025,2025-08-29T16:59:00Z,2025-09-01T00:00:00Z,421,420
AUDUSD,2025,2025-09-05T16:59:00Z,2025-09-08T00:00:00Z,421,420
AUDUSD,2025,2025-09-12T16:59:00Z,2025-09-15T00:00:00Z,421,420
AUDUSD,2025,2025-09-19T16:59:00Z,2025-09-22T00:00:00Z,421,420
AUDUSD,2025,2025-09-26T16:59:00Z,2025-09-29T00:00:00Z,421,420
AUDUSD,2025,2025-10-03T16:59:00Z,2025-10-06T00:00:00Z,421,420
AUDUSD,2025,2025-10-07T17:07:00Z,2025-10-07T17:15:00Z,8,7
AUDUSD,2025,2025-10-10T16:59:00Z,2025-10-13T00:00:00Z,421,420
AUDUSD,2025,2025-10-17T16:59:00Z,2025-10-20T00:00:00Z,421,420
AUDUSD,2025,2025-10-24T16:59:00Z,2025-10-27T00:00:00Z,421,420
AUDUSD,2025,2025-10-31T15:59:00Z,2025-11-03T00:00:00Z,481,480
AUDUSD,2025,2025-11-07T16:59:00Z,2025-11-10T00:00:00Z,421,420
AUDUSD,2025,2025-11-14T16:59:00Z,2025-11-17T00:00:00Z,421,420
AUDUSD,2025,2025-11-21T16:59:00Z,2025-11-24T00:00:00Z,421,420
AUDUSD,2025,2025-11-28T16:59:00Z,2025-12-01T00:00:00Z,421,420
AUDUSD,2025,2025-12-05T16:59:00Z,2025-12-08T00:00:00Z,421,420
AUDUSD,2025,2025-12-12T16:59:00Z,2025-12-15T00:00:00Z,421,420
AUDUSD,2025,2025-12-19T16:59:00Z,2025-12-22T00:00:00Z,421,420
AUDUSD,2025,2025-12-24T17:23:00Z,2025-12-24T17:31:00Z,8,7
AUDUSD,2025,2025-12-24T17:31:00Z,2025-12-24T17:50:00Z,19,18
AUDUSD,2025,2025-12-24T18:26:00Z,2025-12-24T18:36:00Z,10,9
AUDUSD,2025,2025-12-24T18:43:00Z,2025-12-24T18:59:00Z,16,15
AUDUSD,2025,2025-12-24T19:03:00Z,2025-12-24T19:14:00Z,11,10
AUDUSD,2025,2025-12-24T19:27:00Z,2025-12-24T19:34:00Z,7,6
AUDUSD,2025,2025-12-24T19:40:00Z,2025-12-24T19:53:00Z,13,12
AUDUSD,2025,2025-12-24T20:06:00Z,2025-12-24T20:21:00Z,15,14
AUDUSD,2025,2025-12-24T20:51:00Z,2025-12-24T20:58:00Z,7,6
AUDUSD,2025,2025-12-24T20:58:00Z,2025-12-24T21:12:00Z,14,13
AUDUSD,2025,2025-12-24T21:20:00Z,2025-12-24T21:28:00Z,8,7
AUDUSD,2025,2025-12-24T21:40:00Z,2025-12-24T21:47:00Z,7,6
AUDUSD,2025,2025-12-24T21:48:00Z,2025-12-24T22:04:00Z,16,15
AUDUSD,2025,2025-12-24T22:04:00Z,2025-12-24T22:31:00Z,27,26
AUDUSD,2025,2025-12-24T22:34:00Z,2025-12-24T22:44:00Z,10,9
AUDUSD,2025,2025-12-24T22:44:00Z,2025-12-24T22:55:00Z,11,10
AUDUSD,2025,2025-12-24T23:32:00Z,2025-12-24T23:47:00Z,15,14
AUDUSD,2025,2025-12-25T00:25:00Z,2025-12-25T00:32:00Z,7,6
AUDUSD,2025,2025-12-25T01:44:00Z,2025-12-25T01:52:00Z,8,7
AUDUSD,2025,2025-12-25T01:52:00Z,2025-12-25T02:01:00Z,9,8
AUDUSD,2025,2025-12-25T02:09:00Z,2025-12-25T02:21:00Z,12,11
AUDUSD,2025,2025-12-25T02:55:00Z,2025-12-25T17:04:00Z,849,848
AUDUSD,2025,2025-12-26T16:59:00Z,2025-12-29T00:00:00Z,421,420
AUDUSD,2026,2026-01-02T16:59:00Z,2026-01-05T00:00:00Z,421,420
AUDUSD,2026,2026-01-09T16:59:00Z,2026-01-12T00:00:00Z,421,420
AUDUSD,2026,2026-01-16T16:59:00Z,2026-01-19T00:00:00Z,421,420
AUDUSD,2026,2026-01-23T16:59:00Z,2026-01-26T00:00:00Z,421,420
AUDUSD,2026,2026-01-30T16:58:00Z,2026-02-02T00:00:00Z,422,421
AUDUSD,2026,2026-02-06T16:59:00Z,2026-02-09T00:00:00Z,421,420
AUDUSD,2026,2026-02-13T16:59:00Z,2026-02-16T00:00:00Z,421,420
AUDUSD,2026,2026-02-20T16:59:00Z,2026-02-23T00:00:00Z,421,420
AUDUSD,2026,2026-02-27T16:58:00Z,2026-03-02T00:00:00Z,422,421
AUDUSD,2026,2026-03-06T16:59:00Z,2026-03-09T00:00:00Z,421,420
AUDUSD,2026,2026-03-13T15:59:00Z,2026-03-16T00:00:00Z,481,480
AUDUSD,2026,2026-03-20T15:59:00Z,2026-03-23T00:00:00Z,481,480
AUDUSD,2026,2026-03-27T15:59:00Z,2026-03-30T00:00:00Z,481,480
AUDUSD,2026,2026-04-03T16:59:00Z,2026-04-06T00:00:00Z,421,420
AUDUSD,2026,2026-04-10T16:59:00Z,2026-04-13T00:00:00Z,421,420
AUDUSD,2026,2026-04-15T17:42:00Z,2026-04-15T18:00:00Z,18,17
AUDUSD,2026,2026-04-17T16:59:00Z,2026-04-20T00:00:00Z,421,420
AUDUSD,2026,2026-04-24T16:59:00Z,2026-04-27T00:00:00Z,421,420
AUDUSD,2026,2026-05-01T16:59:00Z,2026-05-04T00:00:00Z,421,420
AUDUSD,2026,2026-05-08T16:59:00Z,2026-05-11T00:00:00Z,421,420
AUDUSD,2026,2026-05-11T22:59:00Z,2026-05-12T00:00:00Z,61,60
AUDUSD,2026,2026-05-12T00:59:00Z,2026-05-12T02:00:00Z,61,60
AUDUSD,2026,2026-05-12T06:59:00Z,2026-05-12T10:00:00Z,181,180
AUDUSD,2026,2026-05-12T15:59:00Z,2026-05-12T17:00:00Z,61,60
AUDUSD,2026,2026-05-12T17:59:00Z,2026-05-12T20:00:00Z,121,120
AUDUSD,2026,2026-05-15T16:59:00Z,2026-05-18T00:00:00Z,421,420
AUDUSD,2026,2026-05-22T16:59:00Z,2026-05-25T00:00:00Z,421,420
XAUUSD,2023,2023-01-03T16:59:00Z,2023-01-03T18:00:00Z,61,60
XAUUSD,2023,2023-01-04T16:59:00Z,2023-01-04T18:00:00Z,61,60
XAUUSD,2023,2023-01-05T16:59:00Z,2023-01-05T18:00:00Z,61,60
XAUUSD,2023,2023-01-06T16:59:00Z,2023-01-09T00:00:00Z,421,420
XAUUSD,2023,2023-01-09T16:59:00Z,2023-01-09T18:00:00Z,61,60
XAUUSD,2023,2023-01-10T16:59:00Z,2023-01-10T18:00:00Z,61,60
XAUUSD,2023,2023-01-11T16:59:00Z,2023-01-11T18:00:00Z,61,60
XAUUSD,2023,2023-01-12T16:59:00Z,2023-01-12T18:00:00Z,61,60
XAUUSD,2023,2023-01-13T16:59:00Z,2023-01-16T00:00:00Z,421,420
XAUUSD,2023,2023-01-16T12:58:00Z,2023-01-16T18:00:00Z,302,301
XAUUSD,2023,2023-01-17T16:59:00Z,2023-01-17T18:00:00Z,61,60
XAUUSD,2023,2023-01-18T16:59:00Z,2023-01-18T18:00:00Z,61,60
XAUUSD,2023,2023-01-19T16:59:00Z,2023-01-19T18:00:00Z,61,60
XAUUSD,2023,2023-01-20T16:59:00Z,2023-01-23T00:00:00Z,421,420
XAUUSD,2023,2023-01-23T13:59:00Z,2023-01-23T15:00:00Z,61,60
XAUUSD,2023,2023-01-23T16:59:00Z,2023-01-23T18:00:00Z,61,60
XAUUSD,2023,2023-01-24T16:59:00Z,2023-01-24T18:00:00Z,61,60
XAUUSD,2023,2023-01-25T16:59:00Z,2023-01-25T18:00:00Z,61,60
XAUUSD,2023,2023-01-26T16:59:00Z,2023-01-26T18:00:00Z,61,60
XAUUSD,2023,2023-01-27T16:59:00Z,2023-01-30T00:00:00Z,421,420
XAUUSD,2023,2023-01-30T03:59:00Z,2023-01-30T05:00:00Z,61,60
XAUUSD,2023,2023-01-30T12:59:00Z,2023-01-30T14:00:00Z,61,60
XAUUSD,2023,2023-01-30T16:59:00Z,2023-01-30T18:00:00Z,61,60
XAUUSD,2023,2023-01-31T16:59:00Z,2023-01-31T18:00:00Z,61,60
XAUUSD,2023,2023-02-01T16:59:00Z,2023-02-01T18:00:00Z,61,60
XAUUSD,2023,2023-02-02T16:59:00Z,2023-02-02T18:00:00Z,61,60
XAUUSD,2023,2023-02-03T16:59:00Z,2023-02-06T00:00:00Z,421,420
XAUUSD,2023,2023-02-06T16:59:00Z,2023-02-06T18:00:00Z,61,60
XAUUSD,2023,2023-02-07T16:59:00Z,2023-02-07T18:00:00Z,61,60
XAUUSD,2023,2023-02-08T16:59:00Z,2023-02-08T18:00:00Z,61,60
XAUUSD,2023,2023-02-09T16:59:00Z,2023-02-09T18:00:00Z,61,60
XAUUSD,2023,2023-02-10T16:59:00Z,2023-02-13T00:00:00Z,421,420
XAUUSD,2023,2023-02-13T16:59:00Z,2023-02-13T18:00:00Z,61,60
XAUUSD,2023,2023-02-14T16:59:00Z,2023-02-14T18:00:00Z,61,60
XAUUSD,2023,2023-02-15T16:59:00Z,2023-02-15T18:00:00Z,61,60
XAUUSD,2023,2023-02-16T16:59:00Z,2023-02-16T18:00:00Z,61,60
XAUUSD,2023,2023-02-17T16:59:00Z,2023-02-20T00:00:00Z,421,420
XAUUSD,2023,2023-02-20T04:59:00Z,2023-02-20T06:00:00Z,61,60
XAUUSD,2023,2023-02-20T06:59:00Z,2023-02-20T08:00:00Z,61,60
XAUUSD,2023,2023-02-20T08:59:00Z,2023-02-20T10:00:00Z,61,60
XAUUSD,2023,2023-02-20T10:59:00Z,2023-02-20T12:00:00Z,61,60
XAUUSD,2023,2023-02-20T12:59:00Z,2023-02-20T14:00:00Z,61,60
XAUUSD,2023,2023-02-20T14:29:00Z,2023-02-20T18:00:00Z,211,210
XAUUSD,2023,2023-02-21T05:59:00Z,2023-02-21T07:00:00Z,61,60
XAUUSD,2023,2023-02-21T07:59:00Z,2023-02-21T09:00:00Z,61,60
XAUUSD,2023,2023-02-21T09:59:00Z,2023-02-21T11:00:00Z,61,60
XAUUSD,2023,2023-02-21T11:59:00Z,2023-02-21T13:00:00Z,61,60
XAUUSD,2023,2023-02-21T13:59:00Z,2023-02-21T15:00:00Z,61,60
XAUUSD,2023,2023-02-21T15:59:00Z,2023-02-21T19:00:00Z,181,180
XAUUSD,2023,2023-02-22T05:59:00Z,2023-02-22T07:00:00Z,61,60
XAUUSD,2023,2023-02-22T07:59:00Z,2023-02-22T09:00:00Z,61,60
XAUUSD,2023,2023-02-22T09:59:00Z,2023-02-22T11:00:00Z,61,60
XAUUSD,2023,2023-02-22T11:59:00Z,2023-02-22T13:00:00Z,61,60
XAUUSD,2023,2023-02-22T13:59:00Z,2023-02-22T15:00:00Z,61,60
XAUUSD,2023,2023-02-22T15:59:00Z,2023-02-22T19:00:00Z,181,180
XAUUSD,2023,2023-02-23T05:59:00Z,2023-02-23T08:00:00Z,121,120
XAUUSD,2023,2023-02-23T08:59:00Z,2023-02-23T10:00:00Z,61,60
XAUUSD,2023,2023-02-23T10:59:00Z,2023-02-23T12:00:00Z,61,60
XAUUSD,2023,2023-02-23T12:59:00Z,2023-02-23T14:00:00Z,61,60
XAUUSD,2023,2023-02-23T14:59:00Z,2023-02-23T16:00:00Z,61,60
XAUUSD,2023,2023-02-23T16:59:00Z,2023-02-23T19:00:00Z,121,120
XAUUSD,2023,2023-02-24T04:59:00Z,2023-02-24T06:00:00Z,61,60
XAUUSD,2023,2023-02-24T07:59:00Z,2023-02-24T09:00:00Z,61,60
XAUUSD,2023,2023-02-24T09:59:00Z,2023-02-24T12:00:00Z,121,120
XAUUSD,2023,2023-02-24T12:59:00Z,2023-02-24T14:00:00Z,61,60
XAUUSD,2023,2023-02-24T14:59:00Z,2023-02-24T16:00:00Z,61,60
XAUUSD,2023,2023-02-24T16:59:00Z,2023-02-27T00:00:00Z,421,420
XAUUSD,2023,2023-02-27T05:59:00Z,2023-02-27T07:00:00Z,61,60
XAUUSD,2023,2023-02-27T07:59:00Z,2023-02-27T09:00:00Z,61,60
XAUUSD,2023,2023-02-27T09:59:00Z,2023-02-27T11:00:00Z,61,60
XAUUSD,2023,2023-02-27T11:59:00Z,2023-02-27T13:00:00Z,61,60
XAUUSD,2023,2023-02-27T13:59:00Z,2023-02-27T15:00:00Z,61,60
XAUUSD,2023,2023-02-27T15:59:00Z,2023-02-27T18:00:00Z,121,120
XAUUSD,2023,2023-02-28T04:59:00Z,2023-02-28T06:00:00Z,61,60
XAUUSD,2023,2023-02-28T06:59:00Z,2023-02-28T08:00:00Z,61,60
XAUUSD,2023,2023-02-28T08:59:00Z,2023-02-28T10:00:00Z,61,60
XAUUSD,2023,2023-02-28T10:59:00Z,2023-02-28T12:00:00Z,61,60
XAUUSD,2023,2023-02-28T12:59:00Z,2023-02-28T14:00:00Z,61,60
XAUUSD,2023,2023-02-28T14:59:00Z,2023-02-28T16:00:00Z,61,60
XAUUSD,2023,2023-02-28T16:59:00Z,2023-02-28T18:00:00Z,61,60
XAUUSD,2023,2023-03-01T04:59:00Z,2023-03-01T06:00:00Z,61,60
XAUUSD,2023,2023-03-01T06:59:00Z,2023-03-01T08:00:00Z,61,60
XAUUSD,2023,2023-03-01T09:59:00Z,2023-03-01T12:00:00Z,121,120
XAUUSD,2023,2023-03-01T13:59:00Z,2023-03-01T16:00:00Z,121,120
XAUUSD,2023,2023-03-01T16:59:00Z,2023-03-01T18:00:00Z,61,60
XAUUSD,2023,2023-03-02T05:59:00Z,2023-03-02T08:00:00Z,121,120
XAUUSD,2023,2023-03-02T08:59:00Z,2023-03-02T10:00:00Z,61,60
XAUUSD,2023,2023-03-02T10:59:00Z,2023-03-02T12:00:00Z,61,60
XAUUSD,2023,2023-03-02T12:59:00Z,2023-03-02T14:00:00Z,61,60
XAUUSD,2023,2023-03-02T14:59:00Z,2023-03-02T16:00:00Z,61,60
XAUUSD,2023,2023-03-02T16:59:00Z,2023-03-02T18:00:00Z,61,60
XAUUSD,2023,2023-03-03T04:59:00Z,2023-03-03T07:00:00Z,121,120
XAUUSD,2023,2023-03-03T09:59:00Z,2023-03-03T12:00:00Z,121,120
XAUUSD,2023,2023-03-03T13:59:00Z,2023-03-03T15:00:00Z,61,60
XAUUSD,2023,2023-03-03T15:59:00Z,2023-03-06T00:00:00Z,481,480
XAUUSD,2023,2023-03-06T05:59:00Z,2023-03-06T08:00:00Z,121,120
XAUUSD,2023,2023-03-06T09:59:00Z,2023-03-06T11:00:00Z,61,60
XAUUSD,2023,2023-03-06T11:59:00Z,2023-03-06T14:00:00Z,121,120
XAUUSD,2023,2023-03-06T14:59:00Z,2023-03-06T16:00:00Z,61,60
XAUUSD,2023,2023-03-06T16:59:00Z,2023-03-06T18:00:00Z,61,60
XAUUSD,2023,2023-03-07T04:59:00Z,2023-03-07T07:00:00Z,121,120
XAUUSD,2023,2023-03-07T08:59:00Z,2023-03-07T10:00:00Z,61,60
XAUUSD,2023,2023-03-07T10:59:00Z,2023-03-07T12:00:00Z,61,60
XAUUSD,2023,2023-03-07T13:59:00Z,2023-03-07T19:00:00Z,301,300
XAUUSD,2023,2023-03-08T03:59:00Z,2023-03-08T05:00:00Z,61,60
XAUUSD,2023,2023-03-08T05:59:00Z,2023-03-08T07:00:00Z,61,60
XAUUSD,2023,2023-03-08T08:59:00Z,2023-03-08T10:00:00Z,61,60
XAUUSD,2023,2023-03-08T10:59:00Z,2023-03-08T13:00:00Z,121,120
XAUUSD,2023,2023-03-08T15:59:00Z,2023-03-08T18:00:00Z,121,120
XAUUSD,2023,2023-03-09T05:59:00Z,2023-03-09T08:00:00Z,121,120
XAUUSD,2023,2023-03-09T08:51:00Z,2023-03-09T10:00:00Z,69,68
XAUUSD,2023,2023-03-09T11:59:00Z,2023-03-09T13:00:00Z,61,60
XAUUSD,2023,2023-03-09T15:59:00Z,2023-03-09T19:00:00Z,181,180
XAUUSD,2023,2023-03-10T03:59:00Z,2023-03-10T05:00:00Z,61,60
XAUUSD,2023,2023-03-10T05:59:00Z,2023-03-10T09:00:00Z,181,180
XAUUSD,2023,2023-03-10T11:59:00Z,2023-03-10T13:00:00Z,61,60
XAUUSD,2023,2023-03-10T13:59:00Z,2023-03-10T15:00:00Z,61,60
XAUUSD,2023,2023-03-10T15:59:00Z,2023-03-13T00:00:00Z,481,480
XAUUSD,2023,2023-03-13T04:59:00Z,2023-03-13T06:00:00Z,61,60
XAUUSD,2023,2023-03-13T06:59:00Z,2023-03-13T08:00:00Z,61,60
XAUUSD,2023,2023-03-13T08:59:00Z,2023-03-13T10:00:00Z,61,60
XAUUSD,2023,2023-03-13T10:59:00Z,2023-03-13T12:00:00Z,61,60
XAUUSD,2023,2023-03-13T13:59:00Z,2023-03-13T15:00:00Z,61,60
XAUUSD,2023,2023-03-13T15:59:00Z,2023-03-13T18:00:00Z,121,120
XAUUSD,2023,2023-03-14T04:59:00Z,2023-03-14T06:00:00Z,61,60
XAUUSD,2023,2023-03-14T06:59:00Z,2023-03-14T08:00:00Z,61,60
XAUUSD,2023,2023-03-14T08:59:00Z,2023-03-14T10:00:00Z,61,60
XAUUSD,2023,2023-03-14T10:59:00Z,2023-03-14T12:00:00Z,61,60
XAUUSD,2023,2023-03-14T12:59:00Z,2023-03-14T14:00:00Z,61,60
XAUUSD,2023,2023-03-14T14:59:00Z,2023-03-14T18:00:00Z,181,180
XAUUSD,2023,2023-03-15T05:59:00Z,2023-03-15T07:00:00Z,61,60
XAUUSD,2023,2023-03-15T07:59:00Z,2023-03-15T10:00:00Z,121,120
XAUUSD,2023,2023-03-15T11:59:00Z,2023-03-15T14:00:00Z,121,120
XAUUSD,2023,2023-03-15T14:59:00Z,2023-03-15T17:00:00Z,121,120
XAUUSD,2023,2023-03-15T17:59:00Z,2023-03-15T19:00:00Z,61,60
XAUUSD,2023,2023-03-16T04:59:00Z,2023-03-16T06:00:00Z,61,60
XAUUSD,2023,2023-03-16T06:59:00Z,2023-03-16T09:00:00Z,121,120
XAUUSD,2023,2023-03-16T09:59:00Z,2023-03-16T11:00:00Z,61,60
XAUUSD,2023,2023-03-16T11:59:00Z,2023-03-16T13:00:00Z,61,60
XAUUSD,2023,2023-03-16T13:59:00Z,2023-03-16T15:00:00Z,61,60
XAUUSD,2023,2023-03-16T15:59:00Z,2023-03-16T17:00:00Z,61,60
XAUUSD,2023,2023-03-17T04:59:00Z,2023-03-17T06:00:00Z,61,60
XAUUSD,2023,2023-03-17T06:59:00Z,2023-03-17T08:00:00Z,61,60
XAUUSD,2023,2023-03-17T08:59:00Z,2023-03-17T10:00:00Z,61,60
XAUUSD,2023,2023-03-17T10:59:00Z,2023-03-17T12:00:00Z,61,60
XAUUSD,2023,2023-03-17T13:59:00Z,2023-03-20T00:00:00Z,601,600
XAUUSD,2023,2023-03-20T04:59:00Z,2023-03-20T06:00:00Z,61,60
XAUUSD,2023,2023-03-20T06:59:00Z,2023-03-20T08:00:00Z,61,60
XAUUSD,2023,2023-03-20T08:59:00Z,2023-03-20T10:00:00Z,61,60
XAUUSD,2023,2023-03-20T10:59:00Z,2023-03-20T12:00:00Z,61,60
XAUUSD,2023,2023-03-20T12:59:00Z,2023-03-20T14:00:00Z,61,60
XAUUSD,2023,2023-03-20T14:59:00Z,2023-03-20T18:00:00Z,181,180
XAUUSD,2023,2023-03-21T05:59:00Z,2023-03-21T07:00:00Z,61,60
XAUUSD,2023,2023-03-21T07:59:00Z,2023-03-21T09:00:00Z,61,60
XAUUSD,2023,2023-03-21T09:59:00Z,2023-03-21T11:00:00Z,61,60
XAUUSD,2023,2023-03-21T11:59:00Z,2023-03-21T14:00:00Z,121,120
XAUUSD,2023,2023-03-21T15:59:00Z,2023-03-21T18:00:00Z,121,120
XAUUSD,2023,2023-03-22T05:59:00Z,2023-03-22T07:00:00Z,61,60
XAUUSD,2023,2023-03-22T07:59:00Z,2023-03-22T09:00:00Z,61,60
XAUUSD,2023,2023-03-22T09:59:00Z,2023-03-22T11:00:00Z,61,60
XAUUSD,2023,2023-03-22T11:59:00Z,2023-03-22T13:00:00Z,61,60
XAUUSD,2023,2023-03-22T13:59:00Z,2023-03-22T15:00:00Z,61,60
XAUUSD,2023,2023-03-22T15:59:00Z,2023-03-22T17:00:00Z,61,60
XAUUSD,2023,2023-03-22T17:59:00Z,2023-03-22T19:00:00Z,61,60
XAUUSD,2023,2023-03-23T05:59:00Z,2023-03-23T08:00:00Z,121,120
XAUUSD,2023,2023-03-23T09:59:00Z,2023-03-23T11:00:00Z,61,60
XAUUSD,2023,2023-03-23T11:59:00Z,2023-03-23T13:00:00Z,61,60
XAUUSD,2023,2023-03-23T13:59:00Z,2023-03-23T15:00:00Z,61,60
XAUUSD,2023,2023-03-23T15:59:00Z,2023-03-23T17:00:00Z,61,60
XAUUSD,2023,2023-03-23T17:59:00Z,2023-03-23T19:00:00Z,61,60
XAUUSD,2023,2023-03-24T04:59:00Z,2023-03-24T06:00:00Z,61,60
XAUUSD,2023,2023-03-24T07:59:00Z,2023-03-24T10:00:00Z,121,120
XAUUSD,2023,2023-03-24T10:59:00Z,2023-03-24T12:00:00Z,61,60
XAUUSD,2023,2023-03-24T12:59:00Z,2023-03-24T14:00:00Z,61,60
XAUUSD,2023,2023-03-24T14:59:00Z,2023-03-27T00:00:00Z,541,540
XAUUSD,2023,2023-03-27T06:59:00Z,2023-03-27T08:00:00Z,61,60
XAUUSD,2023,2023-03-27T09:59:00Z,2023-03-27T11:00:00Z,61,60
XAUUSD,2023,2023-03-27T11:59:00Z,2023-03-27T14:00:00Z,121,120
XAUUSD,2023,2023-03-27T14:59:00Z,2023-03-27T16:00:00Z,61,60
XAUUSD,2023,2023-03-27T16:59:00Z,2023-03-27T18:00:00Z,61,60
XAUUSD,2023,2023-03-27T18:59:00Z,2023-03-27T20:00:00Z,61,60
XAUUSD,2023,2023-03-28T06:59:00Z,2023-03-28T08:00:00Z,61,60
XAUUSD,2023,2023-03-28T08:59:00Z,2023-03-28T10:00:00Z,61,60
XAUUSD,2023,2023-03-28T10:59:00Z,2023-03-28T12:00:00Z,61,60
XAUUSD,2023,2023-03-28T13:59:00Z,2023-03-28T16:00:00Z,121,120
XAUUSD,2023,2023-03-28T16:59:00Z,2023-03-28T18:00:00Z,61,60
XAUUSD,2023,2023-03-29T06:59:00Z,2023-03-29T09:00:00Z,121,120
XAUUSD,2023,2023-03-29T09:59:00Z,2023-03-29T11:00:00Z,61,60
XAUUSD,2023,2023-03-29T11:59:00Z,2023-03-29T13:00:00Z,61,60
XAUUSD,2023,2023-03-29T13:59:00Z,2023-03-29T15:00:00Z,61,60
XAUUSD,2023,2023-03-29T16:59:00Z,2023-03-29T19:00:00Z,121,120
XAUUSD,2023,2023-03-30T05:59:00Z,2023-03-30T07:00:00Z,61,60
XAUUSD,2023,2023-03-30T08:59:00Z,2023-03-30T10:00:00Z,61,60
XAUUSD,2023,2023-03-30T10:59:00Z,2023-03-30T13:00:00Z,121,120
XAUUSD,2023,2023-03-30T13:59:00Z,2023-03-30T15:00:00Z,61,60
XAUUSD,2023,2023-03-30T15:59:00Z,2023-03-30T18:00:00Z,121,120
XAUUSD,2023,2023-03-31T06:59:00Z,2023-03-31T08:00:00Z,61,60
XAUUSD,2023,2023-03-31T08:59:00Z,2023-03-31T10:00:00Z,61,60
XAUUSD,2023,2023-03-31T10:59:00Z,2023-03-31T12:00:00Z,61,60
XAUUSD,2023,2023-03-31T12:59:00Z,2023-03-31T15:00:00Z,121,120
XAUUSD,2023,2023-03-31T16:59:00Z,2023-04-03T00:00:00Z,421,420
XAUUSD,2023,2023-04-03T06:59:00Z,2023-04-03T08:00:00Z,61,60
XAUUSD,2023,2023-04-03T08:59:00Z,2023-04-03T10:00:00Z,61,60
XAUUSD,2023,2023-04-03T10:59:00Z,2023-04-03T12:00:00Z,61,60
XAUUSD,2023,2023-04-03T12:59:00Z,2023-04-03T14:00:00Z,61,60
XAUUSD,2023,2023-04-03T14:59:00Z,2023-04-03T16:00:00Z,61,60
XAUUSD,2023,2023-04-03T16:59:00Z,2023-04-03T18:00:00Z,61,60
XAUUSD,2023,2023-04-03T18:59:00Z,2023-04-03T20:00:00Z,61,60
XAUUSD,2023,2023-04-04T05:59:00Z,2023-04-04T07:00:00Z,61,60
XAUUSD,2023,2023-04-04T07:59:00Z,2023-04-04T09:00:00Z,61,60
XAUUSD,2023,2023-04-04T09:59:00Z,2023-04-04T11:00:00Z,61,60
XAUUSD,2023,2023-04-04T12:59:00Z,2023-04-04T15:00:00Z,121,120
XAUUSD,2023,2023-04-04T15:59:00Z,2023-04-04T19:00:00Z,181,180
XAUUSD,2023,2023-04-05T06:59:00Z,2023-04-05T08:00:00Z,61,60
XAUUSD,2023,2023-04-05T08:59:00Z,2023-04-05T10:00:00Z,61,60
XAUUSD,2023,2023-04-05T10:59:00Z,2023-04-05T13:00:00Z,121,120
XAUUSD,2023,2023-04-05T13:59:00Z,2023-04-05T15:00:00Z,61,60
XAUUSD,2023,2023-04-05T15:59:00Z,2023-04-05T19:00:00Z,181,180
XAUUSD,2023,2023-04-06T05:59:00Z,2023-04-06T07:00:00Z,61,60
XAUUSD,2023,2023-04-06T07:59:00Z,2023-04-06T09:00:00Z,61,60
XAUUSD,2023,2023-04-06T09:59:00Z,2023-04-06T11:00:00Z,61,60
XAUUSD,2023,2023-04-06T11:59:00Z,2023-04-06T13:00:00Z,61,60
XAUUSD,2023,2023-04-06T13:59:00Z,2023-04-06T15:00:00Z,61,60
XAUUSD,2023,2023-04-06T16:58:00Z,2023-04-10T00:00:00Z,1862,1861
XAUUSD,2023,2023-04-10T05:59:00Z,2023-04-10T07:00:00Z,61,60
XAUUSD,2023,2023-04-10T07:59:00Z,2023-04-10T09:00:00Z,61,60
XAUUSD,2023,2023-04-10T09:59:00Z,2023-04-10T11:00:00Z,61,60
XAUUSD,2023,2023-04-10T11:59:00Z,2023-04-10T13:00:00Z,61,60
XAUUSD,2023,2023-04-10T13:59:00Z,2023-04-10T15:00:00Z,61,60
XAUUSD,2023,2023-04-10T15:59:00Z,2023-04-10T19:00:00Z,181,180
XAUUSD,2023,2023-04-11T06:59:00Z,2023-04-11T08:00:00Z,61,60
XAUUSD,2023,2023-04-11T08:59:00Z,2023-04-11T10:00:00Z,61,60
XAUUSD,2023,2023-04-11T10:59:00Z,2023-04-11T12:00:00Z,61,60
XAUUSD,2023,2023-04-11T12:59:00Z,2023-04-11T14:00:00Z,61,60
XAUUSD,2023,2023-04-11T14:59:00Z,2023-04-11T16:00:00Z,61,60
XAUUSD,2023,2023-04-11T16:59:00Z,2023-04-11T18:00:00Z,61,60
XAUUSD,2023,2023-04-11T18:59:00Z,2023-04-11T20:00:00Z,61,60
XAUUSD,2023,2023-04-12T06:59:00Z,2023-04-12T08:00:00Z,61,60
XAUUSD,2023,2023-04-12T08:59:00Z,2023-04-12T10:00:00Z,61,60
XAUUSD,2023,2023-04-12T10:59:00Z,2023-04-12T12:00:00Z,61,60
XAUUSD,2023,2023-04-12T12:59:00Z,2023-04-12T14:00:00Z,61,60
XAUUSD,2023,2023-04-12T14:59:00Z,2023-04-12T16:00:00Z,61,60
XAUUSD,2023,2023-04-12T16:59:00Z,2023-04-12T18:00:00Z,61,60
XAUUSD,2023,2023-04-12T18:59:00Z,2023-04-12T20:00:00Z,61,60
XAUUSD,2023,2023-04-13T06:59:00Z,2023-04-13T08:00:00Z,61,60
XAUUSD,2023,2023-04-13T08:59:00Z,2023-04-13T10:00:00Z,61,60
XAUUSD,2023,2023-04-13T10:59:00Z,2023-04-13T12:00:00Z,61,60
XAUUSD,2023,2023-04-13T12:59:00Z,2023-04-13T14:00:00Z,61,60
XAUUSD,2023,2023-04-13T14:59:00Z,2023-04-13T16:00:00Z,61,60
XAUUSD,2023,2023-04-13T16:59:00Z,2023-04-13T18:00:00Z,61,60
XAUUSD,2023,2023-04-13T18:59:00Z,2023-04-13T20:00:00Z,61,60
XAUUSD,2023,2023-04-14T06:59:00Z,2023-04-14T08:00:00Z,61,60
XAUUSD,2023,2023-04-14T08:59:00Z,2023-04-14T10:00:00Z,61,60
XAUUSD,2023,2023-04-14T10:59:00Z,2023-04-14T12:00:00Z,61,60
XAUUSD,2023,2023-04-14T12:59:00Z,2023-04-14T14:00:00Z,61,60
XAUUSD,2023,2023-04-14T14:59:00Z,2023-04-14T16:00:00Z,61,60
XAUUSD,2023,2023-04-14T16:59:00Z,2023-04-17T00:00:00Z,421,420
XAUUSD,2023,2023-04-17T06:59:00Z,2023-04-17T08:00:00Z,61,60
XAUUSD,2023,2023-04-17T08:59:00Z,2023-04-17T10:00:00Z,61,60
XAUUSD,2023,2023-04-17T11:59:00Z,2023-04-17T14:00:00Z,121,120
XAUUSD,2023,2023-04-17T15:59:00Z,2023-04-17T18:00:00Z,121,120
XAUUSD,2023,2023-04-17T18:59:00Z,2023-04-17T20:00:00Z,61,60
XAUUSD,2023,2023-04-18T05:59:00Z,2023-04-18T07:00:00Z,61,60
XAUUSD,2023,2023-04-18T07:59:00Z,2023-04-18T09:00:00Z,61,60
XAUUSD,2023,2023-04-18T09:59:00Z,2023-04-18T11:00:00Z,61,60
XAUUSD,2023,2023-04-18T11:59:00Z,2023-04-18T13:00:00Z,61,60
XAUUSD,2023,2023-04-18T13:59:00Z,2023-04-18T15:00:00Z,61,60
XAUUSD,2023,2023-04-18T16:59:00Z,2023-04-18T19:00:00Z,121,120
XAUUSD,2023,2023-04-19T06:59:00Z,2023-04-19T09:00:00Z,121,120
XAUUSD,2023,2023-04-19T10:59:00Z,2023-04-19T13:00:00Z,121,120
XAUUSD,2023,2023-04-19T14:59:00Z,2023-04-19T16:00:00Z,61,60
XAUUSD,2023,2023-04-19T16:59:00Z,2023-04-19T18:00:00Z,61,60
XAUUSD,2023,2023-04-19T18:59:00Z,2023-04-19T20:00:00Z,61,60
XAUUSD,2023,2023-04-20T06:59:00Z,2023-04-20T09:00:00Z,121,120
XAUUSD,2023,2023-04-20T09:59:00Z,2023-04-20T11:00:00Z,61,60
XAUUSD,2023,2023-04-20T11:59:00Z,2023-04-20T13:00:00Z,61,60
XAUUSD,2023,2023-04-20T13:59:00Z,2023-04-20T15:00:00Z,61,60
XAUUSD,2023,2023-04-20T15:59:00Z,2023-04-20T19:00:00Z,181,180
XAUUSD,2023,2023-04-21T06:59:00Z,2023-04-21T08:00:00Z,61,60
XAUUSD,2023,2023-04-21T08:59:00Z,2023-04-21T10:00:00Z,61,60
XAUUSD,2023,2023-04-21T10:59:00Z,2023-04-21T13:00:00Z,121,120
XAUUSD,2023,2023-04-21T14:59:00Z,2023-04-24T00:00:00Z,541,540
XAUUSD,2023,2023-04-24T05:59:00Z,2023-04-24T07:00:00Z,61,60
XAUUSD,2023,2023-04-24T08:59:00Z,2023-04-24T11:00:00Z,121,120
XAUUSD,2023,2023-04-24T12:59:00Z,2023-04-24T15:00:00Z,121,120
XAUUSD,2023,2023-04-24T16:59:00Z,2023-04-24T19:00:00Z,121,120
XAUUSD,2023,2023-04-25T05:59:00Z,2023-04-25T07:00:00Z,61,60
XAUUSD,2023,2023-04-25T07:59:00Z,2023-04-25T09:00:00Z,61,60
XAUUSD,2023,2023-04-25T09:59:00Z,2023-04-25T11:00:00Z,61,60
XAUUSD,2023,2023-04-25T13:59:00Z,2023-04-25T18:00:00Z,241,240
XAUUSD,2023,2023-04-25T18:59:00Z,2023-04-25T20:00:00Z,61,60
XAUUSD,2023,2023-04-26T05:59:00Z,2023-04-26T07:00:00Z,61,60
XAUUSD,2023,2023-04-26T07:59:00Z,2023-04-26T09:00:00Z,61,60
XAUUSD,2023,2023-04-26T09:59:00Z,2023-04-26T11:00:00Z,61,60
XAUUSD,2023,2023-04-26T12:59:00Z,2023-04-26T15:00:00Z,121,120
XAUUSD,2023,2023-04-26T16:59:00Z,2023-04-26T19:00:00Z,121,120
XAUUSD,2023,2023-04-27T05:59:00Z,2023-04-27T07:00:00Z,61,60
XAUUSD,2023,2023-04-27T07:59:00Z,2023-04-27T09:00:00Z,61,60
XAUUSD,2023,2023-04-27T09:59:00Z,2023-04-27T11:00:00Z,61,60
XAUUSD,2023,2023-04-27T11:59:00Z,2023-04-27T13:00:00Z,61,60
XAUUSD,2023,2023-04-27T13:59:00Z,2023-04-27T15:00:00Z,61,60
XAUUSD,2023,2023-04-27T16:59:00Z,2023-04-27T19:00:00Z,121,120
XAUUSD,2023,2023-04-28T06:59:00Z,2023-04-28T08:00:00Z,61,60
XAUUSD,2023,2023-04-28T08:59:00Z,2023-04-28T10:00:00Z,61,60
XAUUSD,2023,2023-04-28T10:59:00Z,2023-04-28T12:00:00Z,61,60
XAUUSD,2023,2023-04-28T12:59:00Z,2023-04-28T14:00:00Z,61,60
XAUUSD,2023,2023-04-28T15:59:00Z,2023-05-01T00:00:00Z,481,480
XAUUSD,2023,2023-05-01T06:59:00Z,2023-05-01T08:00:00Z,61,60
XAUUSD,2023,2023-05-01T08:59:00Z,2023-05-01T10:00:00Z,61,60
XAUUSD,2023,2023-05-01T10:59:00Z,2023-05-01T12:00:00Z,61,60
XAUUSD,2023,2023-05-01T12:59:00Z,2023-05-01T14:00:00Z,61,60
XAUUSD,2023,2023-05-01T14:59:00Z,2023-05-01T16:00:00Z,61,60
XAUUSD,2023,2023-05-01T16:59:00Z,2023-05-01T20:00:00Z,181,180
XAUUSD,2023,2023-05-02T06:59:00Z,2023-05-02T08:00:00Z,61,60
XAUUSD,2023,2023-05-02T08:59:00Z,2023-05-02T10:00:00Z,61,60
XAUUSD,2023,2023-05-02T10:59:00Z,2023-05-02T12:00:00Z,61,60
XAUUSD,2023,2023-05-02T12:59:00Z,2023-05-02T14:00:00Z,61,60
XAUUSD,2023,2023-05-02T16:59:00Z,2023-05-02T19:00:00Z,121,120
XAUUSD,2023,2023-05-03T06:59:00Z,2023-05-03T08:00:00Z,61,60
XAUUSD,2023,2023-05-03T08:59:00Z,2023-05-03T10:00:00Z,61,60
XAUUSD,2023,2023-05-03T10:59:00Z,2023-05-03T12:00:00Z,61,60
XAUUSD,2023,2023-05-03T12:59:00Z,2023-05-03T14:00:00Z,61,60
XAUUSD,2023,2023-05-03T14:59:00Z,2023-05-03T16:00:00Z,61,60
XAUUSD,2023,2023-05-03T16:59:00Z,2023-05-03T18:00:00Z,61,60
XAUUSD,2023,2023-05-03T18:59:00Z,2023-05-03T20:00:00Z,61,60
XAUUSD,2023,2023-05-04T05:59:00Z,2023-05-04T07:00:00Z,61,60
XAUUSD,2023,2023-05-04T08:59:00Z,2023-05-04T10:00:00Z,61,60
XAUUSD,2023,2023-05-04T10:59:00Z,2023-05-04T13:00:00Z,121,120
XAUUSD,2023,2023-05-04T13:59:00Z,2023-05-04T15:00:00Z,61,60
XAUUSD,2023,2023-05-04T15:59:00Z,2023-05-04T19:00:00Z,181,180
XAUUSD,2023,2023-05-05T05:59:00Z,2023-05-05T07:00:00Z,61,60
XAUUSD,2023,2023-05-05T07:59:00Z,2023-05-05T09:00:00Z,61,60
XAUUSD,2023,2023-05-05T09:59:00Z,2023-05-05T11:00:00Z,61,60
XAUUSD,2023,2023-05-05T11:59:00Z,2023-05-05T13:00:00Z,61,60
XAUUSD,2023,2023-05-05T13:59:00Z,2023-05-05T15:00:00Z,61,60
XAUUSD,2023,2023-05-05T15:59:00Z,2023-05-08T00:00:00Z,481,480
XAUUSD,2023,2023-05-08T05:59:00Z,2023-05-08T07:00:00Z,61,60
XAUUSD,2023,2023-05-08T07:59:00Z,2023-05-08T09:00:00Z,61,60
XAUUSD,2023,2023-05-08T09:59:00Z,2023-05-08T11:00:00Z,61,60
XAUUSD,2023,2023-05-08T11:59:00Z,2023-05-08T13:00:00Z,61,60
XAUUSD,2023,2023-05-08T13:59:00Z,2023-05-08T15:00:00Z,61,60
XAUUSD,2023,2023-05-08T15:59:00Z,2023-05-08T18:00:00Z,121,120
XAUUSD,2023,2023-05-08T18:59:00Z,2023-05-08T20:00:00Z,61,60
XAUUSD,2023,2023-05-09T05:59:00Z,2023-05-09T07:00:00Z,61,60
XAUUSD,2023,2023-05-09T07:59:00Z,2023-05-09T09:00:00Z,61,60
XAUUSD,2023,2023-05-09T09:59:00Z,2023-05-09T11:00:00Z,61,60
XAUUSD,2023,2023-05-09T11:59:00Z,2023-05-09T13:00:00Z,61,60
XAUUSD,2023,2023-05-09T13:59:00Z,2023-05-09T15:00:00Z,61,60
XAUUSD,2023,2023-05-09T15:59:00Z,2023-05-09T19:00:00Z,181,180
XAUUSD,2023,2023-05-10T05:59:00Z,2023-05-10T08:00:00Z,121,120
XAUUSD,2023,2023-05-10T09:59:00Z,2023-05-10T11:00:00Z,61,60
XAUUSD,2023,2023-05-10T11:59:00Z,2023-05-10T13:00:00Z,61,60
XAUUSD,2023,2023-05-10T13:59:00Z,2023-05-10T15:00:00Z,61,60
XAUUSD,2023,2023-05-10T16:59:00Z,2023-05-10T19:00:00Z,121,120
XAUUSD,2023,2023-05-11T05:59:00Z,2023-05-11T07:00:00Z,61,60
XAUUSD,2023,2023-05-11T08:59:00Z,2023-05-11T11:00:00Z,121,120
XAUUSD,2023,2023-05-11T11:59:00Z,2023-05-11T13:00:00Z,61,60
XAUUSD,2023,2023-05-11T13:59:00Z,2023-05-11T15:00:00Z,61,60
XAUUSD,2023,2023-05-11T15:59:00Z,2023-05-11T19:00:00Z,181,180
XAUUSD,2023,2023-05-12T06:59:00Z,2023-05-12T08:00:00Z,61,60
XAUUSD,2023,2023-05-12T08:59:00Z,2023-05-12T10:00:00Z,61,60
XAUUSD,2023,2023-05-12T10:59:00Z,2023-05-12T13:00:00Z,121,120
XAUUSD,2023,2023-05-12T14:59:00Z,2023-05-12T16:00:00Z,61,60
XAUUSD,2023,2023-05-12T16:59:00Z,2023-05-15T00:00:00Z,421,420
XAUUSD,2023,2023-05-15T05:59:00Z,2023-05-15T07:00:00Z,61,60
XAUUSD,2023,2023-05-15T07:59:00Z,2023-05-15T09:00:00Z,61,60
XAUUSD,2023,2023-05-15T09:59:00Z,2023-05-15T11:00:00Z,61,60
XAUUSD,2023,2023-05-15T11:59:00Z,2023-05-15T13:00:00Z,61,60
XAUUSD,2023,2023-05-15T13:59:00Z,2023-05-15T15:00:00Z,61,60
XAUUSD,2023,2023-05-15T15:59:00Z,2023-05-15T19:00:00Z,181,180
XAUUSD,2023,2023-05-16T05:59:00Z,2023-05-16T07:00:00Z,61,60
XAUUSD,2023,2023-05-16T07:59:00Z,2023-05-16T09:00:00Z,61,60
XAUUSD,2023,2023-05-16T09:59:00Z,2023-05-16T11:00:00Z,61,60
XAUUSD,2023,2023-05-16T11:59:00Z,2023-05-16T13:00:00Z,61,60
XAUUSD,2023,2023-05-16T13:59:00Z,2023-05-16T15:00:00Z,61,60
XAUUSD,2023,2023-05-16T15:59:00Z,2023-05-16T19:00:00Z,181,180
XAUUSD,2023,2023-05-17T07:59:00Z,2023-05-17T11:00:00Z,181,180
XAUUSD,2023,2023-05-17T11:59:00Z,2023-05-17T13:00:00Z,61,60
XAUUSD,2023,2023-05-17T13:59:00Z,2023-05-17T15:00:00Z,61,60
XAUUSD,2023,2023-05-17T16:59:00Z,2023-05-17T19:00:00Z,121,120
XAUUSD,2023,2023-05-18T04:59:00Z,2023-05-18T06:00:00Z,61,60
XAUUSD,2023,2023-05-18T06:59:00Z,2023-05-18T08:00:00Z,61,60
XAUUSD,2023,2023-05-18T08:59:00Z,2023-05-18T10:00:00Z,61,60
XAUUSD,2023,2023-05-18T10:59:00Z,2023-05-18T12:00:00Z,61,60
XAUUSD,2023,2023-05-18T12:59:00Z,2023-05-18T14:00:00Z,61,60
XAUUSD,2023,2023-05-18T14:59:00Z,2023-05-18T16:00:00Z,61,60
XAUUSD,2023,2023-05-18T16:59:00Z,2023-05-18T18:00:00Z,61,60
XAUUSD,2023,2023-05-18T18:59:00Z,2023-05-18T20:00:00Z,61,60
XAUUSD,2023,2023-05-19T05:59:00Z,2023-05-19T07:00:00Z,61,60
XAUUSD,2023,2023-05-19T07:59:00Z,2023-05-19T09:00:00Z,61,60
XAUUSD,2023,2023-05-19T09:59:00Z,2023-05-19T11:00:00Z,61,60
XAUUSD,2023,2023-05-19T11:59:00Z,2023-05-19T13:00:00Z,61,60
XAUUSD,2023,2023-05-19T13:59:00Z,2023-05-19T15:00:00Z,61,60
XAUUSD,2023,2023-05-19T15:59:00Z,2023-05-22T00:00:00Z,481,480
XAUUSD,2023,2023-05-22T05:59:00Z,2023-05-22T07:00:00Z,61,60
XAUUSD,2023,2023-05-22T08:59:00Z,2023-05-22T11:00:00Z,121,120
XAUUSD,2023,2023-05-22T11:59:00Z,2023-05-22T13:00:00Z,61,60
XAUUSD,2023,2023-05-22T13:59:00Z,2023-05-22T15:00:00Z,61,60
XAUUSD,2023,2023-05-22T15:59:00Z,2023-05-22T19:00:00Z,181,180
XAUUSD,2023,2023-05-23T06:59:00Z,2023-05-23T08:00:00Z,61,60
XAUUSD,2023,2023-05-23T08:59:00Z,2023-05-23T10:00:00Z,61,60
XAUUSD,2023,2023-05-23T10:59:00Z,2023-05-23T12:00:00Z,61,60
XAUUSD,2023,2023-05-23T12:59:00Z,2023-05-23T14:00:00Z,61,60
XAUUSD,2023,2023-05-23T14:59:00Z,2023-05-23T16:00:00Z,61,60
XAUUSD,2023,2023-05-23T16:59:00Z,2023-05-23T18:00:00Z,61,60
XAUUSD,2023,2023-05-23T18:59:00Z,2023-05-23T20:00:00Z,61,60
XAUUSD,2023,2023-05-24T05:59:00Z,2023-05-24T07:00:00Z,61,60
XAUUSD,2023,2023-05-24T07:59:00Z,2023-05-24T09:00:00Z,61,60
XAUUSD,2023,2023-05-24T10:59:00Z,2023-05-24T13:00:00Z,121,120
XAUUSD,2023,2023-05-24T13:59:00Z,2023-05-24T15:00:00Z,61,60
XAUUSD,2023,2023-05-24T15:59:00Z,2023-05-24T19:00:00Z,181,180
XAUUSD,2023,2023-05-25T05:59:00Z,2023-05-25T07:00:00Z,61,60
XAUUSD,2023,2023-05-25T08:59:00Z,2023-05-25T10:00:00Z,61,60
XAUUSD,2023,2023-05-25T10:59:00Z,2023-05-25T12:00:00Z,61,60
XAUUSD,2023,2023-05-25T12:59:00Z,2023-05-25T15:00:00Z,121,120
XAUUSD,2023,2023-05-25T16:59:00Z,2023-05-25T19:00:00Z,121,120
XAUUSD,2023,2023-05-26T05:59:00Z,2023-05-26T07:00:00Z,61,60
XAUUSD,2023,2023-05-26T07:59:00Z,2023-05-26T09:00:00Z,61,60
XAUUSD,2023,2023-05-26T09:59:00Z,2023-05-26T11:00:00Z,61,60
XAUUSD,2023,2023-05-26T11:59:00Z,2023-05-26T13:00:00Z,61,60
XAUUSD,2023,2023-05-26T14:59:00Z,2023-05-29T00:00:00Z,541,540
XAUUSD,2023,2023-05-29T05:59:00Z,2023-05-29T07:00:00Z,61,60
XAUUSD,2023,2023-05-29T07:59:00Z,2023-05-29T09:00:00Z,61,60
XAUUSD,2023,2023-05-29T10:59:00Z,2023-05-29T12:00:00Z,61,60
XAUUSD,2023,2023-05-29T12:59:00Z,2023-05-29T14:00:00Z,61,60
XAUUSD,2023,2023-05-29T14:28:00Z,2023-05-29T18:00:00Z,212,211
XAUUSD,2023,2023-05-29T18:59:00Z,2023-05-29T20:00:00Z,61,60
XAUUSD,2023,2023-05-30T05:59:00Z,2023-05-30T07:00:00Z,61,60
XAUUSD,2023,2023-05-30T08:59:00Z,2023-05-30T10:00:00Z,61,60
XAUUSD,2023,2023-05-30T10:59:00Z,2023-05-30T13:00:00Z,121,120
XAUUSD,2023,2023-05-30T13:59:00Z,2023-05-30T15:00:00Z,61,60
XAUUSD,2023,2023-05-30T16:59:00Z,2023-05-30T18:00:00Z,61,60
XAUUSD,2023,2023-05-30T18:59:00Z,2023-05-30T20:00:00Z,61,60
XAUUSD,2023,2023-05-31T06:59:00Z,2023-05-31T08:00:00Z,61,60
XAUUSD,2023,2023-05-31T08:59:00Z,2023-05-31T10:00:00Z,61,60
XAUUSD,2023,2023-05-31T10:59:00Z,2023-05-31T12:00:00Z,61,60
XAUUSD,2023,2023-05-31T12:59:00Z,2023-05-31T14:00:00Z,61,60
XAUUSD,2023,2023-05-31T14:59:00Z,2023-05-31T16:00:00Z,61,60
XAUUSD,2023,2023-05-31T16:59:00Z,2023-05-31T18:00:00Z,61,60
XAUUSD,2023,2023-05-31T18:59:00Z,2023-05-31T20:00:00Z,61,60
XAUUSD,2023,2023-06-01T06:59:00Z,2023-06-01T08:00:00Z,61,60
XAUUSD,2023,2023-06-01T08:59:00Z,2023-06-01T10:00:00Z,61,60
XAUUSD,2023,2023-06-01T10:59:00Z,2023-06-01T12:00:00Z,61,60
XAUUSD,2023,2023-06-01T12:59:00Z,2023-06-01T14:00:00Z,61,60
XAUUSD,2023,2023-06-01T14:59:00Z,2023-06-01T16:00:00Z,61,60
XAUUSD,2023,2023-06-01T16:59:00Z,2023-06-01T18:00:00Z,61,60
XAUUSD,2023,2023-06-01T18:59:00Z,2023-06-01T20:00:00Z,61,60
XAUUSD,2023,2023-06-02T06:59:00Z,2023-06-02T09:00:00Z,121,120
XAUUSD,2023,2023-06-02T09:59:00Z,2023-06-02T11:00:00Z,61,60
XAUUSD,2023,2023-06-02T11:59:00Z,2023-06-02T13:00:00Z,61,60
XAUUSD,2023,2023-06-02T13:59:00Z,2023-06-02T15:00:00Z,61,60
XAUUSD,2023,2023-06-02T15:59:00Z,2023-06-05T00:00:00Z,481,480
XAUUSD,2023,2023-06-05T06:59:00Z,2023-06-05T08:00:00Z,61,60
XAUUSD,2023,2023-06-05T10:59:00Z,2023-06-05T14:00:00Z,181,180
XAUUSD,2023,2023-06-05T14:59:00Z,2023-06-05T16:00:00Z,61,60
XAUUSD,2023,2023-06-05T16:59:00Z,2023-06-05T19:00:00Z,121,120
XAUUSD,2023,2023-06-06T05:59:00Z,2023-06-06T07:00:00Z,61,60
XAUUSD,2023,2023-06-06T07:59:00Z,2023-06-06T09:00:00Z,61,60
XAUUSD,2023,2023-06-06T09:59:00Z,2023-06-06T11:00:00Z,61,60
XAUUSD,2023,2023-06-06T12:59:00Z,2023-06-06T14:00:00Z,61,60
XAUUSD,2023,2023-06-06T14:59:00Z,2023-06-06T19:00:00Z,241,240
XAUUSD,2023,2023-06-07T04:59:00Z,2023-06-07T06:00:00Z,61,60
XAUUSD,2023,2023-06-07T06:59:00Z,2023-06-07T08:00:00Z,61,60
XAUUSD,2023,2023-06-07T08:59:00Z,2023-06-07T10:00:00Z,61,60
XAUUSD,2023,2023-06-07T10:59:00Z,2023-06-07T12:00:00Z,61,60
XAUUSD,2023,2023-06-07T12:59:00Z,2023-06-07T14:00:00Z,61,60
XAUUSD,2023,2023-06-07T14:59:00Z,2023-06-07T16:00:00Z,61,60
XAUUSD,2023,2023-06-07T16:59:00Z,2023-06-07T18:00:00Z,61,60
XAUUSD,2023,2023-06-07T18:59:00Z,2023-06-07T20:00:00Z,61,60
XAUUSD,2023,2023-06-08T07:59:00Z,2023-06-08T10:00:00Z,121,120
XAUUSD,2023,2023-06-08T10:59:00Z,2023-06-08T12:00:00Z,61,60
XAUUSD,2023,2023-06-08T12:59:00Z,2023-06-08T14:00:00Z,61,60
XAUUSD,2023,2023-06-08T14:59:00Z,2023-06-08T16:00:00Z,61,60
XAUUSD,2023,2023-06-08T16:59:00Z,2023-06-08T18:00:00Z,61,60
XAUUSD,2023,2023-06-08T18:59:00Z,2023-06-08T20:00:00Z,61,60
XAUUSD,2023,2023-06-09T05:59:00Z,2023-06-09T07:00:00Z,61,60
XAUUSD,2023,2023-06-09T07:59:00Z,2023-06-09T09:00:00Z,61,60
XAUUSD,2023,2023-06-09T09:59:00Z,2023-06-09T11:00:00Z,61,60
XAUUSD,2023,2023-06-09T11:59:00Z,2023-06-09T13:00:00Z,61,60
XAUUSD,2023,2023-06-09T13:59:00Z,2023-06-09T15:00:00Z,61,60
XAUUSD,2023,2023-06-09T16:59:00Z,2023-06-12T00:00:00Z,421,420
XAUUSD,2023,2023-06-12T06:59:00Z,2023-06-12T08:00:00Z,61,60
XAUUSD,2023,2023-06-12T08:59:00Z,2023-06-12T10:00:00Z,61,60
XAUUSD,2023,2023-06-12T10:59:00Z,2023-06-12T12:00:00Z,61,60
XAUUSD,2023,2023-06-12T12:59:00Z,2023-06-12T14:00:00Z,61,60
XAUUSD,2023,2023-06-12T14:59:00Z,2023-06-12T16:00:00Z,61,60
XAUUSD,2023,2023-06-12T16:59:00Z,2023-06-12T18:00:00Z,61,60
XAUUSD,2023,2023-06-12T18:59:00Z,2023-06-12T20:00:00Z,61,60
XAUUSD,2023,2023-06-13T05:59:00Z,2023-06-13T07:00:00Z,61,60
XAUUSD,2023,2023-06-13T07:59:00Z,2023-06-13T09:00:00Z,61,60
XAUUSD,2023,2023-06-13T09:59:00Z,2023-06-13T11:00:00Z,61,60
XAUUSD,2023,2023-06-13T12:59:00Z,2023-06-13T15:00:00Z,121,120
XAUUSD,2023,2023-06-13T15:59:00Z,2023-06-13T19:00:00Z,181,180
XAUUSD,2023,2023-06-14T06:59:00Z,2023-06-14T08:00:00Z,61,60
XAUUSD,2023,2023-06-14T08:59:00Z,2023-06-14T10:00:00Z,61,60
XAUUSD,2023,2023-06-14T10:59:00Z,2023-06-14T12:00:00Z,61,60
XAUUSD,2023,2023-06-14T12:59:00Z,2023-06-14T14:00:00Z,61,60
XAUUSD,2023,2023-06-14T14:59:00Z,2023-06-14T16:00:00Z,61,60
XAUUSD,2023,2023-06-14T16:59:00Z,2023-06-14T18:00:00Z,61,60
XAUUSD,2023,2023-06-14T18:59:00Z,2023-06-14T20:00:00Z,61,60
XAUUSD,2023,2023-06-15T06:59:00Z,2023-06-15T08:00:00Z,61,60
XAUUSD,2023,2023-06-15T08:59:00Z,2023-06-15T10:00:00Z,61,60
XAUUSD,2023,2023-06-15T10:59:00Z,2023-06-15T12:00:00Z,61,60
XAUUSD,2023,2023-06-15T12:59:00Z,2023-06-15T14:00:00Z,61,60
XAUUSD,2023,2023-06-15T15:59:00Z,2023-06-15T18:00:00Z,121,120
XAUUSD,2023,2023-06-15T18:59:00Z,2023-06-15T20:00:00Z,61,60
XAUUSD,2023,2023-06-16T06:59:00Z,2023-06-16T08:00:00Z,61,60
XAUUSD,2023,2023-06-16T08:59:00Z,2023-06-16T10:00:00Z,61,60
XAUUSD,2023,2023-06-16T10:59:00Z,2023-06-16T12:00:00Z,61,60
XAUUSD,2023,2023-06-16T12:59:00Z,2023-06-16T14:00:00Z,61,60
XAUUSD,2023,2023-06-16T14:59:00Z,2023-06-16T16:00:00Z,61,60
XAUUSD,2023,2023-06-16T16:59:00Z,2023-06-19T00:00:00Z,421,420
XAUUSD,2023,2023-06-19T06:59:00Z,2023-06-19T09:00:00Z,121,120
XAUUSD,2023,2023-06-19T10:59:00Z,2023-06-19T13:00:00Z,121,120
XAUUSD,2023,2023-06-19T13:59:00Z,2023-06-19T18:00:00Z,241,240
XAUUSD,2023,2023-06-19T18:58:00Z,2023-06-19T20:00:00Z,62,61
XAUUSD,2023,2023-06-20T05:59:00Z,2023-06-20T07:00:00Z,61,60
XAUUSD,2023,2023-06-20T07:59:00Z,2023-06-20T09:00:00Z,61,60
XAUUSD,2023,2023-06-20T09:59:00Z,2023-06-20T11:00:00Z,61,60
XAUUSD,2023,2023-06-20T11:59:00Z,2023-06-20T13:00:00Z,61,60
XAUUSD,2023,2023-06-20T13:59:00Z,2023-06-20T15:00:00Z,61,60
XAUUSD,2023,2023-06-20T15:59:00Z,2023-06-20T19:00:00Z,181,180
XAUUSD,2023,2023-06-21T06:59:00Z,2023-06-21T08:00:00Z,61,60
XAUUSD,2023,2023-06-21T08:59:00Z,2023-06-21T10:00:00Z,61,60
XAUUSD,2023,2023-06-21T10:59:00Z,2023-06-21T12:00:00Z,61,60
XAUUSD,2023,2023-06-21T12:59:00Z,2023-06-21T14:00:00Z,61,60
XAUUSD,2023,2023-06-21T14:59:00Z,2023-06-21T16:00:00Z,61,60
XAUUSD,2023,2023-06-21T16:59:00Z,2023-06-21T20:00:00Z,181,180
XAUUSD,2023,2023-06-22T05:59:00Z,2023-06-22T07:00:00Z,61,60
XAUUSD,2023,2023-06-22T07:59:00Z,2023-06-22T09:00:00Z,61,60
XAUUSD,2023,2023-06-22T09:59:00Z,2023-06-22T11:00:00Z,61,60
XAUUSD,2023,2023-06-22T12:59:00Z,2023-06-22T14:00:00Z,61,60
XAUUSD,2023,2023-06-22T14:59:00Z,2023-06-22T16:00:00Z,61,60
XAUUSD,2023,2023-06-22T16:59:00Z,2023-06-22T18:00:00Z,61,60
XAUUSD,2023,2023-06-22T18:59:00Z,2023-06-22T20:00:00Z,61,60
XAUUSD,2023,2023-06-23T06:59:00Z,2023-06-23T08:00:00Z,61,60
XAUUSD,2023,2023-06-23T08:59:00Z,2023-06-23T10:00:00Z,61,60
XAUUSD,2023,2023-06-23T10:59:00Z,2023-06-23T12:00:00Z,61,60
XAUUSD,2023,2023-06-23T12:59:00Z,2023-06-23T14:00:00Z,61,60
XAUUSD,2023,2023-06-23T14:59:00Z,2023-06-23T16:00:00Z,61,60
XAUUSD,2023,2023-06-23T16:59:00Z,2023-06-26T00:00:00Z,421,420
XAUUSD,2023,2023-06-26T02:59:00Z,2023-06-26T04:00:00Z,61,60
XAUUSD,2023,2023-06-26T04:59:00Z,2023-06-26T06:00:00Z,61,60
XAUUSD,2023,2023-06-26T06:59:00Z,2023-06-26T08:00:00Z,61,60
XAUUSD,2023,2023-06-26T08:59:00Z,2023-06-26T10:00:00Z,61,60
XAUUSD,2023,2023-06-26T10:59:00Z,2023-06-26T12:00:00Z,61,60
XAUUSD,2023,2023-06-26T12:59:00Z,2023-06-26T14:00:00Z,61,60
XAUUSD,2023,2023-06-26T14:59:00Z,2023-06-26T16:00:00Z,61,60
XAUUSD,2023,2023-06-26T16:59:00Z,2023-06-26T18:00:00Z,61,60
XAUUSD,2023,2023-06-26T18:59:00Z,2023-06-26T20:00:00Z,61,60
XAUUSD,2023,2023-06-27T05:59:00Z,2023-06-27T07:00:00Z,61,60
XAUUSD,2023,2023-06-27T08:59:00Z,2023-06-27T10:00:00Z,61,60
XAUUSD,2023,2023-06-27T10:59:00Z,2023-06-27T12:00:00Z,61,60
XAUUSD,2023,2023-06-27T12:59:00Z,2023-06-27T15:00:00Z,121,120
XAUUSD,2023,2023-06-27T16:59:00Z,2023-06-27T19:00:00Z,121,120
XAUUSD,2023,2023-06-28T05:59:00Z,2023-06-28T07:00:00Z,61,60
XAUUSD,2023,2023-06-28T08:59:00Z,2023-06-28T11:00:00Z,121,120
XAUUSD,2023,2023-06-28T11:59:00Z,2023-06-28T13:00:00Z,61,60
XAUUSD,2023,2023-06-28T14:59:00Z,2023-06-28T19:00:00Z,241,240
XAUUSD,2023,2023-06-29T05:59:00Z,2023-06-29T07:00:00Z,61,60
XAUUSD,2023,2023-06-29T08:59:00Z,2023-06-29T10:00:00Z,61,60
XAUUSD,2023,2023-06-29T10:59:00Z,2023-06-29T13:00:00Z,121,120
XAUUSD,2023,2023-06-29T15:59:00Z,2023-06-29T18:00:00Z,121,120
XAUUSD,2023,2023-06-29T18:59:00Z,2023-06-29T20:00:00Z,61,60
XAUUSD,2023,2023-06-30T06:59:00Z,2023-06-30T08:00:00Z,61,60
XAUUSD,2023,2023-06-30T08:59:00Z,2023-06-30T10:00:00Z,61,60
XAUUSD,2023,2023-06-30T10:59:00Z,2023-06-30T12:00:00Z,61,60
XAUUSD,2023,2023-06-30T12:59:00Z,2023-06-30T14:00:00Z,61,60
XAUUSD,2023,2023-06-30T14:59:00Z,2023-06-30T16:00:00Z,61,60
XAUUSD,2023,2023-06-30T16:59:00Z,2023-07-03T00:00:00Z,421,420
XAUUSD,2023,2023-07-03T05:59:00Z,2023-07-03T07:00:00Z,61,60
XAUUSD,2023,2023-07-03T08:59:00Z,2023-07-03T11:00:00Z,121,120
XAUUSD,2023,2023-07-03T11:59:00Z,2023-07-03T13:00:00Z,61,60
XAUUSD,2023,2023-07-03T13:59:00Z,2023-07-03T15:00:00Z,61,60
XAUUSD,2023,2023-07-03T15:59:00Z,2023-07-03T19:00:00Z,181,180
XAUUSD,2023,2023-07-04T05:59:00Z,2023-07-04T07:00:00Z,61,60
XAUUSD,2023,2023-07-04T07:59:00Z,2023-07-04T09:00:00Z,61,60
XAUUSD,2023,2023-07-04T09:59:00Z,2023-07-04T11:00:00Z,61,60
XAUUSD,2023,2023-07-04T11:59:00Z,2023-07-04T13:00:00Z,61,60
XAUUSD,2023,2023-07-04T13:59:00Z,2023-07-04T18:00:00Z,241,240
XAUUSD,2023,2023-07-04T18:59:00Z,2023-07-04T20:00:00Z,61,60
XAUUSD,2023,2023-07-05T05:59:00Z,2023-07-05T07:00:00Z,61,60
XAUUSD,2023,2023-07-05T07:59:00Z,2023-07-05T09:00:00Z,61,60
XAUUSD,2023,2023-07-05T09:59:00Z,2023-07-05T11:00:00Z,61,60
XAUUSD,2023,2023-07-05T11:59:00Z,2023-07-05T13:00:00Z,61,60
XAUUSD,2023,2023-07-05T13:59:00Z,2023-07-05T15:00:00Z,61,60
XAUUSD,2023,2023-07-05T15:59:00Z,2023-07-05T19:00:00Z,181,180
XAUUSD,2023,2023-07-06T04:59:00Z,2023-07-06T06:00:00Z,61,60
XAUUSD,2023,2023-07-06T06:59:00Z,2023-07-06T08:00:00Z,61,60
XAUUSD,2023,2023-07-06T08:59:00Z,2023-07-06T10:00:00Z,61,60
XAUUSD,2023,2023-07-06T10:59:00Z,2023-07-06T13:00:00Z,121,120
XAUUSD,2023,2023-07-06T14:59:00Z,2023-07-06T16:00:00Z,61,60
XAUUSD,2023,2023-07-06T16:59:00Z,2023-07-06T18:00:00Z,61,60
XAUUSD,2023,2023-07-06T18:59:00Z,2023-07-06T20:00:00Z,61,60
XAUUSD,2023,2023-07-07T06:59:00Z,2023-07-07T08:00:00Z,61,60
XAUUSD,2023,2023-07-07T08:59:00Z,2023-07-07T10:00:00Z,61,60
XAUUSD,2023,2023-07-07T10:59:00Z,2023-07-07T12:00:00Z,61,60
XAUUSD,2023,2023-07-07T12:59:00Z,2023-07-07T14:00:00Z,61,60
XAUUSD,2023,2023-07-07T14:59:00Z,2023-07-07T16:00:00Z,61,60
XAUUSD,2023,2023-07-07T16:59:00Z,2023-07-10T00:00:00Z,421,420
XAUUSD,2023,2023-07-10T04:59:00Z,2023-07-10T06:00:00Z,61,60
XAUUSD,2023,2023-07-10T07:59:00Z,2023-07-10T09:00:00Z,61,60
XAUUSD,2023,2023-07-10T09:59:00Z,2023-07-10T11:00:00Z,61,60
XAUUSD,2023,2023-07-10T11:59:00Z,2023-07-10T13:00:00Z,61,60
XAUUSD,2023,2023-07-10T13:59:00Z,2023-07-10T15:00:00Z,61,60
XAUUSD,2023,2023-07-10T15:59:00Z,2023-07-10T18:00:00Z,121,120
XAUUSD,2023,2023-07-10T18:59:00Z,2023-07-10T20:00:00Z,61,60
XAUUSD,2023,2023-07-11T05:59:00Z,2023-07-11T07:00:00Z,61,60
XAUUSD,2023,2023-07-11T07:59:00Z,2023-07-11T09:00:00Z,61,60
XAUUSD,2023,2023-07-11T10:59:00Z,2023-07-11T12:00:00Z,61,60
XAUUSD,2023,2023-07-11T12:59:00Z,2023-07-11T15:00:00Z,121,120
XAUUSD,2023,2023-07-11T15:59:00Z,2023-07-11T18:00:00Z,121,120
XAUUSD,2023,2023-07-11T18:59:00Z,2023-07-11T20:00:00Z,61,60
XAUUSD,2023,2023-07-12T06:59:00Z,2023-07-12T08:00:00Z,61,60
XAUUSD,2023,2023-07-12T11:59:00Z,2023-07-12T18:00:00Z,361,360
XAUUSD,2023,2023-07-12T18:59:00Z,2023-07-12T20:00:00Z,61,60
XAUUSD,2023,2023-07-13T07:59:00Z,2023-07-13T11:00:00Z,181,180
XAUUSD,2023,2023-07-13T11:59:00Z,2023-07-13T13:00:00Z,61,60
XAUUSD,2023,2023-07-13T14:59:00Z,2023-07-13T18:00:00Z,181,180
XAUUSD,2023,2023-07-13T18:59:00Z,2023-07-13T20:00:00Z,61,60
XAUUSD,2023,2023-07-14T05:59:00Z,2023-07-14T07:00:00Z,61,60
XAUUSD,2023,2023-07-14T08:59:00Z,2023-07-14T10:00:00Z,61,60
XAUUSD,2023,2023-07-14T10:59:00Z,2023-07-14T12:00:00Z,61,60
XAUUSD,2023,2023-07-14T12:59:00Z,2023-07-14T15:00:00Z,121,120
XAUUSD,2023,2023-07-14T16:59:00Z,2023-07-17T00:00:00Z,421,420
XAUUSD,2023,2023-07-17T05:59:00Z,2023-07-17T07:00:00Z,61,60
XAUUSD,2023,2023-07-17T07:59:00Z,2023-07-17T09:00:00Z,61,60
XAUUSD,2023,2023-07-17T09:59:00Z,2023-07-17T11:00:00Z,61,60
XAUUSD,2023,2023-07-17T11:59:00Z,2023-07-17T13:00:00Z,61,60
XAUUSD,2023,2023-07-17T13:59:00Z,2023-07-17T15:00:00Z,61,60
XAUUSD,2023,2023-07-17T15:59:00Z,2023-07-17T19:00:00Z,181,180
XAUUSD,2023,2023-07-18T06:59:00Z,2023-07-18T08:00:00Z,61,60
XAUUSD,2023,2023-07-18T08:59:00Z,2023-07-18T10:00:00Z,61,60
XAUUSD,2023,2023-07-18T10:59:00Z,2023-07-18T12:00:00Z,61,60
XAUUSD,2023,2023-07-18T12:59:00Z,2023-07-18T14:00:00Z,61,60
XAUUSD,2023,2023-07-18T14:59:00Z,2023-07-18T16:00:00Z,61,60
XAUUSD,2023,2023-07-18T16:59:00Z,2023-07-18T18:00:00Z,61,60
XAUUSD,2023,2023-07-18T18:59:00Z,2023-07-18T20:00:00Z,61,60
XAUUSD,2023,2023-07-19T05:59:00Z,2023-07-19T07:00:00Z,61,60
XAUUSD,2023,2023-07-19T07:59:00Z,2023-07-19T09:00:00Z,61,60
XAUUSD,2023,2023-07-19T09:59:00Z,2023-07-19T11:00:00Z,61,60
XAUUSD,2023,2023-07-19T11:59:00Z,2023-07-19T13:00:00Z,61,60
XAUUSD,2023,2023-07-19T13:59:00Z,2023-07-19T15:00:00Z,61,60
XAUUSD,2023,2023-07-19T15:59:00Z,2023-07-19T19:00:00Z,181,180
XAUUSD,2023,2023-07-20T06:59:00Z,2023-07-20T08:00:00Z,61,60
XAUUSD,2023,2023-07-20T08:59:00Z,2023-07-20T10:00:00Z,61,60
XAUUSD,2023,2023-07-20T10:59:00Z,2023-07-20T12:00:00Z,61,60
XAUUSD,2023,2023-07-20T12:59:00Z,2023-07-20T14:00:00Z,61,60
XAUUSD,2023,2023-07-20T14:59:00Z,2023-07-20T16:00:00Z,61,60
XAUUSD,2023,2023-07-20T16:59:00Z,2023-07-20T18:00:00Z,61,60
XAUUSD,2023,2023-07-20T18:59:00Z,2023-07-20T20:00:00Z,61,60
XAUUSD,2023,2023-07-21T06:59:00Z,2023-07-21T08:00:00Z,61,60
XAUUSD,2023,2023-07-21T08:59:00Z,2023-07-21T10:00:00Z,61,60
XAUUSD,2023,2023-07-21T10:59:00Z,2023-07-21T12:00:00Z,61,60
XAUUSD,2023,2023-07-21T12:59:00Z,2023-07-21T14:00:00Z,61,60
XAUUSD,2023,2023-07-21T14:59:00Z,2023-07-21T16:00:00Z,61,60
XAUUSD,2023,2023-07-21T16:59:00Z,2023-07-24T00:00:00Z,421,420
XAUUSD,2023,2023-07-24T06:59:00Z,2023-07-24T08:00:00Z,61,60
XAUUSD,2023,2023-07-24T08:59:00Z,2023-07-24T11:00:00Z,121,120
XAUUSD,2023,2023-07-24T11:59:00Z,2023-07-24T13:00:00Z,61,60
XAUUSD,2023,2023-07-24T14:59:00Z,2023-07-24T16:00:00Z,61,60
XAUUSD,2023,2023-07-24T16:59:00Z,2023-07-24T18:00:00Z,61,60
XAUUSD,2023,2023-07-24T18:59:00Z,2023-07-24T20:00:00Z,61,60
XAUUSD,2023,2023-07-25T06:59:00Z,2023-07-25T09:00:00Z,121,120
XAUUSD,2023,2023-07-25T10:59:00Z,2023-07-25T13:00:00Z,121,120
XAUUSD,2023,2023-07-25T13:59:00Z,2023-07-25T15:00:00Z,61,60
XAUUSD,2023,2023-07-25T16:59:00Z,2023-07-25T18:00:00Z,61,60
XAUUSD,2023,2023-07-25T18:59:00Z,2023-07-25T20:00:00Z,61,60
XAUUSD,2023,2023-07-26T06:59:00Z,2023-07-26T08:00:00Z,61,60
XAUUSD,2023,2023-07-26T08:59:00Z,2023-07-26T10:00:00Z,61,60
XAUUSD,2023,2023-07-26T10:59:00Z,2023-07-26T12:00:00Z,61,60
XAUUSD,2023,2023-07-26T12:59:00Z,2023-07-26T14:00:00Z,61,60
XAUUSD,2023,2023-07-26T14:59:00Z,2023-07-26T16:00:00Z,61,60
XAUUSD,2023,2023-07-26T16:59:00Z,2023-07-26T18:00:00Z,61,60
XAUUSD,2023,2023-07-26T18:59:00Z,2023-07-26T20:00:00Z,61,60
XAUUSD,2023,2023-07-27T05:59:00Z,2023-07-27T07:00:00Z,61,60
XAUUSD,2023,2023-07-27T07:59:00Z,2023-07-27T09:00:00Z,61,60
XAUUSD,2023,2023-07-27T09:59:00Z,2023-07-27T11:00:00Z,61,60
XAUUSD,2023,2023-07-27T11:59:00Z,2023-07-27T13:00:00Z,61,60
XAUUSD,2023,2023-07-27T13:59:00Z,2023-07-27T15:00:00Z,61,60
XAUUSD,2023,2023-07-27T15:59:00Z,2023-07-27T19:00:00Z,181,180
XAUUSD,2023,2023-07-28T05:59:00Z,2023-07-28T07:00:00Z,61,60
XAUUSD,2023,2023-07-28T07:59:00Z,2023-07-28T09:00:00Z,61,60
XAUUSD,2023,2023-07-28T10:59:00Z,2023-07-28T13:00:00Z,121,120
XAUUSD,2023,2023-07-28T13:59:00Z,2023-07-28T15:00:00Z,61,60
XAUUSD,2023,2023-07-28T16:59:00Z,2023-07-31T00:00:00Z,421,420
XAUUSD,2023,2023-07-31T16:59:00Z,2023-07-31T18:00:00Z,61,60
XAUUSD,2023,2023-08-01T16:59:00Z,2023-08-01T18:00:00Z,61,60
XAUUSD,2023,2023-08-02T16:59:00Z,2023-08-02T18:00:00Z,61,60
XAUUSD,2023,2023-08-03T16:59:00Z,2023-08-03T18:00:00Z,61,60
XAUUSD,2023,2023-08-04T16:59:00Z,2023-08-07T00:00:00Z,421,420
XAUUSD,2023,2023-08-07T16:59:00Z,2023-08-07T18:00:00Z,61,60
XAUUSD,2023,2023-08-08T16:59:00Z,2023-08-08T18:00:00Z,61,60
XAUUSD,2023,2023-08-09T16:59:00Z,2023-08-09T18:00:00Z,61,60
XAUUSD,2023,2023-08-10T16:59:00Z,2023-08-10T18:00:00Z,61,60
XAUUSD,2023,2023-08-11T16:59:00Z,2023-08-14T00:00:00Z,421,420
XAUUSD,2023,2023-08-14T16:59:00Z,2023-08-14T18:00:00Z,61,60
XAUUSD,2023,2023-08-15T16:59:00Z,2023-08-15T18:00:00Z,61,60
XAUUSD,2023,2023-08-16T16:59:00Z,2023-08-16T18:00:00Z,61,60
XAUUSD,2023,2023-08-17T16:59:00Z,2023-08-17T18:00:00Z,61,60
XAUUSD,2023,2023-08-18T16:59:00Z,2023-08-21T00:00:00Z,421,420
XAUUSD,2023,2023-08-21T16:59:00Z,2023-08-21T18:00:00Z,61,60
XAUUSD,2023,2023-08-22T16:59:00Z,2023-08-22T18:00:00Z,61,60
XAUUSD,2023,2023-08-23T16:59:00Z,2023-08-23T18:00:00Z,61,60
XAUUSD,2023,2023-08-24T16:59:00Z,2023-08-24T18:00:00Z,61,60
XAUUSD,2023,2023-08-25T16:59:00Z,2023-08-28T00:00:00Z,421,420
XAUUSD,2023,2023-08-28T16:59:00Z,2023-08-28T18:00:00Z,61,60
XAUUSD,2023,2023-08-29T16:59:00Z,2023-08-29T18:00:00Z,61,60
XAUUSD,2023,2023-08-30T16:59:00Z,2023-08-30T18:00:00Z,61,60
XAUUSD,2023,2023-08-31T16:59:00Z,2023-08-31T18:00:00Z,61,60
XAUUSD,2023,2023-09-01T16:59:00Z,2023-09-04T00:00:00Z,421,420
XAUUSD,2023,2023-09-04T14:28:00Z,2023-09-04T18:00:00Z,212,211
XAUUSD,2023,2023-09-05T16:59:00Z,2023-09-05T18:00:00Z,61,60
XAUUSD,2023,2023-09-06T16:59:00Z,2023-09-06T18:00:00Z,61,60
XAUUSD,2023,2023-09-07T16:59:00Z,2023-09-07T18:00:00Z,61,60
XAUUSD,2023,2023-09-08T16:59:00Z,2023-09-11T00:00:00Z,421,420
XAUUSD,2023,2023-09-11T16:59:00Z,2023-09-11T18:00:00Z,61,60
XAUUSD,2023,2023-09-12T16:59:00Z,2023-09-12T18:00:00Z,61,60
XAUUSD,2023,2023-09-13T16:59:00Z,2023-09-13T18:00:00Z,61,60
XAUUSD,2023,2023-09-14T09:49:00Z,2023-09-14T10:00:00Z,11,10
XAUUSD,2023,2023-09-14T16:59:00Z,2023-09-14T18:00:00Z,61,60
XAUUSD,2023,2023-09-15T16:59:00Z,2023-09-18T00:00:00Z,421,420
XAUUSD,2023,2023-09-18T16:59:00Z,2023-09-18T18:00:00Z,61,60
XAUUSD,2023,2023-09-19T16:59:00Z,2023-09-19T18:00:00Z,61,60
XAUUSD,2023,2023-09-20T16:59:00Z,2023-09-20T18:00:00Z,61,60
XAUUSD,2023,2023-09-21T16:59:00Z,2023-09-21T18:00:00Z,61,60
XAUUSD,2023,2023-09-22T16:59:00Z,2023-09-25T00:00:00Z,421,420
XAUUSD,2023,2023-09-25T06:05:00Z,2023-09-25T07:00:00Z,55,54
XAUUSD,2023,2023-09-25T16:59:00Z,2023-09-25T18:00:00Z,61,60
XAUUSD,2023,2023-09-26T16:59:00Z,2023-09-26T18:00:00Z,61,60
XAUUSD,2023,2023-09-27T16:59:00Z,2023-09-27T18:00:00Z,61,60
XAUUSD,2023,2023-09-28T16:59:00Z,2023-09-28T18:00:00Z,61,60
XAUUSD,2023,2023-09-29T16:59:00Z,2023-10-02T00:00:00Z,421,420
XAUUSD,2023,2023-10-02T16:59:00Z,2023-10-02T18:00:00Z,61,60
XAUUSD,2023,2023-10-03T16:59:00Z,2023-10-03T18:00:00Z,61,60
XAUUSD,2023,2023-10-04T16:59:00Z,2023-10-04T18:00:00Z,61,60
XAUUSD,2023,2023-10-05T16:59:00Z,2023-10-05T18:00:00Z,61,60
XAUUSD,2023,2023-10-06T16:59:00Z,2023-10-09T00:00:00Z,421,420
XAUUSD,2023,2023-10-09T16:59:00Z,2023-10-09T18:00:00Z,61,60
XAUUSD,2023,2023-10-10T16:59:00Z,2023-10-10T18:00:00Z,61,60
XAUUSD,2023,2023-10-11T16:59:00Z,2023-10-11T18:00:00Z,61,60
XAUUSD,2023,2023-10-12T16:59:00Z,2023-10-12T18:00:00Z,61,60
XAUUSD,2023,2023-10-13T16:59:00Z,2023-10-16T00:00:00Z,421,420
XAUUSD,2023,2023-10-16T16:59:00Z,2023-10-16T18:00:00Z,61,60
XAUUSD,2023,2023-10-17T16:59:00Z,2023-10-17T18:00:00Z,61,60
XAUUSD,2023,2023-10-18T16:59:00Z,2023-10-18T18:00:00Z,61,60
XAUUSD,2023,2023-10-19T16:59:00Z,2023-10-19T18:00:00Z,61,60
XAUUSD,2023,2023-10-20T16:59:00Z,2023-10-23T00:00:00Z,421,420
XAUUSD,2023,2023-10-23T16:59:00Z,2023-10-23T18:00:00Z,61,60
XAUUSD,2023,2023-10-24T16:59:00Z,2023-10-24T18:00:00Z,61,60
XAUUSD,2023,2023-10-25T16:59:00Z,2023-10-25T18:00:00Z,61,60
XAUUSD,2023,2023-10-26T16:59:00Z,2023-10-26T18:00:00Z,61,60
XAUUSD,2023,2023-10-27T16:59:00Z,2023-10-30T00:00:00Z,421,420
XAUUSD,2023,2023-10-30T15:59:00Z,2023-10-30T17:00:00Z,61,60
XAUUSD,2023,2023-10-31T15:59:00Z,2023-10-31T17:00:00Z,61,60
XAUUSD,2023,2023-11-01T15:59:00Z,2023-11-01T17:00:00Z,61,60
XAUUSD,2023,2023-11-02T15:59:00Z,2023-11-02T17:00:00Z,61,60
XAUUSD,2023,2023-11-03T15:59:00Z,2023-11-06T00:00:00Z,481,480
XAUUSD,2023,2023-11-06T16:59:00Z,2023-11-06T18:00:00Z,61,60
XAUUSD,2023,2023-11-07T16:59:00Z,2023-11-07T18:00:00Z,61,60
XAUUSD,2023,2023-11-08T16:59:00Z,2023-11-08T18:00:00Z,61,60
XAUUSD,2023,2023-11-09T16:59:00Z,2023-11-09T18:00:00Z,61,60
XAUUSD,2023,2023-11-10T16:59:00Z,2023-11-13T00:00:00Z,421,420
XAUUSD,2023,2023-11-13T16:59:00Z,2023-11-13T18:00:00Z,61,60
XAUUSD,2023,2023-11-14T16:59:00Z,2023-11-14T18:00:00Z,61,60
XAUUSD,2023,2023-11-15T16:59:00Z,2023-11-15T18:00:00Z,61,60
XAUUSD,2023,2023-11-16T16:59:00Z,2023-11-16T18:00:00Z,61,60
XAUUSD,2023,2023-11-17T16:59:00Z,2023-11-20T00:00:00Z,421,420
XAUUSD,2023,2023-11-20T16:59:00Z,2023-11-20T18:00:00Z,61,60
XAUUSD,2023,2023-11-21T16:59:00Z,2023-11-21T18:00:00Z,61,60
XAUUSD,2023,2023-11-22T16:59:00Z,2023-11-22T18:00:00Z,61,60
XAUUSD,2023,2023-11-23T13:28:00Z,2023-11-23T18:00:00Z,272,271
XAUUSD,2023,2023-11-24T12:43:00Z,2023-11-27T00:00:00Z,677,676
XAUUSD,2023,2023-11-27T16:59:00Z,2023-11-27T18:00:00Z,61,60
XAUUSD,2023,2023-11-28T16:59:00Z,2023-11-28T18:00:00Z,61,60
XAUUSD,2023,2023-11-29T16:59:00Z,2023-11-29T18:00:00Z,61,60
XAUUSD,2023,2023-11-30T16:59:00Z,2023-11-30T18:00:00Z,61,60
XAUUSD,2023,2023-12-01T16:59:00Z,2023-12-04T00:00:00Z,421,420
XAUUSD,2023,2023-12-04T16:59:00Z,2023-12-04T18:00:00Z,61,60
XAUUSD,2023,2023-12-05T16:59:00Z,2023-12-05T18:00:00Z,61,60
XAUUSD,2023,2023-12-06T16:59:00Z,2023-12-06T18:00:00Z,61,60
XAUUSD,2023,2023-12-07T16:59:00Z,2023-12-07T18:00:00Z,61,60
XAUUSD,2023,2023-12-08T16:59:00Z,2023-12-11T00:00:00Z,421,420
XAUUSD,2023,2023-12-11T16:59:00Z,2023-12-11T18:00:00Z,61,60
XAUUSD,2023,2023-12-12T16:59:00Z,2023-12-12T18:00:00Z,61,60
XAUUSD,2023,2023-12-13T16:59:00Z,2023-12-13T18:00:00Z,61,60
XAUUSD,2023,2023-12-14T16:59:00Z,2023-12-14T18:00:00Z,61,60
XAUUSD,2023,2023-12-15T16:59:00Z,2023-12-18T00:00:00Z,421,420
XAUUSD,2023,2023-12-18T16:59:00Z,2023-12-18T18:00:00Z,61,60
XAUUSD,2023,2023-12-19T16:59:00Z,2023-12-19T18:00:00Z,61,60
XAUUSD,2023,2023-12-20T16:59:00Z,2023-12-20T18:00:00Z,61,60
XAUUSD,2023,2023-12-21T16:59:00Z,2023-12-21T18:00:00Z,61,60
XAUUSD,2023,2023-12-22T16:58:00Z,2023-12-25T18:00:00Z,1502,1501
XAUUSD,2023,2023-12-26T16:59:00Z,2023-12-26T18:00:00Z,61,60
XAUUSD,2023,2023-12-27T16:59:00Z,2023-12-27T18:00:00Z,61,60
XAUUSD,2023,2023-12-28T16:59:00Z,2023-12-28T18:00:00Z,61,60
XAUUSD,2024,2024-01-02T16:59:00Z,2024-01-02T18:00:00Z,61,60
XAUUSD,2024,2024-01-03T16:59:00Z,2024-01-03T18:00:00Z,61,60
XAUUSD,2024,2024-01-04T16:59:00Z,2024-01-04T18:00:00Z,61,60
XAUUSD,2024,2024-01-05T16:59:00Z,2024-01-08T00:00:00Z,421,420
XAUUSD,2024,2024-01-08T16:59:00Z,2024-01-08T18:00:00Z,61,60
XAUUSD,2024,2024-01-09T16:59:00Z,2024-01-09T18:00:00Z,61,60
XAUUSD,2024,2024-01-10T16:59:00Z,2024-01-10T18:00:00Z,61,60
XAUUSD,2024,2024-01-11T16:59:00Z,2024-01-11T18:00:00Z,61,60
XAUUSD,2024,2024-01-12T12:59:00Z,2024-01-15T00:00:00Z,661,660
XAUUSD,2024,2024-01-15T14:29:00Z,2024-01-15T18:00:00Z,211,210
XAUUSD,2024,2024-01-16T16:59:00Z,2024-01-16T18:00:00Z,61,60
XAUUSD,2024,2024-01-17T16:59:00Z,2024-01-17T18:00:00Z,61,60
XAUUSD,2024,2024-01-18T16:59:00Z,2024-01-18T18:00:00Z,61,60
XAUUSD,2024,2024-01-19T16:59:00Z,2024-01-22T00:00:00Z,421,420
XAUUSD,2024,2024-01-22T16:59:00Z,2024-01-22T18:00:00Z,61,60
XAUUSD,2024,2024-01-23T16:59:00Z,2024-01-23T18:00:00Z,61,60
XAUUSD,2024,2024-01-24T16:59:00Z,2024-01-24T18:00:00Z,61,60
XAUUSD,2024,2024-01-25T16:59:00Z,2024-01-25T18:00:00Z,61,60
XAUUSD,2024,2024-01-26T16:59:00Z,2024-01-29T00:00:00Z,421,420
XAUUSD,2024,2024-01-29T16:59:00Z,2024-01-29T18:00:00Z,61,60
XAUUSD,2024,2024-01-30T16:59:00Z,2024-01-30T18:00:00Z,61,60
XAUUSD,2024,2024-01-31T16:59:00Z,2024-01-31T18:00:00Z,61,60
XAUUSD,2024,2024-02-01T16:59:00Z,2024-02-01T18:00:00Z,61,60
XAUUSD,2024,2024-02-02T16:59:00Z,2024-02-05T00:00:00Z,421,420
XAUUSD,2024,2024-02-05T16:59:00Z,2024-02-05T18:00:00Z,61,60
XAUUSD,2024,2024-02-06T16:59:00Z,2024-02-06T18:00:00Z,61,60
XAUUSD,2024,2024-02-07T16:59:00Z,2024-02-07T18:00:00Z,61,60
XAUUSD,2024,2024-02-08T16:59:00Z,2024-02-08T18:00:00Z,61,60
XAUUSD,2024,2024-02-09T16:59:00Z,2024-02-12T00:00:00Z,421,420
XAUUSD,2024,2024-02-12T16:59:00Z,2024-02-12T18:00:00Z,61,60
XAUUSD,2024,2024-02-13T16:59:00Z,2024-02-13T18:00:00Z,61,60
XAUUSD,2024,2024-02-14T16:59:00Z,2024-02-14T18:00:00Z,61,60
XAUUSD,2024,2024-02-15T16:59:00Z,2024-02-15T18:00:00Z,61,60
XAUUSD,2024,2024-02-16T16:59:00Z,2024-02-19T00:00:00Z,421,420
XAUUSD,2024,2024-02-19T14:29:00Z,2024-02-19T18:00:00Z,211,210
XAUUSD,2024,2024-02-20T16:59:00Z,2024-02-20T18:00:00Z,61,60
XAUUSD,2024,2024-02-21T16:59:00Z,2024-02-21T18:00:00Z,61,60
XAUUSD,2024,2024-02-22T16:59:00Z,2024-02-22T18:00:00Z,61,60
XAUUSD,2024,2024-02-23T16:59:00Z,2024-02-26T00:00:00Z,421,420
XAUUSD,2024,2024-02-26T16:59:00Z,2024-02-26T18:00:00Z,61,60
XAUUSD,2024,2024-02-27T16:59:00Z,2024-02-27T18:00:00Z,61,60
XAUUSD,2024,2024-02-28T16:59:00Z,2024-02-28T18:00:00Z,61,60
XAUUSD,2024,2024-02-29T16:59:00Z,2024-02-29T18:00:00Z,61,60
XAUUSD,2024,2024-03-01T16:59:00Z,2024-03-04T00:00:00Z,421,420
XAUUSD,2024,2024-03-04T16:59:00Z,2024-03-04T18:00:00Z,61,60
XAUUSD,2024,2024-03-05T16:59:00Z,2024-03-05T18:00:00Z,61,60
XAUUSD,2024,2024-03-06T16:59:00Z,2024-03-06T18:00:00Z,61,60
XAUUSD,2024,2024-03-07T16:59:00Z,2024-03-07T18:00:00Z,61,60
XAUUSD,2024,2024-03-08T16:59:00Z,2024-03-11T00:00:00Z,421,420
XAUUSD,2024,2024-03-11T15:59:00Z,2024-03-11T17:00:00Z,61,60
XAUUSD,2024,2024-03-12T15:59:00Z,2024-03-12T17:00:00Z,61,60
XAUUSD,2024,2024-03-13T15:59:00Z,2024-03-13T17:00:00Z,61,60
XAUUSD,2024,2024-03-14T15:59:00Z,2024-03-14T17:00:00Z,61,60
XAUUSD,2024,2024-03-15T15:59:00Z,2024-03-18T00:00:00Z,481,480
XAUUSD,2024,2024-03-18T15:59:00Z,2024-03-18T17:00:00Z,61,60
XAUUSD,2024,2024-03-19T15:59:00Z,2024-03-19T17:00:00Z,61,60
XAUUSD,2024,2024-03-20T15:59:00Z,2024-03-20T17:00:00Z,61,60
XAUUSD,2024,2024-03-21T15:59:00Z,2024-03-21T17:00:00Z,61,60
XAUUSD,2024,2024-03-22T15:59:00Z,2024-03-25T00:00:00Z,481,480
XAUUSD,2024,2024-03-25T15:59:00Z,2024-03-25T17:00:00Z,61,60
XAUUSD,2024,2024-03-26T15:59:00Z,2024-03-26T17:00:00Z,61,60
XAUUSD,2024,2024-03-27T15:59:00Z,2024-03-27T17:00:00Z,61,60
XAUUSD,2024,2024-03-28T15:58:00Z,2024-04-01T00:00:00Z,1922,1921
XAUUSD,2024,2024-04-01T16:59:00Z,2024-04-01T18:00:00Z,61,60
XAUUSD,2024,2024-04-02T16:59:00Z,2024-04-02T18:00:00Z,61,60
XAUUSD,2024,2024-04-03T16:59:00Z,2024-04-03T18:00:00Z,61,60
XAUUSD,2024,2024-04-04T16:59:00Z,2024-04-04T18:00:00Z,61,60
XAUUSD,2024,2024-04-05T16:59:00Z,2024-04-08T00:00:00Z,421,420
XAUUSD,2024,2024-04-08T16:59:00Z,2024-04-08T18:00:00Z,61,60
XAUUSD,2024,2024-04-09T16:59:00Z,2024-04-09T18:00:00Z,61,60
XAUUSD,2024,2024-04-10T16:59:00Z,2024-04-10T18:01:00Z,62,61
XAUUSD,2024,2024-04-11T16:59:00Z,2024-04-11T18:00:00Z,61,60
XAUUSD,2024,2024-04-12T16:59:00Z,2024-04-15T00:00:00Z,421,420
XAUUSD,2024,2024-04-15T16:59:00Z,2024-04-15T18:00:00Z,61,60
XAUUSD,2024,2024-04-16T16:59:00Z,2024-04-16T18:00:00Z,61,60
XAUUSD,2024,2024-04-17T16:59:00Z,2024-04-17T18:00:00Z,61,60
XAUUSD,2024,2024-04-18T16:59:00Z,2024-04-18T18:00:00Z,61,60
XAUUSD,2024,2024-04-19T16:59:00Z,2024-04-22T00:00:00Z,421,420
XAUUSD,2024,2024-04-22T16:59:00Z,2024-04-22T18:00:00Z,61,60
XAUUSD,2024,2024-04-23T16:59:00Z,2024-04-23T18:00:00Z,61,60
XAUUSD,2024,2024-04-24T16:59:00Z,2024-04-24T18:00:00Z,61,60
XAUUSD,2024,2024-04-25T16:59:00Z,2024-04-25T18:00:00Z,61,60
XAUUSD,2024,2024-04-26T16:59:00Z,2024-04-29T00:00:00Z,421,420
XAUUSD,2024,2024-04-29T16:59:00Z,2024-04-29T18:00:00Z,61,60
XAUUSD,2024,2024-04-30T16:59:00Z,2024-04-30T18:00:00Z,61,60
XAUUSD,2024,2024-05-01T16:59:00Z,2024-05-01T18:00:00Z,61,60
XAUUSD,2024,2024-05-02T16:59:00Z,2024-05-02T18:00:00Z,61,60
XAUUSD,2024,2024-05-03T16:59:00Z,2024-05-06T00:00:00Z,421,420
XAUUSD,2024,2024-05-06T16:59:00Z,2024-05-06T18:00:00Z,61,60
XAUUSD,2024,2024-05-07T16:59:00Z,2024-05-07T18:00:00Z,61,60
XAUUSD,2024,2024-05-08T16:59:00Z,2024-05-08T18:00:00Z,61,60
XAUUSD,2024,2024-05-09T16:59:00Z,2024-05-09T18:00:00Z,61,60
XAUUSD,2024,2024-05-10T16:59:00Z,2024-05-13T00:00:00Z,421,420
XAUUSD,2024,2024-05-13T16:59:00Z,2024-05-13T18:00:00Z,61,60
XAUUSD,2024,2024-05-14T16:59:00Z,2024-05-14T18:00:00Z,61,60
XAUUSD,2024,2024-05-15T16:59:00Z,2024-05-15T18:00:00Z,61,60
XAUUSD,2024,2024-05-16T16:59:00Z,2024-05-16T18:00:00Z,61,60
XAUUSD,2024,2024-05-17T16:59:00Z,2024-05-20T00:00:00Z,421,420
XAUUSD,2024,2024-05-20T16:59:00Z,2024-05-20T18:00:00Z,61,60
XAUUSD,2024,2024-05-21T16:59:00Z,2024-05-21T18:00:00Z,61,60
XAUUSD,2024,2024-05-22T16:59:00Z,2024-05-22T18:00:00Z,61,60
XAUUSD,2024,2024-05-23T16:59:00Z,2024-05-23T18:00:00Z,61,60
XAUUSD,2024,2024-05-24T16:59:00Z,2024-05-27T00:00:00Z,421,420
XAUUSD,2024,2024-05-27T14:28:00Z,2024-05-27T18:00:00Z,212,211
XAUUSD,2024,2024-05-28T16:59:00Z,2024-05-28T18:00:00Z,61,60
XAUUSD,2024,2024-05-29T16:59:00Z,2024-05-29T18:00:00Z,61,60
XAUUSD,2024,2024-05-30T16:59:00Z,2024-05-30T18:00:00Z,61,60
XAUUSD,2024,2024-05-31T16:59:00Z,2024-06-03T00:00:00Z,421,420
XAUUSD,2024,2024-06-03T16:59:00Z,2024-06-03T18:00:00Z,61,60
XAUUSD,2024,2024-06-04T16:59:00Z,2024-06-04T18:00:00Z,61,60
XAUUSD,2024,2024-06-05T16:59:00Z,2024-06-05T18:00:00Z,61,60
XAUUSD,2024,2024-06-06T16:59:00Z,2024-06-06T18:00:00Z,61,60
XAUUSD,2024,2024-06-07T16:59:00Z,2024-06-10T00:00:00Z,421,420
XAUUSD,2024,2024-06-10T16:59:00Z,2024-06-10T18:00:00Z,61,60
XAUUSD,2024,2024-06-11T16:59:00Z,2024-06-11T18:00:00Z,61,60
XAUUSD,2024,2024-06-12T16:59:00Z,2024-06-12T18:00:00Z,61,60
XAUUSD,2024,2024-06-13T16:59:00Z,2024-06-13T18:00:00Z,61,60
XAUUSD,2024,2024-06-14T16:59:00Z,2024-06-17T00:00:00Z,421,420
XAUUSD,2024,2024-06-17T16:59:00Z,2024-06-17T18:00:00Z,61,60
XAUUSD,2024,2024-06-18T16:59:00Z,2024-06-18T18:00:00Z,61,60
XAUUSD,2024,2024-06-19T14:29:00Z,2024-06-19T18:00:00Z,211,210
XAUUSD,2024,2024-06-20T16:59:00Z,2024-06-20T18:00:00Z,61,60
XAUUSD,2024,2024-06-21T16:59:00Z,2024-06-24T00:00:00Z,421,420
XAUUSD,2024,2024-06-24T16:59:00Z,2024-06-24T18:00:00Z,61,60
XAUUSD,2024,2024-06-25T16:59:00Z,2024-06-25T18:00:00Z,61,60
XAUUSD,2024,2024-06-26T16:59:00Z,2024-06-26T18:00:00Z,61,60
XAUUSD,2024,2024-06-27T16:59:00Z,2024-06-27T18:00:00Z,61,60
XAUUSD,2024,2024-06-28T16:59:00Z,2024-07-01T00:00:00Z,421,420
XAUUSD,2024,2024-07-01T16:59:00Z,2024-07-01T18:00:00Z,61,60
XAUUSD,2024,2024-07-02T16:59:00Z,2024-07-02T18:00:00Z,61,60
XAUUSD,2024,2024-07-03T16:59:00Z,2024-07-03T18:00:00Z,61,60
XAUUSD,2024,2024-07-04T14:29:00Z,2024-07-04T18:00:00Z,211,210
XAUUSD,2024,2024-07-05T16:59:00Z,2024-07-08T00:00:00Z,421,420
XAUUSD,2024,2024-07-08T16:59:00Z,2024-07-08T18:00:00Z,61,60
XAUUSD,2024,2024-07-09T16:59:00Z,2024-07-09T18:00:00Z,61,60
XAUUSD,2024,2024-07-10T16:59:00Z,2024-07-10T18:00:00Z,61,60
XAUUSD,2024,2024-07-11T16:59:00Z,2024-07-11T18:00:00Z,61,60
XAUUSD,2024,2024-07-12T16:59:00Z,2024-07-15T00:00:00Z,421,420
XAUUSD,2024,2024-07-15T16:59:00Z,2024-07-15T18:00:00Z,61,60
XAUUSD,2024,2024-07-16T16:59:00Z,2024-07-16T18:00:00Z,61,60
XAUUSD,2024,2024-07-17T16:59:00Z,2024-07-17T18:00:00Z,61,60
XAUUSD,2024,2024-07-18T16:59:00Z,2024-07-18T18:00:00Z,61,60
XAUUSD,2024,2024-07-19T16:59:00Z,2024-07-22T00:00:00Z,421,420
XAUUSD,2024,2024-07-22T16:59:00Z,2024-07-22T18:00:00Z,61,60
XAUUSD,2024,2024-07-23T16:59:00Z,2024-07-23T18:00:00Z,61,60
XAUUSD,2024,2024-07-24T16:59:00Z,2024-07-24T18:00:00Z,61,60
XAUUSD,2024,2024-07-25T16:59:00Z,2024-07-25T18:00:00Z,61,60
XAUUSD,2024,2024-07-26T16:59:00Z,2024-07-29T00:00:00Z,421,420
XAUUSD,2024,2024-07-29T16:59:00Z,2024-07-29T18:00:00Z,61,60
XAUUSD,2024,2024-07-30T16:59:00Z,2024-07-30T18:00:00Z,61,60
XAUUSD,2024,2024-07-31T16:59:00Z,2024-07-31T18:00:00Z,61,60
XAUUSD,2024,2024-08-01T16:59:00Z,2024-08-01T18:00:00Z,61,60
XAUUSD,2024,2024-08-02T16:59:00Z,2024-08-05T00:00:00Z,421,420
XAUUSD,2024,2024-08-05T16:59:00Z,2024-08-05T18:00:00Z,61,60
XAUUSD,2024,2024-08-06T16:59:00Z,2024-08-06T18:00:00Z,61,60
XAUUSD,2024,2024-08-07T16:59:00Z,2024-08-07T18:00:00Z,61,60
XAUUSD,2024,2024-08-08T16:59:00Z,2024-08-08T18:00:00Z,61,60
XAUUSD,2024,2024-08-09T16:59:00Z,2024-08-12T00:00:00Z,421,420
XAUUSD,2024,2024-08-12T16:59:00Z,2024-08-12T18:00:00Z,61,60
XAUUSD,2024,2024-08-13T16:59:00Z,2024-08-13T18:00:00Z,61,60
XAUUSD,2024,2024-08-14T16:59:00Z,2024-08-14T18:00:00Z,61,60
XAUUSD,2024,2024-08-15T16:59:00Z,2024-08-15T18:00:00Z,61,60
XAUUSD,2024,2024-08-16T16:59:00Z,2024-08-19T00:00:00Z,421,420
XAUUSD,2024,2024-08-19T16:59:00Z,2024-08-19T18:00:00Z,61,60
XAUUSD,2024,2024-08-20T16:59:00Z,2024-08-20T18:00:00Z,61,60
XAUUSD,2024,2024-08-21T16:59:00Z,2024-08-21T18:00:00Z,61,60
XAUUSD,2024,2024-08-22T16:59:00Z,2024-08-22T18:00:00Z,61,60
XAUUSD,2024,2024-08-23T16:59:00Z,2024-08-26T00:00:00Z,421,420
XAUUSD,2024,2024-08-26T16:59:00Z,2024-08-26T18:00:00Z,61,60
XAUUSD,2024,2024-08-27T16:59:00Z,2024-08-27T18:00:00Z,61,60
XAUUSD,2024,2024-08-28T16:59:00Z,2024-08-28T18:00:00Z,61,60
XAUUSD,2024,2024-08-29T16:59:00Z,2024-08-29T18:00:00Z,61,60
XAUUSD,2024,2024-08-30T16:59:00Z,2024-09-02T00:00:00Z,421,420
XAUUSD,2024,2024-09-02T14:28:00Z,2024-09-02T18:00:00Z,212,211
XAUUSD,2024,2024-09-03T16:59:00Z,2024-09-03T18:00:00Z,61,60
XAUUSD,2024,2024-09-04T16:59:00Z,2024-09-04T18:00:00Z,61,60
XAUUSD,2024,2024-09-05T16:59:00Z,2024-09-05T18:00:00Z,61,60
XAUUSD,2024,2024-09-06T16:59:00Z,2024-09-09T00:00:00Z,421,420
XAUUSD,2024,2024-09-09T16:59:00Z,2024-09-09T18:00:00Z,61,60
XAUUSD,2024,2024-09-10T16:59:00Z,2024-09-10T18:00:00Z,61,60
XAUUSD,2024,2024-09-11T16:59:00Z,2024-09-11T18:00:00Z,61,60
XAUUSD,2024,2024-09-12T16:59:00Z,2024-09-12T18:00:00Z,61,60
XAUUSD,2024,2024-09-13T16:59:00Z,2024-09-16T00:00:00Z,421,420
XAUUSD,2024,2024-09-16T16:59:00Z,2024-09-16T18:00:00Z,61,60
XAUUSD,2024,2024-09-17T16:59:00Z,2024-09-17T18:00:00Z,61,60
XAUUSD,2024,2024-09-18T16:59:00Z,2024-09-18T18:00:00Z,61,60
XAUUSD,2024,2024-09-19T16:59:00Z,2024-09-19T18:00:00Z,61,60
XAUUSD,2024,2024-09-20T16:59:00Z,2024-09-23T00:00:00Z,421,420
XAUUSD,2024,2024-09-23T16:59:00Z,2024-09-23T18:00:00Z,61,60
XAUUSD,2024,2024-09-24T16:59:00Z,2024-09-24T18:00:00Z,61,60
XAUUSD,2024,2024-09-25T16:59:00Z,2024-09-25T18:00:00Z,61,60
XAUUSD,2024,2024-09-26T16:59:00Z,2024-09-26T18:00:00Z,61,60
XAUUSD,2024,2024-09-27T16:59:00Z,2024-09-30T00:00:00Z,421,420
XAUUSD,2024,2024-09-30T16:59:00Z,2024-09-30T18:00:00Z,61,60
XAUUSD,2024,2024-10-01T16:59:00Z,2024-10-01T18:00:00Z,61,60
XAUUSD,2024,2024-10-02T16:59:00Z,2024-10-02T18:00:00Z,61,60
XAUUSD,2024,2024-10-03T16:59:00Z,2024-10-03T18:00:00Z,61,60
XAUUSD,2024,2024-10-04T16:59:00Z,2024-10-07T00:00:00Z,421,420
XAUUSD,2024,2024-10-07T16:59:00Z,2024-10-07T18:00:00Z,61,60
XAUUSD,2024,2024-10-08T16:59:00Z,2024-10-08T18:00:00Z,61,60
XAUUSD,2024,2024-10-09T16:59:00Z,2024-10-09T18:00:00Z,61,60
XAUUSD,2024,2024-10-09T19:05:00Z,2024-10-09T20:11:00Z,66,65
XAUUSD,2024,2024-10-10T16:59:00Z,2024-10-10T18:00:00Z,61,60
XAUUSD,2024,2024-10-11T16:59:00Z,2024-10-14T00:00:00Z,421,420
XAUUSD,2024,2024-10-14T16:59:00Z,2024-10-14T18:00:00Z,61,60
XAUUSD,2024,2024-10-15T16:59:00Z,2024-10-15T18:00:00Z,61,60
XAUUSD,2024,2024-10-16T16:59:00Z,2024-10-16T18:00:00Z,61,60
XAUUSD,2024,2024-10-17T16:59:00Z,2024-10-17T18:00:00Z,61,60
XAUUSD,2024,2024-10-18T16:59:00Z,2024-10-21T00:00:00Z,421,420
XAUUSD,2024,2024-10-21T16:59:00Z,2024-10-21T18:00:00Z,61,60
XAUUSD,2024,2024-10-22T16:59:00Z,2024-10-22T18:00:00Z,61,60
XAUUSD,2024,2024-10-23T16:59:00Z,2024-10-23T18:00:00Z,61,60
XAUUSD,2024,2024-10-24T16:59:00Z,2024-10-24T18:00:00Z,61,60
XAUUSD,2024,2024-10-25T16:59:00Z,2024-10-28T00:00:00Z,421,420
XAUUSD,2024,2024-10-28T15:59:00Z,2024-10-28T17:00:00Z,61,60
XAUUSD,2024,2024-10-29T15:59:00Z,2024-10-29T17:00:00Z,61,60
XAUUSD,2024,2024-10-30T15:59:00Z,2024-10-30T17:00:00Z,61,60
XAUUSD,2024,2024-10-31T15:59:00Z,2024-10-31T17:00:00Z,61,60
XAUUSD,2024,2024-11-01T15:59:00Z,2024-11-04T00:00:00Z,481,480
XAUUSD,2024,2024-11-04T16:59:00Z,2024-11-04T18:00:00Z,61,60
XAUUSD,2024,2024-11-05T16:59:00Z,2024-11-05T18:00:00Z,61,60
XAUUSD,2024,2024-11-06T16:59:00Z,2024-11-06T18:00:00Z,61,60
XAUUSD,2024,2024-11-07T16:59:00Z,2024-11-07T18:00:00Z,61,60
XAUUSD,2024,2024-11-08T16:59:00Z,2024-11-11T00:00:00Z,421,420
XAUUSD,2024,2024-11-11T16:59:00Z,2024-11-11T18:00:00Z,61,60
XAUUSD,2024,2024-11-12T16:59:00Z,2024-11-12T18:00:00Z,61,60
XAUUSD,2024,2024-11-13T16:59:00Z,2024-11-13T18:00:00Z,61,60
XAUUSD,2024,2024-11-14T16:59:00Z,2024-11-14T18:00:00Z,61,60
XAUUSD,2024,2024-11-15T16:59:00Z,2024-11-18T00:00:00Z,421,420
XAUUSD,2024,2024-11-18T16:59:00Z,2024-11-18T18:00:00Z,61,60
XAUUSD,2024,2024-11-19T16:59:00Z,2024-11-19T18:00:00Z,61,60
XAUUSD,2024,2024-11-20T16:59:00Z,2024-11-20T18:00:00Z,61,60
XAUUSD,2024,2024-11-21T16:59:00Z,2024-11-21T18:00:00Z,61,60
XAUUSD,2024,2024-11-22T16:59:00Z,2024-11-25T00:00:00Z,421,420
XAUUSD,2024,2024-11-25T16:59:00Z,2024-11-25T18:00:00Z,61,60
XAUUSD,2024,2024-11-26T16:59:00Z,2024-11-26T18:00:00Z,61,60
XAUUSD,2024,2024-11-27T16:59:00Z,2024-11-27T18:00:00Z,61,60
XAUUSD,2024,2024-11-28T14:28:00Z,2024-11-28T18:00:00Z,212,211
XAUUSD,2024,2024-11-29T14:43:00Z,2024-12-02T00:00:00Z,557,556
XAUUSD,2024,2024-12-02T16:59:00Z,2024-12-02T18:00:00Z,61,60
XAUUSD,2024,2024-12-03T16:59:00Z,2024-12-03T18:00:00Z,61,60
XAUUSD,2024,2024-12-04T16:59:00Z,2024-12-04T18:00:00Z,61,60
XAUUSD,2024,2024-12-05T16:59:00Z,2024-12-05T18:00:00Z,61,60
XAUUSD,2024,2024-12-06T16:59:00Z,2024-12-09T00:00:00Z,421,420
XAUUSD,2024,2024-12-09T16:59:00Z,2024-12-09T18:00:00Z,61,60
XAUUSD,2024,2024-12-10T16:59:00Z,2024-12-10T18:00:00Z,61,60
XAUUSD,2024,2024-12-11T16:59:00Z,2024-12-11T18:02:00Z,63,62
XAUUSD,2024,2024-12-12T16:59:00Z,2024-12-12T18:00:00Z,61,60
XAUUSD,2024,2024-12-13T16:59:00Z,2024-12-16T00:00:00Z,421,420
XAUUSD,2024,2024-12-16T16:59:00Z,2024-12-16T18:00:00Z,61,60
XAUUSD,2024,2024-12-17T16:59:00Z,2024-12-17T18:00:00Z,61,60
XAUUSD,2024,2024-12-18T16:59:00Z,2024-12-18T18:00:00Z,61,60
XAUUSD,2024,2024-12-19T16:59:00Z,2024-12-19T18:00:00Z,61,60
XAUUSD,2024,2024-12-20T16:59:00Z,2024-12-23T00:00:00Z,421,420
XAUUSD,2024,2024-12-23T16:59:00Z,2024-12-23T18:00:00Z,61,60
XAUUSD,2024,2024-12-24T13:43:00Z,2024-12-25T18:00:00Z,1697,1696
XAUUSD,2024,2024-12-26T16:59:00Z,2024-12-26T18:05:00Z,66,65
XAUUSD,2024,2024-12-27T16:59:00Z,2024-12-30T00:00:00Z,421,420
XAUUSD,2024,2024-12-30T16:59:00Z,2024-12-30T18:00:00Z,61,60
XAUUSD,2025,2025-01-02T16:59:00Z,2025-01-02T18:00:00Z,61,60
XAUUSD,2025,2025-01-03T16:59:00Z,2025-01-06T00:00:00Z,421,420
XAUUSD,2025,2025-01-06T16:59:00Z,2025-01-06T18:00:00Z,61,60
XAUUSD,2025,2025-01-07T16:59:00Z,2025-01-07T18:00:00Z,61,60
XAUUSD,2025,2025-01-08T16:59:00Z,2025-01-08T18:00:00Z,61,60
XAUUSD,2025,2025-01-09T16:59:00Z,2025-01-09T18:00:00Z,61,60
XAUUSD,2025,2025-01-10T16:59:00Z,2025-01-13T00:00:00Z,421,420
XAUUSD,2025,2025-01-13T16:59:00Z,2025-01-13T18:00:00Z,61,60
XAUUSD,2025,2025-01-14T16:59:00Z,2025-01-14T18:00:00Z,61,60
XAUUSD,2025,2025-01-15T16:59:00Z,2025-01-15T18:03:00Z,64,63
XAUUSD,2025,2025-01-16T16:59:00Z,2025-01-16T18:00:00Z,61,60
XAUUSD,2025,2025-01-17T16:59:00Z,2025-01-20T00:00:00Z,421,420
XAUUSD,2025,2025-01-20T14:28:00Z,2025-01-20T18:00:00Z,212,211
XAUUSD,2025,2025-01-21T16:59:00Z,2025-01-21T18:00:00Z,61,60
XAUUSD,2025,2025-01-22T16:59:00Z,2025-01-22T18:00:00Z,61,60
XAUUSD,2025,2025-01-23T16:59:00Z,2025-01-23T18:00:00Z,61,60
XAUUSD,2025,2025-01-24T16:59:00Z,2025-01-27T00:00:00Z,421,420
XAUUSD,2025,2025-01-27T16:59:00Z,2025-01-27T18:00:00Z,61,60
XAUUSD,2025,2025-01-28T16:59:00Z,2025-01-28T18:00:00Z,61,60
XAUUSD,2025,2025-01-29T16:59:00Z,2025-01-29T18:00:00Z,61,60
XAUUSD,2025,2025-01-30T16:59:00Z,2025-01-30T18:01:00Z,62,61
XAUUSD,2025,2025-01-31T16:59:00Z,2025-02-03T00:00:00Z,421,420
XAUUSD,2025,2025-02-03T16:59:00Z,2025-02-03T18:01:00Z,62,61
XAUUSD,2025,2025-02-04T16:59:00Z,2025-02-04T18:00:00Z,61,60
XAUUSD,2025,2025-02-05T16:59:00Z,2025-02-05T18:00:00Z,61,60
XAUUSD,2025,2025-02-06T16:59:00Z,2025-02-06T18:00:00Z,61,60
XAUUSD,2025,2025-02-07T16:59:00Z,2025-02-10T00:00:00Z,421,420
XAUUSD,2025,2025-02-10T16:59:00Z,2025-02-10T18:00:00Z,61,60
XAUUSD,2025,2025-02-11T16:59:00Z,2025-02-11T18:00:00Z,61,60
XAUUSD,2025,2025-02-12T16:59:00Z,2025-02-12T18:00:00Z,61,60
XAUUSD,2025,2025-02-13T16:59:00Z,2025-02-13T18:00:00Z,61,60
XAUUSD,2025,2025-02-14T16:59:00Z,2025-02-17T00:00:00Z,421,420
XAUUSD,2025,2025-02-17T14:28:00Z,2025-02-17T18:00:00Z,212,211
XAUUSD,2025,2025-02-18T16:59:00Z,2025-02-18T18:00:00Z,61,60
XAUUSD,2025,2025-02-19T16:59:00Z,2025-02-19T18:00:00Z,61,60
XAUUSD,2025,2025-02-20T16:59:00Z,2025-02-20T18:00:00Z,61,60
XAUUSD,2025,2025-02-21T16:59:00Z,2025-02-24T00:00:00Z,421,420
XAUUSD,2025,2025-02-24T16:59:00Z,2025-02-24T18:00:00Z,61,60
XAUUSD,2025,2025-02-25T16:59:00Z,2025-02-25T18:00:00Z,61,60
XAUUSD,2025,2025-02-26T16:59:00Z,2025-02-26T18:00:00Z,61,60
XAUUSD,2025,2025-02-27T16:59:00Z,2025-02-27T18:00:00Z,61,60
XAUUSD,2025,2025-02-28T16:59:00Z,2025-03-03T00:00:00Z,421,420
XAUUSD,2025,2025-03-03T16:59:00Z,2025-03-03T18:00:00Z,61,60
XAUUSD,2025,2025-03-04T16:59:00Z,2025-03-04T18:00:00Z,61,60
XAUUSD,2025,2025-03-05T16:59:00Z,2025-03-05T18:01:00Z,62,61
XAUUSD,2025,2025-03-06T16:59:00Z,2025-03-06T18:00:00Z,61,60
XAUUSD,2025,2025-03-07T16:59:00Z,2025-03-10T00:00:00Z,421,420
XAUUSD,2025,2025-03-10T15:59:00Z,2025-03-10T17:00:00Z,61,60
XAUUSD,2025,2025-03-11T15:59:00Z,2025-03-11T17:00:00Z,61,60
XAUUSD,2025,2025-03-12T15:59:00Z,2025-03-12T17:00:00Z,61,60
XAUUSD,2025,2025-03-13T15:59:00Z,2025-03-13T17:00:00Z,61,60
XAUUSD,2025,2025-03-14T15:59:00Z,2025-03-17T00:00:00Z,481,480
XAUUSD,2025,2025-03-17T15:59:00Z,2025-03-17T17:00:00Z,61,60
XAUUSD,2025,2025-03-18T15:59:00Z,2025-03-18T17:00:00Z,61,60
XAUUSD,2025,2025-03-19T15:59:00Z,2025-03-19T17:00:00Z,61,60
XAUUSD,2025,2025-03-20T15:59:00Z,2025-03-20T17:00:00Z,61,60
XAUUSD,2025,2025-03-21T15:59:00Z,2025-03-24T00:00:00Z,481,480
XAUUSD,2025,2025-03-24T15:59:00Z,2025-03-24T17:00:00Z,61,60
XAUUSD,2025,2025-03-25T15:59:00Z,2025-03-25T17:00:00Z,61,60
XAUUSD,2025,2025-03-26T15:59:00Z,2025-03-26T17:00:00Z,61,60
XAUUSD,2025,2025-03-27T15:59:00Z,2025-03-27T17:00:00Z,61,60
XAUUSD,2025,2025-03-28T15:59:00Z,2025-03-31T00:00:00Z,481,480
XAUUSD,2025,2025-03-31T16:59:00Z,2025-03-31T18:00:00Z,61,60
XAUUSD,2025,2025-04-01T16:59:00Z,2025-04-01T18:00:00Z,61,60
XAUUSD,2025,2025-04-02T16:59:00Z,2025-04-02T18:00:00Z,61,60
XAUUSD,2025,2025-04-03T16:59:00Z,2025-04-03T18:00:00Z,61,60
XAUUSD,2025,2025-04-04T16:59:00Z,2025-04-07T00:00:00Z,421,420
XAUUSD,2025,2025-04-07T16:59:00Z,2025-04-07T18:00:00Z,61,60
XAUUSD,2025,2025-04-08T16:59:00Z,2025-04-08T18:00:00Z,61,60
XAUUSD,2025,2025-04-09T16:59:00Z,2025-04-09T18:00:00Z,61,60
XAUUSD,2025,2025-04-10T16:59:00Z,2025-04-10T18:00:00Z,61,60
XAUUSD,2025,2025-04-11T16:59:00Z,2025-04-14T00:00:00Z,421,420
XAUUSD,2025,2025-04-14T16:59:00Z,2025-04-14T18:00:00Z,61,60
XAUUSD,2025,2025-04-15T16:59:00Z,2025-04-15T18:00:00Z,61,60
XAUUSD,2025,2025-04-16T16:59:00Z,2025-04-16T18:00:00Z,61,60
XAUUSD,2025,2025-04-17T16:58:00Z,2025-04-21T00:00:00Z,1862,1861
XAUUSD,2025,2025-04-21T16:59:00Z,2025-04-21T18:00:00Z,61,60
XAUUSD,2025,2025-04-22T16:59:00Z,2025-04-22T18:00:00Z,61,60
XAUUSD,2025,2025-04-23T16:59:00Z,2025-04-23T18:00:00Z,61,60
XAUUSD,2025,2025-04-24T16:59:00Z,2025-04-24T18:00:00Z,61,60
XAUUSD,2025,2025-04-24T18:00:00Z,2025-04-24T18:14:00Z,14,13
XAUUSD,2025,2025-04-25T16:59:00Z,2025-04-28T00:00:00Z,421,420
XAUUSD,2025,2025-04-28T16:59:00Z,2025-04-28T18:00:00Z,61,60
XAUUSD,2025,2025-04-29T16:59:00Z,2025-04-29T18:05:00Z,66,65
XAUUSD,2025,2025-04-30T16:59:00Z,2025-04-30T18:00:00Z,61,60
XAUUSD,2025,2025-05-01T16:59:00Z,2025-05-01T18:00:00Z,61,60
XAUUSD,2025,2025-05-02T16:59:00Z,2025-05-05T00:00:00Z,421,420
XAUUSD,2025,2025-05-05T16:59:00Z,2025-05-05T18:00:00Z,61,60
XAUUSD,2025,2025-05-06T16:59:00Z,2025-05-06T18:00:00Z,61,60
XAUUSD,2025,2025-05-07T16:59:00Z,2025-05-07T18:00:00Z,61,60
XAUUSD,2025,2025-05-08T16:59:00Z,2025-05-08T18:00:00Z,61,60
XAUUSD,2025,2025-05-09T16:59:00Z,2025-05-12T00:00:00Z,421,420
XAUUSD,2025,2025-05-12T16:59:00Z,2025-05-12T18:00:00Z,61,60
XAUUSD,2025,2025-05-13T16:59:00Z,2025-05-13T18:00:00Z,61,60
XAUUSD,2025,2025-05-14T16:59:00Z,2025-05-14T18:00:00Z,61,60
XAUUSD,2025,2025-05-15T16:59:00Z,2025-05-15T18:00:00Z,61,60
XAUUSD,2025,2025-05-16T16:59:00Z,2025-05-19T00:00:00Z,421,420
XAUUSD,2025,2025-05-19T16:59:00Z,2025-05-19T18:00:00Z,61,60
XAUUSD,2025,2025-05-20T16:59:00Z,2025-05-20T18:00:00Z,61,60
XAUUSD,2025,2025-05-21T16:59:00Z,2025-05-21T18:00:00Z,61,60
XAUUSD,2025,2025-05-22T16:59:00Z,2025-05-22T18:00:00Z,61,60
XAUUSD,2025,2025-05-23T16:59:00Z,2025-05-26T00:00:00Z,421,420
XAUUSD,2025,2025-05-26T14:28:00Z,2025-05-26T18:00:00Z,212,211
XAUUSD,2025,2025-05-27T16:59:00Z,2025-05-27T18:00:00Z,61,60
XAUUSD,2025,2025-05-28T16:59:00Z,2025-05-28T18:00:00Z,61,60
XAUUSD,2025,2025-05-29T16:59:00Z,2025-05-29T18:00:00Z,61,60
XAUUSD,2025,2025-05-30T16:59:00Z,2025-06-02T00:00:00Z,421,420
XAUUSD,2025,2025-06-02T16:59:00Z,2025-06-02T18:00:00Z,61,60
XAUUSD,2025,2025-06-03T16:59:00Z,2025-06-03T18:00:00Z,61,60
XAUUSD,2025,2025-06-04T16:59:00Z,2025-06-04T18:00:00Z,61,60
XAUUSD,2025,2025-06-05T16:59:00Z,2025-06-05T18:00:00Z,61,60
XAUUSD,2025,2025-06-06T16:59:00Z,2025-06-09T00:00:00Z,421,420
XAUUSD,2025,2025-06-09T16:59:00Z,2025-06-09T18:00:00Z,61,60
XAUUSD,2025,2025-06-10T16:59:00Z,2025-06-10T18:00:00Z,61,60
XAUUSD,2025,2025-06-11T16:59:00Z,2025-06-11T18:00:00Z,61,60
XAUUSD,2025,2025-06-12T16:59:00Z,2025-06-12T18:00:00Z,61,60
XAUUSD,2025,2025-06-13T16:59:00Z,2025-06-16T00:00:00Z,421,420
XAUUSD,2025,2025-06-16T16:59:00Z,2025-06-16T18:00:00Z,61,60
XAUUSD,2025,2025-06-17T16:59:00Z,2025-06-17T18:00:00Z,61,60
XAUUSD,2025,2025-06-18T16:59:00Z,2025-06-18T18:00:00Z,61,60
XAUUSD,2025,2025-06-19T14:28:00Z,2025-06-19T18:00:00Z,212,211
XAUUSD,2025,2025-06-20T16:59:00Z,2025-06-23T00:00:00Z,421,420
XAUUSD,2025,2025-06-23T16:59:00Z,2025-06-23T18:00:00Z,61,60
XAUUSD,2025,2025-06-24T16:59:00Z,2025-06-24T18:00:00Z,61,60
XAUUSD,2025,2025-06-25T16:59:00Z,2025-06-25T18:00:00Z,61,60
XAUUSD,2025,2025-06-26T16:59:00Z,2025-06-26T18:00:00Z,61,60
XAUUSD,2025,2025-06-27T16:59:00Z,2025-06-30T00:00:00Z,421,420
XAUUSD,2025,2025-06-30T16:59:00Z,2025-06-30T18:00:00Z,61,60
XAUUSD,2025,2025-07-01T16:59:00Z,2025-07-01T18:00:00Z,61,60
XAUUSD,2025,2025-07-02T16:59:00Z,2025-07-02T18:00:00Z,61,60
XAUUSD,2025,2025-07-03T16:59:00Z,2025-07-03T18:00:00Z,61,60
XAUUSD,2025,2025-07-04T12:58:00Z,2025-07-07T00:00:00Z,662,661
XAUUSD,2025,2025-07-07T16:59:00Z,2025-07-07T18:00:00Z,61,60
XAUUSD,2025,2025-07-08T16:59:00Z,2025-07-08T18:00:00Z,61,60
XAUUSD,2025,2025-07-09T16:59:00Z,2025-07-09T18:00:00Z,61,60
XAUUSD,2025,2025-07-10T16:59:00Z,2025-07-10T18:00:00Z,61,60
XAUUSD,2025,2025-07-11T16:59:00Z,2025-07-14T00:00:00Z,421,420
XAUUSD,2025,2025-07-14T16:59:00Z,2025-07-14T18:00:00Z,61,60
XAUUSD,2025,2025-07-15T16:59:00Z,2025-07-15T18:00:00Z,61,60
XAUUSD,2025,2025-07-16T16:59:00Z,2025-07-16T18:00:00Z,61,60
XAUUSD,2025,2025-07-17T16:59:00Z,2025-07-17T18:00:00Z,61,60
XAUUSD,2025,2025-07-18T16:59:00Z,2025-07-21T00:00:00Z,421,420
XAUUSD,2025,2025-07-21T16:59:00Z,2025-07-21T18:00:00Z,61,60
XAUUSD,2025,2025-07-22T16:59:00Z,2025-07-22T18:00:00Z,61,60
XAUUSD,2025,2025-07-23T16:59:00Z,2025-07-23T18:00:00Z,61,60
XAUUSD,2025,2025-07-24T16:59:00Z,2025-07-24T18:00:00Z,61,60
XAUUSD,2025,2025-07-25T16:59:00Z,2025-07-28T00:00:00Z,421,420
XAUUSD,2025,2025-07-28T16:59:00Z,2025-07-28T18:00:00Z,61,60
XAUUSD,2025,2025-07-29T16:59:00Z,2025-07-29T18:00:00Z,61,60
XAUUSD,2025,2025-07-30T16:59:00Z,2025-07-30T18:00:00Z,61,60
XAUUSD,2025,2025-07-31T16:59:00Z,2025-07-31T18:00:00Z,61,60
XAUUSD,2025,2025-08-01T16:59:00Z,2025-08-04T00:00:00Z,421,420
XAUUSD,2025,2025-08-04T16:59:00Z,2025-08-04T18:00:00Z,61,60
XAUUSD,2025,2025-08-05T16:59:00Z,2025-08-05T18:00:00Z,61,60
XAUUSD,2025,2025-08-06T16:59:00Z,2025-08-06T18:00:00Z,61,60
XAUUSD,2025,2025-08-07T16:59:00Z,2025-08-07T18:00:00Z,61,60
XAUUSD,2025,2025-08-08T16:59:00Z,2025-08-11T00:00:00Z,421,420
XAUUSD,2025,2025-08-11T16:59:00Z,2025-08-11T18:00:00Z,61,60
XAUUSD,2025,2025-08-12T16:59:00Z,2025-08-12T18:00:00Z,61,60
XAUUSD,2025,2025-08-13T16:59:00Z,2025-08-13T18:00:00Z,61,60
XAUUSD,2025,2025-08-14T16:59:00Z,2025-08-14T18:00:00Z,61,60
XAUUSD,2025,2025-08-15T16:59:00Z,2025-08-18T00:00:00Z,421,420
XAUUSD,2025,2025-08-18T16:59:00Z,2025-08-18T18:00:00Z,61,60
XAUUSD,2025,2025-08-19T16:59:00Z,2025-08-19T18:00:00Z,61,60
XAUUSD,2025,2025-08-20T16:59:00Z,2025-08-20T18:00:00Z,61,60
XAUUSD,2025,2025-08-21T16:59:00Z,2025-08-21T18:00:00Z,61,60
XAUUSD,2025,2025-08-22T16:59:00Z,2025-08-25T00:00:00Z,421,420
XAUUSD,2025,2025-08-25T16:59:00Z,2025-08-25T18:00:00Z,61,60
XAUUSD,2025,2025-08-26T16:59:00Z,2025-08-26T18:00:00Z,61,60
XAUUSD,2025,2025-08-27T16:59:00Z,2025-08-27T18:00:00Z,61,60
XAUUSD,2025,2025-08-28T16:59:00Z,2025-08-28T18:00:00Z,61,60
XAUUSD,2025,2025-08-29T16:59:00Z,2025-09-01T00:00:00Z,421,420
XAUUSD,2025,2025-09-01T14:28:00Z,2025-09-01T18:00:00Z,212,211
XAUUSD,2025,2025-09-02T16:59:00Z,2025-09-02T18:00:00Z,61,60
XAUUSD,2025,2025-09-03T16:59:00Z,2025-09-03T18:00:00Z,61,60
XAUUSD,2025,2025-09-04T16:59:00Z,2025-09-04T18:00:00Z,61,60
XAUUSD,2025,2025-09-05T16:59:00Z,2025-09-08T00:00:00Z,421,420
XAUUSD,2025,2025-09-08T16:59:00Z,2025-09-08T18:00:00Z,61,60
XAUUSD,2025,2025-09-09T16:59:00Z,2025-09-09T18:00:00Z,61,60
XAUUSD,2025,2025-09-10T16:59:00Z,2025-09-10T18:00:00Z,61,60
XAUUSD,2025,2025-09-11T16:59:00Z,2025-09-11T18:00:00Z,61,60
XAUUSD,2025,2025-09-12T16:59:00Z,2025-09-15T00:00:00Z,421,420
XAUUSD,2025,2025-09-15T16:59:00Z,2025-09-15T18:00:00Z,61,60
XAUUSD,2025,2025-09-16T16:59:00Z,2025-09-16T18:00:00Z,61,60
XAUUSD,2025,2025-09-17T16:59:00Z,2025-09-17T18:00:00Z,61,60
XAUUSD,2025,2025-09-18T16:59:00Z,2025-09-18T18:00:00Z,61,60
XAUUSD,2025,2025-09-19T16:59:00Z,2025-09-22T00:00:00Z,421,420
XAUUSD,2025,2025-09-22T16:59:00Z,2025-09-22T18:00:00Z,61,60
XAUUSD,2025,2025-09-23T16:59:00Z,2025-09-23T18:00:00Z,61,60
XAUUSD,2025,2025-09-24T16:59:00Z,2025-09-24T18:00:00Z,61,60
XAUUSD,2025,2025-09-25T16:59:00Z,2025-09-25T18:00:00Z,61,60
XAUUSD,2025,2025-09-26T16:59:00Z,2025-09-29T00:00:00Z,421,420
XAUUSD,2025,2025-09-29T16:59:00Z,2025-09-29T18:00:00Z,61,60
XAUUSD,2025,2025-09-30T16:59:00Z,2025-09-30T18:00:00Z,61,60
XAUUSD,2025,2025-10-01T16:59:00Z,2025-10-01T18:00:00Z,61,60
XAUUSD,2025,2025-10-02T16:59:00Z,2025-10-02T18:00:00Z,61,60
XAUUSD,2025,2025-10-03T16:59:00Z,2025-10-06T00:00:00Z,421,420
XAUUSD,2025,2025-10-06T16:59:00Z,2025-10-06T18:00:00Z,61,60
XAUUSD,2025,2025-10-07T16:59:00Z,2025-10-07T18:00:00Z,61,60
XAUUSD,2025,2025-10-08T16:59:00Z,2025-10-08T18:00:00Z,61,60
XAUUSD,2025,2025-10-09T16:59:00Z,2025-10-09T18:00:00Z,61,60
XAUUSD,2025,2025-10-10T16:59:00Z,2025-10-13T00:00:00Z,421,420
XAUUSD,2025,2025-10-13T16:59:00Z,2025-10-13T18:00:00Z,61,60
XAUUSD,2025,2025-10-14T16:59:00Z,2025-10-14T18:00:00Z,61,60
XAUUSD,2025,2025-10-15T16:59:00Z,2025-10-15T18:00:00Z,61,60
XAUUSD,2025,2025-10-16T16:59:00Z,2025-10-16T18:00:00Z,61,60
XAUUSD,2025,2025-10-17T16:59:00Z,2025-10-20T00:00:00Z,421,420
XAUUSD,2025,2025-10-20T16:59:00Z,2025-10-20T18:00:00Z,61,60
XAUUSD,2025,2025-10-21T16:59:00Z,2025-10-21T19:00:00Z,121,120
XAUUSD,2025,2025-10-22T16:59:00Z,2025-10-22T18:00:00Z,61,60
XAUUSD,2025,2025-10-23T16:59:00Z,2025-10-23T18:00:00Z,61,60
XAUUSD,2025,2025-10-24T16:59:00Z,2025-10-27T00:00:00Z,421,420
XAUUSD,2025,2025-10-27T15:59:00Z,2025-10-27T17:00:00Z,61,60
XAUUSD,2025,2025-10-28T15:59:00Z,2025-10-28T17:00:00Z,61,60
XAUUSD,2025,2025-10-29T15:59:00Z,2025-10-29T17:00:00Z,61,60
XAUUSD,2025,2025-10-30T15:59:00Z,2025-10-30T17:00:00Z,61,60
XAUUSD,2025,2025-10-31T15:59:00Z,2025-11-03T00:00:00Z,481,480
XAUUSD,2025,2025-11-03T16:59:00Z,2025-11-03T18:00:00Z,61,60
XAUUSD,2025,2025-11-04T16:59:00Z,2025-11-04T18:00:00Z,61,60
XAUUSD,2025,2025-11-05T16:59:00Z,2025-11-05T18:00:00Z,61,60
XAUUSD,2025,2025-11-06T16:59:00Z,2025-11-06T18:00:00Z,61,60
XAUUSD,2025,2025-11-07T16:59:00Z,2025-11-10T00:00:00Z,421,420
XAUUSD,2025,2025-11-10T16:59:00Z,2025-11-10T18:00:00Z,61,60
XAUUSD,2025,2025-11-11T16:59:00Z,2025-11-11T18:00:00Z,61,60
XAUUSD,2025,2025-11-12T16:59:00Z,2025-11-12T18:00:00Z,61,60
XAUUSD,2025,2025-11-13T16:59:00Z,2025-11-13T18:00:00Z,61,60
XAUUSD,2025,2025-11-14T16:59:00Z,2025-11-17T00:00:00Z,421,420
XAUUSD,2025,2025-11-17T16:59:00Z,2025-11-17T18:00:00Z,61,60
XAUUSD,2025,2025-11-18T16:59:00Z,2025-11-18T18:00:00Z,61,60
XAUUSD,2025,2025-11-19T16:59:00Z,2025-11-19T18:00:00Z,61,60
XAUUSD,2025,2025-11-20T16:59:00Z,2025-11-20T18:00:00Z,61,60
XAUUSD,2025,2025-11-21T16:59:00Z,2025-11-24T00:00:00Z,421,420
XAUUSD,2025,2025-11-24T16:59:00Z,2025-11-24T18:00:00Z,61,60
XAUUSD,2025,2025-11-25T16:59:00Z,2025-11-25T18:00:00Z,61,60
XAUUSD,2025,2025-11-26T16:59:00Z,2025-11-26T18:00:00Z,61,60
XAUUSD,2025,2025-11-27T14:28:00Z,2025-11-27T18:00:00Z,212,211
XAUUSD,2025,2025-11-28T03:14:00Z,2025-11-28T03:21:00Z,7,6
XAUUSD,2025,2025-11-28T14:43:00Z,2025-12-01T00:00:00Z,557,556
XAUUSD,2025,2025-12-01T16:59:00Z,2025-12-01T18:00:00Z,61,60
XAUUSD,2025,2025-12-02T16:59:00Z,2025-12-02T18:00:00Z,61,60
XAUUSD,2025,2025-12-03T16:59:00Z,2025-12-03T18:00:00Z,61,60
XAUUSD,2025,2025-12-04T16:59:00Z,2025-12-04T18:00:00Z,61,60
XAUUSD,2025,2025-12-05T10:59:00Z,2025-12-08T00:00:00Z,781,780
XAUUSD,2025,2025-12-08T16:59:00Z,2025-12-08T18:00:00Z,61,60
XAUUSD,2025,2025-12-09T16:59:00Z,2025-12-09T18:00:00Z,61,60
XAUUSD,2025,2025-12-10T16:59:00Z,2025-12-10T18:00:00Z,61,60
XAUUSD,2025,2025-12-11T16:59:00Z,2025-12-11T18:00:00Z,61,60
XAUUSD,2025,2025-12-12T16:59:00Z,2025-12-15T00:00:00Z,421,420
XAUUSD,2025,2025-12-15T16:59:00Z,2025-12-15T18:00:00Z,61,60
XAUUSD,2025,2025-12-16T16:59:00Z,2025-12-16T18:00:00Z,61,60
XAUUSD,2025,2025-12-17T16:59:00Z,2025-12-17T18:01:00Z,62,61
XAUUSD,2025,2025-12-18T16:59:00Z,2025-12-18T18:00:00Z,61,60
XAUUSD,2025,2025-12-19T16:59:00Z,2025-12-22T00:00:00Z,421,420
XAUUSD,2025,2025-12-22T16:59:00Z,2025-12-22T18:00:00Z,61,60
XAUUSD,2025,2025-12-23T16:59:00Z,2025-12-23T18:00:00Z,61,60
XAUUSD,2025,2025-12-24T13:43:00Z,2025-12-25T18:04:00Z,1701,1700
XAUUSD,2025,2025-12-26T16:59:00Z,2025-12-29T00:00:00Z,421,420
XAUUSD,2025,2025-12-29T16:59:00Z,2025-12-29T18:00:00Z,61,60
XAUUSD,2025,2025-12-30T16:59:00Z,2025-12-30T18:00:00Z,61,60
XAUUSD,2026,2026-01-02T16:59:00Z,2026-01-05T00:00:00Z,421,420
XAUUSD,2026,2026-01-05T16:59:00Z,2026-01-05T18:00:00Z,61,60
XAUUSD,2026,2026-01-06T16:59:00Z,2026-01-06T18:00:00Z,61,60
XAUUSD,2026,2026-01-07T16:59:00Z,2026-01-07T18:00:00Z,61,60
XAUUSD,2026,2026-01-08T16:59:00Z,2026-01-08T18:00:00Z,61,60
XAUUSD,2026,2026-01-09T16:59:00Z,2026-01-12T00:00:00Z,421,420
XAUUSD,2026,2026-01-12T16:59:00Z,2026-01-12T18:00:00Z,61,60
XAUUSD,2026,2026-01-13T16:59:00Z,2026-01-13T18:00:00Z,61,60
XAUUSD,2026,2026-01-14T16:59:00Z,2026-01-14T18:00:00Z,61,60
XAUUSD,2026,2026-01-15T16:59:00Z,2026-01-15T18:00:00Z,61,60
XAUUSD,2026,2026-01-16T16:59:00Z,2026-01-19T00:00:00Z,421,420
XAUUSD,2026,2026-01-19T14:28:00Z,2026-01-19T18:00:00Z,212,211
XAUUSD,2026,2026-01-20T16:59:00Z,2026-01-20T18:00:00Z,61,60
XAUUSD,2026,2026-01-21T16:59:00Z,2026-01-21T18:00:00Z,61,60
XAUUSD,2026,2026-01-22T16:59:00Z,2026-01-22T18:00:00Z,61,60
XAUUSD,2026,2026-01-23T16:59:00Z,2026-01-26T00:00:00Z,421,420
XAUUSD,2026,2026-01-26T16:59:00Z,2026-01-26T18:00:00Z,61,60
XAUUSD,2026,2026-01-27T16:59:00Z,2026-01-27T18:00:00Z,61,60
XAUUSD,2026,2026-01-28T16:59:00Z,2026-01-28T18:00:00Z,61,60
XAUUSD,2026,2026-01-29T16:59:00Z,2026-01-29T18:00:00Z,61,60
XAUUSD,2026,2026-01-30T16:58:00Z,2026-02-02T00:00:00Z,422,421
XAUUSD,2026,2026-02-02T16:59:00Z,2026-02-02T18:00:00Z,61,60
XAUUSD,2026,2026-02-03T16:59:00Z,2026-02-03T18:00:00Z,61,60
XAUUSD,2026,2026-02-04T16:59:00Z,2026-02-04T18:00:00Z,61,60
XAUUSD,2026,2026-02-05T16:59:00Z,2026-02-05T18:00:00Z,61,60
XAUUSD,2026,2026-02-06T16:59:00Z,2026-02-09T00:00:00Z,421,420
XAUUSD,2026,2026-02-09T16:59:00Z,2026-02-09T18:00:00Z,61,60
XAUUSD,2026,2026-02-10T16:59:00Z,2026-02-10T18:00:00Z,61,60
XAUUSD,2026,2026-02-11T16:59:00Z,2026-02-11T18:00:00Z,61,60
XAUUSD,2026,2026-02-12T16:59:00Z,2026-02-12T18:00:00Z,61,60
XAUUSD,2026,2026-02-12T18:01:00Z,2026-02-12T18:09:00Z,8,7
XAUUSD,2026,2026-02-13T16:59:00Z,2026-02-16T00:00:00Z,421,420
XAUUSD,2026,2026-02-16T14:28:00Z,2026-02-16T18:00:00Z,212,211
XAUUSD,2026,2026-02-17T16:59:00Z,2026-02-17T18:00:00Z,61,60
XAUUSD,2026,2026-02-18T16:59:00Z,2026-02-18T18:00:00Z,61,60
XAUUSD,2026,2026-02-19T16:59:00Z,2026-02-19T18:00:00Z,61,60
XAUUSD,2026,2026-02-20T16:59:00Z,2026-02-23T00:00:00Z,421,420
XAUUSD,2026,2026-02-23T16:59:00Z,2026-02-23T18:00:00Z,61,60
XAUUSD,2026,2026-02-24T16:59:00Z,2026-02-24T18:00:00Z,61,60
XAUUSD,2026,2026-02-25T16:59:00Z,2026-02-25T18:00:00Z,61,60
XAUUSD,2026,2026-02-26T16:59:00Z,2026-02-26T18:00:00Z,61,60
XAUUSD,2026,2026-02-27T16:58:00Z,2026-03-02T00:00:00Z,422,421
XAUUSD,2026,2026-03-02T16:59:00Z,2026-03-02T18:00:00Z,61,60
XAUUSD,2026,2026-03-03T16:59:00Z,2026-03-03T18:00:00Z,61,60
XAUUSD,2026,2026-03-04T16:59:00Z,2026-03-04T18:00:00Z,61,60
XAUUSD,2026,2026-03-05T16:59:00Z,2026-03-05T18:00:00Z,61,60
XAUUSD,2026,2026-03-06T16:59:00Z,2026-03-09T00:00:00Z,421,420
XAUUSD,2026,2026-03-09T15:59:00Z,2026-03-09T17:00:00Z,61,60
XAUUSD,2026,2026-03-10T15:59:00Z,2026-03-10T17:01:00Z,62,61
XAUUSD,2026,2026-03-11T15:59:00Z,2026-03-11T17:00:00Z,61,60
XAUUSD,2026,2026-03-12T15:59:00Z,2026-03-12T17:00:00Z,61,60
XAUUSD,2026,2026-03-12T17:59:00Z,2026-03-12T19:00:00Z,61,60
XAUUSD,2026,2026-03-13T15:59:00Z,2026-03-16T00:00:00Z,481,480
XAUUSD,2026,2026-03-16T15:59:00Z,2026-03-16T17:00:00Z,61,60
XAUUSD,2026,2026-03-17T15:59:00Z,2026-03-17T17:00:00Z,61,60
XAUUSD,2026,2026-03-18T15:59:00Z,2026-03-18T17:00:00Z,61,60
XAUUSD,2026,2026-03-19T15:59:00Z,2026-03-19T17:00:00Z,61,60
XAUUSD,2026,2026-03-20T15:59:00Z,2026-03-23T00:00:00Z,481,480
XAUUSD,2026,2026-03-23T15:59:00Z,2026-03-23T17:00:00Z,61,60
XAUUSD,2026,2026-03-24T15:59:00Z,2026-03-24T17:00:00Z,61,60
XAUUSD,2026,2026-03-25T15:59:00Z,2026-03-25T17:00:00Z,61,60
XAUUSD,2026,2026-03-26T15:59:00Z,2026-03-26T17:00:00Z,61,60
XAUUSD,2026,2026-03-27T15:59:00Z,2026-03-30T00:00:00Z,481,480
XAUUSD,2026,2026-03-30T16:59:00Z,2026-03-30T18:00:00Z,61,60
XAUUSD,2026,2026-03-31T16:59:00Z,2026-03-31T18:00:00Z,61,60
XAUUSD,2026,2026-04-01T16:59:00Z,2026-04-01T18:00:00Z,61,60
XAUUSD,2026,2026-04-02T16:58:00Z,2026-04-06T00:00:00Z,1862,1861
XAUUSD,2026,2026-04-06T16:59:00Z,2026-04-06T18:00:00Z,61,60
XAUUSD,2026,2026-04-07T16:59:00Z,2026-04-07T18:00:00Z,61,60
XAUUSD,2026,2026-04-08T16:59:00Z,2026-04-08T18:00:00Z,61,60
XAUUSD,2026,2026-04-09T16:59:00Z,2026-04-09T18:00:00Z,61,60
XAUUSD,2026,2026-04-10T16:59:00Z,2026-04-13T00:00:00Z,421,420
XAUUSD,2026,2026-04-13T16:59:00Z,2026-04-13T18:00:00Z,61,60
XAUUSD,2026,2026-04-14T16:59:00Z,2026-04-14T18:00:00Z,61,60
XAUUSD,2026,2026-04-15T16:59:00Z,2026-04-15T18:00:00Z,61,60
XAUUSD,2026,2026-04-16T16:59:00Z,2026-04-16T18:00:00Z,61,60
XAUUSD,2026,2026-04-17T16:59:00Z,2026-04-20T00:00:00Z,421,420
XAUUSD,2026,2026-04-20T16:59:00Z,2026-04-20T18:00:00Z,61,60
XAUUSD,2026,2026-04-21T16:59:00Z,2026-04-21T18:00:00Z,61,60
XAUUSD,2026,2026-04-22T16:59:00Z,2026-04-22T18:00:00Z,61,60
XAUUSD,2026,2026-04-23T16:59:00Z,2026-04-23T18:00:00Z,61,60
XAUUSD,2026,2026-04-24T16:59:00Z,2026-04-27T00:00:00Z,421,420
XAUUSD,2026,2026-04-27T16:59:00Z,2026-04-27T18:00:00Z,61,60
XAUUSD,2026,2026-04-28T16:59:00Z,2026-04-28T18:00:00Z,61,60
XAUUSD,2026,2026-04-29T16:59:00Z,2026-04-29T18:00:00Z,61,60
XAUUSD,2026,2026-04-30T16:59:00Z,2026-04-30T18:00:00Z,61,60
XAUUSD,2026,2026-05-01T16:59:00Z,2026-05-04T00:00:00Z,421,420
XAUUSD,2026,2026-05-04T16:59:00Z,2026-05-04T18:00:00Z,61,60
XAUUSD,2026,2026-05-05T16:59:00Z,2026-05-05T18:00:00Z,61,60
XAUUSD,2026,2026-05-06T16:59:00Z,2026-05-06T18:00:00Z,61,60
XAUUSD,2026,2026-05-07T16:59:00Z,2026-05-07T18:00:00Z,61,60
XAUUSD,2026,2026-05-08T16:59:00Z,2026-05-11T00:00:00Z,421,420
XAUUSD,2026,2026-05-11T16:59:00Z,2026-05-11T18:00:00Z,61,60
XAUUSD,2026,2026-05-12T16:59:00Z,2026-05-12T18:00:00Z,61,60
XAUUSD,2026,2026-05-13T16:59:00Z,2026-05-13T18:00:00Z,61,60
XAUUSD,2026,2026-05-14T16:59:00Z,2026-05-14T18:00:00Z,61,60
XAUUSD,2026,2026-05-15T16:59:00Z,2026-05-18T00:00:00Z,421,420
XAUUSD,2026,2026-05-18T16:59:00Z,2026-05-18T18:00:00Z,61,60
XAUUSD,2026,2026-05-19T16:59:00Z,2026-05-19T18:00:00Z,61,60
XAUUSD,2026,2026-05-20T16:59:00Z,2026-05-20T18:00:00Z,61,60
XAUUSD,2026,2026-05-21T16:59:00Z,2026-05-21T18:00:00Z,61,60
XAUUSD,2026,2026-05-22T16:59:00Z,2026-05-25T00:00:00Z,421,420
XAUUSD,2026,2026-05-25T14:28:00Z,2026-05-25T18:00:00Z,212,211
XAUUSD,2026,2026-05-26T16:59:00Z,2026-05-26T18:00:00Z,61,60
XAUUSD,2026,2026-05-27T16:59:00Z,2026-05-27T18:00:00Z,61,60
XAUUSD,2026,2026-05-28T16:59:00Z,2026-05-28T18:00:00Z,61,60
