basket,dir,start,end,duration_s,n_entries,total_lots,max_simul_lots,wavg_entry,wavg_exit,first_entry,last_entry,entry_span,gross_profit,swap,comm,net,profit_per_001lot,exit_dist_from_wae,n_close_events,all_closed_together,med_gap_s,max_gap_s,med_price_step,n_partial,outcome
L001,long,2026-06-29 12:23:35,2026-06-29 12:30:28,413.0,2,0.04,0.04,4048.3,4049.88,4049.82,4046.78,3.0399999999999636,6.32,0.0,0.0,6.32,1.58,1.5799999999999272,2,True,174.0,174.0,3.0399999999999636,0,profit
L002,long,2026-06-29 12:37:55,2026-06-29 13:10:10,1935.0,8,0.41000000000000003,0.41000000000000003,4032.0987804878046,4033.598780487804,4043.23,4028.06,17.36999999999989,61.5,0.0,0.0,61.5,1.5,1.4999999999995453,3,False,113.0,475.0,2.5599999999999454,0,profit
S001,short,2026-06-29 12:59:27,2026-06-29 13:03:41,254.0,2,0.04,0.04,4031.2799999999993,4028.705000000001,4030.6,4031.96,1.3600000000001273,10.3,0.0,0.0,10.3,2.575,2.574999999998454,2,True,89.0,89.0,1.3600000000001273,0,profit
L003,long,2026-06-29 14:23:35,2026-06-29 14:30:32,417.0,2,0.04,0.04,4029.665,4032.4600000000005,4030.66,4028.67,1.9899999999997817,11.18,0.0,0.0,11.18,2.795,2.7950000000005275,1,True,206.0,206.0,1.9899999999997817,0,profit
S002,short,2026-06-29 14:31:18,2026-06-29 14:33:03,105.0,2,0.04,0.04,4036.1050000000005,4033.395,4035.19,4037.02,1.8299999999999272,10.84,0.0,0.0,10.84,2.71,2.710000000000491,1,True,26.0,26.0,1.8299999999999272,0,profit
L004,long,2026-06-29 14:34:25,2026-06-29 14:45:48,683.0,1,0.02,0.02,4034.2,4036.5100000000007,4034.2,4034.2,0.0,4.62,0.0,0.0,4.62,2.31,2.310000000000855,1,True,,,,0,profit
S003,short,2026-06-29 14:48:33,2026-06-29 15:16:56,1703.0,7,0.30000000000000004,0.30000000000000004,4047.4449999999997,4046.093999999999,4036.94,4051.16,14.2199999999998,40.529999999999994,0.0,0.0,40.529999999999994,1.3509999999999995,1.3510000000005675,3,False,251.0,522.0,2.324999999999818,0,profit
L005,long,2026-06-29 15:22:43,2026-06-29 15:33:22,639.0,3,0.07,0.07,4040.5257142857135,4043.0142857142855,4042.99,4039.2,3.7899999999999636,17.42,0.0,0.0,17.42,2.4885714285714284,2.4885714285719587,1,True,124.0,167.0,1.8949999999999818,0,profit
S004,short,2026-06-29 15:34:18,2026-06-29 16:11:07,2209.0,4,0.11000000000000001,0.11000000000000001,4047.877272727272,4044.8554545454544,4042.58,4050.4,7.820000000000164,33.239999999999995,0.0,0.0,33.239999999999995,3.021818181818181,3.0218181818177072,1,True,270.0,1384.0,2.580000000000382,0,profit
L006,long,2026-06-29 15:42:06,2026-06-29 15:45:09,183.0,1,0.02,0.02,4043.1199999999994,4045.5899999999997,4043.12,4043.12,0.0,4.94,0.0,0.0,4.94,2.47,2.4700000000002547,1,True,,,,0,profit
L007,long,2026-06-29 16:11:19,2026-06-29 16:12:33,74.0,1,0.02,0.02,4045.92,4048.8100000000004,4045.92,4045.92,0.0,5.78,0.0,0.0,5.78,2.89,2.8900000000003274,1,True,,,,0,profit
L008,long,2026-06-29 16:22:05,2026-06-29 16:31:34,569.0,4,0.11000000000000001,0.11000000000000001,4040.667272727272,4042.7536363636364,4045.08,4038.12,6.960000000000036,22.950000000000003,0.0,0.0,22.950000000000003,2.0863636363636364,2.08636363636424,2,True,159.0,219.0,2.3600000000001273,0,profit
S005,short,2026-06-29 16:32:07,2026-06-29 16:33:29,82.0,1,0.02,0.02,4041.1,4040.31,4041.1,4041.1,0.0,1.58,0.0,0.0,1.58,0.79,0.7899999999999636,1,True,,,,0,profit
L009,long,2026-06-29 16:36:26,2026-06-29 16:42:50,384.0,2,0.04,0.04,4037.9549999999995,4041.21,4040.64,4035.27,5.369999999999891,13.020000000000001,0.0,0.0,13.020000000000001,3.2550000000000003,3.255000000000564,1,True,84.0,84.0,5.369999999999891,0,profit
S006,short,2026-06-29 16:40:44,2026-06-29 16:46:05,321.0,3,0.07,0.07,4039.1828571428564,4036.8599999999997,4037.82,4039.9,2.0799999999999272,16.26,0.0,0.0,16.26,2.322857142857143,2.3228571428567193,2,True,75.0,86.0,1.0399999999999636,0,profit
L010,long,2026-06-29 16:46:42,2026-06-29 17:01:02,860.0,5,0.16000000000000003,0.16000000000000003,4032.350625,4034.882499999999,4036.25,4029.77,6.480000000000018,40.51,0.0,0.0,40.51,2.5318749999999994,2.531874999998763,1,True,128.5,313.0,1.5950000000000273,0,profit
S007,short,2026-06-29 17:01:42,2026-06-29 17:02:09,27.0,1,0.02,0.02,4033.1200000000003,4031.89,4033.12,4033.12,0.0,2.46,0.0,0.0,2.46,1.23,1.230000000000473,1,True,,,,0,profit
L011,long,2026-06-29 17:02:44,2026-06-29 17:13:55,671.0,9,0.55,0.55,4015.1919999999996,4015.4396363636365,4031.47,4012.02,20.2199999999998,13.619999999999983,0.0,0.0,13.619999999999983,0.24763636363636332,0.24763636363695696,4,False,42.5,261.0,2.380000000000109,0,profit
S008,short,2026-06-29 17:09:12,2026-06-29 17:09:27,15.0,1,0.02,0.02,4018.2799999999997,4016.7799999999997,4018.28,4018.28,0.0,3.0,0.0,0.0,3.0,1.5,1.5,1,True,,,,0,profit
L012,long,2026-06-29 17:15:37,2026-06-29 17:16:31,54.0,1,0.02,0.02,4003.18,4008.64,4003.18,4003.18,0.0,10.92,0.0,0.0,10.92,5.46,5.460000000000036,1,True,,,,0,profit
S009,short,2026-06-29 17:16:53,2026-06-29 17:17:02,9.0,1,0.02,0.02,4009.4,4008.29,4009.4,4009.4,0.0,2.22,0.0,0.0,2.22,1.11,1.1100000000001273,1,True,,,,0,profit
S010,short,2026-06-29 17:18:47,2026-06-29 17:44:21,1534.0,7,0.30000000000000004,0.30000000000000004,4022.819333333333,4020.8689999999997,4016.08,4026.23,10.309999999999945,58.510000000000005,0.0,0.0,58.510000000000005,1.9503333333333333,1.9503333333332193,3,False,39.5,240.0,1.6300000000001091,0,profit
L013,long,2026-06-29 17:29:49,2026-06-29 17:30:08,19.0,1,0.02,0.02,4024.38,4026.9100000000003,4024.38,4024.38,0.0,5.06,0.0,0.0,5.06,2.53,2.5300000000002,1,True,,,,0,profit
L014,long,2026-06-29 17:34:40,2026-06-29 17:44:21,581.0,2,0.04,0.04,4025.41,4020.375,4028.29,4022.53,5.7599999999997635,-20.14,0.0,0.0,-20.14,-5.035,-5.0349999999998545,2,True,276.0,276.0,5.7599999999997635,0,loss
L015,long,2026-06-29 17:48:11,2026-06-29 17:50:32,141.0,1,0.02,0.02,4019.9800000000005,4021.82,4019.98,4019.98,0.0,3.68,0.0,0.0,3.68,1.84,1.8399999999996908,1,True,,,,0,profit
S011,short,2026-06-29 17:53:01,2026-06-29 18:01:03,482.0,2,0.04,0.04,4026.36,4024.3949999999995,4024.15,4028.57,4.420000000000073,7.859999999999999,0.0,0.0,7.859999999999999,1.9649999999999999,1.9650000000006003,1,True,212.0,212.0,4.420000000000073,0,profit
L016,long,2026-06-29 17:59:26,2026-06-29 18:15:45,979.0,3,0.07,0.07,4022.5457142857144,4025.465714285714,4025.22,4020.74,4.480000000000018,20.439999999999998,0.0,0.0,20.439999999999998,2.9199999999999995,2.919999999999618,1,True,431.0,627.0,2.240000000000009,0,profit
L017,long,2026-06-29 18:21:30,2026-06-29 18:29:07,457.0,2,0.04,0.04,4019.655,4022.2999999999997,4021.04,4018.27,2.769999999999982,10.58,0.0,0.0,10.58,2.645,2.644999999999527,1,True,160.0,160.0,2.769999999999982,0,profit
S012,short,2026-06-29 18:29:19,2026-06-29 18:35:17,358.0,3,0.07,0.07,4023.607142857142,4021.491428571428,4021.5,4025.13,3.630000000000109,14.81,0.0,0.0,14.81,2.1157142857142857,2.115714285714148,1,True,56.0,67.0,1.8150000000000546,0,profit
L018,long,2026-06-29 18:38:07,2026-06-29 18:39:16,69.0,1,0.02,0.02,4018.5300000000007,4021.94,4018.53,4018.53,0.0,6.82,0.0,0.0,6.82,3.41,3.4099999999993997,1,True,,,,0,profit
S013,short,2026-06-29 18:47:48,2026-06-29 19:06:00,1092.0,3,0.07,0.07,4026.767142857142,4024.7571428571428,4024.99,4028.35,3.3600000000001273,14.07,0.0,0.0,14.07,2.01,2.009999999999309,2,True,174.5,264.0,1.6800000000000637,0,profit
L019,long,2026-06-29 19:00:59,2026-06-29 19:49:42,2923.0,4,0.11000000000000001,0.11000000000000001,4022.7090909090907,4025.0636363636354,4026.83,4020.17,6.6599999999998545,25.900000000000002,0.0,0.0,25.900000000000002,2.3545454545454545,2.3545454545446773,2,True,866.0,1021.0,2.269999999999982,0,profit
S014,short,2026-06-29 19:48:38,2026-06-29 20:26:02,2244.0,3,0.07,0.07,4027.2171428571423,4025.091428571428,4023.39,4030.06,6.670000000000073,14.88,0.0,0.0,14.88,2.1257142857142854,2.1257142857143663,1,True,600.5,1068.0,3.3350000000000364,0,profit
L020,long,2026-06-29 20:00:30,2026-06-29 20:05:19,289.0,1,0.02,0.02,4025.15,4027.29,4025.15,4025.15,0.0,4.28,0.0,0.0,4.28,2.14,2.1399999999998727,1,True,,,,0,profit
L021,long,2026-06-29 20:24:31,2026-06-29 21:13:20,2929.0,4,0.11000000000000001,0.11000000000000001,4023.167272727272,4023.574545454544,4027.81,4020.68,7.130000000000109,4.48,0.0,0.0,4.48,0.40727272727272723,0.4072727272719021,1,True,360.0,1592.0,2.549999999999727,0,profit
S015,short,2026-06-30 09:30:46,2026-06-30 09:41:34,648.0,16,2.29,2.29,4022.914672489083,4023.329956331878,4014.64,4031.21,16.570000000000164,-95.10000000000002,0.0,0.0,-95.10000000000002,-0.41528384279475994,-0.4152838427949064,10,False,7.0,105.0,0.40000000000009095,0,loss
L022,long,2026-06-30 09:36:00,2026-06-30 09:40:16,256.0,3,0.06,0.06,4026.4700000000007,4023.0300000000007,4031.86,4022.44,9.420000000000073,-20.64,0.0,0.0,-20.64,-3.44,-3.4400000000000546,3,False,107.5,109.0,4.710000000000036,0,loss
L023,long,2026-06-30 10:00:07,2026-06-30 10:00:09,2.0,1,0.02,0.02,4030.0699999999997,4029.2799999999997,4030.07,4030.07,0.0,-1.58,0.0,0.0,-1.58,-0.79,-0.7899999999999636,1,True,,,,0,loss
L024,long,2026-06-30 10:03:24,2026-06-30 10:03:44,20.0,2,0.04,0.04,4027.105,4025.9500000000003,4027.2,4027.01,0.18999999999959982,-4.62,0.0,0.0,-4.62,-1.155,-1.1549999999997453,2,True,2.0,2.0,0.18999999999959982,0,loss
S016,short,2026-06-30 10:03:26,2026-06-30 10:12:58,572.0,16,2.5,2.2600000000000007,4026.50556,4024.57604,4026.58,4027.01,1.4800000000000182,482.38,0.0,0.0,482.38,1.92952,1.9295200000001387,6,False,0.0,73.0,0.04999999999972715,0,profit
L025,long,2026-06-30 10:04:59,2026-06-30 10:05:07,8.0,2,0.04,0.04,4027.5199999999995,4025.84,4027.6,4027.44,0.15999999999985448,-6.720000000000001,0.0,0.0,-6.720000000000001,-1.6800000000000002,-1.6799999999993815,2,True,0.0,0.0,0.15999999999985448,0,loss
L026,long,2026-06-30 10:07:17,2026-06-30 10:12:54,337.0,1,0.02,0.02,4029.73,4023.6899999999996,4029.73,4029.73,0.0,-12.08,0.0,0.0,-12.08,-6.04,-6.040000000000418,1,True,,,,0,loss
S017,short,2026-06-30 10:21:35,2026-06-30 10:22:45,70.0,15,2.26,2.2600000000000002,4029.31221238938,4027.6748230088506,4029.1,4029.42,0.49000000000023647,370.05000000000007,0.0,0.0,370.05000000000007,1.637389380530974,1.6373893805293847,5,False,0.0,6.0,0.010000000000218279,0,profit
S018,short,2026-06-30 10:40:34,2026-06-30 10:50:36,602.0,15,2.26,2.2600000000000002,4029.3911061946906,4026.1761061946904,4029.33,4029.31,0.13000000000010914,726.59,0.0,0.0,726.59,3.2150000000000007,3.2150000000001455,5,False,0.5,7.0,0.009999999999990905,0,profit
S019,short,2026-07-01 14:26:59,2026-07-01 15:02:07,2108.0,15,14.2,14.200000000000001,4030.4089084507045,4030.1494295774655,4022.74,4034.87,12.13000000000011,368.4599999999998,0.0,0.0,368.4599999999998,0.25947887323943647,0.2594788732390043,7,False,10.0,839.0,0.6900000000000546,0,profit
S020,short,2026-07-02 09:01:03,2026-07-02 09:05:35,272.0,2,0.04,0.04,4072.435,4068.745,4070.43,4074.44,4.010000000000218,14.76,0.0,0.0,14.76,3.69,3.6900000000000546,1,True,94.0,94.0,4.010000000000218,0,profit
L027,long,2026-07-02 09:15:19,2026-07-02 09:17:00,101.0,1,0.02,0.02,4068.45,4071.2399999999993,4068.45,4068.45,0.0,5.58,0.0,0.0,5.58,2.79,2.789999999999509,1,True,,,,0,profit
S021,short,2026-07-02 09:21:20,2026-07-02 09:30:03,523.0,2,0.04,0.04,4076.8399999999997,4074.955,4075.12,4078.56,3.4400000000000546,7.54,0.0,0.0,7.54,1.885,1.8849999999997635,1,True,97.0,97.0,3.4400000000000546,0,profit
L028,long,2026-07-02 09:30:03,2026-07-02 09:50:06,1203.0,3,0.07,0.07,4071.208571428571,4073.8999999999996,4074.95,4067.16,7.789999999999964,18.84,0.0,0.0,18.84,2.6914285714285713,2.691428571428787,2,True,400.0,585.0,3.894999999999982,0,profit
S022,short,2026-07-02 09:50:10,2026-07-02 10:00:17,607.0,2,0.04,0.04,4074.265,4071.385,4073.35,4075.18,1.8299999999999272,11.52,0.0,0.0,11.52,2.88,2.8799999999996544,1,True,449.0,449.0,1.8299999999999272,0,profit
L029,long,2026-07-02 10:04:06,2026-07-02 10:08:13,247.0,1,0.02,0.02,4068.9700000000003,4071.84,4068.97,4068.97,0.0,5.74,0.0,0.0,5.74,2.87,2.869999999999891,1,True,,,,0,profit
S023,short,2026-07-02 10:10:46,2026-07-02 10:12:46,120.0,1,0.02,0.02,4072.67,4069.51,4072.67,4072.67,0.0,6.32,0.0,0.0,6.32,3.16,3.1599999999998545,1,True,,,,0,profit
L030,long,2026-07-02 10:13:22,2026-07-02 10:38:48,1526.0,4,0.11000000000000001,0.11000000000000001,4065.7554545454545,4067.62,4069.12,4063.01,6.109999999999673,20.51,0.0,0.0,20.51,1.8645454545454543,1.8645454545453504,1,True,219.0,233.0,1.8299999999999272,0,profit
S024,short,2026-07-02 10:40:31,2026-07-02 10:48:02,451.0,2,0.04,0.04,4072.3199999999997,4067.9649999999992,4070.39,4074.25,3.8600000000001273,17.42,0.0,0.0,17.42,4.355,4.355000000000473,2,True,138.0,138.0,3.8600000000001273,0,profit
L031,long,2026-07-02 10:48:26,2026-07-02 11:05:26,1020.0,4,0.11000000000000001,0.11000000000000001,4065.3490909090906,4068.3563636363638,4069.01,4063.28,5.730000000000018,33.08,0.0,0.0,33.08,3.0072727272727264,3.0072727272731754,2,True,293.0,392.0,1.949999999999818,0,profit
S025,short,2026-07-02 11:06:15,2026-07-02 12:06:47,3632.0,4,0.11000000000000001,0.11000000000000001,4074.7763636363625,4072.7318181818177,4068.0,4077.97,9.9699999999998,22.49,0.0,0.0,22.49,2.044545454545454,2.044545454544732,1,True,743.0,1577.0,3.8200000000001637,0,profit
L032,long,2026-07-02 11:14:49,2026-07-02 11:19:59,310.0,1,0.02,0.02,4070.36,4073.12,4070.36,4070.36,0.0,5.52,0.0,0.0,5.52,2.76,2.7599999999997635,1,True,,,,0,profit
L033,long,2026-07-02 11:33:07,2026-07-02 11:41:24,497.0,1,0.02,0.02,4074.5200000000004,4075.9499999999994,4074.52,4074.52,0.0,2.86,0.0,0.0,2.86,1.43,1.4299999999989268,1,True,,,,0,profit
L034,long,2026-07-02 11:52:17,2026-07-02 11:53:58,101.0,1,0.02,0.02,4075.2299999999996,4077.7100000000005,4075.23,4075.23,0.0,4.96,0.0,0.0,4.96,2.48,2.4800000000009277,1,True,,,,0,profit
L035,long,2026-07-02 12:06:06,2026-07-02 12:42:49,2203.0,5,0.16000000000000003,0.16000000000000003,4069.3812499999985,4071.919999999999,4075.08,4066.0,9.079999999999927,40.620000000000005,0.0,0.0,40.620000000000005,2.53875,2.5387500000006185,1,True,424.0,599.0,2.349999999999909,0,profit
S026,short,2026-07-02 12:43:35,2026-07-02 12:54:08,633.0,1,0.02,0.02,4069.55,4067.31,4069.55,4069.55,0.0,4.48,0.0,0.0,4.48,2.24,2.2400000000002365,1,True,,,,0,profit
L036,long,2026-07-02 12:56:01,2026-07-02 13:42:05,2764.0,2,0.04,0.04,4065.4700000000003,4068.520000000001,4066.1,4064.84,1.2599999999997635,12.2,0.0,0.0,12.2,3.05,3.0500000000006366,1,True,492.0,492.0,1.2599999999997635,0,profit
S027,short,2026-07-02 13:22:46,2026-07-02 13:33:01,615.0,1,0.02,0.02,4066.51,4064.2400000000002,4066.51,4066.51,0.0,4.54,0.0,0.0,4.54,2.27,2.269999999999982,1,True,,,,0,profit
S028,short,2026-07-02 13:59:22,2026-07-02 14:00:41,79.0,1,0.02,0.02,4066.87,4063.4900000000002,4066.87,4066.87,0.0,6.76,0.0,0.0,6.76,3.38,3.3799999999996544,1,True,,,,0,profit
L037,long,2026-07-02 14:04:29,2026-07-02 14:12:35,486.0,2,0.04,0.04,4060.275,4062.54,4061.41,4059.14,2.269999999999982,9.059999999999999,0.0,0.0,9.059999999999999,2.2649999999999997,2.2649999999998727,1,True,116.0,116.0,2.269999999999982,0,profit
S029,short,2026-07-02 14:12:45,2026-07-02 14:58:11,2726.0,5,0.16000000000000003,0.16000000000000003,4067.301249999999,4068.1556249999994,4061.69,4070.83,9.139999999999873,-13.67,0.0,0.0,-13.67,-0.8543749999999998,-0.8543750000003456,3,False,218.0,1415.0,2.089999999999918,0,loss
L038,long,2026-07-02 16:08:07,2026-07-02 16:10:28,141.0,2,0.04,0.04,4118.615,4120.53,4119.73,4117.5,2.2299999999995634,7.66,0.0,0.0,7.66,1.915,1.9149999999999636,2,True,62.0,62.0,2.2299999999995634,0,profit
S030,short,2026-07-02 16:10:29,2026-07-02 16:17:30,421.0,3,0.07,0.07,4122.2242857142855,4120.444285714285,4120.26,4124.25,3.9899999999997817,12.459999999999999,0.0,0.0,12.459999999999999,1.7799999999999996,1.7800000000006548,1,True,44.0,49.0,1.9949999999998909,0,profit
L039,long,2026-07-02 16:16:12,2026-07-02 16:23:26,434.0,3,0.07,0.07,4117.111428571428,4119.162857142857,4121.25,4115.08,6.170000000000073,14.36,0.0,0.0,14.36,2.051428571428571,2.0514285714289144,1,True,182.5,224.0,3.0850000000000364,0,profit
L040,long,2026-07-02 16:24:57,2026-07-02 16:27:06,129.0,3,0.07,0.07,4112.417142857142,4114.3328571428565,4114.24,4110.94,3.300000000000182,13.41,0.0,0.0,13.41,1.9157142857142855,1.9157142857147846,2,True,28.5,43.0,1.650000000000091,0,profit
L041,long,2026-07-02 16:30:06,2026-07-02 16:30:46,40.0,2,0.04,0.04,4112.86,4115.665,4113.73,4111.99,1.7399999999997817,11.219999999999999,0.0,0.0,11.219999999999999,2.8049999999999997,2.805000000000291,1,True,18.0,18.0,1.7399999999997817,0,profit
S031,short,2026-07-02 16:30:57,2026-07-02 16:41:58,661.0,8,0.41000000000000003,0.41000000000000003,4129.733902439024,4129.206341463414,4116.81,4136.25,19.4399999999996,21.629999999999995,0.0,0.0,21.629999999999995,0.527560975609756,0.5275609756099584,3,False,25.0,88.0,2.7799999999997453,0,profit
L042,long,2026-07-02 16:38:20,2026-07-02 16:39:32,72.0,1,0.02,0.02,4129.64,4134.8,4129.64,4129.64,0.0,10.32,0.0,0.0,10.32,5.16,5.1599999999998545,1,True,,,,0,profit
S032,short,2026-07-02 16:47:14,2026-07-02 16:48:07,53.0,1,0.02,0.02,4138.56,4137.41,4138.56,4138.56,0.0,2.3,0.0,0.0,2.3,1.15,1.1500000000005457,1,True,,,,0,profit
S033,short,2026-07-02 16:48:35,2026-07-02 16:48:42,7.0,1,0.02,0.02,4139.36,4139.39,4139.36,4139.36,0.0,-0.06,0.0,0.0,-0.06,-0.03,-0.030000000000654836,1,True,,,,0,loss
L043,long,2026-07-02 16:54:49,2026-07-02 16:55:46,57.0,1,0.02,0.02,4134.57,4136.39,4134.57,4134.57,0.0,3.64,0.0,0.0,3.64,1.82,1.8200000000006185,1,True,,,,0,profit
L044,long,2026-07-02 16:56:03,2026-07-02 16:56:16,13.0,1,0.02,0.02,4137.89,4138.18,4137.89,4137.89,0.0,0.58,0.0,0.0,0.58,0.29,0.2899999999999636,1,True,,,,0,profit
L045,long,2026-07-02 16:56:26,2026-07-02 16:56:27,1.0,1,0.02,0.02,4138.61,4138.14,4138.61,4138.61,0.0,-0.94,0.0,0.0,-0.94,-0.47,-0.46999999999934516,1,True,,,,0,loss
L046,long,2026-07-02 16:59:28,2026-07-02 17:08:33,545.0,4,0.11000000000000001,0.11000000000000001,4132.387272727272,4134.273636363636,4137.35,4129.39,7.960000000000036,20.75,0.0,0.0,20.75,1.886363636363636,1.886363636363967,1,True,72.0,168.0,2.5499999999992724,0,profit
S034,short,2026-07-02 17:06:56,2026-07-02 17:07:49,53.0,1,0.02,0.02,4130.43,4129.38,4130.43,4130.43,0.0,2.1,0.0,0.0,2.1,1.05,1.050000000000182,1,True,,,,0,profit
L047,long,2026-07-02 17:10:48,2026-07-02 17:12:44,116.0,1,0.02,0.02,4125.95,4129.16,4125.95,4125.95,0.0,6.42,0.0,0.0,6.42,3.21,3.2100000000000364,1,True,,,,0,profit
S035,short,2026-07-02 17:13:04,2026-07-02 17:17:22,258.0,3,0.07,0.07,4133.322857142857,4130.0599999999995,4129.49,4135.22,5.730000000000473,22.84,0.0,0.0,22.84,3.2628571428571425,3.2628571428576834,1,True,121.5,210.0,2.8650000000002365,0,profit
L048,long,2026-07-02 17:19:23,2026-07-02 17:31:24,721.0,6,0.22000000000000003,0.22000000000000003,4119.85909090909,4121.563181818181,4128.34,4115.52,12.819999999999709,37.49,0.0,0.0,37.49,1.7040909090909089,1.7040909090910645,1,True,80.0,317.0,2.180000000000291,0,profit
S036,short,2026-07-02 17:30:29,2026-07-02 17:34:50,261.0,3,0.07,0.07,4121.965714285714,4119.749999999999,4118.14,4124.2,6.059999999999491,15.51,0.0,0.0,15.51,2.2157142857142853,2.2157142857149665,1,True,43.5,74.0,3.0299999999997453,0,profit
L049,long,2026-07-02 17:48:41,2026-07-02 17:49:11,30.0,1,0.02,0.02,4117.74,4119.19,4117.74,4117.74,0.0,2.9,0.0,0.0,2.9,1.45,1.449999999999818,1,True,,,,0,profit
S037,short,2026-07-02 17:51:55,2026-07-02 17:52:39,44.0,1,0.02,0.02,4125.13,4121.88,4125.13,4125.13,0.0,6.5,0.0,0.0,6.5,3.25,3.25,1,True,,,,0,profit
S038,short,2026-07-02 17:56:27,2026-07-02 18:05:38,551.0,3,0.07,0.07,4128.3328571428565,4125.565714285714,4126.84,4129.55,2.7100000000000364,19.37,0.0,0.0,19.37,2.767142857142857,2.767142857142062,1,True,158.5,192.0,1.3550000000000182,0,profit
L050,long,2026-07-02 18:05:04,2026-07-02 18:11:10,366.0,3,0.07,0.07,4121.409999999999,4124.717142857142,4127.88,4116.15,11.730000000000473,23.15,0.0,0.0,23.15,3.3071428571428565,3.307142857142935,1,True,78.5,93.0,5.8650000000002365,0,profit
S039,short,2026-07-02 18:10:08,2026-07-02 18:17:44,456.0,3,0.07,0.07,4124.807142857142,4121.607142857142,4120.8,4128.89,8.090000000000146,22.4,0.0,0.0,22.4,3.1999999999999993,3.199999999999818,1,True,70.0,106.0,4.045000000000073,0,profit
L051,long,2026-07-02 18:16:18,2026-07-02 18:21:45,327.0,2,0.04,0.04,4123.12,4126.32,4124.16,4122.08,2.0799999999999272,12.8,0.0,0.0,12.8,3.2,3.199999999999818,1,True,120.0,120.0,2.0799999999999272,0,profit
S040,short,2026-07-02 18:22:22,2026-07-02 18:30:58,516.0,2,0.04,0.04,4128.175,4124.315,4125.37,4130.98,5.609999999999673,15.440000000000001,0.0,0.0,15.440000000000001,3.8600000000000003,3.860000000000582,2,True,132.0,132.0,5.609999999999673,0,profit
L052,long,2026-07-02 18:28:07,2026-07-02 18:31:47,220.0,2,0.04,0.04,4125.27,4127.75,4126.35,4124.19,2.160000000000764,9.92,0.0,0.0,9.92,2.48,2.4799999999995634,1,True,118.0,118.0,2.160000000000764,0,profit
L053,long,2026-07-02 18:41:20,2026-07-02 18:47:48,388.0,1,0.02,0.02,4126.91,4129.02,4126.91,4126.91,0.0,4.22,0.0,0.0,4.22,2.11,2.110000000000582,1,True,,,,0,profit
S041,short,2026-07-02 18:49:20,2026-07-02 18:51:19,119.0,1,0.02,0.02,4128.98,4126.69,4128.98,4128.98,0.0,4.58,0.0,0.0,4.58,2.29,2.2899999999999636,1,True,,,,0,profit
S042,short,2026-07-03 04:31:44,2026-07-03 04:39:58,494.0,15,2.869999999999999,2.8699999999999997,4188.416027874565,4185.085609756099,4186.44,4190.43,4.260000000000218,955.83,0.0,0.0,955.83,3.3304181184668997,3.3304181184657864,2,True,0.0,13.0,0.03499999999985448,0,profit
L054,long,2026-07-03 04:49:21,2026-07-03 04:53:35,254.0,1,0.2,0.2,4182.77,4175.26,4182.77,4182.77,0.0,-150.2,0.0,0.0,-150.2,-7.51,-7.510000000000218,1,True,,,,0,loss
L055,long,2026-07-03 04:55:06,2026-07-03 04:55:31,25.0,1,0.2,0.2,4180.04,4180.85,4180.04,4180.04,0.0,16.2,0.0,0.0,16.2,0.8099999999999999,0.8100000000004002,1,True,,,,0,profit
S043,short,2026-07-03 10:46:02,2026-07-03 10:57:08,666.0,1,0.02,0.02,4179.27,4177.19,4179.27,4179.27,0.0,4.16,0.0,0.0,4.16,2.08,2.0800000000008367,1,True,,,,0,profit
L056,long,2026-07-03 10:59:22,2026-07-03 11:00:04,42.0,1,0.02,0.02,4176.61,4178.47,4176.61,4176.61,0.0,3.72,0.0,0.0,3.72,1.86,1.860000000000582,1,True,,,,0,profit
S044,short,2026-07-03 11:00:58,2026-07-03 11:46:59,2761.0,3,0.07,0.07,4183.331428571428,4180.759999999999,4180.4,4185.28,4.880000000000109,18.0,0.0,0.0,18.0,2.571428571428571,2.5714285714284415,1,True,1025.0,1921.0,2.4400000000000546,0,profit
L057,long,2026-07-03 11:31:54,2026-07-03 11:33:47,113.0,1,0.02,0.02,4182.27,4184.69,4182.27,4182.27,0.0,4.84,0.0,0.0,4.84,2.42,2.4199999999991633,1,True,,,,0,profit
L058,long,2026-07-03 11:50:33,2026-07-03 11:58:06,453.0,1,0.02,0.02,4178.39,4181.97,4178.39,4178.39,0.0,7.16,0.0,0.0,7.16,3.58,3.5799999999999272,1,True,,,,0,profit
S045,short,2026-07-03 11:58:38,2026-07-03 12:09:16,638.0,1,0.02,0.02,4181.34,4179.08,4181.34,4181.34,0.0,4.52,0.0,0.0,4.52,2.26,2.2600000000002183,1,True,,,,0,profit
L059,long,2026-07-03 12:11:12,2026-07-03 12:15:01,229.0,1,0.02,0.02,4177.32,4180.16,4177.32,4177.32,0.0,5.68,0.0,0.0,5.68,2.84,2.8400000000001455,1,True,,,,0,profit
L060,long,2026-07-03 12:25:31,2026-07-03 12:55:00,1769.0,3,0.07,0.07,4172.415714285713,4174.632857142858,4174.5,4170.65,3.850000000000364,15.52,0.0,0.0,15.52,2.2171428571428566,2.2171428571446086,1,True,270.0,425.0,1.925000000000182,0,profit
S046,short,2026-07-03 12:56:36,2026-07-03 13:00:03,207.0,1,0.02,0.02,4173.8,4171.58,4173.8,4173.8,0.0,4.44,0.0,0.0,4.44,2.22,2.2200000000002547,1,True,,,,0,profit
S047,short,2026-07-03 13:09:25,2026-07-03 13:48:48,2363.0,1,0.02,0.02,4178.99,4175.36,4178.99,4178.99,0.0,7.26,0.0,0.0,7.26,3.63,3.630000000000109,1,True,,,,0,profit
L061,long,2026-07-03 13:38:01,2026-07-03 14:05:11,1630.0,1,0.02,0.02,4177.2,4178.97,4177.2,4177.2,0.0,3.54,0.0,0.0,3.54,1.77,1.7700000000004366,1,True,,,,0,profit
S048,short,2026-07-03 14:17:32,2026-07-03 14:57:17,2385.0,2,0.04,0.04,4184.51,4180.24,4183.85,4185.17,1.319999999999709,17.08,0.0,0.0,17.08,4.27,4.270000000000437,1,True,1709.0,1709.0,1.319999999999709,0,profit
L062,long,2026-07-03 14:59:17,2026-07-03 15:08:43,566.0,1,0.02,0.02,4179.82,4182.98,4179.82,4179.82,0.0,6.32,0.0,0.0,6.32,3.16,3.1599999999998545,1,True,,,,0,profit
L063,long,2026-07-03 15:19:07,2026-07-03 15:34:57,950.0,3,0.07,0.07,4174.811428571428,4176.99,4176.7,4173.54,3.1599999999998545,15.25,0.0,0.0,15.25,2.1785714285714284,2.1785714285715585,1,True,254.5,437.0,1.5799999999999272,0,profit
S049,short,2026-07-03 15:34:01,2026-07-03 15:37:36,215.0,2,0.04,0.04,4175.525,4173.675,4174.48,4176.57,2.0900000000001455,7.4,0.0,0.0,7.4,1.85,1.8499999999994543,1,True,153.0,153.0,2.0900000000001455,0,profit
S050,short,2026-07-03 15:49:36,2026-07-03 15:56:47,431.0,1,0.02,0.02,4176.77,4174.22,4176.77,4176.77,0.0,5.1,0.0,0.0,5.1,2.55,2.550000000000182,1,True,,,,0,profit
L064,long,2026-07-03 15:59:02,2026-07-03 15:59:59,57.0,1,0.02,0.02,4174.35,4176.96,4174.35,4174.35,0.0,5.22,0.0,0.0,5.22,2.61,2.6099999999996726,1,True,,,,0,profit
S051,short,2026-07-03 16:00:23,2026-07-03 16:00:34,11.0,1,0.02,0.02,4177.25,4175.93,4177.25,4177.25,0.0,2.64,0.0,0.0,2.64,1.32,1.319999999999709,1,True,,,,0,profit
L065,long,2026-07-03 16:01:55,2026-07-03 16:16:57,902.0,4,0.11000000000000001,0.11000000000000001,4168.910909090909,4170.136363636363,4174.24,4166.02,8.219999999999345,13.479999999999999,0.0,0.0,13.479999999999999,1.2254545454545451,1.2254545454543404,1,True,205.0,292.0,2.6099999999996726,0,profit
S052,short,2026-07-03 16:17:48,2026-07-03 16:30:58,790.0,2,0.04,0.04,4170.255,4167.86,4169.33,4171.18,1.8500000000003638,9.58,0.0,0.0,9.58,2.395,2.3950000000004366,1,True,735.0,735.0,1.8500000000003638,0,profit
L066,long,2026-07-03 16:18:06,2026-07-03 17:15:47,3461.0,4,0.11000000000000001,0.11000000000000001,4163.133636363636,4164.184545454545,4168.48,4157.28,11.199999999999818,11.559999999999999,0.0,0.0,11.559999999999999,1.0509090909090906,1.0509090909090446,2,True,1183.0,1210.0,2.069999999999709,0,profit
L067,long,2026-07-07 01:35:35,2026-07-07 03:21:21,6346.0,6,0.18,0.18,4158.663888888889,4160.0616666666665,4167.33,4154.11,13.220000000000255,25.16,0.0,0.0,25.16,1.3977777777777778,1.3977777777772644,1,True,753.0,3307.0,2.5100000000002183,0,profit
S053,short,2026-07-07 03:21:36,2026-07-07 03:34:41,785.0,2,0.04,0.04,4160.23,4157.56,4159.18,4161.28,2.0999999999994543,10.68,0.0,0.0,10.68,2.67,2.6699999999991633,1,True,547.0,547.0,2.0999999999994543,0,profit
L068,long,2026-07-07 03:38:29,2026-07-07 03:53:17,888.0,3,0.07,0.07,4150.407142857142,4152.2814285714285,4152.09,4149.21,2.880000000000109,13.120000000000001,0.0,0.0,13.120000000000001,1.874285714285714,1.8742857142860885,1,True,295.0,480.0,1.4400000000000546,0,profit
S054,short,2026-07-07 08:55:49,2026-07-07 09:09:11,802.0,2,0.04,0.04,4127.005,4124.025000000001,4125.97,4128.04,2.069999999999709,11.92,0.0,0.0,11.92,2.98,2.9799999999995634,2,True,432.0,432.0,2.069999999999709,0,profit
L069,long,2026-07-07 09:12:18,2026-07-07 09:20:24,486.0,1,0.02,0.02,4122.77,4125.92,4122.77,4122.77,0.0,6.3,0.0,0.0,6.3,3.15,3.149999999999636,1,True,,,,0,profit
S055,short,2026-07-07 09:22:19,2026-07-07 10:03:06,2447.0,3,0.07,0.07,4128.8271428571425,4126.285714285714,4125.8,4131.19,5.389999999999418,17.79,0.0,0.0,17.79,2.541428571428571,2.541428571428696,1,True,558.0,904.0,2.694999999999709,0,profit
L070,long,2026-07-07 09:30:41,2026-07-07 09:33:38,177.0,1,0.02,0.02,4126.87,4128.38,4126.87,4126.87,0.0,3.02,0.0,0.0,3.02,1.51,1.5100000000002183,1,True,,,,0,profit
L071,long,2026-07-07 10:04:21,2026-07-07 10:13:39,558.0,1,0.02,0.02,4126.39,4129.35,4126.39,4126.39,0.0,5.92,0.0,0.0,5.92,2.96,2.9600000000000364,1,True,,,,0,profit
S056,short,2026-07-07 10:14:14,2026-07-07 10:24:19,605.0,2,0.04,0.04,4130.095,4127.415,4129.17,4131.02,1.8500000000003638,10.72,0.0,0.0,10.72,2.68,2.680000000000291,2,True,181.0,181.0,1.8500000000003638,0,profit
S057,short,2026-07-07 10:44:57,2026-07-07 10:48:27,210.0,2,0.04,0.04,4131.009999999999,4128.86,4129.74,4132.28,2.5399999999999636,8.6,0.0,0.0,8.6,2.15,2.149999999999636,1,True,160.0,160.0,2.5399999999999636,0,profit
L072,long,2026-07-07 10:56:23,2026-07-07 11:03:10,407.0,1,0.02,0.02,4125.98,4129.7,4125.98,4125.98,0.0,7.44,0.0,0.0,7.44,3.72,3.7200000000002547,1,True,,,,0,profit
S058,short,2026-07-07 11:12:03,2026-07-07 11:33:06,1263.0,3,0.07,0.07,4136.749999999999,4133.515714285714,4135.28,4137.87,2.5900000000001455,22.64,0.0,0.0,22.64,3.234285714285714,3.2342857142848516,2,True,55.0,69.0,1.2950000000000728,0,profit
L073,long,2026-07-07 11:22:03,2026-07-07 11:24:33,150.0,1,0.02,0.02,4135.14,4137.87,4135.14,4135.14,0.0,5.46,0.0,0.0,5.46,2.73,2.7299999999995634,1,True,,,,0,profit
L074,long,2026-07-07 11:36:35,2026-07-07 12:18:40,2525.0,4,0.11000000000000001,0.11000000000000001,4127.142727272727,4129.412727272726,4132.04,4123.3,8.739999999999782,24.97,0.0,0.0,24.97,2.2699999999999996,2.269999999999527,1,True,407.0,559.0,3.4700000000002547,0,profit
S059,short,2026-07-07 12:09:34,2026-07-07 12:27:39,1085.0,2,0.04,0.04,4128.455,4125.0599999999995,4127.24,4129.67,2.430000000000291,13.58,0.0,0.0,13.58,3.395,3.3950000000004366,1,True,566.0,566.0,2.430000000000291,0,profit
L075,long,2026-07-07 12:27:47,2026-07-07 12:31:17,210.0,2,0.04,0.04,4123.110000000001,4125.51,4124.72,4121.5,3.2200000000002547,9.6,0.0,0.0,9.6,2.4,2.399999999999636,1,True,129.0,129.0,3.2200000000002547,0,profit
S060,short,2026-07-07 12:30:44,2026-07-07 12:50:35,1191.0,4,0.11000000000000001,0.11000000000000001,4129.317272727272,4126.768181818181,4123.94,4132.27,8.330000000000837,28.04,0.0,0.0,28.04,2.5490909090909084,2.549090909091319,2,True,258.0,539.0,3.0,0,profit
L076,long,2026-07-07 12:51:15,2026-07-07 12:54:52,217.0,1,0.02,0.02,4126.31,4130.09,4126.31,4126.31,0.0,7.56,0.0,0.0,7.56,3.78,3.7799999999997453,1,True,,,,0,profit
S061,short,2026-07-07 13:01:14,2026-07-07 14:04:05,3771.0,4,0.11000000000000001,0.11000000000000001,4135.520909090908,4134.604545454546,4132.67,4137.68,5.010000000000218,10.08,0.0,0.0,10.08,0.9163636363636363,0.9163636363628029,4,False,448.0,802.0,1.8500000000003638,0,profit
S062,short,2026-07-07 14:19:38,2026-07-07 15:23:54,3856.0,13,1.65,1.65,4164.710606060607,4163.916121212122,4141.14,4173.16,32.01999999999953,131.08999999999997,0.0,0.0,131.08999999999997,0.7944848484848483,0.794484848484899,7,False,295.5,611.0,2.4299999999998363,0,profit
L077,long,2026-07-07 14:59:49,2026-07-07 15:00:02,13.0,1,0.02,0.02,4157.59,4157.24,4157.59,4157.59,0.0,-0.7,0.0,0.0,-0.7,-0.35,-0.3500000000003638,1,True,,,,0,loss
L078,long,2026-07-07 15:09:46,2026-07-07 15:12:59,193.0,4,0.08,0.06,4169.445000000001,4169.6925,4169.87,4167.87,2.6500000000005457,1.9799999999999995,0.0,0.0,1.9799999999999995,0.24749999999999994,0.24749999999949068,2,True,22.0,75.0,1.0,0,profit
L079,long,2026-07-07 15:18:56,2026-07-07 15:23:41,285.0,2,0.04,0.04,4168.219999999999,4163.86,4170.03,4166.41,3.619999999999891,-17.439999999999998,0.0,0.0,-17.439999999999998,-4.359999999999999,-4.359999999999673,1,True,90.0,90.0,3.619999999999891,0,loss
L080,long,2026-07-07 15:37:36,2026-07-07 15:39:51,135.0,1,0.02,0.02,4163.81,4166.3,4163.81,4163.81,0.0,4.98,0.0,0.0,4.98,2.49,2.4899999999997817,1,True,,,,0,profit
L081,long,2026-07-07 15:42:19,2026-07-07 15:43:12,53.0,1,0.02,0.02,4163.73,4165.86,4163.73,4163.73,0.0,4.26,0.0,0.0,4.26,2.13,2.130000000000109,1,True,,,,0,profit
S063,short,2026-07-07 15:45:53,2026-07-07 15:48:52,179.0,1,0.02,0.02,4167.32,4164.99,4167.32,4167.32,0.0,4.66,0.0,0.0,4.66,2.33,2.3299999999999272,1,True,,,,0,profit
S064,short,2026-07-07 15:59:18,2026-07-07 16:01:18,120.0,2,0.04,0.04,4172.955,4170.175,4171.03,4174.88,3.850000000000364,11.120000000000001,0.0,0.0,11.120000000000001,2.7800000000000002,2.7799999999997453,2,True,59.0,59.0,3.850000000000364,0,profit
L082,long,2026-07-07 16:02:18,2026-07-07 16:12:06,588.0,4,0.11000000000000001,0.11000000000000001,4164.453636363636,4166.711818181818,4168.01,4161.77,6.239999999999782,24.840000000000003,0.0,0.0,24.840000000000003,2.2581818181818183,2.2581818181815834,2,True,153.0,254.0,2.4199999999991633,0,profit
S065,short,2026-07-07 16:15:12,2026-07-07 16:24:55,583.0,1,0.02,0.02,4170.28,4166.28,4170.28,4170.28,0.0,8.0,0.0,0.0,8.0,4.0,4.0,1,True,,,,0,profit
S066,short,2026-07-07 16:31:49,2026-07-07 16:38:24,395.0,3,0.07,0.07,4175.161428571429,4171.468571428571,4169.95,4178.27,8.320000000000618,25.85,0.0,0.0,25.85,3.6928571428571426,3.6928571428579744,1,True,154.0,270.0,4.160000000000309,0,profit
L083,long,2026-07-07 16:38:19,2026-07-07 16:40:49,150.0,2,0.04,0.04,4171.61,4174.4,4173.55,4169.67,3.880000000000109,11.16,0.0,0.0,11.16,2.79,2.7899999999999636,1,True,48.0,48.0,3.880000000000109,0,profit
S067,short,2026-07-07 16:41:05,2026-07-07 16:46:49,344.0,4,0.11000000000000001,0.11000000000000001,4177.074545454545,4174.055454545453,4173.95,4178.76,4.8100000000004,33.21,0.0,0.0,33.21,3.0190909090909086,3.019090909091574,1,True,20.0,68.0,1.4600000000000364,0,profit
L084,long,2026-07-07 16:51:59,2026-07-07 17:18:08,1569.0,10,0.73,0.73,4157.353424657535,4157.8664383561645,4170.95,4152.88,18.06999999999971,37.449999999999996,0.0,0.0,37.449999999999996,0.5130136986301369,0.5130136986299476,4,False,74.0,574.0,1.8500000000003638,0,profit
S068,short,2026-07-07 17:00:05,2026-07-07 17:00:25,20.0,1,0.02,0.02,4158.92,4157.1,4158.92,4158.92,0.0,3.64,0.0,0.0,3.64,1.82,1.819999999999709,1,True,,,,0,profit
S069,short,2026-07-07 17:02:58,2026-07-07 17:03:25,27.0,1,0.02,0.02,4161.54,4160.95,4161.54,4161.54,0.0,1.18,0.0,0.0,1.18,0.59,0.5900000000001455,1,True,,,,0,profit
S070,short,2026-07-07 17:03:44,2026-07-07 17:03:53,9.0,1,0.02,0.02,4157.71,4155.86,4157.71,4157.71,0.0,3.7,0.0,0.0,3.7,1.85,1.8500000000003638,1,True,,,,0,profit
S071,short,2026-07-07 17:08:12,2026-07-07 17:10:13,121.0,3,0.06,0.06,4155.22,4153.943333333334,4153.28,4156.9,3.619999999999891,7.66,0.0,0.0,7.66,1.2766666666666666,1.2766666666666424,1,True,38.5,70.0,1.8099999999999454,0,profit
S072,short,2026-07-07 17:11:17,2026-07-07 17:14:22,185.0,1,0.02,0.02,4153.6,4152.55,4153.6,4153.6,0.0,2.1,0.0,0.0,2.1,1.05,1.050000000000182,1,True,,,,0,profit
S073,short,2026-07-07 17:14:22,2026-07-07 17:18:06,224.0,2,0.04,0.04,4154.19,4158.280000000001,4152.31,4156.07,3.759999999999309,-16.36,0.0,0.0,-16.36,-4.09,-4.090000000001055,2,True,171.0,171.0,3.759999999999309,0,loss
L085,long,2026-07-07 17:21:42,2026-07-07 17:28:05,383.0,2,0.04,0.04,4154.725,4156.44,4155.93,4153.52,2.4099999999998545,6.86,0.0,0.0,6.86,1.715,1.714999999999236,1,True,102.0,102.0,2.4099999999998545,0,profit
S074,short,2026-07-07 17:30:10,2026-07-07 17:32:28,138.0,1,0.02,0.02,4157.87,4153.82,4157.87,4157.87,0.0,8.1,0.0,0.0,8.1,4.05,4.050000000000182,1,True,,,,0,profit
L086,long,2026-07-07 17:32:44,2026-07-07 17:43:23,639.0,5,0.16000000000000003,0.16000000000000003,4148.0287499999995,4150.491249999999,4154.43,4144.73,9.700000000000728,39.4,0.0,0.0,39.4,2.4624999999999995,2.462499999999636,1,True,86.5,348.0,2.3400000000001455,0,profit
S075,short,2026-07-07 17:46:36,2026-07-07 18:03:05,989.0,1,0.02,0.02,4155.77,4150.48,4155.77,4155.77,0.0,10.58,0.0,0.0,10.58,5.29,5.290000000000873,1,True,,,,0,profit
L087,long,2026-07-07 18:00:05,2026-07-07 18:08:01,476.0,3,0.07,0.07,4152.032857142856,4154.341428571428,4153.07,4150.97,2.0999999999994543,16.16,0.0,0.0,16.16,2.3085714285714283,2.3085714285716676,1,True,172.5,314.0,1.0499999999997272,0,profit
L088,long,2026-07-07 18:14:01,2026-07-07 19:06:21,3140.0,6,0.22000000000000003,0.22000000000000003,4141.387272727272,4143.018181818182,4149.86,4137.75,12.109999999999673,35.88,0.0,0.0,35.88,1.6309090909090909,1.6309090909098813,2,True,160.0,2012.0,3.3599999999996726,0,profit
S076,short,2026-07-07 18:41:49,2026-07-07 18:49:50,481.0,1,0.02,0.02,4146.51,4143.6,4146.51,4146.51,0.0,5.82,0.0,0.0,5.82,2.91,2.9099999999998545,1,True,,,,0,profit
S077,short,2026-07-07 19:00:08,2026-07-07 19:46:18,2770.0,4,0.11000000000000001,0.11000000000000001,4143.483636363636,4141.355454545454,4138.33,4145.87,7.539999999999964,23.409999999999997,0.0,0.0,23.409999999999997,2.1281818181818175,2.1281818181814742,1,True,575.0,791.0,1.6700000000000728,0,profit
L089,long,2026-07-07 19:36:43,2026-07-07 19:49:52,789.0,2,0.04,0.04,4143.165,4144.2,4144.18,4142.15,2.030000000000655,4.14,0.0,0.0,4.14,1.035,1.0349999999998545,2,True,614.0,614.0,2.030000000000655,0,profit
S078,short,2026-07-08 08:32:03,2026-07-08 08:48:12,969.0,4,0.11000000000000001,0.11000000000000001,4128.468181818182,4126.632727272728,4125.51,4130.56,5.050000000000182,20.189999999999998,0.0,0.0,20.189999999999998,1.835454545454545,1.835454545454013,2,True,245.0,265.0,1.7700000000004366,0,profit
L090,long,2026-07-08 08:48:31,2026-07-08 09:12:41,1450.0,3,0.07,0.07,4125.138571428571,4127.14,4127.39,4123.79,3.600000000000364,14.010000000000002,0.0,0.0,14.010000000000002,2.0014285714285713,2.001428571429642,1,True,571.5,1037.0,1.800000000000182,0,profit
S079,short,2026-07-08 09:13:07,2026-07-08 09:31:59,1132.0,3,0.07,0.07,4130.499999999999,4127.665714285714,4128.62,4131.68,3.0600000000004,19.84,0.0,0.0,19.84,2.834285714285714,2.8342857142852154,2,True,113.0,157.0,1.5300000000002,0,profit
L091,long,2026-07-08 09:33:46,2026-07-08 10:28:33,3287.0,7,0.30000000000000004,0.30000000000000004,4120.057,4120.987999999999,4126.77,4116.39,10.38000000000011,27.929999999999996,0.0,0.0,27.929999999999996,0.9309999999999997,0.9309999999995853,2,True,411.0,904.0,1.4900000000002365,0,profit
S080,short,2026-07-08 10:17:03,2026-07-08 10:18:04,61.0,1,0.02,0.02,4117.68,4116.69,4117.68,4117.68,0.0,1.98,0.0,0.0,1.98,0.99,0.9900000000006912,1,True,,,,0,profit
L092,long,2026-07-08 10:52:26,2026-07-08 11:20:10,1664.0,12,1.26,1.26,4092.786507936508,4096.096825396825,4123.65,4081.63,42.01999999999953,417.09999999999997,0.0,0.0,417.09999999999997,3.31031746031746,3.3103174603170373,2,True,20.0,874.0,3.2000000000007276,0,profit
S081,short,2026-07-08 11:17:14,2026-07-08 11:17:15,1.0,1,0.02,0.02,4102.0,4104.09,4102.0,4102.0,0.0,-4.18,0.0,0.0,-4.18,-2.09,-2.0900000000001455,1,True,,,,0,loss
S082,short,2026-07-08 11:17:31,2026-07-08 11:17:33,2.0,1,0.02,0.02,4099.65,4100.56,4099.65,4099.65,0.0,-1.82,0.0,0.0,-1.82,-0.91,-0.910000000000764,1,True,,,,0,loss
S083,short,2026-07-08 11:18:06,2026-07-08 11:18:19,13.0,2,0.04,0.04,4086.1599999999994,4086.6749999999997,4086.18,4086.14,0.03999999999996362,-2.06,0.0,0.0,-2.06,-0.515,-0.5150000000003274,1,True,5.0,5.0,0.03999999999996362,0,loss
S084,short,2026-07-08 11:18:22,2026-07-08 11:18:24,2.0,1,0.03,0.03,4084.97,4084.16,4084.97,4084.97,0.0,2.43,0.0,0.0,2.43,0.81,0.8099999999999454,1,True,,,,0,profit
S085,short,2026-07-08 11:19:03,2026-07-08 11:19:22,19.0,2,0.04,0.04,4086.755,4088.7200000000007,4087.85,4085.66,2.1900000000000546,-7.86,0.0,0.0,-7.86,-1.965,-1.9650000000006003,2,True,9.0,9.0,2.1900000000000546,0,loss
S086,short,2026-07-08 11:19:32,2026-07-08 11:20:09,37.0,1,0.02,0.02,4091.31,4095.0300000000007,4091.31,4091.31,0.0,-7.44,0.0,0.0,-7.44,-3.72,-3.7200000000007094,1,True,,,,0,loss
L093,long,2026-07-08 11:20:38,2026-07-08 11:26:01,323.0,5,0.16000000000000003,0.16000000000000003,4085.7862499999997,4087.729374999999,4090.48,4082.07,8.409999999999854,31.089999999999996,0.0,0.0,31.089999999999996,1.9431249999999993,1.943124999999327,2,True,65.5,115.0,2.019999999999982,0,profit
S087,short,2026-07-08 11:26:03,2026-07-08 11:30:07,244.0,3,0.07,0.07,4088.4771428571426,4087.24,4086.57,4089.72,3.149999999999636,8.66,0.0,0.0,8.66,1.237142857142857,1.2371428571427714,2,True,18.5,19.0,1.574999999999818,0,profit
S088,short,2026-07-08 11:30:46,2026-07-08 11:31:01,15.0,1,0.02,0.02,4090.82,4088.4799999999996,4090.82,4090.82,0.0,4.68,0.0,0.0,4.68,2.34,2.3400000000006003,1,True,,,,0,profit
L094,long,2026-07-08 11:31:45,2026-07-08 11:47:17,932.0,8,0.41000000000000003,0.41000000000000003,4069.901707317073,4071.7673170731705,4087.61,4062.76,24.84999999999991,76.49000000000001,0.0,0.0,76.49000000000001,1.8656097560975613,1.8656097560974558,3,False,76.0,156.0,3.7399999999997817,0,profit
S089,short,2026-07-08 11:33:32,2026-07-08 11:34:02,30.0,1,0.02,0.02,4082.76,4080.7400000000002,4082.76,4082.76,0.0,4.04,0.0,0.0,4.04,2.02,2.019999999999982,1,True,,,,0,profit
S090,short,2026-07-08 11:41:45,2026-07-08 11:49:08,443.0,5,0.13,0.13,4068.229999999999,4066.0199999999995,4062.46,4074.39,11.929999999999836,28.729999999999997,0.0,0.0,28.729999999999997,2.21,2.2099999999995816,2,True,92.5,137.0,2.2200000000000273,0,profit
L095,long,2026-07-08 11:50:07,2026-07-08 11:52:58,171.0,2,0.04,0.04,4064.075,4068.1600000000003,4064.03,4064.12,0.08999999999969077,16.34,0.0,0.0,16.34,4.085,4.085000000000491,2,True,10.0,10.0,0.08999999999969077,0,profit
S091,short,2026-07-08 11:53:36,2026-07-08 11:54:18,42.0,1,0.02,0.02,4067.96,4064.79,4067.96,4067.96,0.0,6.34,0.0,0.0,6.34,3.17,3.1700000000000728,1,True,,,,0,profit
L096,long,2026-07-08 11:56:54,2026-07-08 12:15:05,1091.0,4,0.11000000000000001,0.11000000000000001,4053.997272727272,4056.977272727272,4057.94,4052.35,5.5900000000001455,32.78,0.0,0.0,32.78,2.9799999999999995,2.980000000000018,1,True,117.0,557.0,1.7600000000002183,0,profit
S092,short,2026-07-08 12:15:38,2026-07-08 12:17:10,92.0,1,0.02,0.02,4058.05,4054.9100000000003,4058.05,4058.05,0.0,6.28,0.0,0.0,6.28,3.14,3.1399999999998727,1,True,,,,0,profit
L097,long,2026-07-08 12:17:21,2026-07-08 12:18:53,92.0,1,0.02,0.02,4055.3,4057.81,4055.3,4055.3,0.0,5.02,0.0,0.0,5.02,2.51,2.5099999999997635,1,True,,,,0,profit
S093,short,2026-07-08 12:19:41,2026-07-08 12:21:26,105.0,1,0.02,0.02,4060.09,4056.42,4060.09,4060.09,0.0,7.34,0.0,0.0,7.34,3.67,3.6700000000000728,1,True,,,,0,profit
S094,short,2026-07-08 12:24:24,2026-07-08 12:25:12,48.0,1,0.02,0.02,4058.6999999999994,4056.24,4058.7,4058.7,0.0,4.92,0.0,0.0,4.92,2.46,2.4599999999995816,1,True,,,,0,profit
L098,long,2026-07-08 12:25:30,2026-07-08 12:26:19,49.0,1,0.02,0.02,4055.93,4058.63,4055.93,4055.93,0.0,5.4,0.0,0.0,5.4,2.7,2.700000000000273,1,True,,,,0,profit
S095,short,2026-07-08 12:27:16,2026-07-08 12:28:13,57.0,1,0.02,0.02,4058.9199999999996,4056.95,4058.92,4058.92,0.0,3.94,0.0,0.0,3.94,1.97,1.9699999999998,1,True,,,,0,profit
L099,long,2026-07-08 12:30:50,2026-07-08 12:35:16,266.0,1,0.02,0.02,4053.66,4057.69,4053.66,4053.66,0.0,8.06,0.0,0.0,8.06,4.03,4.0300000000002,1,True,,,,0,profit
S096,short,2026-07-08 12:34:26,2026-07-08 12:37:26,180.0,2,0.04,0.04,4056.2799999999993,4054.54,4055.22,4057.34,2.1200000000003456,6.96,0.0,0.0,6.96,1.74,1.739999999999327,1,True,121.0,121.0,2.1200000000003456,0,profit
L100,long,2026-07-08 12:39:14,2026-07-08 12:47:00,466.0,2,0.04,0.04,4049.06,4052.6449999999995,4052.09,4046.03,6.059999999999945,14.34,0.0,0.0,14.34,3.585,3.5849999999995816,1,True,257.0,257.0,6.059999999999945,0,profit
S097,short,2026-07-08 12:47:08,2026-07-08 12:48:10,62.0,1,0.02,0.02,4051.34,4048.34,4051.34,4051.34,0.0,6.0,0.0,0.0,6.0,3.0,3.0,1,True,,,,0,profit
L101,long,2026-07-08 12:59:03,2026-07-08 13:03:22,259.0,1,0.02,0.02,4042.3699999999994,4047.1400000000003,4042.37,4042.37,0.0,9.54,0.0,0.0,9.54,4.77,4.770000000000891,1,True,,,,0,profit
S098,short,2026-07-08 13:03:50,2026-07-08 13:06:08,138.0,1,0.02,0.02,4047.05,4044.16,4047.05,4047.05,0.0,5.78,0.0,0.0,5.78,2.89,2.8900000000003274,1,True,,,,0,profit
L102,long,2026-07-08 13:09:41,2026-07-08 13:16:25,404.0,1,0.02,0.02,4042.4599999999996,4045.48,4042.46,4042.46,0.0,6.04,0.0,0.0,6.04,3.02,3.0200000000004366,1,True,,,,0,profit
S099,short,2026-07-08 13:21:03,2026-07-08 14:00:37,2374.0,3,0.07,0.07,4055.5228571428574,4052.019999999999,4054.03,4056.76,2.730000000000018,24.520000000000003,0.0,0.0,24.520000000000003,3.5028571428571427,3.5028571428583746,1,True,675.5,766.0,1.365000000000009,0,profit
L103,long,2026-07-08 13:28:19,2026-07-08 13:31:44,205.0,1,0.02,0.02,4050.79,4052.83,4050.79,4050.79,0.0,4.08,0.0,0.0,4.08,2.04,2.0399999999999636,1,True,,,,0,profit
L104,long,2026-07-08 13:49:53,2026-07-08 14:02:21,748.0,2,0.04,0.04,4053.8300000000004,4055.9849999999997,4055.68,4051.98,3.699999999999818,8.62,0.0,0.0,8.62,2.155,2.1549999999992906,1,True,648.0,648.0,3.699999999999818,0,profit
L105,long,2026-07-08 14:10:02,2026-07-08 14:16:34,392.0,1,0.02,0.02,4050.96,4054.04,4050.96,4050.96,0.0,6.16,0.0,0.0,6.16,3.08,3.0799999999999272,1,True,,,,0,profit
S100,short,2026-07-08 14:16:08,2026-07-08 14:22:26,378.0,2,0.04,0.04,4052.4100000000003,4050.67,4051.34,4053.48,2.1399999999998727,6.96,0.0,0.0,6.96,1.74,1.7400000000002365,1,True,47.0,47.0,2.1399999999998727,0,profit
S101,short,2026-07-08 14:28:03,2026-07-08 14:31:43,220.0,1,0.02,0.02,4050.68,4048.7299999999996,4050.68,4050.68,0.0,3.9,0.0,0.0,3.9,1.95,1.9500000000002728,1,True,,,,0,profit
L106,long,2026-07-08 14:33:18,2026-07-08 14:43:38,620.0,3,0.07,0.07,4045.0157142857147,4052.8928571428564,4047.65,4042.63,5.019999999999982,55.14,0.0,0.0,55.14,7.877142857142856,7.877142857141735,2,True,161.0,252.0,2.509999999999991,0,profit
S102,short,2026-07-08 14:43:42,2026-07-08 14:49:18,336.0,8,0.41000000000000003,0.41000000000000003,4065.799756097561,4063.4470731707315,4054.11,4070.56,16.449999999999818,96.46000000000001,0.0,0.0,96.46000000000001,2.3526829268292686,2.3526829268294023,1,True,18.0,55.0,1.5599999999999454,0,profit
S103,short,2026-07-08 14:55:26,2026-07-08 14:57:14,108.0,1,0.02,0.02,4063.36,4060.29,4063.36,4063.36,0.0,6.14,0.0,0.0,6.14,3.07,3.0700000000001637,1,True,,,,0,profit
S104,short,2026-07-08 15:00:08,2026-07-08 15:00:09,1.0,1,0.02,0.02,4060.5299999999997,4061.6,4060.53,4060.53,0.0,-2.14,0.0,0.0,-2.14,-1.07,-1.0700000000001637,1,True,,,,0,loss
S105,short,2026-07-08 15:04:03,2026-07-08 15:22:28,1105.0,6,0.22000000000000003,0.22000000000000003,4072.0822727272716,4070.3918181818176,4065.06,4075.85,10.789999999999964,37.19,0.0,0.0,37.19,1.690454545454545,1.6904545454540312,1,True,118.0,417.0,2.4600000000000364,0,profit
S106,short,2026-07-08 15:27:22,2026-07-08 15:30:39,197.0,2,0.04,0.04,4071.6,4069.1200000000003,4070.19,4073.01,2.8200000000001637,9.92,0.0,0.0,9.92,2.48,2.4799999999995634,1,True,166.0,166.0,2.8200000000001637,0,profit
S107,short,2026-07-08 15:35:08,2026-07-08 15:35:42,34.0,1,0.02,0.02,4072.2599999999998,4069.6,4072.26,4072.26,0.0,5.32,0.0,0.0,5.32,2.66,2.6599999999998545,1,True,,,,0,profit
S108,short,2026-07-08 15:40:22,2026-07-08 15:56:41,979.0,6,0.22000000000000003,0.22000000000000003,4080.9363636363632,4077.8063636363636,4073.23,4085.1,11.86999999999989,68.86,0.0,0.0,68.86,3.1299999999999994,3.1299999999996544,2,True,150.0,254.0,1.8899999999998727,0,profit
L107,long,2026-07-08 15:56:36,2026-07-08 16:04:22,466.0,4,0.11000000000000001,0.11000000000000001,4076.035454545454,4078.9699999999993,4079.69,4072.95,6.7400000000002365,32.28,0.0,0.0,32.28,2.934545454545454,2.934545454545514,2,True,12.0,161.0,1.8800000000001091,0,profit
S109,short,2026-07-08 15:57:09,2026-07-08 15:57:31,22.0,1,0.02,0.02,4077.4899999999993,4075.65,4077.49,4077.49,0.0,3.68,0.0,0.0,3.68,1.84,1.839999999999236,1,True,,,,0,profit
S110,short,2026-07-08 16:02:02,2026-07-08 16:06:50,288.0,5,0.16000000000000003,0.16000000000000003,4079.2399999999993,4077.924999999999,4075.51,4081.26,5.75,21.04,0.0,0.0,21.04,1.3149999999999997,1.3150000000005093,2,True,43.0,130.0,1.5249999999998636,0,profit
L108,long,2026-07-08 16:08:06,2026-07-08 16:26:15,1089.0,3,0.07,0.07,4071.812857142857,4074.367142857142,4074.09,4070.05,4.039999999999964,17.88,0.0,0.0,17.88,2.554285714285714,2.5542857142850153,1,True,483.0,601.0,2.019999999999982,0,profit
S111,short,2026-07-08 16:26:19,2026-07-08 16:29:23,184.0,1,0.02,0.02,4073.7299999999996,4069.93,4073.73,4073.73,0.0,7.6,0.0,0.0,7.6,3.8,3.799999999999727,1,True,,,,0,profit
L109,long,2026-07-08 16:29:35,2026-07-08 16:30:48,73.0,2,0.04,0.04,4067.4300000000003,4070.6349999999998,4067.36,4067.5,0.13999999999987267,12.82,0.0,0.0,12.82,3.205,3.2049999999994725,1,True,8.0,8.0,0.13999999999987267,0,profit
S112,short,2026-07-08 16:32:12,2026-07-08 16:35:46,214.0,2,0.04,0.04,4077.765,4074.3449999999993,4076.82,4078.71,1.8899999999998727,13.68,0.0,0.0,13.68,3.42,3.4200000000005275,1,True,49.0,49.0,1.8899999999998727,0,profit
L110,long,2026-07-08 16:35:56,2026-07-08 16:36:28,32.0,1,0.02,0.02,4074.82,4077.16,4074.82,4074.82,0.0,4.68,0.0,0.0,4.68,2.34,2.3399999999996908,1,True,,,,0,profit
S113,short,2026-07-08 16:36:37,2026-07-08 16:42:11,334.0,2,0.04,0.04,4077.26,4075.815,4075.51,4079.01,3.5,5.78,0.0,0.0,5.78,1.445,1.4450000000001637,1,True,187.0,187.0,3.5,0,profit
L111,long,2026-07-08 16:50:04,2026-07-08 17:18:14,1690.0,7,0.30000000000000004,0.30000000000000004,4058.4896666666664,4060.1199999999994,4071.08,4052.59,18.48999999999978,48.91000000000001,0.0,0.0,48.91000000000001,1.6303333333333334,1.6303333333330556,2,True,239.0,630.0,2.6549999999999727,0,profit
L112,long,2026-07-08 17:24:20,2026-07-08 17:25:03,43.0,1,0.02,0.02,4058.57,4060.5400000000004,4058.57,4058.57,0.0,3.94,0.0,0.0,3.94,1.97,1.9700000000002547,1,True,,,,0,profit
S114,short,2026-07-08 17:26:15,2026-07-08 17:27:14,59.0,1,0.02,0.02,4064.56,4059.0099999999998,4064.56,4064.56,0.0,11.1,0.0,0.0,11.1,5.55,5.550000000000182,1,True,,,,0,profit
L113,long,2026-07-08 17:27:20,2026-07-08 17:27:37,17.0,1,0.02,0.02,4060.9899999999993,4062.7099999999996,4060.99,4060.99,0.0,3.44,0.0,0.0,3.44,1.72,1.7200000000002547,1,True,,,,0,profit
L114,long,2026-07-08 17:30:44,2026-07-08 17:51:51,1267.0,11,0.96,0.96,4041.2309375,4042.0244791666673,4059.36,4036.28,23.079999999999927,76.18,0.0,0.0,76.18,0.7935416666666667,0.7935416666673518,5,False,83.0,241.0,2.4349999999999454,0,profit
S115,short,2026-07-08 17:34:30,2026-07-08 17:35:55,85.0,1,0.02,0.02,4056.35,4053.1,4056.35,4056.35,0.0,6.5,0.0,0.0,6.5,3.25,3.25,1,True,,,,0,profit
S116,short,2026-07-08 17:40:06,2026-07-08 17:42:48,162.0,1,0.02,0.02,4043.9900000000002,4044.36,4043.99,4043.99,0.0,-0.74,0.0,0.0,-0.74,-0.37,-0.36999999999989086,1,True,,,,0,loss
S117,short,2026-07-08 17:42:56,2026-07-08 17:43:20,24.0,1,0.02,0.02,4044.0499999999997,4042.4500000000003,4044.05,4044.05,0.0,3.2,0.0,0.0,3.2,1.6,1.5999999999994543,1,True,,,,0,profit
S118,short,2026-07-08 17:44:45,2026-07-08 17:47:03,138.0,1,0.02,0.02,4036.4000000000005,4035.4300000000003,4036.4,4036.4,0.0,1.94,0.0,0.0,1.94,0.97,0.9700000000002547,1,True,,,,0,profit
S119,short,2026-07-08 17:47:04,2026-07-08 17:47:10,6.0,1,0.02,0.02,4035.29,4034.4899999999993,4035.29,4035.29,0.0,1.6,0.0,0.0,1.6,0.8,0.8000000000006366,1,True,,,,0,profit
S120,short,2026-07-08 17:48:09,2026-07-08 17:50:02,113.0,1,0.02,0.02,4038.29,4036.58,4038.29,4038.29,0.0,3.42,0.0,0.0,3.42,1.71,1.7100000000000364,1,True,,,,0,profit
L115,long,2026-07-08 17:57:30,2026-07-08 18:05:33,483.0,3,0.07,0.07,4039.652857142857,4041.9428571428566,4041.78,4038.23,3.550000000000182,16.03,0.0,0.0,16.03,2.29,2.289999999999509,1,True,142.0,180.0,1.775000000000091,0,profit
L116,long,2026-07-08 18:07:58,2026-07-08 18:20:44,766.0,6,0.22000000000000003,0.22000000000000003,4033.471818181817,4035.558636363636,4040.67,4030.41,10.260000000000218,45.91,0.0,0.0,45.91,2.0868181818181815,2.086818181819126,2,True,58.0,296.0,2.3099999999999454,0,profit
S121,short,2026-07-08 18:17:56,2026-07-08 18:21:44,228.0,3,0.07,0.07,4032.7985714285714,4030.792857142857,4030.55,4034.55,4.0,14.04,0.0,0.0,14.04,2.0057142857142853,2.0057142857144754,1,True,92.0,113.0,2.0,0,profit
L117,long,2026-07-08 18:23:10,2026-07-08 18:28:17,307.0,2,0.04,0.04,4028.6,4031.68,4029.21,4027.99,1.2200000000002547,12.32,0.0,0.0,12.32,3.08,3.0799999999999272,1,True,114.0,114.0,1.2200000000002547,0,profit
S122,short,2026-07-08 18:28:22,2026-07-08 18:30:25,123.0,1,0.02,0.02,4030.6899999999996,4027.91,4030.69,4030.69,0.0,5.56,0.0,0.0,5.56,2.78,2.7799999999997453,1,True,,,,0,profit
L118,long,2026-07-08 18:32:38,2026-07-08 18:35:25,167.0,1,0.02,0.02,4023.39,4026.9600000000005,4023.39,4023.39,0.0,7.14,0.0,0.0,7.14,3.57,3.5700000000006185,1,True,,,,0,profit
S123,short,2026-07-08 18:36:04,2026-07-08 18:56:10,1206.0,5,0.16000000000000003,0.16000000000000003,4033.7818749999988,4031.8999999999987,4029.38,4037.06,7.679999999999836,30.11,0.0,0.0,30.11,1.8818749999999995,1.8818750000000364,2,True,266.0,353.0,1.974999999999909,0,profit
L119,long,2026-07-08 18:57:05,2026-07-08 19:00:04,179.0,1,0.02,0.02,4031.87,4035.17,4031.87,4031.87,0.0,6.6,0.0,0.0,6.6,3.3,3.300000000000182,1,True,,,,0,profit
S124,short,2026-07-08 19:04:51,2026-07-08 19:37:28,1957.0,6,0.22000000000000003,0.22000000000000003,4042.307272727272,4040.5990909090906,4036.37,4046.21,9.840000000000146,37.58,0.0,0.0,37.58,1.7081818181818178,1.7081818181814015,2,True,221.0,967.0,1.699999999999818,0,profit
L120,long,2026-07-08 19:37:09,2026-07-08 19:39:51,162.0,1,0.02,0.02,4041.91,4045.39,4041.91,4041.91,0.0,6.96,0.0,0.0,6.96,3.48,3.480000000000018,1,True,,,,0,profit
S125,short,2026-07-08 19:39:47,2026-07-08 20:45:46,3959.0,15,2.83,2.83,4068.711342756184,4068.4879505300355,4042.89,4074.58,31.690000000000055,63.220000000000084,0.0,0.0,63.220000000000084,0.2233922261484102,0.22339222614846221,3,False,170.5,701.0,1.7350000000003547,0,profit
L121,long,2026-07-08 19:52:05,2026-07-08 19:52:34,29.0,1,0.02,0.02,4061.8,4062.4,4061.8,4061.8,0.0,1.2,0.0,0.0,1.2,0.6,0.599999999999909,1,True,,,,0,profit
L122,long,2026-07-08 20:19:14,2026-07-08 20:21:52,158.0,1,0.02,0.02,4064.9899999999993,4067.98,4064.99,4064.99,0.0,5.98,0.0,0.0,5.98,2.99,2.990000000000691,1,True,,,,0,profit
L123,long,2026-07-08 20:22:36,2026-07-08 20:25:44,188.0,1,0.02,0.02,4070.91,4071.76,4070.91,4070.91,0.0,1.7,0.0,0.0,1.7,0.85,0.8500000000003638,1,True,,,,0,profit
L124,long,2026-07-08 20:25:46,2026-07-08 20:28:31,165.0,1,0.02,0.02,4072.5,4073.1100000000006,4072.5,4072.5,0.0,1.22,0.0,0.0,1.22,0.61,0.6100000000005821,1,True,,,,0,profit
L125,long,2026-07-08 20:30:07,2026-07-08 20:30:51,44.0,1,0.02,0.02,4074.5600000000004,4075.73,4074.56,4074.56,0.0,2.34,0.0,0.0,2.34,1.17,1.169999999999618,1,True,,,,0,profit
L126,long,2026-07-08 20:36:30,2026-07-08 20:45:42,552.0,1,0.02,0.02,4071.21,4068.2299999999996,4071.21,4071.21,0.0,-5.96,0.0,0.0,-5.96,-2.98,-2.980000000000473,1,True,,,,0,loss
L127,long,2026-07-08 20:56:02,2026-07-08 21:00:50,288.0,2,0.04,0.04,4066.14,4068.065,4066.84,4065.44,1.400000000000091,7.699999999999999,0.0,0.0,7.699999999999999,1.9249999999999998,1.925000000000182,1,True,258.0,258.0,1.400000000000091,0,profit
S126,short,2026-07-08 21:01:26,2026-07-08 21:03:22,116.0,2,0.04,0.04,4072.0849999999996,4069.36,4070.86,4073.31,2.449999999999818,10.9,0.0,0.0,10.9,2.725,2.7249999999994543,1,True,43.0,43.0,2.449999999999818,0,profit
L128,long,2026-07-08 21:05:42,2026-07-08 21:10:52,310.0,2,0.04,0.04,4068.415,4071.2199999999993,4068.97,4067.86,1.1099999999996726,11.219999999999999,0.0,0.0,11.219999999999999,2.8049999999999997,2.8049999999993815,1,True,154.0,154.0,1.1099999999996726,0,profit
L129,long,2026-07-09 08:21:17,2026-07-09 08:28:02,405.0,1,0.02,0.02,4067.89,4070.57,4067.89,4067.89,0.0,5.36,0.0,0.0,5.36,2.68,2.680000000000291,1,True,,,,0,profit
L130,long,2026-07-09 08:30:27,2026-07-09 08:34:33,246.0,2,0.04,0.04,4067.9900000000002,4070.225,4069.11,4066.87,2.2400000000002365,8.940000000000001,0.0,0.0,8.940000000000001,2.2350000000000003,2.2349999999996726,2,True,57.0,57.0,2.2400000000002365,0,profit
S127,short,2026-07-09 08:35:13,2026-07-09 12:00:22,12309.0,14,2.16,2.16,4108.265694444445,4107.609351851852,4070.3,4116.1,45.80000000000018,141.76999999999998,0.0,0.0,141.76999999999998,0.6563425925925925,0.6563425925933188,4,False,274.0,4521.0,2.3200000000006185,0,profit
L131,long,2026-07-09 09:01:53,2026-07-09 09:15:51,838.0,4,0.11000000000000001,0.11000000000000001,4092.10909090909,4094.1718181818183,4096.7,4089.79,6.9099999999998545,22.69,0.0,0.0,22.69,2.0627272727272725,2.0627272727283525,1,True,88.0,237.0,2.769999999999982,0,profit
L132,long,2026-07-09 09:17:35,2026-07-09 09:21:10,215.0,1,0.02,0.02,4096.07,4096.1,4096.07,4096.07,0.0,0.06,0.0,0.0,0.06,0.03,0.030000000000654836,1,True,,,,0,profit
L133,long,2026-07-09 09:21:12,2026-07-09 09:21:22,10.0,1,0.02,0.02,4096.98,4099.16,4096.98,4096.98,0.0,4.36,0.0,0.0,4.36,2.18,2.180000000000291,1,True,,,,0,profit
L134,long,2026-07-09 09:22:29,2026-07-09 09:25:58,209.0,1,0.02,0.02,4100.08,4101.39,4100.08,4100.08,0.0,2.62,0.0,0.0,2.62,1.31,1.3100000000004002,1,True,,,,0,profit
L135,long,2026-07-09 09:26:00,2026-07-09 09:27:23,83.0,1,0.02,0.02,4101.56,4102.01,4101.56,4101.56,0.0,0.9,0.0,0.0,0.9,0.45,0.4499999999998181,1,True,,,,0,profit
L136,long,2026-07-09 09:27:31,2026-07-09 09:31:14,223.0,1,0.02,0.02,4102.1,4103.12,4102.1,4102.1,0.0,2.04,0.0,0.0,2.04,1.02,1.019999999999527,1,True,,,,0,profit
L137,long,2026-07-09 09:31:42,2026-07-09 09:32:26,44.0,1,0.02,0.02,4102.21,4103.69,4102.21,4102.21,0.0,2.96,0.0,0.0,2.96,1.48,1.4799999999995634,1,True,,,,0,profit
L138,long,2026-07-09 09:32:30,2026-07-09 09:33:06,36.0,1,0.02,0.02,4104.45,4105.84,4104.45,4104.45,0.0,2.78,0.0,0.0,2.78,1.39,1.3900000000003274,1,True,,,,0,profit
L139,long,2026-07-09 09:39:02,2026-07-09 09:43:45,283.0,3,0.07,0.07,4098.968571428571,4102.331428571429,4100.42,4097.82,2.600000000000364,23.54,0.0,0.0,23.54,3.362857142857142,3.362857142858047,1,True,62.5,63.0,1.300000000000182,0,profit
L140,long,2026-07-09 09:58:48,2026-07-09 09:59:53,65.0,1,0.02,0.02,4106.85,4107.3,4106.85,4106.85,0.0,0.9,0.0,0.0,0.9,0.45,0.4499999999998181,1,True,,,,0,profit
L141,long,2026-07-09 10:15:03,2026-07-09 10:25:05,602.0,1,0.02,0.02,4103.03,4106.18,4103.03,4103.03,0.0,6.3,0.0,0.0,6.3,3.15,3.1500000000005457,1,True,,,,0,profit
L142,long,2026-07-09 10:29:19,2026-07-09 10:36:52,453.0,1,0.02,0.02,4109.09,4108.53,4109.09,4109.09,0.0,-1.12,0.0,0.0,-1.12,-0.56,-0.5600000000004002,1,True,,,,0,loss
L143,long,2026-07-09 11:06:56,2026-07-09 11:07:24,28.0,1,0.02,0.02,4108.95,4109.73,4108.95,4108.95,0.0,1.56,0.0,0.0,1.56,0.78,0.7799999999997453,1,True,,,,0,profit
L144,long,2026-07-09 11:14:47,2026-07-09 11:15:19,32.0,1,0.02,0.02,4107.33,4109.37,4107.33,4107.33,0.0,4.08,0.0,0.0,4.08,2.04,2.0399999999999636,1,True,,,,0,profit
L145,long,2026-07-09 11:18:13,2026-07-09 11:20:47,154.0,1,0.02,0.02,4111.59,4112.18,4111.59,4111.59,0.0,1.18,0.0,0.0,1.18,0.59,0.5900000000001455,1,True,,,,0,profit
L146,long,2026-07-09 11:21:06,2026-07-09 11:21:14,8.0,1,0.02,0.02,4112.88,4113.74,4112.88,4112.88,0.0,1.72,0.0,0.0,1.72,0.86,0.8599999999996726,1,True,,,,0,profit
L147,long,2026-07-09 11:35:01,2026-07-09 11:39:25,264.0,1,0.02,0.02,4111.55,4114.87,4111.55,4111.55,0.0,6.64,0.0,0.0,6.64,3.32,3.319999999999709,1,True,,,,0,profit
L148,long,2026-07-09 12:01:02,2026-07-09 12:18:12,1030.0,1,0.02,0.02,4108.04,4111.36,4108.04,4108.04,0.0,6.64,0.0,0.0,6.64,3.32,3.319999999999709,1,True,,,,0,profit
S128,short,2026-07-09 12:18:49,2026-07-09 12:24:26,337.0,1,0.02,0.02,4110.69,4107.85,4110.69,4110.69,0.0,5.68,0.0,0.0,5.68,2.84,2.839999999999236,1,True,,,,0,profit
L149,long,2026-07-09 12:35:01,2026-07-09 13:02:04,1623.0,2,0.04,0.04,4105.805,4108.215,4106.61,4105.0,1.6099999999996726,9.64,0.0,0.0,9.64,2.41,2.4099999999998545,2,True,391.0,391.0,1.6099999999996726,0,profit
S129,short,2026-07-09 13:05:13,2026-07-09 13:08:49,216.0,1,0.02,0.02,4108.74,4106.18,4108.74,4108.74,0.0,5.12,0.0,0.0,5.12,2.56,2.5599999999994907,1,True,,,,0,profit
L150,long,2026-07-09 13:33:29,2026-07-09 14:02:06,1717.0,3,0.07,0.07,4099.431428571428,4102.685714285713,4103.86,4095.4,8.459999999999582,22.779999999999998,0.0,0.0,22.779999999999998,3.2542857142857136,3.254285714285288,1,True,587.0,980.0,4.229999999999791,0,profit
S130,short,2026-07-09 14:05:23,2026-07-09 14:06:19,56.0,1,0.02,0.02,4102.72,4101.26,4102.72,4102.72,0.0,2.92,0.0,0.0,2.92,1.46,1.4600000000000364,1,True,,,,0,profit
S131,short,2026-07-09 14:13:26,2026-07-09 14:23:08,582.0,2,0.04,0.04,4105.079999999999,4102.83,4104.12,4106.04,1.9200000000000728,9.0,0.0,0.0,9.0,2.25,2.2499999999990905,1,True,289.0,289.0,1.9200000000000728,0,profit
S132,short,2026-07-09 14:42:50,2026-07-09 15:17:39,2089.0,4,0.11000000000000001,0.11000000000000001,4112.9518181818175,4110.646363636363,4108.12,4118.2,10.079999999999927,25.36,0.0,0.0,25.36,2.305454545454545,2.3054545454542676,2,True,697.0,832.0,3.110000000000582,0,profit
L151,long,2026-07-09 15:04:58,2026-07-09 15:07:26,148.0,1,0.02,0.02,4108.21,4109.37,4108.21,4108.21,0.0,2.32,0.0,0.0,2.32,1.16,1.1599999999998545,1,True,,,,0,profit
L152,long,2026-07-09 15:18:32,2026-07-09 15:32:21,829.0,3,0.07,0.07,4108.968571428571,4111.712857142857,4111.29,4107.96,3.3299999999999272,19.21,0.0,0.0,19.21,2.744285714285714,2.7442857142859793,1,True,61.0,91.0,1.6649999999999636,0,profit
S133,short,2026-07-09 15:32:34,2026-07-09 15:43:56,682.0,5,0.16000000000000003,0.16000000000000003,4116.356249999999,4114.51,4111.37,4119.86,8.489999999999782,29.54,0.0,0.0,29.54,1.8462499999999995,1.8462499999986903,1,True,80.0,157.0,2.0650000000000546,0,profit
L153,long,2026-07-09 15:45:20,2026-07-09 16:01:13,953.0,3,0.07,0.07,4110.87,4113.374285714285,4113.29,4109.17,4.119999999999891,17.53,0.0,0.0,17.53,2.504285714285714,2.504285714285288,1,True,441.0,672.0,2.0599999999999454,0,profit
S134,short,2026-07-09 16:08:55,2026-07-09 16:20:17,682.0,4,0.11000000000000001,0.11000000000000001,4121.962727272727,4119.648181818181,4116.34,4125.05,8.710000000000036,25.46,0.0,0.0,25.46,2.3145454545454545,2.314545454545623,1,True,100.0,343.0,2.819999999999709,0,profit
L154,long,2026-07-09 16:19:55,2026-07-09 16:23:13,198.0,1,0.02,0.02,4120.76,4124.12,4120.76,4120.76,0.0,6.72,0.0,0.0,6.72,3.36,3.3599999999996726,1,True,,,,0,profit
S135,short,2026-07-09 16:23:26,2026-07-09 16:30:24,418.0,2,0.04,0.04,4124.76,4121.285,4123.34,4126.18,2.8400000000001455,13.9,0.0,0.0,13.9,3.475,3.475000000000364,1,True,117.0,117.0,2.8400000000001455,0,profit
L155,long,2026-07-09 16:30:32,2026-07-09 16:32:33,121.0,1,0.02,0.02,4121.19,4124.8,4121.19,4121.19,0.0,7.22,0.0,0.0,7.22,3.61,3.610000000000582,1,True,,,,0,profit
S136,short,2026-07-09 16:33:06,2026-07-09 16:35:09,123.0,2,0.04,0.04,4126.535,4124.025000000001,4124.84,4128.23,3.389999999999418,10.040000000000001,0.0,0.0,10.040000000000001,2.5100000000000002,2.509999999999309,1,True,71.0,71.0,3.389999999999418,0,profit
L156,long,2026-07-09 16:35:13,2026-07-09 16:38:28,195.0,1,0.02,0.02,4124.99,4127.42,4124.99,4124.99,0.0,4.86,0.0,0.0,4.86,2.43,2.430000000000291,1,True,,,,0,profit
L157,long,2026-07-09 16:40:36,2026-07-09 16:42:54,138.0,1,0.02,0.02,4123.65,4126.21,4123.65,4123.65,0.0,5.12,0.0,0.0,5.12,2.56,2.5600000000004,1,True,,,,0,profit
S137,short,2026-07-09 16:44:33,2026-07-09 16:45:44,71.0,1,0.02,0.02,4127.66,4124.56,4127.66,4127.66,0.0,6.2,0.0,0.0,6.2,3.1,3.0999999999994543,1,True,,,,0,profit
L158,long,2026-07-09 16:46:59,2026-07-09 16:51:30,271.0,1,0.02,0.02,4122.81,4124.98,4122.81,4122.81,0.0,4.34,0.0,0.0,4.34,2.17,2.1699999999991633,1,True,,,,0,profit
L159,long,2026-07-09 16:55:35,2026-07-09 17:00:06,271.0,1,0.02,0.02,4120.5,4125.32,4120.5,4120.5,0.0,9.64,0.0,0.0,9.64,4.82,4.819999999999709,1,True,,,,0,profit
S138,short,2026-07-09 17:00:12,2026-07-09 17:07:09,417.0,5,0.16000000000000003,0.16000000000000003,4131.574374999998,4127.704374999999,4123.66,4135.3,11.640000000000327,61.92,0.0,0.0,61.92,3.869999999999999,3.8699999999989814,1,True,74.0,161.0,3.1350000000002183,0,profit
L160,long,2026-07-09 17:11:11,2026-07-09 17:23:49,758.0,3,0.07,0.07,4118.511428571428,4122.481428571428,4122.9,4116.0,6.899999999999636,27.79,0.0,0.0,27.79,3.9699999999999993,3.9700000000002547,1,True,280.0,286.0,3.449999999999818,0,profit
S139,short,2026-07-09 17:25:36,2026-07-09 17:39:24,828.0,2,0.04,0.04,4124.71,4121.67,4123.95,4125.47,1.5200000000004366,12.16,0.0,0.0,12.16,3.04,3.0399999999999636,1,True,634.0,634.0,1.5200000000004366,0,profit
L161,long,2026-07-09 17:39:49,2026-07-09 17:46:17,388.0,1,0.02,0.02,4122.86,4125.05,4122.86,4122.86,0.0,4.38,0.0,0.0,4.38,2.19,2.1900000000005093,1,True,,,,0,profit
S140,short,2026-07-09 17:54:03,2026-07-09 19:05:38,4295.0,5,0.16000000000000003,0.16000000000000003,4127.915624999999,4126.133124999999,4122.17,4131.37,9.199999999999818,28.520000000000003,0.0,0.0,28.520000000000003,1.7824999999999998,1.7824999999993452,1,True,363.5,2365.0,2.1649999999999636,0,profit
L162,long,2026-07-09 18:11:27,2026-07-09 18:23:04,697.0,1,0.02,0.02,4126.16,4128.61,4126.16,4126.16,0.0,4.9,0.0,0.0,4.9,2.45,2.449999999999818,1,True,,,,0,profit
S141,short,2026-07-09 19:16:35,2026-07-09 19:35:41,1146.0,3,0.07,0.07,4134.298571428571,4134.87,4132.18,4136.51,4.329999999999927,-3.999999999999999,0.0,0.0,-3.999999999999999,-0.5714285714285712,-0.5714285714284415,1,True,502.0,830.0,2.1649999999999636,0,loss
S142,short,2026-07-10 17:48:55,2026-07-10 17:56:05,430.0,8,0.69,0.69,4104.279855072464,4098.71,4103.45,4105.86,3.0600000000004,384.31999999999994,0.0,0.0,384.31999999999994,5.569855072463767,5.569855072463724,8,False,1.0,39.0,0.03999999999996362,0,profit
L163,long,2026-07-15 09:13:17,2026-07-15 09:25:44,747.0,4,0.11000000000000001,0.11000000000000001,4025.5099999999998,4028.0799999999995,4028.98,4023.25,5.730000000000018,28.27,0.0,0.0,28.27,2.5699999999999994,2.569999999999709,1,True,208.0,225.0,1.9400000000000546,0,profit
S143,short,2026-07-15 09:25:58,2026-07-15 09:31:00,302.0,1,0.02,0.02,4027.6200000000003,4024.74,4027.62,4027.62,0.0,5.76,0.0,0.0,5.76,2.88,2.880000000000564,1,True,,,,0,profit
S144,short,2026-07-15 09:37:18,2026-07-15 10:21:50,2672.0,3,0.07,0.07,4030.0671428571422,4027.834285714285,4027.81,4031.81,4.0,15.63,0.0,0.0,15.63,2.2328571428571427,2.2328571428570285,1,True,233.5,386.0,2.0,0,profit
L164,long,2026-07-15 10:14:33,2026-07-15 11:28:21,4428.0,4,0.11000000000000001,0.11000000000000001,4022.9090909090905,4025.3199999999997,4029.33,4018.67,10.659999999999854,26.52,0.0,0.0,26.52,2.4109090909090907,2.410909090909172,2,True,544.0,2797.0,3.150000000000091,0,profit
S145,short,2026-07-15 10:33:01,2026-07-15 10:35:08,127.0,1,0.02,0.02,4025.1399999999994,4023.22,4025.14,4025.14,0.0,3.84,0.0,0.0,3.84,1.92,1.919999999999618,1,True,,,,0,profit
S146,short,2026-07-15 11:02:56,2026-07-15 11:10:06,430.0,1,0.02,0.02,4024.5400000000004,4022.37,4024.54,4024.54,0.0,4.34,0.0,0.0,4.34,2.17,2.1700000000005275,1,True,,,,0,profit
S147,short,2026-07-15 11:19:39,2026-07-15 12:34:24,4485.0,5,0.16000000000000003,0.16000000000000003,4028.9531249999986,4026.971249999999,4024.24,4031.77,7.5300000000002,31.71,0.0,0.0,31.71,1.9818749999999996,1.9818749999994907,2,True,569.0,1010.0,1.8350000000000364,0,profit
L165,long,2026-07-15 12:30:04,2026-07-15 12:59:42,1778.0,2,0.04,0.04,4027.79,4030.0250000000005,4028.51,4027.07,1.4400000000000546,8.94,0.0,0.0,8.94,2.235,2.235000000000582,2,True,455.0,455.0,1.4400000000000546,0,profit
S148,short,2026-07-15 13:00:37,2026-07-15 13:24:59,1462.0,3,0.07,0.07,4032.307142857142,4029.5585714285708,4029.04,4034.61,5.570000000000164,19.240000000000002,0.0,0.0,19.240000000000002,2.7485714285714287,2.7485714285712675,2,True,423.5,426.0,2.785000000000082,0,profit
L166,long,2026-07-15 13:25:23,2026-07-15 13:36:10,647.0,2,0.04,0.04,4028.9699999999993,4031.6550000000007,4029.97,4027.97,2.0,10.74,0.0,0.0,10.74,2.685,2.6850000000013097,2,True,51.0,51.0,2.0,0,profit
S149,short,2026-07-15 13:40:23,2026-07-15 13:46:56,393.0,1,0.02,0.02,4032.98,4029.8499999999995,4032.98,4032.98,0.0,6.26,0.0,0.0,6.26,3.13,3.130000000000564,1,True,,,,0,profit
L167,long,2026-07-15 13:48:18,2026-07-15 14:06:13,1075.0,1,0.02,0.02,4028.78,4031.38,4028.78,4028.78,0.0,5.2,0.0,0.0,5.2,2.6,2.599999999999909,1,True,,,,0,profit
S150,short,2026-07-15 14:42:09,2026-07-15 15:06:32,1463.0,3,0.07,0.07,4039.7742857142853,4037.7142857142853,4037.83,4041.6,3.769999999999982,14.42,0.0,0.0,14.42,2.0599999999999996,2.0599999999999454,2,True,669.5,1204.0,1.884999999999991,0,profit
S151,short,2026-07-15 15:30:24,2026-07-15 16:10:33,2409.0,14,2.16,2.16,4065.447222222222,4065.465185185185,4048.4,4072.88,24.480000000000018,-3.880000000000109,0.0,0.0,-3.880000000000109,-0.01796296296296347,-0.017962962962883466,6,False,64.0,1140.0,1.1900000000000546,0,loss
L168,long,2026-07-15 15:34:24,2026-07-15 15:35:18,54.0,1,0.02,0.02,4054.47,4056.3699999999994,4054.47,4054.47,0.0,3.8,0.0,0.0,3.8,1.9,1.8999999999996362,1,True,,,,0,profit
L169,long,2026-07-15 16:00:16,2026-07-15 16:02:24,128.0,1,0.02,0.02,4066.19,4068.59,4066.19,4066.19,0.0,4.8,0.0,0.0,4.8,2.4,2.400000000000091,1,True,,,,0,profit
L170,long,2026-07-15 16:02:34,2026-07-15 16:04:17,103.0,1,0.02,0.02,4069.36,4070.11,4069.36,4069.36,0.0,1.5,0.0,0.0,1.5,0.75,0.75,1,True,,,,0,profit
L171,long,2026-07-15 16:10:34,2026-07-15 16:42:15,1901.0,4,0.11000000000000001,0.11000000000000001,4060.195454545454,4062.2536363636355,4066.51,4055.88,10.63000000000011,22.64,0.0,0.0,22.64,2.058181818181818,2.0581818181813105,1,True,192.0,737.0,3.4699999999998,0,profit
S152,short,2026-07-15 16:31:15,2026-07-15 16:46:19,904.0,3,0.07,0.07,4060.578571428571,4059.181428571428,4058.6,4061.91,3.3099999999999454,9.780000000000001,0.0,0.0,9.780000000000001,1.397142857142857,1.3971428571430806,2,True,332.0,347.0,1.6549999999999727,0,profit
S153,short,2026-07-15 16:55:19,2026-07-15 17:21:30,1571.0,3,0.07,0.07,4061.611428571428,4059.578571428571,4059.18,4063.86,4.680000000000291,14.23,0.0,0.0,14.23,2.0328571428571425,2.0328571428567557,1,True,76.5,99.0,2.3400000000001455,0,profit
L172,long,2026-07-15 17:23:49,2026-07-15 17:33:37,588.0,2,0.04,0.04,4058.1600000000003,4059.59,4059.34,4056.98,2.3600000000001273,5.72,0.0,0.0,5.72,1.43,1.4299999999998363,1,True,51.0,51.0,2.3600000000001273,0,profit
S154,short,2026-07-15 17:30:47,2026-07-15 17:33:37,170.0,1,0.02,0.02,4059.12,4060.01,4059.12,4059.12,0.0,-1.78,0.0,0.0,-1.78,-0.89,-0.8900000000003274,1,True,,,,0,loss
S155,short,2026-07-16 04:41:08,2026-07-16 04:50:09,541.0,4,0.11000000000000001,0.11000000000000001,4044.2490909090902,4040.1200000000003,4044.07,4044.77,0.6999999999998181,45.42,0.0,0.0,45.42,4.129090909090909,4.129090909089882,2,True,1.0,1.0,0.08999999999969077,0,profit
L173,long,2026-07-16 04:46:14,2026-07-16 06:06:06,4792.0,7,0.30000000000000004,0.30000000000000004,4030.805666666666,4032.4279999999994,4041.92,4025.62,16.300000000000182,48.66999999999999,0.0,0.0,48.66999999999999,1.6223333333333327,1.6223333333332448,5,False,366.0,1377.0,3.0900000000001455,0,profit
S156,short,2026-07-16 05:23:24,2026-07-16 05:32:17,533.0,1,0.02,0.02,4033.7399999999993,4031.17,4033.74,4033.74,0.0,5.14,0.0,0.0,5.14,2.57,2.569999999999254,1,True,,,,0,profit
S157,short,2026-07-16 05:50:24,2026-07-16 05:51:58,94.0,1,0.02,0.02,4028.98,4026.62,4028.98,4028.98,0.0,4.72,0.0,0.0,4.72,2.36,2.3600000000001273,1,True,,,,0,profit
S158,short,2026-07-16 05:52:02,2026-07-16 08:02:07,7805.0,4,0.09,0.09,4032.666666666667,4032.1677777777772,4024.91,4035.84,10.930000000000291,4.489999999999998,0.0,0.0,4.489999999999998,0.4988888888888887,0.4988888888897236,2,True,1782.0,2281.0,1.3900000000003274,0,profit
L174,long,2026-07-16 06:22:00,2026-07-16 06:26:13,253.0,1,0.02,0.02,4029.1800000000003,4031.75,4029.18,4029.18,0.0,5.14,0.0,0.0,5.14,2.57,2.569999999999709,1,True,,,,0,profit
L175,long,2026-07-16 08:03:58,2026-07-16 08:32:54,1736.0,4,0.11000000000000001,0.11000000000000001,4029.342727272727,4031.5218181818177,4032.38,4027.75,4.630000000000109,23.97,0.0,0.0,23.97,2.1790909090909087,2.179090909090519,1,True,466.0,915.0,1.6700000000000728,0,profit
S159,short,2026-07-16 08:44:52,2026-07-16 08:46:42,110.0,1,0.02,0.02,4032.17,4029.6,4032.17,4032.17,0.0,5.14,0.0,0.0,5.14,2.57,2.5700000000001637,1,True,,,,0,profit
L176,long,2026-07-16 08:54:12,2026-07-16 09:00:35,383.0,1,0.02,0.02,4026.7699999999995,4030.0600000000004,4026.77,4026.77,0.0,6.58,0.0,0.0,6.58,3.29,3.290000000000873,1,True,,,,0,profit
S160,short,2026-07-16 09:01:03,2026-07-16 09:12:56,713.0,3,0.07,0.07,4032.4157142857134,4031.618571428571,4030.03,4034.39,4.359999999999673,5.58,0.0,0.0,5.58,0.797142857142857,0.7971428571422621,2,True,140.5,151.0,2.1799999999998363,0,profit
L177,long,2026-07-16 09:34:52,2026-07-16 09:52:57,1085.0,2,0.04,0.04,4026.45,4029.1799999999994,4027.52,4025.38,2.1399999999998727,10.92,0.0,0.0,10.92,2.73,2.7299999999995634,1,True,20.0,20.0,2.1399999999998727,0,profit
S161,short,2026-07-16 09:49:22,2026-07-16 10:14:23,1501.0,2,0.04,0.04,4029.1899999999996,4027.4,4027.86,4030.52,2.6599999999998545,7.16,0.0,0.0,7.16,1.79,1.7899999999995089,2,True,581.0,581.0,2.6599999999998545,0,profit
L178,long,2026-07-16 10:17:43,2026-07-16 10:46:07,1704.0,1,0.02,0.02,4025.65,4028.9699999999993,4025.65,4025.65,0.0,6.64,0.0,0.0,6.64,3.32,3.319999999999254,1,True,,,,0,profit
S162,short,2026-07-16 10:47:21,2026-07-16 10:53:07,346.0,2,0.04,0.04,4029.62,4027.0000000000005,4028.84,4030.4,1.5599999999999454,10.48,0.0,0.0,10.48,2.62,2.619999999999436,1,True,107.0,107.0,1.5599999999999454,0,profit
S163,short,2026-07-16 11:03:17,2026-07-16 11:05:56,159.0,1,0.02,0.02,4032.87,4029.43,4032.87,4032.87,0.0,6.88,0.0,0.0,6.88,3.44,3.4400000000000546,1,True,,,,0,profit
S164,short,2026-07-16 11:20:52,2026-07-16 12:27:16,3984.0,4,0.11000000000000001,0.11000000000000001,4034.0272727272722,4031.697272727273,4030.57,4036.09,5.519999999999982,25.63,0.0,0.0,25.63,2.3299999999999996,2.3299999999994725,1,True,643.0,1603.0,1.949999999999818,0,profit
L179,long,2026-07-16 12:32:16,2026-07-16 12:43:58,702.0,1,0.02,0.02,4031.84,4034.7500000000005,4031.84,4031.84,0.0,5.82,0.0,0.0,5.82,2.91,2.9100000000003092,1,True,,,,0,profit
S165,short,2026-07-16 12:55:03,2026-07-16 12:57:24,141.0,1,0.02,0.02,4034.92,4033.0199999999995,4034.92,4034.92,0.0,3.8,0.0,0.0,3.8,1.9,1.9000000000005457,1,True,,,,0,profit
L180,long,2026-07-16 13:59:55,2026-07-16 14:33:59,2044.0,3,0.07,0.07,4026.3857142857146,4028.8699999999994,4029.99,4022.96,7.029999999999745,17.39,0.0,0.0,17.39,2.484285714285714,2.4842857142848516,1,True,777.5,866.0,3.5149999999998727,0,profit
S166,short,2026-07-16 14:37:34,2026-07-16 14:50:06,752.0,4,0.11000000000000001,0.11000000000000001,4037.488181818181,4032.2490909090902,4031.17,4041.1,9.929999999999836,57.629999999999995,0.0,0.0,57.629999999999995,5.2390909090909075,5.239090909090919,3,False,170.0,404.0,3.2199999999998,0,profit
L181,long,2026-07-16 14:50:16,2026-07-16 14:52:00,104.0,2,0.04,0.04,4033.7000000000003,4036.48,4033.67,4033.73,0.05999999999994543,11.120000000000001,0.0,0.0,11.120000000000001,2.7800000000000002,2.7799999999997453,1,True,3.0,3.0,0.05999999999994543,0,profit
S167,short,2026-07-16 14:51:12,2026-07-16 15:06:33,921.0,4,0.11000000000000001,0.11000000000000001,4038.153636363636,4036.561818181818,4033.68,4041.04,7.360000000000127,17.509999999999998,0.0,0.0,17.509999999999998,1.5918181818181814,1.591818181817871,1,True,170.0,543.0,2.050000000000182,0,profit
L182,long,2026-07-16 15:06:33,2026-07-16 15:17:55,682.0,9,0.55,0.55,4020.186181818181,4022.464363636364,4036.57,4014.16,22.41000000000031,125.3,0.0,0.0,125.3,2.2781818181818183,2.2781818181829294,4,False,33.5,250.0,1.8800000000001091,0,profit
S168,short,2026-07-16 15:17:35,2026-07-16 15:24:35,420.0,3,0.07,0.07,4024.4799999999996,4021.3528571428565,4020.98,4027.14,6.1599999999998545,21.89,0.0,0.0,21.89,3.127142857142857,3.127142857143099,2,True,40.5,42.0,3.0799999999999272,0,profit
L183,long,2026-07-16 15:24:54,2026-07-16 15:26:49,115.0,3,0.07,0.07,4020.052857142857,4021.991428571428,4021.69,4019.07,2.619999999999891,13.57,0.0,0.0,13.57,1.9385714285714284,1.9385714285708673,2,True,34.0,37.0,1.3099999999999454,0,profit
S169,short,2026-07-16 15:30:06,2026-07-16 15:30:21,15.0,1,0.02,0.02,4022.33,4024.4999999999995,4022.33,4022.33,0.0,-4.34,0.0,0.0,-4.34,-2.17,-2.169999999999618,1,True,,,,0,loss
L184,long,2026-07-16 15:33:01,2026-07-16 16:11:12,2291.0,16,3.7,3.7,3987.957621621622,3985.5726486486483,4023.69,3983.91,45.940000000000055,-882.44,0.0,0.0,-882.44,-2.384972972972973,-2.384972972973628,7,False,140.0,287.0,2.149999999999636,0,loss
S170,short,2026-07-16 15:44:41,2026-07-16 15:45:20,39.0,1,0.02,0.02,4001.18,4001.38,4001.18,4001.18,0.0,-0.4,0.0,0.0,-0.4,-0.2,-0.20000000000027285,1,True,,,,0,loss
S171,short,2026-07-16 15:47:05,2026-07-16 15:47:50,45.0,1,0.02,0.02,4007.26,4004.2799999999997,4007.26,4007.26,0.0,5.96,0.0,0.0,5.96,2.98,2.980000000000473,1,True,,,,0,profit
S172,short,2026-07-16 15:47:53,2026-07-16 15:47:55,2.0,1,0.02,0.02,4003.3900000000003,4001.8999999999996,4003.39,4003.39,0.0,2.98,0.0,0.0,2.98,1.49,1.4900000000006912,1,True,,,,0,profit
S173,short,2026-07-16 15:48:01,2026-07-16 15:50:02,121.0,1,0.02,0.02,4000.02,3999.5299999999997,4000.02,4000.02,0.0,0.98,0.0,0.0,0.98,0.49,0.49000000000023647,1,True,,,,0,profit
S174,short,2026-07-16 15:50:05,2026-07-16 15:50:11,6.0,1,0.02,0.02,3999.3899999999994,3997.35,3999.39,3999.39,0.0,4.08,0.0,0.0,4.08,2.04,2.039999999999509,1,True,,,,0,profit
S175,short,2026-07-16 15:50:20,2026-07-16 15:54:32,252.0,2,0.04,0.04,3998.7099999999996,3997.2999999999997,3996.94,4000.48,3.5399999999999636,5.64,0.0,0.0,5.64,1.41,1.4099999999998545,2,True,139.0,139.0,3.5399999999999636,0,profit
S176,short,2026-07-16 15:54:34,2026-07-16 15:54:38,4.0,1,0.02,0.02,3995.5899999999997,3996.19,3995.59,3995.59,0.0,-1.2,0.0,0.0,-1.2,-0.6,-0.6000000000003638,1,True,,,,0,loss
S177,short,2026-07-16 15:55:19,2026-07-16 15:55:22,3.0,1,0.02,0.02,3992.31,3992.6300000000006,3992.31,3992.31,0.0,-0.64,0.0,0.0,-0.64,-0.32,-0.32000000000061846,1,True,,,,0,loss
S178,short,2026-07-16 15:57:41,2026-07-16 15:58:06,25.0,1,0.02,0.02,3994.1300000000006,3992.93,3994.13,3994.13,0.0,2.4,0.0,0.0,2.4,1.2,1.2000000000007276,1,True,,,,0,profit
S179,short,2026-07-16 15:59:39,2026-07-16 16:00:45,66.0,2,0.04,0.04,3993.1849999999995,3993.57,3992.22,3994.15,1.930000000000291,-1.5400000000000003,0.0,0.0,-1.5400000000000003,-0.38500000000000006,-0.385000000000673,1,True,53.0,53.0,1.930000000000291,0,loss
S180,short,2026-07-16 16:00:48,2026-07-16 16:00:50,2.0,1,0.02,0.02,3992.3899999999994,3991.85,3992.39,3992.39,0.0,1.08,0.0,0.0,1.08,0.54,0.5399999999995089,1,True,,,,0,profit
S181,short,2026-07-16 16:02:59,2026-07-16 16:03:06,7.0,1,0.02,0.02,3978.79,3981.31,3978.79,3978.79,0.0,-5.04,0.0,0.0,-5.04,-2.52,-2.519999999999982,1,True,,,,0,loss
S182,short,2026-07-16 16:03:09,2026-07-16 16:04:39,90.0,2,0.04,0.04,3982.495,3980.515,3979.9,3985.09,5.190000000000055,7.919999999999999,0.0,0.0,7.919999999999999,1.9799999999999998,1.9800000000000182,1,True,50.0,50.0,5.190000000000055,0,profit
S183,short,2026-07-16 16:04:42,2026-07-16 16:04:46,4.0,1,0.02,0.02,3979.07,3979.2999999999997,3979.07,3979.07,0.0,-0.46,0.0,0.0,-0.46,-0.23,-0.22999999999956344,1,True,,,,0,loss
S184,short,2026-07-16 16:05:59,2026-07-16 16:33:31,1652.0,12,0.98,0.98,4000.4620408163273,3997.859081632653,3983.36,4007.12,23.759999999999764,255.09,0.0,0.0,255.09,2.6029591836734696,2.602959183674102,3,False,101.0,485.0,2.2899999999999636,0,profit
L185,long,2026-07-16 16:20:03,2026-07-16 16:24:20,257.0,1,0.02,0.02,3994.8300000000004,3997.07,3994.83,3994.83,0.0,4.48,0.0,0.0,4.48,2.24,2.2399999999997817,1,True,,,,0,profit
L186,long,2026-07-16 16:24:24,2026-07-16 16:24:31,7.0,1,0.02,0.02,3998.57,3998.87,3998.57,3998.57,0.0,0.6,0.0,0.0,0.6,0.3,0.29999999999972715,1,True,,,,0,profit
L187,long,2026-07-16 16:32:34,2026-07-16 16:47:06,872.0,7,0.30000000000000004,0.30000000000000004,3989.2479999999987,3992.4953333333324,4001.08,3983.68,17.40000000000009,97.42000000000002,0.0,0.0,97.42000000000002,3.2473333333333336,3.2473333333336996,2,True,65.5,127.0,3.0399999999999636,0,profit
S185,short,2026-07-16 16:43:57,2026-07-16 16:55:53,716.0,4,0.11000000000000001,0.11000000000000001,3991.973636363636,3990.495454545454,3988.16,3994.7,6.539999999999964,16.26,0.0,0.0,16.26,1.478181818181818,1.4781818181822928,2,True,177.0,195.0,2.7200000000002547,0,profit
L188,long,2026-07-16 16:57:01,2026-07-16 17:00:07,186.0,1,0.02,0.02,3989.98,3993.3500000000004,3989.98,3989.98,0.0,6.74,0.0,0.0,6.74,3.37,3.3700000000003456,1,True,,,,0,profit
S186,short,2026-07-16 17:01:25,2026-07-16 17:03:19,114.0,1,0.02,0.02,3996.17,3992.6500000000005,3996.17,3996.17,0.0,7.04,0.0,0.0,7.04,3.52,3.519999999999527,1,True,,,,0,profit
L189,long,2026-07-16 17:03:34,2026-07-16 17:04:31,57.0,1,0.02,0.02,3993.43,3995.5899999999997,3993.43,3993.43,0.0,4.32,0.0,0.0,4.32,2.16,2.1599999999998545,1,True,,,,0,profit
L190,long,2026-07-16 17:11:26,2026-07-16 17:16:42,316.0,2,0.04,0.04,3989.43,3992.97,3990.3,3988.56,1.7400000000002365,14.16,0.0,0.0,14.16,3.54,3.5399999999999636,1,True,71.0,71.0,1.7400000000002365,0,profit
S187,short,2026-07-16 17:16:18,2026-07-16 17:23:48,450.0,3,0.07,0.07,3993.127142857143,3991.1299999999997,3990.7,3994.97,4.269999999999982,13.98,0.0,0.0,13.98,1.9971428571428569,1.9971428571434444,2,True,70.0,90.0,2.134999999999991,0,profit
S188,short,2026-07-16 17:27:31,2026-07-16 17:49:51,1340.0,4,0.11000000000000001,0.11000000000000001,4002.4245454545444,3999.957272727272,3998.89,4003.93,5.039999999999964,27.14,0.0,0.0,27.14,2.467272727272727,2.4672727272723023,2,True,394.0,618.0,1.2899999999999636,0,profit
L191,long,2026-07-16 17:51:10,2026-07-16 17:58:34,444.0,3,0.07,0.07,3996.0714285714275,3998.924285714285,3999.23,3993.82,5.4099999999998545,19.97,0.0,0.0,19.97,2.8528571428571423,2.852857142857374,2,True,133.0,141.0,2.7049999999999272,0,profit
S189,short,2026-07-16 17:57:40,2026-07-16 18:02:08,268.0,1,0.02,0.02,3997.2700000000004,3995.36,3997.27,3997.27,0.0,3.82,0.0,0.0,3.82,1.91,1.9100000000003092,1,True,,,,0,profit
L192,long,2026-07-16 18:03:57,2026-07-16 18:09:44,347.0,2,0.04,0.04,3992.6050000000005,3995.285,3993.77,3991.44,2.3299999999999272,10.719999999999999,0.0,0.0,10.719999999999999,2.6799999999999997,2.6799999999993815,2,True,146.0,146.0,2.3299999999999272,0,profit
L193,long,2026-07-16 18:13:59,2026-07-16 18:15:16,77.0,1,0.02,0.02,3990.56,3994.22,3990.56,3990.56,0.0,7.32,0.0,0.0,7.32,3.66,3.6599999999998545,1,True,,,,0,profit
S190,short,2026-07-16 18:18:30,2026-07-16 19:00:38,2528.0,6,0.22000000000000003,0.22000000000000003,4007.3518181818176,4004.6418181818176,3996.96,4016.1,19.139999999999873,59.620000000000005,0.0,0.0,59.620000000000005,2.71,2.7100000000000364,1,True,78.0,130.0,2.8899999999998727,0,profit
L194,long,2026-07-16 18:30:05,2026-07-16 18:33:43,218.0,2,0.04,0.04,4010.2199999999993,4013.55,4011.52,4008.92,2.599999999999909,13.32,0.0,0.0,13.32,3.33,3.3300000000008367,1,True,52.0,52.0,2.599999999999909,0,profit
L195,long,2026-07-16 18:36:45,2026-07-16 18:38:07,82.0,1,0.02,0.02,4012.46,4015.05,4012.46,4012.46,0.0,5.18,0.0,0.0,5.18,2.59,2.5900000000001455,1,True,,,,0,profit
L196,long,2026-07-16 18:38:20,2026-07-16 19:45:01,4001.0,11,0.75,0.75,3991.523866666667,3991.936533333334,4015.76,3983.18,32.58000000000038,30.94999999999999,0.0,0.0,30.94999999999999,0.4126666666666665,0.4126666666670644,3,False,162.5,990.0,2.6649999999997362,0,profit
S191,short,2026-07-16 19:18:51,2026-07-16 19:19:49,58.0,1,0.02,0.02,3987.8100000000004,3985.88,3987.81,3987.81,0.0,3.86,0.0,0.0,3.86,1.93,1.930000000000291,1,True,,,,0,profit
S192,short,2026-07-16 19:21:24,2026-07-16 19:44:58,1414.0,1,0.02,0.02,3987.43,3992.68,3987.43,3987.43,0.0,-10.5,0.0,0.0,-10.5,-5.25,-5.25,1,True,,,,0,loss
S193,short,2026-07-17 06:28:12,2026-07-17 06:34:07,355.0,7,0.51,0.51,4000.6243137254905,3997.8490196078433,4000.7,4000.76,0.3400000000001455,141.54,0.0,0.0,141.54,2.7752941176470585,2.775294117647263,3,False,1.0,6.0,0.13999999999987267,0,profit
L197,long,2026-07-17 07:23:15,2026-07-17 08:30:49,4054.0,11,1.2699999999999998,0.9199999999999999,3983.2497637795286,3984.112440944883,3988.26,3985.53,10.740000000000236,109.56,0.0,0.0,109.56,0.8626771653543309,0.8626771653543983,3,False,150.5,1714.0,1.4200000000000728,0,profit
S194,short,2026-07-17 09:11:36,2026-07-17 09:37:09,1533.0,5,0.26,0.26,4003.0080769230763,4001.2188461538462,3998.01,4004.74,6.729999999999563,46.519999999999996,0.0,0.0,46.519999999999996,1.7892307692307692,1.7892307692300164,2,True,284.5,436.0,1.5049999999998818,0,profit
L198,long,2026-07-17 11:28:24,2026-07-17 11:47:19,1135.0,1,0.03,0.03,3989.96,3993.64,3989.96,3989.96,0.0,11.04,0.0,0.0,11.04,3.6799999999999997,3.6799999999998363,1,True,,,,0,profit
L199,long,2026-07-17 13:52:51,2026-07-17 14:54:23,3692.0,1,0.03,0.03,3992.82,3997.12,3992.82,3992.82,0.0,12.9,0.0,0.0,12.9,4.3,4.299999999999727,1,True,,,,0,profit
L200,long,2026-07-17 15:20:59,2026-07-17 16:03:56,2577.0,10,1.22,1.22,3968.829180327869,3970.090655737705,3987.9,3960.62,27.2800000000002,153.9,0.0,0.0,153.9,1.2614754098360657,1.2614754098362937,2,True,220.0,636.0,3.299999999999727,0,profit
S195,short,2026-07-17 16:04:42,2026-07-17 16:11:04,382.0,1,0.03,0.03,3973.86,3968.19,3973.86,3973.86,0.0,17.01,0.0,0.0,17.01,5.670000000000001,5.670000000000073,1,True,,,,0,profit
S196,short,2026-07-17 16:38:14,2026-07-17 16:40:05,111.0,6,0.37,0.37,3994.09972972973,3991.6883783783787,3984.37,3998.69,16.960000000000036,89.22000000000001,0.0,0.0,89.22000000000001,2.411351351351352,2.411351351351186,2,True,16.0,27.0,2.6399999999998727,0,profit
L201,long,2026-07-17 16:41:14,2026-07-17 16:49:00,466.0,3,0.12000000000000001,0.12000000000000001,3985.635833333333,3989.841666666666,3987.6,3984.23,3.369999999999891,50.47,0.0,0.0,50.47,4.2058333333333335,4.205833333332976,1,True,92.0,92.0,1.6849999999999454,0,profit
S197,short,2026-07-17 16:50:47,2026-07-17 16:54:50,243.0,2,0.07,0.07,3992.014285714286,3988.6542857142854,3991.34,3992.52,1.1799999999998363,23.52,0.0,0.0,23.52,3.3599999999999994,3.360000000000582,1,True,177.0,177.0,1.1799999999998363,0,profit
S198,short,2026-07-17 17:00:11,2026-07-17 17:01:33,82.0,1,0.03,0.03,3997.95,3993.23,3997.95,3997.95,0.0,14.16,0.0,0.0,14.16,4.72,4.7199999999998,1,True,,,,0,profit
L202,long,2026-07-17 18:08:24,2026-07-17 18:10:13,109.0,1,0.02,0.02,4006.2,4010.36,4006.2,4006.2,0.0,8.32,0.0,0.0,8.32,4.16,4.160000000000309,1,True,,,,0,profit
S199,short,2026-07-17 18:08:26,2026-07-17 18:13:57,331.0,4,0.11000000000000001,0.11000000000000001,4007.8454545454542,4004.0181818181813,4006.35,4010.74,4.699999999999818,42.1,0.0,0.0,42.1,3.8272727272727267,3.8272727272728844,2,True,22.0,124.0,0.22000000000025466,0,profit
L203,long,2026-07-17 18:12:31,2026-07-17 18:21:00,509.0,2,0.04,0.04,4005.8399999999997,4009.0050000000006,4007.19,4004.49,2.700000000000273,12.66,0.0,0.0,12.66,3.165,3.165000000000873,1,True,110.0,110.0,2.700000000000273,0,profit
S200,short,2026-07-17 18:18:15,2026-07-17 18:25:25,430.0,3,0.07,0.07,4009.4357142857134,4007.1399999999994,4007.29,4011.43,4.139999999999873,16.07,0.0,0.0,16.07,2.2957142857142854,2.2957142857139843,1,True,130.0,188.0,2.0699999999999363,0,profit
L204,long,2026-07-17 18:23:55,2026-07-17 18:27:26,211.0,1,0.02,0.02,4009.0200000000004,4010.18,4009.02,4009.02,0.0,2.32,0.0,0.0,2.32,1.16,1.1599999999993997,1,True,,,,0,profit
L205,long,2026-07-20 06:38:36,2026-07-20 06:39:06,30.0,1,0.02,0.02,4024.4099999999994,4023.63,4024.41,4024.41,0.0,-1.56,0.0,0.0,-1.56,-0.78,-0.7799999999992906,1,True,,,,0,loss
S201,short,2026-07-20 06:38:37,2026-07-20 07:45:44,4027.0,8,0.41000000000000003,0.41000000000000003,4023.8968292682925,4021.6646341463415,4023.98,4023.84,0.13999999999987267,91.52,0.0,0.0,91.52,2.2321951219512193,2.2321951219510083,3,False,1.0,1.0,0.009999999999763531,0,profit
L206,long,2026-07-20 07:15:03,2026-07-20 07:27:21,738.0,1,0.02,0.02,4023.38,4023.33,4023.38,4023.38,0.0,-0.1,0.0,0.0,-0.1,-0.05,-0.0500000000001819,1,True,,,,0,loss
L207,long,2026-07-20 07:55:29,2026-07-20 07:56:17,48.0,2,0.04,0.04,4022.025,4019.2550000000006,4022.05,4022.0,0.0500000000001819,-11.08,0.0,0.0,-11.08,-2.77,-2.769999999999527,1,True,1.0,1.0,0.0500000000001819,0,loss
S202,short,2026-07-20 07:55:31,2026-07-20 07:55:57,26.0,2,0.19,0.19,4020.617368421053,4019.36,4021.51,4019.39,2.1200000000003456,23.889999999999997,0.0,0.0,23.889999999999997,1.2573684210526315,1.2573684210528882,1,True,15.0,15.0,2.1200000000003456,0,profit
S203,short,2026-07-20 07:56:06,2026-07-20 07:56:17,11.0,6,0.22,0.20000000000000004,4019.2154545454546,4019.672727272727,4019.15,4019.24,0.08999999999969077,-10.06,0.0,0.0,-10.06,-0.4572727272727273,-0.45727272727253876,3,False,0.0,8.0,0.0,0,loss
L208,long,2026-07-20 08:09:29,2026-07-20 10:30:25,8456.0,10,0.73,0.73,4008.2060273972606,4010.8223287671235,4016.73,4003.28,13.449999999999818,190.99,0.0,0.0,190.99,2.616301369863014,2.6163013698628674,3,False,389.0,2349.0,1.5299999999997453,0,profit
S204,short,2026-07-20 08:32:31,2026-07-20 08:35:08,157.0,1,0.02,0.02,4011.01,4009.85,4011.01,4011.01,0.0,2.32,0.0,0.0,2.32,1.16,1.1600000000003092,1,True,,,,0,profit
S205,short,2026-07-20 08:46:37,2026-07-20 08:49:13,156.0,1,0.02,0.02,4008.65,4007.12,4008.65,4008.65,0.0,3.06,0.0,0.0,3.06,1.53,1.5300000000002,1,True,,,,0,profit
S206,short,2026-07-20 10:25:03,2026-07-20 10:25:40,37.0,1,0.02,0.02,4005.7900000000004,4005.32,4005.79,4005.79,0.0,0.94,0.0,0.0,0.94,0.47,0.47000000000025466,1,True,,,,0,profit
S207,short,2026-07-20 10:25:43,2026-07-20 11:30:08,3865.0,9,0.43,0.43,4023.1604651162793,4022.219302325582,4004.63,4029.29,24.659999999999854,40.47,0.0,0.0,40.47,0.9411627906976744,0.94116279069749,5,False,353.5,962.0,2.25,0,profit
L209,long,2026-07-20 11:22:04,2026-07-20 11:24:50,166.0,1,0.02,0.02,4025.2200000000003,4027.37,4025.22,4025.22,0.0,4.3,0.0,0.0,4.3,2.15,2.149999999999636,1,True,,,,0,profit
L210,long,2026-07-20 11:24:56,2026-07-20 11:24:58,2.0,1,0.02,0.02,4030.99,4029.41,4030.99,4030.99,0.0,-3.16,0.0,0.0,-3.16,-1.58,-1.5799999999999272,1,True,,,,0,loss
S208,short,2026-07-20 11:39:23,2026-07-20 11:46:03,400.0,1,0.02,0.02,4023.18,4020.6400000000003,4023.18,4023.18,0.0,5.08,0.0,0.0,5.08,2.54,2.539999999999509,1,True,,,,0,profit
L211,long,2026-07-20 11:53:47,2026-07-20 12:17:23,1416.0,2,0.04,0.04,4017.845,4021.68,4018.98,4016.71,2.269999999999982,15.34,0.0,0.0,15.34,3.835,3.8350000000000364,1,True,796.0,796.0,2.269999999999982,0,profit
S209,short,2026-07-20 12:14:56,2026-07-20 12:27:37,761.0,2,0.04,0.04,4020.13,4017.359999999999,4019.36,4020.9,1.5399999999999636,11.08,0.0,0.0,11.08,2.77,2.7700000000008913,2,True,231.0,231.0,1.5399999999999636,0,profit
L212,long,2026-07-20 12:30:04,2026-07-20 12:36:05,361.0,1,0.02,0.02,4016.87,4020.25,4016.87,4016.87,0.0,6.76,0.0,0.0,6.76,3.38,3.380000000000109,1,True,,,,0,profit
S210,short,2026-07-20 12:36:10,2026-07-20 14:11:52,5742.0,5,0.16000000000000003,0.16000000000000003,4023.406874999999,4021.71375,4019.42,4026.33,6.9099999999998545,27.09,0.0,0.0,27.09,1.6931249999999995,1.693124999999327,2,True,1314.5,2092.0,1.5249999999998636,0,profit
L213,long,2026-07-20 14:13:21,2026-07-20 14:30:14,1013.0,1,0.02,0.02,4021.3,4025.6,4021.3,4021.3,0.0,8.6,0.0,0.0,8.6,4.3,4.299999999999727,1,True,,,,0,profit
S211,short,2026-07-20 14:30:26,2026-07-20 14:31:20,54.0,3,0.07,0.07,4030.2585714285715,4028.1271428571417,4029.48,4030.11,1.7800000000002,14.92,0.0,0.0,14.92,2.1314285714285712,2.131428571429751,1,True,9.0,12.0,1.4650000000001455,0,profit
L214,long,2026-07-20 14:31:34,2026-07-20 14:31:45,11.0,1,0.02,0.02,4035.82,4032.56,4035.82,4035.82,0.0,-6.52,0.0,0.0,-6.52,-3.26,-3.2600000000002183,1,True,,,,0,loss
L215,long,2026-07-20 14:32:07,2026-07-20 14:32:30,23.0,1,0.02,0.02,4031.85,4035.4100000000003,4031.85,4031.85,0.0,7.12,0.0,0.0,7.12,3.56,3.5600000000004,1,True,,,,0,profit
S212,short,2026-07-20 14:34:26,2026-07-20 14:35:14,48.0,2,0.04,0.04,4039.3,4036.53,4039.56,4039.04,0.5199999999999818,11.08,0.0,0.0,11.08,2.77,2.769999999999982,2,True,18.0,18.0,0.5199999999999818,0,profit
L216,long,2026-07-20 14:37:07,2026-07-20 14:39:28,141.0,1,0.02,0.02,4030.6599999999994,4033.9100000000003,4030.66,4030.66,0.0,6.5,0.0,0.0,6.5,3.25,3.2500000000009095,1,True,,,,0,profit
L217,long,2026-07-20 14:49:09,2026-07-20 16:40:07,6658.0,7,0.30000000000000004,0.30000000000000004,4013.668666666666,4015.975333333333,4028.46,4008.32,20.139999999999873,69.19999999999999,0.0,0.0,69.19999999999999,2.306666666666666,2.3066666666668425,2,True,492.0,1266.0,2.2549999999998818,0,profit
S213,short,2026-07-20 15:03:37,2026-07-20 15:03:51,14.0,1,0.02,0.02,4014.74,4012.67,4014.74,4014.74,0.0,4.14,0.0,0.0,4.14,2.07,2.069999999999709,1,True,,,,0,profit
S214,short,2026-07-20 15:27:16,2026-07-20 15:41:06,830.0,3,0.06,0.06,4011.7933333333335,4010.326666666667,4010.46,4013.03,2.5700000000001637,8.8,0.0,0.0,8.8,1.4666666666666668,1.466666666666697,2,True,274.0,517.0,1.2850000000000819,0,profit
S215,short,2026-07-20 15:45:26,2026-07-20 15:50:39,313.0,3,0.07,0.07,4013.0271428571427,4010.698571428571,4011.3,4014.17,2.869999999999891,16.3,0.0,0.0,16.3,2.3285714285714283,2.3285714285716494,1,True,82.0,94.0,1.4349999999999454,0,profit
S216,short,2026-07-20 15:50:47,2026-07-20 15:56:08,321.0,1,0.02,0.02,4010.05,4009.25,4010.05,4010.05,0.0,1.6,0.0,0.0,1.6,0.8,0.8000000000001819,1,True,,,,0,profit
S217,short,2026-07-20 16:07:43,2026-07-20 16:10:57,194.0,1,0.02,0.02,4009.2,4008.2600000000007,4009.2,4009.2,0.0,1.88,0.0,0.0,1.88,0.94,0.9399999999991451,1,True,,,,0,profit
S218,short,2026-07-20 16:15:22,2026-07-20 16:35:24,1202.0,3,0.06,0.06,4011.3533333333335,4009.3233333333333,4007.35,4013.98,6.630000000000109,12.18,0.0,0.0,12.18,2.03,2.0300000000002,2,True,514.0,978.0,3.3150000000000546,0,profit
S219,short,2026-07-20 16:35:26,2026-07-20 16:46:03,637.0,2,0.04,0.04,4011.7149999999992,4010.925,4008.79,4014.64,5.849999999999909,3.16,0.0,0.0,3.16,0.79,0.7899999999990541,2,True,294.0,294.0,5.849999999999909,0,profit
L218,long,2026-07-20 16:46:07,2026-07-20 17:29:12,2585.0,6,0.22000000000000003,0.22000000000000003,4004.9968181818176,4005.4190909090908,4011.69,4000.87,10.820000000000164,9.29,0.0,0.0,9.29,0.4222727272727272,0.422272727273139,2,True,294.0,478.0,1.9700000000002547,0,profit
S220,short,2026-07-20 17:14:36,2026-07-20 17:21:08,392.0,2,0.04,0.04,4000.0650000000005,3999.3049999999994,3998.83,4001.3,2.4700000000002547,3.04,0.0,0.0,3.04,0.76,0.7600000000011278,2,True,280.0,280.0,2.4700000000002547,0,profit
S221,short,2026-07-20 17:21:14,2026-07-20 17:29:11,477.0,1,0.02,0.02,3998.52,4005.8399999999997,3998.52,3998.52,0.0,-14.64,0.0,0.0,-14.64,-7.32,-7.319999999999709,1,True,,,,0,loss
S222,short,2026-07-20 17:39:21,2026-07-20 17:45:04,343.0,1,0.02,0.02,4009.8800000000006,4007.49,4009.88,4009.88,0.0,4.78,0.0,0.0,4.78,2.39,2.390000000000782,1,True,,,,0,profit
S223,short,2026-07-20 17:47:58,2026-07-20 17:55:02,424.0,1,0.02,0.02,4011.35,4008.05,4011.35,4011.35,0.0,6.6,0.0,0.0,6.6,3.3,3.299999999999727,1,True,,,,0,profit
L219,long,2026-07-20 17:56:13,2026-07-20 18:02:46,393.0,2,0.04,0.04,4007.455,4010.03,4008.27,4006.64,1.6300000000001091,10.3,0.0,0.0,10.3,2.575,2.575000000000273,1,True,181.0,181.0,1.6300000000001091,0,profit
S224,short,2026-07-20 18:03:30,2026-07-20 18:12:27,537.0,4,0.11000000000000001,0.11000000000000001,4014.9781818181814,4012.95,4009.09,4017.62,8.529999999999745,22.310000000000002,0.0,0.0,22.310000000000002,2.028181818181818,2.028181818181565,2,True,50.0,333.0,3.649999999999636,0,profit
S225,short,2026-07-20 18:26:24,2026-07-20 18:35:05,521.0,1,0.02,0.02,4014.9699999999993,4012.7999999999997,4014.97,4014.97,0.0,4.34,0.0,0.0,4.34,2.17,2.169999999999618,1,True,,,,0,profit
L220,long,2026-07-20 18:39:02,2026-07-20 18:46:41,459.0,1,0.02,0.02,4011.8499999999995,4014.85,4011.85,4011.85,0.0,6.0,0.0,0.0,6.0,3.0,3.0000000000004547,1,True,,,,0,profit
L221,long,2026-07-20 19:25:25,2026-07-20 20:00:18,2093.0,3,0.07,0.07,4008.4128571428573,4010.5899999999992,4012.28,4004.03,8.25,15.240000000000002,0.0,0.0,15.240000000000002,2.177142857142857,2.1771428571419165,2,True,485.0,622.0,4.125,0,profit
S226,short,2026-07-20 19:41:54,2026-07-20 20:44:58,3784.0,4,0.11000000000000001,0.11000000000000001,4008.5518181818175,4008.1727272727267,4004.64,4010.82,6.180000000000291,4.17,0.0,0.0,4.17,0.37909090909090903,0.3790909090907917,2,True,36.0,1087.0,1.9900000000002365,0,profit
S227,short,2026-07-21 08:41:32,2026-07-21 10:09:41,5289.0,14,2.16,2.16,4076.0976851851847,4075.9230555555555,4064.28,4083.09,19.450000000000273,37.72000000000003,0.0,0.0,37.72000000000003,0.17462962962962975,0.17462962962918027,8,False,85.0,1623.0,1.4100000000003092,0,profit
L222,long,2026-07-21 08:52:41,2026-07-21 09:03:51,670.0,1,0.02,0.02,4063.5800000000004,4066.24,4063.58,4063.58,0.0,5.32,0.0,0.0,5.32,2.66,2.6599999999993997,1,True,,,,0,profit
L223,long,2026-07-21 09:20:50,2026-07-21 09:22:23,93.0,1,0.02,0.02,4070.87,4072.1899999999996,4070.87,4070.87,0.0,2.64,0.0,0.0,2.64,1.32,1.319999999999709,1,True,,,,0,profit
L224,long,2026-07-21 10:01:15,2026-07-21 10:09:31,496.0,1,0.02,0.02,4079.35,4075.3300000000004,4079.35,4079.35,0.0,-8.04,0.0,0.0,-8.04,-4.02,-4.019999999999527,1,True,,,,0,loss
L225,long,2026-07-21 10:48:00,2026-07-21 12:04:27,4587.0,6,0.22000000000000003,0.22000000000000003,4064.5677272727266,4066.0259090909085,4071.66,4060.72,10.940000000000055,32.08,0.0,0.0,32.08,1.4581818181818178,1.4581818181818562,3,False,834.0,1249.0,2.199999999999818,0,profit
S228,short,2026-07-21 12:05:46,2026-07-21 12:29:47,1441.0,2,0.04,0.04,4065.9450000000006,4063.12,4065.01,4066.88,1.8699999999998909,11.299999999999999,0.0,0.0,11.299999999999999,2.8249999999999997,2.8250000000007276,1,True,896.0,896.0,1.8699999999998909,0,profit
L226,long,2026-07-21 12:43:55,2026-07-21 12:46:46,171.0,1,0.02,0.02,4062.49,4064.62,4062.49,4062.49,0.0,4.26,0.0,0.0,4.26,2.13,2.130000000000109,1,True,,,,0,profit
S229,short,2026-07-21 12:50:03,2026-07-21 13:04:36,873.0,2,0.04,0.04,4066.8100000000004,4064.45,4065.28,4068.34,3.0599999999999454,9.44,0.0,0.0,9.44,2.36,2.360000000000582,1,True,299.0,299.0,3.0599999999999454,0,profit
L227,long,2026-07-21 13:10:33,2026-07-21 13:11:26,53.0,1,0.02,0.02,4064.78,4066.57,4064.78,4064.78,0.0,3.58,0.0,0.0,3.58,1.79,1.7899999999999636,1,True,,,,0,profit
S230,short,2026-07-21 13:11:29,2026-07-21 13:47:34,2165.0,2,0.04,0.04,4066.6650000000004,4064.75,4065.86,4067.47,1.6099999999996726,7.66,0.0,0.0,7.66,1.915,1.9150000000004184,2,True,801.0,801.0,1.6099999999996726,0,profit
L228,long,2026-07-21 14:02:01,2026-07-21 15:07:09,3908.0,3,0.07,0.07,4058.3428571428567,4060.5528571428567,4061.26,4056.2,5.0600000000004,15.469999999999999,0.0,0.0,15.469999999999999,2.2099999999999995,2.2100000000000364,2,True,1361.0,2521.0,2.5300000000002,0,profit
S231,short,2026-07-21 14:37:24,2026-07-21 14:42:09,285.0,1,0.02,0.02,4059.83,4057.2499999999995,4059.83,4059.83,0.0,5.16,0.0,0.0,5.16,2.58,2.580000000000382,1,True,,,,0,profit
S232,short,2026-07-21 15:08:01,2026-07-21 15:10:40,159.0,1,0.02,0.02,4059.96,4056.85,4059.96,4059.96,0.0,6.22,0.0,0.0,6.22,3.11,3.1100000000001273,1,True,,,,0,profit
S233,short,2026-07-21 15:24:44,2026-07-21 15:34:33,589.0,1,0.02,0.02,4064.74,4059.6400000000003,4064.74,4064.74,0.0,10.2,0.0,0.0,10.2,5.1,5.099999999999454,1,True,,,,0,profit
L229,long,2026-07-21 15:36:23,2026-07-21 15:48:11,708.0,3,0.07,0.07,4055.1157142857137,4058.5914285714284,4057.31,4053.49,3.8200000000001637,24.33,0.0,0.0,24.33,3.475714285714285,3.47571428571473,1,True,227.0,366.0,1.9100000000000819,0,profit
S234,short,2026-07-21 15:49:37,2026-07-21 15:53:11,214.0,1,0.02,0.02,4061.05,4055.99,4061.05,4061.05,0.0,10.12,0.0,0.0,10.12,5.06,5.0600000000004,1,True,,,,0,profit
L230,long,2026-07-21 15:54:00,2026-07-21 16:00:10,370.0,2,0.04,0.04,4055.8149999999996,4058.455,4056.78,4054.85,1.930000000000291,10.559999999999999,0.0,0.0,10.559999999999999,2.6399999999999997,2.6400000000003274,1,True,201.0,201.0,1.930000000000291,0,profit
S235,short,2026-07-21 16:03:15,2026-07-21 16:04:12,57.0,1,0.02,0.02,4059.87,4056.35,4059.87,4059.87,0.0,7.04,0.0,0.0,7.04,3.52,3.519999999999982,1,True,,,,0,profit
S236,short,2026-07-21 16:15:29,2026-07-21 16:16:55,86.0,1,0.02,0.02,4061.0,4057.5100000000007,4061.0,4061.0,0.0,6.98,0.0,0.0,6.98,3.49,3.489999999999327,1,True,,,,0,profit
L231,long,2026-07-21 16:21:14,2026-07-21 16:33:05,711.0,3,0.07,0.07,4051.3114285714287,4055.1042857142857,4054.31,4049.14,5.170000000000073,26.55,0.0,0.0,26.55,3.7928571428571423,3.792857142856974,1,True,314.0,490.0,2.5850000000000364,0,profit
S237,short,2026-07-21 16:33:21,2026-07-21 16:37:39,258.0,2,0.04,0.04,4055.0250000000005,4053.234999999999,4054.16,4055.89,1.7300000000000182,7.16,0.0,0.0,7.16,1.79,1.7900000000013279,2,True,95.0,95.0,1.7300000000000182,0,profit
L232,long,2026-07-21 16:42:12,2026-07-21 16:50:12,480.0,3,0.07,0.07,4048.462857142857,4050.597142857142,4051.06,4046.26,4.799999999999727,14.94,0.0,0.0,14.94,2.134285714285714,2.1342857142849425,2,True,63.0,77.0,2.3999999999998636,0,profit
S238,short,2026-07-21 16:49:33,2026-07-21 19:46:48,10635.0,12,1.26,1.26,4072.1356349206353,4071.5611111111107,4049.41,4080.69,31.2800000000002,72.38999999999993,0.0,0.0,72.38999999999993,0.574523809523809,0.574523809524635,6,False,330.0,2823.0,2.619999999999891,0,profit
L233,long,2026-07-21 17:22:53,2026-07-21 17:23:15,22.0,1,0.02,0.02,4062.49,4062.7900000000004,4062.49,4062.49,0.0,0.6,0.0,0.0,0.6,0.3,0.30000000000063665,1,True,,,,0,profit
L234,long,2026-07-21 17:25:34,2026-07-21 17:29:13,219.0,1,0.02,0.02,4067.4199999999996,4068.67,4067.42,4067.42,0.0,2.5,0.0,0.0,2.5,1.25,1.2500000000004547,1,True,,,,0,profit
L235,long,2026-07-21 17:36:10,2026-07-21 17:48:03,713.0,2,0.04,0.04,4064.605,4068.47,4065.66,4063.55,2.1099999999996726,15.46,0.0,0.0,15.46,3.865,3.8649999999997817,1,True,141.0,141.0,2.1099999999996726,0,profit
L236,long,2026-07-21 17:48:08,2026-07-21 17:48:09,1.0,1,0.02,0.02,4070.48,4069.7899999999995,4070.48,4070.48,0.0,-1.38,0.0,0.0,-1.38,-0.69,-0.6900000000005093,1,True,,,,0,loss
L237,long,2026-07-21 18:21:47,2026-07-21 18:32:15,628.0,1,0.02,0.02,4078.2399999999993,4079.43,4078.24,4078.24,0.0,2.38,0.0,0.0,2.38,1.19,1.1900000000005093,1,True,,,,0,profit
L238,long,2026-07-21 18:46:22,2026-07-21 18:53:50,448.0,2,0.04,0.04,4074.64,4077.965,4075.82,4073.46,2.3600000000001273,13.3,0.0,0.0,13.3,3.325,3.325000000000273,1,True,217.0,217.0,2.3600000000001273,0,profit
L239,long,2026-07-21 19:28:17,2026-07-21 19:46:43,1106.0,2,0.04,0.04,4074.185,4071.125,4075.5,4072.87,2.630000000000109,-12.24,0.0,0.0,-12.24,-3.06,-3.0599999999999454,2,True,556.0,556.0,2.630000000000109,0,loss
S239,short,2026-07-22 07:41:27,2026-07-22 10:11:13,8986.0,7,0.8600000000000001,0.86,4126.747209302325,4113.326860465116,4126.74,4126.76,0.020000000000436557,1154.15,0.0,0.0,1154.15,13.420348837209302,13.42034883720953,3,False,0.0,1.0,0.0,0,profit
S240,short,2026-07-22 15:02:53,2026-07-22 15:49:59,2826.0,7,0.8600000000000001,0.8600000000000001,4124.723255813953,4119.318023255814,4124.67,4125.88,1.230000000000473,464.84999999999997,0.0,0.0,464.84999999999997,5.4052325581395335,5.405232558138778,4,False,0.5,17.0,0.03000000000020009,0,profit
S241,short,2026-07-22 16:03:39,2026-07-23 01:59:41,35762.0,16,3.66,2.8,4138.849699453552,4128.482213114754,4117.48,4151.98,34.57999999999993,3794.5,226.66,0.0,4021.1600000000003,10.986775956284154,10.36748633879779,6,False,0.0,8813.0,0.0500000000001819,0,profit
L240,long,2026-07-22 19:10:02,2026-07-22 19:11:39,97.0,1,0.03,0.03,4157.16,4155.13,4157.16,4157.16,0.0,-6.09,0.0,0.0,-6.09,-2.03,-2.0299999999997453,1,True,,,,0,loss
L241,long,2026-07-22 23:34:02,2026-07-22 23:57:57,1435.0,2,0.13,0.13,4132.116153846154,4129.743846153846,4135.95,4129.72,6.229999999999563,-30.84,0.0,0.0,-30.84,-2.3723076923076922,-2.3723076923079134,2,True,780.0,780.0,6.229999999999563,0,loss
L242,long,2026-07-23 02:27:51,2026-07-23 02:33:22,331.0,12,1.28,1.28,4120.067421875,4122.259687500001,4120.48,4120.23,0.8799999999991996,280.61,0.0,0.0,280.61,2.192265625,2.1922656250008004,4,False,0.0,20.0,0.02999999999974534,0,profit
L243,long,2026-07-23 10:48:11,2026-07-23 10:48:48,37.0,6,0.37,0.37,4093.3924324324325,4094.7640540540547,4093.18,4093.87,0.7199999999997999,50.75000000000001,0.0,0.0,50.75000000000001,1.3716216216216217,1.3716216216221255,2,True,0.0,2.0,0.0,0,profit
L244,long,2026-07-23 11:22:20,2026-07-23 11:43:43,1283.0,8,0.69,0.69,4090.938695652174,4092.150869565218,4091.11,4090.11,1.3099999999999454,83.64,0.0,0.0,83.64,1.2121739130434783,1.2121739130438982,3,False,3.0,1171.0,0.1799999999998363,0,profit
L245,long,2026-07-23 16:12:46,2026-07-23 16:19:02,376.0,13,1.6800000000000002,1.6800000000000004,4044.1764880952387,4046.727976190476,4044.04,4044.41,0.3999999999996362,428.65000000000003,0.0,0.0,428.65000000000003,2.5514880952380956,2.551488095237346,4,False,0.5,1.0,0.08500000000003638,0,profit
