Open Time,Ticket,Type,Size,Item,Price,S / L,T / P,Time,State,Comment,_sheet,_stmt
2026.07.23 01:59:33,619782053,buy,0.55 / 0.55,XAUUSD-STDc,market,0,0,2026.07.23 01:59:33,filled,copy #1007969300,Sheet1,2026.07.23 23:59
2026.07.23 01:59:33,619782289,buy,0.02 / 0.02,XAUUSD-STDc,market,0,0,2026.07.23 01:59:34,filled,copy #1007969305,Sheet1,2026.07.23 23:59
2026.07.23 01:59:33,619782517,buy,0.03 / 0.03,XAUUSD-STDc,market,0,0,2026.07.23 01:59:34,filled,copy #1007969332,Sheet1,2026.07.23 23:59
2026.07.23 01:59:34,619782740,buy,0.05 / 0.05,XAUUSD-STDc,market,0,0,2026.07.23 01:59:34,filled,copy #1007969377,Sheet1,2026.07.23 23:59
2026.07.23 01:59:34,619782970,buy,0.08 / 0.08,XAUUSD-STDc,market,0,0,2026.07.23 01:59:34,filled,copy #1007969405,Sheet1,2026.07.23 23:59
2026.07.23 01:59:34,619783187,buy,0.13 / 0.13,XAUUSD-STDc,market,0,0,2026.07.23 01:59:35,filled,copy #1007969427,Sheet1,2026.07.23 23:59
2026.07.23 01:59:35,619783422,buy,0.21 / 0.21,XAUUSD-STDc,market,0,0,2026.07.23 01:59:35,filled,copy #1007969449,Sheet1,2026.07.23 23:59
2026.07.23 01:59:35,619783805,buy,0.34 / 0.34,XAUUSD-STDc,market,0,0,2026.07.23 01:59:35,filled,copy #1007969491,Sheet1,2026.07.23 23:59
2026.07.23 01:59:40,619786136,buy,0.03 / 0.03,XAUUSD-STDc,market,0,0,2026.07.23 01:59:40,filled,copy #1007969903,Sheet1,2026.07.23 23:59
2026.07.23 01:59:40,619786351,buy,0.55 / 0.55,XAUUSD-STDc,market,0,0,2026.07.23 01:59:41,filled,copy #1007969904,Sheet1,2026.07.23 23:59
2026.07.23 01:59:40,619786559,buy,0.05 / 0.05,XAUUSD-STDc,market,0,0,2026.07.23 01:59:41,filled,copy #1007969905,Sheet1,2026.07.23 23:59
2026.07.23 01:59:40,619786982,buy,0.21 / 0.21,XAUUSD-STDc,market,0,0,2026.07.23 01:59:41,filled,copy #1007969908,Sheet1,2026.07.23 23:59
2026.07.23 01:59:40,619786772,buy,0.08 / 0.08,XAUUSD-STDc,market,0,0,2026.07.23 01:59:41,filled,copy #1007969907,Sheet1,2026.07.23 23:59
2026.07.23 01:59:40,619787400,buy,0.13 / 0.13,XAUUSD-STDc,market,0,0,2026.07.23 01:59:41,filled,copy #1007969910,Sheet1,2026.07.23 23:59
2026.07.23 01:59:40,619787183,buy,0.34 / 0.34,XAUUSD-STDc,market,0,0,2026.07.23 01:59:41,filled,copy #1007969909,Sheet1,2026.07.23 23:59
2026.07.23 02:27:50,619886277,buy,0.02 / 0.02,XAUUSD-STDc,market,0,0,2026.07.23 02:27:51,filled,copy #1008023690,Sheet1,2026.07.23 23:59
2026.07.23 02:27:50,619886505,buy,0.03 / 0.03,XAUUSD-STDc,market,0,0,2026.07.23 02:27:51,filled,copy #1008023699,Sheet1,2026.07.23 23:59
2026.07.23 02:27:51,619886735,buy,0.04 / 0.04,XAUUSD-STDc,market,0,0,2026.07.23 02:27:51,filled,copy #1008023726,Sheet1,2026.07.23 23:59
2026.07.23 02:28:11,619889176,buy,0.05 / 0.05,XAUUSD-STDc,market,0,0,2026.07.23 02:28:11,filled,copy #1008024604,Sheet1,2026.07.23 23:59
2026.07.23 02:28:31,619890384,buy,0.07 / 0.07,XAUUSD-STDc,market,0,0,2026.07.23 02:28:31,filled,copy #1008024913,Sheet1,2026.07.23 23:59
2026.07.23 02:28:36,619890841,buy,0.08 / 0.08,XAUUSD-STDc,market,0,0,2026.07.23 02:28:36,filled,copy #1008025052,Sheet1,2026.07.23 23:59
2026.07.23 02:28:36,619891060,buy,0.11 / 0.11,XAUUSD-STDc,market,0,0,2026.07.23 02:28:36,filled,copy #1008025053,Sheet1,2026.07.23 23:59
2026.07.23 02:28:36,619891280,buy,0.18 / 0.18,XAUUSD-STDc,market,0,0,2026.07.23 02:28:36,filled,copy #1008025054,Sheet1,2026.07.23 23:59
2026.07.23 02:28:36,619891713,buy,0.23 / 0.23,XAUUSD-STDc,market,0,0,2026.07.23 02:28:36,filled,copy #1008025058,Sheet1,2026.07.23 23:59
2026.07.23 02:28:36,619891497,buy,0.14 / 0.14,XAUUSD-STDc,market,0,0,2026.07.23 02:28:37,filled,copy #1008025055,Sheet1,2026.07.23 23:59
2026.07.23 02:28:37,619891940,buy,0.31 / 0.31,XAUUSD-STDc,market,0,0,2026.07.23 02:28:37,filled,copy #1008025176,Sheet1,2026.07.23 23:59
2026.07.23 02:28:37,619892159,buy,0.02 / 0.02,XAUUSD-STDc,market,0,0,2026.07.23 02:28:37,filled,copy #1008025177,Sheet1,2026.07.23 23:59
2026.07.23 02:33:19,619897760,sell,0.02 / 0.02,XAUUSD-STDc,market,0,0,2026.07.23 02:33:19,filled,copy #1008028901,Sheet1,2026.07.23 23:59
2026.07.23 02:33:19,619897985,sell,0.31 / 0.31,XAUUSD-STDc,market,0,0,2026.07.23 02:33:20,filled,copy #1008028906,Sheet1,2026.07.23 23:59
2026.07.23 02:33:20,619898204,sell,0.23 / 0.23,XAUUSD-STDc,market,0,0,2026.07.23 02:33:20,filled,copy #1008028937,Sheet1,2026.07.23 23:59
2026.07.23 02:33:20,619898418,sell,0.18 / 0.18,XAUUSD-STDc,market,0,0,2026.07.23 02:33:20,filled,copy #1008028972,Sheet1,2026.07.23 23:59
2026.07.23 02:33:20,619898642,sell,0.14 / 0.14,XAUUSD-STDc,market,0,0,2026.07.23 02:33:21,filled,copy #1008028999,Sheet1,2026.07.23 23:59
2026.07.23 02:33:20,619898864,sell,0.11 / 0.11,XAUUSD-STDc,market,0,0,2026.07.23 02:33:21,filled,copy #1008029006,Sheet1,2026.07.23 23:59
2026.07.23 02:33:21,619899087,sell,0.08 / 0.08,XAUUSD-STDc,market,0,0,2026.07.23 02:33:21,filled,copy #1008029062,Sheet1,2026.07.23 23:59
2026.07.23 02:33:21,619899314,sell,0.07 / 0.07,XAUUSD-STDc,market,0,0,2026.07.23 02:33:21,filled,copy #1008029117,Sheet1,2026.07.23 23:59
2026.07.23 02:33:21,619899526,sell,0.05 / 0.05,XAUUSD-STDc,market,0,0,2026.07.23 02:33:21,filled,copy #1008029138,Sheet1,2026.07.23 23:59
2026.07.23 02:33:21,619899748,sell,0.04 / 0.04,XAUUSD-STDc,market,0,0,2026.07.23 02:33:22,filled,copy #1008029198,Sheet1,2026.07.23 23:59
2026.07.23 02:33:22,619899967,sell,0.03 / 0.03,XAUUSD-STDc,market,0,0,2026.07.23 02:33:22,filled,copy #1008029235,Sheet1,2026.07.23 23:59
2026.07.23 02:33:22,619900187,sell,0.02 / 0.02,XAUUSD-STDc,market,0,0,2026.07.23 02:33:22,filled,copy #1008029297,Sheet1,2026.07.23 23:59
2026.07.23 10:48:11,623054994,buy,0.11 / 0.11,XAUUSD-STDc,market,0,0,2026.07.23 10:48:11,filled,copy #1009614674,Sheet1,2026.07.23 23:59
2026.07.23 10:48:11,623055281,buy,0.08 / 0.08,XAUUSD-STDc,market,0,0,2026.07.23 10:48:12,filled,copy #1009614727,Sheet1,2026.07.23 23:59
2026.07.23 10:48:12,623055526,buy,0.06 / 0.06,XAUUSD-STDc,market,0,0,2026.07.23 10:48:12,filled,copy #1009614805,Sheet1,2026.07.23 23:59
2026.07.23 10:48:13,623057107,buy,0.05 / 0.05,XAUUSD-STDc,market,0,0,2026.07.23 10:48:14,filled,copy #1009614863,Sheet1,2026.07.23 23:59
2026.07.23 10:48:13,623057284,buy,0.04 / 0.04,XAUUSD-STDc,market,0,0,2026.07.23 10:48:14,filled,copy #1009614864,Sheet1,2026.07.23 23:59
2026.07.23 10:48:13,623057519,buy,0.03 / 0.03,XAUUSD-STDc,market,0,0,2026.07.23 10:48:14,filled,copy #1009615105,Sheet1,2026.07.23 23:59
2026.07.23 10:48:47,623063061,sell,0.03 / 0.03,XAUUSD-STDc,market,0,0,2026.07.23 10:48:47,filled,copy #1009617586,Sheet1,2026.07.23 23:59
2026.07.23 10:48:47,623063343,sell,0.04 / 0.04,XAUUSD-STDc,market,0,0,2026.07.23 10:48:47,filled,copy #1009617593,Sheet1,2026.07.23 23:59
2026.07.23 10:48:47,623063605,sell,0.05 / 0.05,XAUUSD-STDc,market,0,0,2026.07.23 10:48:47,filled,copy #1009617620,Sheet1,2026.07.23 23:59
2026.07.23 10:48:47,623063823,sell,0.06 / 0.06,XAUUSD-STDc,market,0,0,2026.07.23 10:48:48,filled,copy #1009617656,Sheet1,2026.07.23 23:59
2026.07.23 10:48:48,623064059,sell,0.08 / 0.08,XAUUSD-STDc,market,0,0,2026.07.23 10:48:48,filled,copy #1009617692,Sheet1,2026.07.23 23:59
2026.07.23 10:48:48,623064559,sell,0.11 / 0.11,XAUUSD-STDc,market,0,0,2026.07.23 10:48:48,filled,copy #1009617723,Sheet1,2026.07.23 23:59
2026.07.23 11:22:19,623320049,buy,0.14 / 0.14,XAUUSD-STDc,market,0,0,2026.07.23 11:22:20,filled,copy #1009750018,Sheet1,2026.07.23 23:59
2026.07.23 11:22:23,623320438,buy,0.11 / 0.11,XAUUSD-STDc,market,0,0,2026.07.23 11:22:23,filled,copy #1009750212,Sheet1,2026.07.23 23:59
2026.07.23 11:22:24,623320694,buy,0.08 / 0.08,XAUUSD-STDc,market,0,0,2026.07.23 11:22:25,filled,copy #1009750275,Sheet1,2026.07.23 23:59
2026.07.23 11:22:25,623320933,buy,0.06 / 0.06,XAUUSD-STDc,market,0,0,2026.07.23 11:22:26,filled,copy #1009750389,Sheet1,2026.07.23 23:59
2026.07.23 11:22:26,623321157,buy,0.05 / 0.05,XAUUSD-STDc,market,0,0,2026.07.23 11:22:26,filled,copy #1009750415,Sheet1,2026.07.23 23:59
2026.07.23 11:22:38,623321488,buy,0.04 / 0.04,XAUUSD-STDc,market,0,0,2026.07.23 11:22:38,filled,copy #1009750894,Sheet1,2026.07.23 23:59
2026.07.23 11:22:46,623323825,buy,0.03 / 0.03,XAUUSD-STDc,market,0,0,2026.07.23 11:22:46,filled,copy #1009751796,Sheet1,2026.07.23 23:59
2026.07.23 11:42:17,623383634,buy,0.18 / 0.18,XAUUSD-STDc,market,0,0,2026.07.23 11:42:17,filled,copy #1009792423,Sheet1,2026.07.23 23:59
2026.07.23 11:43:40,623394321,sell,0.18 / 0.18,XAUUSD-STDc,market,0,0,2026.07.23 11:43:41,filled,copy #1009797551,Sheet1,2026.07.23 23:59
2026.07.23 11:43:41,623394636,sell,0.03 / 0.03,XAUUSD-STDc,market,0,0,2026.07.23 11:43:41,filled,copy #1009797571,Sheet1,2026.07.23 23:59
2026.07.23 11:43:41,623395029,sell,0.04 / 0.04,XAUUSD-STDc,market,0,0,2026.07.23 11:43:41,filled,copy #1009797617,Sheet1,2026.07.23 23:59
2026.07.23 11:43:41,623395362,sell,0.05 / 0.05,XAUUSD-STDc,market,0,0,2026.07.23 11:43:42,filled,copy #1009797673,Sheet1,2026.07.23 23:59
2026.07.23 11:43:42,623395607,sell,0.06 / 0.06,XAUUSD-STDc,market,0,0,2026.07.23 11:43:42,filled,copy #1009797724,Sheet1,2026.07.23 23:59
2026.07.23 11:43:42,623395836,sell,0.08 / 0.08,XAUUSD-STDc,market,0,0,2026.07.23 11:43:42,filled,copy #1009797754,Sheet1,2026.07.23 23:59
2026.07.23 11:43:42,623396069,sell,0.11 / 0.11,XAUUSD-STDc,market,0,0,2026.07.23 11:43:43,filled,copy #1009797821,Sheet1,2026.07.23 23:59
2026.07.23 11:43:42,623396288,sell,0.14 / 0.14,XAUUSD-STDc,market,0,0,2026.07.23 11:43:43,filled,copy #1009797894,Sheet1,2026.07.23 23:59
2026.07.23 16:12:45,625041004,buy,0.4 / 0.4,XAUUSD-STDc,market,0,0,2026.07.23 16:12:46,filled,copy #1010776019,Sheet1,2026.07.23 23:59
2026.07.23 16:12:46,625041231,buy,0.31 / 0.31,XAUUSD-STDc,market,0,0,2026.07.23 16:12:46,filled,copy #1010776075,Sheet1,2026.07.23 23:59
2026.07.23 16:12:46,625041460,buy,0.23 / 0.23,XAUUSD-STDc,market,0,0,2026.07.23 16:12:47,filled,copy #1010776121,Sheet1,2026.07.23 23:59
2026.07.23 16:12:47,625041693,buy,0.18 / 0.18,XAUUSD-STDc,market,0,0,2026.07.23 16:12:47,filled,copy #1010776199,Sheet1,2026.07.23 23:59
2026.07.23 16:12:47,625042053,buy,0.14 / 0.14,XAUUSD-STDc,market,0,0,2026.07.23 16:12:48,filled,copy #1010776276,Sheet1,2026.07.23 23:59
2026.07.23 16:12:48,625042294,buy,0.11 / 0.11,XAUUSD-STDc,market,0,0,2026.07.23 16:12:48,filled,copy #1010776370,Sheet1,2026.07.23 23:59
2026.07.23 16:12:49,625042576,buy,0.08 / 0.08,XAUUSD-STDc,market,0,0,2026.07.23 16:12:49,filled,copy #1010776481,Sheet1,2026.07.23 23:59
2026.07.23 16:12:49,625042806,buy,0.07 / 0.07,XAUUSD-STDc,market,0,0,2026.07.23 16:12:49,filled,copy #1010776530,Sheet1,2026.07.23 23:59
2026.07.23 16:12:50,625043043,buy,0.05 / 0.05,XAUUSD-STDc,market,0,0,2026.07.23 16:12:50,filled,copy #1010776618,Sheet1,2026.07.23 23:59
2026.07.23 16:12:50,625043275,buy,0.04 / 0.04,XAUUSD-STDc,market,0,0,2026.07.23 16:12:51,filled,copy #1010776727,Sheet1,2026.07.23 23:59
2026.07.23 16:12:51,625043508,buy,0.03 / 0.03,XAUUSD-STDc,market,0,0,2026.07.23 16:12:51,filled,copy #1010776773,Sheet1,2026.07.23 23:59
2026.07.23 16:12:51,625043732,buy,0.02 / 0.02,XAUUSD-STDc,market,0,0,2026.07.23 16:12:52,filled,copy #1010776846,Sheet1,2026.07.23 23:59
2026.07.23 16:12:52,625043961,buy,0.02 / 0.02,XAUUSD-STDc,market,0,0,2026.07.23 16:12:52,filled,copy #1010776925,Sheet1,2026.07.23 23:59
2026.07.23 16:18:58,625078226,sell,0.02 / 0.02,XAUUSD-STDc,market,0,0,2026.07.23 16:18:59,filled,copy #1010799725,Sheet1,2026.07.23 23:59
2026.07.23 16:18:59,625078508,sell,0.02 / 0.02,XAUUSD-STDc,market,0,0,2026.07.23 16:18:59,filled,copy #1010799762,Sheet1,2026.07.23 23:59
2026.07.23 16:18:59,625078830,sell,0.03 / 0.03,XAUUSD-STDc,market,0,0,2026.07.23 16:18:59,filled,copy #1010799826,Sheet1,2026.07.23 23:59
2026.07.23 16:18:59,625079125,sell,0.04 / 0.04,XAUUSD-STDc,market,0,0,2026.07.23 16:19:00,filled,copy #1010799886,Sheet1,2026.07.23 23:59
2026.07.23 16:19:00,625079487,sell,0.05 / 0.05,XAUUSD-STDc,market,0,0,2026.07.23 16:19:00,filled,copy #1010799980,Sheet1,2026.07.23 23:59
2026.07.23 16:19:00,625079755,sell,0.07 / 0.07,XAUUSD-STDc,market,0,0,2026.07.23 16:19:00,filled,copy #1010800023,Sheet1,2026.07.23 23:59
2026.07.23 16:19:00,625080072,sell,0.08 / 0.08,XAUUSD-STDc,market,0,0,2026.07.23 16:19:00,filled,copy #1010800086,Sheet1,2026.07.23 23:59
2026.07.23 16:19:00,625080373,sell,0.11 / 0.11,XAUUSD-STDc,market,0,0,2026.07.23 16:19:01,filled,copy #1010800175,Sheet1,2026.07.23 23:59
2026.07.23 16:19:00,625080797,sell,0.14 / 0.14,XAUUSD-STDc,market,0,0,2026.07.23 16:19:01,filled,copy #1010800266,Sheet1,2026.07.23 23:59
2026.07.23 16:19:01,625081957,sell,0.18 / 0.18,XAUUSD-STDc,market,0,0,2026.07.23 16:19:01,filled,copy #1010800381,Sheet1,2026.07.23 23:59
2026.07.23 16:19:01,625082207,sell,0.23 / 0.23,XAUUSD-STDc,market,0,0,2026.07.23 16:19:01,filled,copy #1010800525,Sheet1,2026.07.23 23:59
2026.07.23 16:19:02,625082920,sell,0.4 / 0.4,XAUUSD-STDc,market,0,0,2026.07.23 16:19:02,filled,copy #1010800913,Sheet1,2026.07.23 23:59
2026.07.23 16:19:01,625082537,sell,0.31 / 0.31,XAUUSD-STDc,market,0,0,2026.07.23 16:19:02,filled,copy #1010800784,Sheet1,2026.07.23 23:59
2026.07.22 07:41:26,615241418,sell,0.34 / 0.34,XAUUSD-STDc,market,0,0,2026.07.22 07:41:27,filled,copy #1005228772,Sheet2,2026.07.22 23:59
2026.07.22 07:41:27,615241635,sell,0.21 / 0.21,XAUUSD-STDc,market,0,0,2026.07.22 07:41:27,filled,copy #1005228776,Sheet2,2026.07.22 23:59
2026.07.22 07:41:27,615241860,sell,0.13 / 0.13,XAUUSD-STDc,market,0,0,2026.07.22 07:41:27,filled,copy #1005228801,Sheet2,2026.07.22 23:59
2026.07.22 07:41:27,615242082,sell,0.08 / 0.08,XAUUSD-STDc,market,0,0,2026.07.22 07:41:28,filled,copy #1005228827,Sheet2,2026.07.22 23:59
2026.07.22 07:41:28,615242305,sell,0.05 / 0.05,XAUUSD-STDc,market,0,0,2026.07.22 07:41:28,filled,copy #1005228880,Sheet2,2026.07.22 23:59
2026.07.22 07:41:28,615242523,sell,0.03 / 0.03,XAUUSD-STDc,market,0,0,2026.07.22 07:41:28,filled,copy #1005228881,Sheet2,2026.07.22 23:59
2026.07.22 07:41:28,615242741,sell,0.02 / 0.02,XAUUSD-STDc,market,0,0,2026.07.22 07:41:28,filled,copy #1005228887,Sheet2,2026.07.22 23:59
2026.07.22 10:11:11,616000602,buy,0.02 / 0.02,XAUUSD-STDc,market,0,0,2026.07.22 10:11:11,filled,copy #1005650849,Sheet2,2026.07.22 23:59
2026.07.22 10:11:11,616000840,buy,0.03 / 0.03,XAUUSD-STDc,market,0,0,2026.07.22 10:11:11,filled,copy #1005650922,Sheet2,2026.07.22 23:59
2026.07.22 10:11:11,616001064,buy,0.05 / 0.05,XAUUSD-STDc,market,0,0,2026.07.22 10:11:12,filled,copy #1005650988,Sheet2,2026.07.22 23:59
2026.07.22 10:11:12,616001289,buy,0.08 / 0.08,XAUUSD-STDc,market,0,0,2026.07.22 10:11:12,filled,copy #1005651021,Sheet2,2026.07.22 23:59
2026.07.22 10:11:12,616001498,buy,0.13 / 0.13,XAUUSD-STDc,market,0,0,2026.07.22 10:11:13,filled,copy #1005651062,Sheet2,2026.07.22 23:59
2026.07.22 10:11:12,616001728,buy,0.21 / 0.21,XAUUSD-STDc,market,0,0,2026.07.22 10:11:13,filled,copy #1005651088,Sheet2,2026.07.22 23:59
2026.07.22 10:11:13,616001939,buy,0.34 / 0.34,XAUUSD-STDc,market,0,0,2026.07.22 10:11:13,filled,copy #1005651119,Sheet2,2026.07.22 23:59
2026.07.22 15:02:53,617385315,sell,0.34 / 0.34,XAUUSD-STDc,market,0,0,2026.07.22 15:02:53,filled,copy #1006417560,Sheet2,2026.07.22 23:59
2026.07.22 15:02:53,617385542,sell,0.21 / 0.21,XAUUSD-STDc,market,0,0,2026.07.22 15:02:54,filled,copy #1006417589,Sheet2,2026.07.22 23:59
2026.07.22 15:02:54,617385761,sell,0.13 / 0.13,XAUUSD-STDc,market,0,0,2026.07.22 15:02:54,filled,copy #1006417595,Sheet2,2026.07.22 23:59
2026.07.22 15:02:54,617385983,sell,0.08 / 0.08,XAUUSD-STDc,market,0,0,2026.07.22 15:02:54,filled,copy #1006417637,Sheet2,2026.07.22 23:59
2026.07.22 15:02:54,617386205,sell,0.05 / 0.05,XAUUSD-STDc,market,0,0,2026.07.22 15:02:54,filled,copy #1006417657,Sheet2,2026.07.22 23:59
2026.07.22 15:03:11,617386949,sell,0.03 / 0.03,XAUUSD-STDc,market,0,0,2026.07.22 15:03:11,filled,copy #1006418524,Sheet2,2026.07.22 23:59
2026.07.22 15:03:27,617387835,sell,0.02 / 0.02,XAUUSD-STDc,market,0,0,2026.07.22 15:03:28,filled,copy #1006419443,Sheet2,2026.07.22 23:59
2026.07.22 15:49:48,617702161,buy,0.02 / 0.02,XAUUSD-STDc,market,0,0,2026.07.22 15:49:49,filled,copy #1006609166,Sheet2,2026.07.22 23:59
2026.07.22 15:49:48,617702385,buy,0.03 / 0.03,XAUUSD-STDc,market,0,0,2026.07.22 15:49:49,filled,copy #1006609237,Sheet2,2026.07.22 23:59
2026.07.22 15:49:49,617702614,buy,0.05 / 0.05,XAUUSD-STDc,market,0,0,2026.07.22 15:49:49,filled,copy #1006609366,Sheet2,2026.07.22 23:59
2026.07.22 15:49:49,617702832,buy,0.08 / 0.08,XAUUSD-STDc,market,0,0,2026.07.22 15:49:49,filled,copy #1006609426,Sheet2,2026.07.22 23:59
2026.07.22 15:49:49,617703062,buy,0.13 / 0.13,XAUUSD-STDc,market,0,0,2026.07.22 15:49:50,filled,copy #1006609500,Sheet2,2026.07.22 23:59
2026.07.22 15:49:57,617703695,buy,0.21 / 0.21,XAUUSD-STDc,market,0,0,2026.07.22 15:49:58,filled,copy #1006610541,Sheet2,2026.07.22 23:59
2026.07.22 15:49:58,617703943,buy,0.34 / 0.34,XAUUSD-STDc,market,0,0,2026.07.22 15:49:59,filled,copy #1006610645,Sheet2,2026.07.22 23:59
2026.07.22 16:03:38,617816198,sell,0.34 / 0.34,XAUUSD-STDc,market,0,0,2026.07.22 16:03:39,filled,copy #1006706241,Sheet2,2026.07.22 23:59
2026.07.22 16:03:39,617816433,sell,0.21 / 0.21,XAUUSD-STDc,market,0,0,2026.07.22 16:03:39,filled,copy #1006706278,Sheet2,2026.07.22 23:59
2026.07.22 16:03:39,617816670,sell,0.13 / 0.13,XAUUSD-STDc,market,0,0,2026.07.22 16:03:39,filled,copy #1006706314,Sheet2,2026.07.22 23:59
2026.07.22 16:03:39,617816904,sell,0.08 / 0.08,XAUUSD-STDc,market,0,0,2026.07.22 16:03:40,filled,copy #1006706359,Sheet2,2026.07.22 23:59
2026.07.22 16:03:39,617817135,sell,0.05 / 0.05,XAUUSD-STDc,market,0,0,2026.07.22 16:03:40,filled,copy #1006706385,Sheet2,2026.07.22 23:59
2026.07.22 16:03:40,617817396,sell,0.03 / 0.03,XAUUSD-STDc,market,0,0,2026.07.22 16:03:40,filled,copy #1006706484,Sheet2,2026.07.22 23:59
2026.07.22 16:03:40,617817617,sell,0.02 / 0.02,XAUUSD-STDc,market,0,0,2026.07.22 16:03:41,filled,copy #1006706489,Sheet2,2026.07.22 23:59
2026.07.22 16:25:09,617967238,sell,0.03 / 0.03,XAUUSD-STDc,market,0,0,2026.07.22 16:25:10,filled,copy #1006807891,Sheet2,2026.07.22 23:59
2026.07.22 16:25:10,617967464,sell,0.05 / 0.05,XAUUSD-STDc,market,0,0,2026.07.22 16:25:10,filled,copy #1006807919,Sheet2,2026.07.22 23:59
2026.07.22 16:25:10,617967686,sell,0.08 / 0.08,XAUUSD-STDc,market,0,0,2026.07.22 16:25:10,filled,copy #1006807935,Sheet2,2026.07.22 23:59
2026.07.22 16:25:10,617967911,sell,0.13 / 0.13,XAUUSD-STDc,market,0,0,2026.07.22 16:25:11,filled,copy #1006807977,Sheet2,2026.07.22 23:59
2026.07.22 16:25:11,617968214,sell,0.21 / 0.21,XAUUSD-STDc,market,0,0,2026.07.22 16:25:11,filled,copy #1006808024,Sheet2,2026.07.22 23:59
2026.07.22 16:25:11,617968457,sell,0.34 / 0.34,XAUUSD-STDc,market,0,0,2026.07.22 16:25:11,filled,copy #1006808041,Sheet2,2026.07.22 23:59
2026.07.22 16:58:08,618338186,sell,0.86 / 0.86,XAUUSD-STDc,market,0,0,2026.07.22 16:58:08,filled,copy #1007003089,Sheet2,2026.07.22 23:59
2026.07.22 17:18:24,618590930,buy,0.86 / 0.86,XAUUSD-STDc,market,0,0,2026.07.22 17:18:24,filled,copy #1007133994,Sheet2,2026.07.22 23:59
2026.07.22 19:10:02,619016021,buy,0.03 / 0.03,XAUUSD-STDc,market,0,0,2026.07.22 19:10:02,filled,copy #1007450732,Sheet2,2026.07.22 23:59
2026.07.22 19:11:39,619026981,sell,0.03 / 0.03,XAUUSD-STDc,market,0,0,2026.07.22 19:11:39,filled,copy #1007459041,Sheet2,2026.07.22 23:59
2026.07.22 19:25:01,619054064,sell,0.55 / 0.55,XAUUSD-STDc,market,0,0,2026.07.22 19:25:01,filled,copy #1007486634,Sheet2,2026.07.22 23:59
2026.07.22 19:25:02,619054396,sell,0.55 / 0.55,XAUUSD-STDc,market,0,0,2026.07.22 19:25:02,filled,copy #1007486909,Sheet2,2026.07.22 23:59
2026.07.22 23:34:01,619552452,buy,0.05 / 0.05,XAUUSD-STDc,market,0,0,2026.07.22 23:34:02,filled,copy #1007846206,Sheet2,2026.07.22 23:59
2026.07.22 23:47:02,619584604,buy,0.08 / 0.08,XAUUSD-STDc,market,0,0,2026.07.22 23:47:02,filled,copy #1007859923,Sheet2,2026.07.22 23:59
2026.07.22 23:57:39,619592357,sell,0.08 / 0.08,XAUUSD-STDc,market,0,0,2026.07.22 23:57:40,filled,copy #1007863688,Sheet2,2026.07.22 23:59
2026.07.22 23:57:56,619592621,sell,0.05 / 0.05,XAUUSD-STDc,market,0,0,2026.07.22 23:57:57,filled,copy #1007863790,Sheet2,2026.07.22 23:59
2026.07.21 08:41:32,608319064,sell,0.04 / 0.04,XAUUSD-STDc,market,0,0,2026.07.21 08:41:32,filled,copy #1001572845,Sheet3,2026.07.21 23:59
2026.07.21 08:41:32,608319291,sell,0.03 / 0.03,XAUUSD-STDc,market,0,0,2026.07.21 08:41:33,filled,copy #1001572986,Sheet3,2026.07.21 23:59
2026.07.21 08:41:33,608319520,sell,0.02 / 0.02,XAUUSD-STDc,market,0,0,2026.07.21 08:41:33,filled,copy #1001573075,Sheet3,2026.07.21 23:59
2026.07.21 08:41:34,608319751,sell,0.02 / 0.02,XAUUSD-STDc,market,0,0,2026.07.21 08:41:34,filled,copy #1001573175,Sheet3,2026.07.21 23:59
2026.07.21 08:42:09,608320906,sell,0.05 / 0.05,XAUUSD-STDc,market,0,0,2026.07.21 08:42:10,filled,copy #1001575783,Sheet3,2026.07.21 23:59
2026.07.21 08:43:34,608351123,sell,0.06 / 0.06,XAUUSD-STDc,market,0,0,2026.07.21 08:43:35,filled,copy #1001588220,Sheet3,2026.07.21 23:59
2026.07.21 08:52:41,608413665,buy,0.02 / 0.02,XAUUSD-STDc,market,0,0,2026.07.21 08:52:41,filled,copy #1001628361,Sheet3,2026.07.21 23:59
2026.07.21 09:03:51,608468162,sell,0.02 / 0.02,XAUUSD-STDc,market,0,0,2026.07.21 09:03:51,filled,copy #1001658816,Sheet3,2026.07.21 23:59
2026.07.21 09:10:38,608513308,sell,0.08 / 0.08,XAUUSD-STDc,market,0,0,2026.07.21 09:10:38,filled,copy #1001680038,Sheet3,2026.07.21 23:59
2026.07.21 09:11:30,608536300,sell,0.11 / 0.11,XAUUSD-STDc,market,0,0,2026.07.21 09:11:30,filled,copy #1001692463,Sheet3,2026.07.21 23:59
2026.07.21 09:13:50,608570772,sell,0.14 / 0.14,XAUUSD-STDc,market,0,0,2026.07.21 09:13:50,filled,copy #1001709374,Sheet3,2026.07.21 23:59
2026.07.21 09:20:49,608630185,buy,0.02 / 0.02,XAUUSD-STDc,market,0,0,2026.07.21 09:20:50,filled,copy #1001737858,Sheet3,2026.07.21 23:59
2026.07.21 09:22:22,608634590,sell,0.02 / 0.02,XAUUSD-STDc,market,0,0,2026.07.21 09:22:23,filled,copy #1001741067,Sheet3,2026.07.21 23:59
2026.07.21 09:24:24,608667470,sell,0.18 / 0.18,XAUUSD-STDc,market,0,0,2026.07.21 09:24:24,filled,copy #1001756723,Sheet3,2026.07.21 23:59
2026.07.21 09:36:45,608740613,sell,0.23 / 0.23,XAUUSD-STDc,market,0,0,2026.07.21 09:36:45,filled,copy #1001796317,Sheet3,2026.07.21 23:59
2026.07.21 09:42:00,608777279,sell,0.3 / 0.3,XAUUSD-STDc,market,0,0,2026.07.21 09:42:01,filled,copy #1001821553,Sheet3,2026.07.21 23:59
2026.07.21 09:42:19,608791618,sell,0.39 / 0.39,XAUUSD-STDc,market,0,0,2026.07.21 09:42:19,filled,copy #1001831290,Sheet3,2026.07.21 23:59
2026.07.21 09:49:42,608861844,sell,0.51 / 0.51,XAUUSD-STDc,market,0,0,2026.07.21 09:49:43,filled,copy #1001877049,Sheet3,2026.07.21 23:59
2026.07.21 10:01:15,608890949,buy,0.02 / 0.02,XAUUSD-STDc,market,0,0,2026.07.21 10:01:15,filled,copy #1001909057,Sheet3,2026.07.21 23:59
2026.07.21 10:09:31,608920445,sell,0.02 / 0.02,XAUUSD-STDc,market,0,0,2026.07.21 10:09:31,filled,copy #1001929794,Sheet3,2026.07.21 23:59
2026.07.21 10:09:31,608920666,buy,0.51 / 0.51,XAUUSD-STDc,market,0,0,2026.07.21 10:09:31,filled,copy #1001929808,Sheet3,2026.07.21 23:59
2026.07.21 10:09:31,608920892,buy,0.39 / 0.39,XAUUSD-STDc,market,0,0,2026.07.21 10:09:32,filled,copy #1001929836,Sheet3,2026.07.21 23:59
2026.07.21 10:09:31,608921120,buy,0.3 / 0.3,XAUUSD-STDc,market,0,0,2026.07.21 10:09:32,filled,copy #1001929881,Sheet3,2026.07.21 23:59
2026.07.21 10:09:32,608921345,buy,0.23 / 0.23,XAUUSD-STDc,market,0,0,2026.07.21 10:09:32,filled,copy #1001929913,Sheet3,2026.07.21 23:59
2026.07.21 10:09:32,608921564,buy,0.18 / 0.18,XAUUSD-STDc,market,0,0,2026.07.21 10:09:32,filled,copy #1001929940,Sheet3,2026.07.21 23:59
2026.07.21 10:09:32,608921801,buy,0.14 / 0.14,XAUUSD-STDc,market,0,0,2026.07.21 10:09:33,filled,copy #1001930006,Sheet3,2026.07.21 23:59
2026.07.21 10:09:33,608922020,buy,0.11 / 0.11,XAUUSD-STDc,market,0,0,2026.07.21 10:09:33,filled,copy #1001930065,Sheet3,2026.07.21 23:59
2026.07.21 10:09:33,608922250,buy,0.08 / 0.08,XAUUSD-STDc,market,0,0,2026.07.21 10:09:33,filled,copy #1001930144,Sheet3,2026.07.21 23:59
2026.07.21 10:09:33,608922482,buy,0.06 / 0.06,XAUUSD-STDc,market,0,0,2026.07.21 10:09:34,filled,copy #1001930175,Sheet3,2026.07.21 23:59
2026.07.21 10:09:34,608922703,buy,0.05 / 0.05,XAUUSD-STDc,market,0,0,2026.07.21 10:09:34,filled,copy #1001930213,Sheet3,2026.07.21 23:59
2026.07.21 10:09:36,608922988,buy,0.02 / 0.02,XAUUSD-STDc,market,0,0,2026.07.21 10:09:36,filled,copy #1001930537,Sheet3,2026.07.21 23:59
2026.07.21 10:09:38,608923249,buy,0.02 / 0.02,XAUUSD-STDc,market,0,0,2026.07.21 10:09:38,filled,copy #1001930828,Sheet3,2026.07.21 23:59
2026.07.21 10:09:40,608923492,buy,0.03 / 0.03,XAUUSD-STDc,market,0,0,2026.07.21 10:09:40,filled,copy #1001931059,Sheet3,2026.07.21 23:59
2026.07.21 10:09:40,608923698,buy,0.04 / 0.04,XAUUSD-STDc,market,0,0,2026.07.21 10:09:41,filled,copy #1001931061,Sheet3,2026.07.21 23:59
2026.07.21 10:47:59,609113419,buy,0.02 / 0.02,XAUUSD-STDc,market,0,0,2026.07.21 10:48:00,filled,copy #1002078139,Sheet3,2026.07.21 23:59
2026.07.21 11:02:02,609138509,buy,0.02 / 0.02,XAUUSD-STDc,market,0,0,2026.07.21 11:02:02,filled,copy #1002103569,Sheet3,2026.07.21 23:59
2026.07.21 11:02:59,609157599,buy,0.03 / 0.03,XAUUSD-STDc,market,0,0,2026.07.21 11:03:00,filled,copy #1002112214,Sheet3,2026.07.21 23:59
2026.07.21 11:23:49,609235315,buy,0.04 / 0.04,XAUUSD-STDc,market,0,0,2026.07.21 11:23:49,filled,copy #1002172742,Sheet3,2026.07.21 23:59
2026.07.21 11:37:42,609283081,buy,0.05 / 0.05,XAUUSD-STDc,market,0,0,2026.07.21 11:37:43,filled,copy #1002208663,Sheet3,2026.07.21 23:59
2026.07.21 11:50:07,609322966,buy,0.06 / 0.06,XAUUSD-STDc,market,0,0,2026.07.21 11:50:07,filled,copy #1002236171,Sheet3,2026.07.21 23:59
2026.07.21 12:04:25,609387876,sell,0.06 / 0.06,XAUUSD-STDc,market,0,0,2026.07.21 12:04:25,filled,copy #1002282549,Sheet3,2026.07.21 23:59
2026.07.21 12:04:25,609388250,sell,0.05 / 0.05,XAUUSD-STDc,market,0,0,2026.07.21 12:04:25,filled,copy #1002282566,Sheet3,2026.07.21 23:59
2026.07.21 12:04:25,609388513,sell,0.04 / 0.04,XAUUSD-STDc,market,0,0,2026.07.21 12:04:26,filled,copy #1002282611,Sheet3,2026.07.21 23:59
2026.07.21 12:04:26,609388823,sell,0.03 / 0.03,XAUUSD-STDc,market,0,0,2026.07.21 12:04:26,filled,copy #1002282741,Sheet3,2026.07.21 23:59
2026.07.21 12:04:26,609389097,sell,0.02 / 0.02,XAUUSD-STDc,market,0,0,2026.07.21 12:04:26,filled,copy #1002282801,Sheet3,2026.07.21 23:59
2026.07.21 12:04:26,609389375,sell,0.02 / 0.02,XAUUSD-STDc,market,0,0,2026.07.21 12:04:27,filled,copy #1002282828,Sheet3,2026.07.21 23:59
2026.07.21 12:05:45,609398276,sell,0.02 / 0.02,XAUUSD-STDc,market,0,0,2026.07.21 12:05:46,filled,copy #1002290711,Sheet3,2026.07.21 23:59
2026.07.21 12:20:42,609431451,sell,0.02 / 0.02,XAUUSD-STDc,market,0,0,2026.07.21 12:20:42,filled,copy #1002315215,Sheet3,2026.07.21 23:59
2026.07.21 12:29:46,609479127,buy,0.02 / 0.02,XAUUSD-STDc,market,0,0,2026.07.21 12:29:47,filled,copy #1002343262,Sheet3,2026.07.21 23:59
2026.07.21 12:29:46,609479254,buy,0.02 / 0.02,XAUUSD-STDc,market,0,0,2026.07.21 12:29:47,filled,copy #1002343304,Sheet3,2026.07.21 23:59
2026.07.21 12:43:54,609522349,buy,0.02 / 0.02,XAUUSD-STDc,market,0,0,2026.07.21 12:43:55,filled,copy #1002377882,Sheet3,2026.07.21 23:59
2026.07.21 12:46:46,609530522,sell,0.02 / 0.02,XAUUSD-STDc,market,0,0,2026.07.21 12:46:46,filled,copy #1002384480,Sheet3,2026.07.21 23:59
2026.07.21 12:50:03,609555757,sell,0.02 / 0.02,XAUUSD-STDc,market,0,0,2026.07.21 12:50:03,filled,copy #1002398569,Sheet3,2026.07.21 23:59
2026.07.21 12:55:02,609589633,sell,0.02 / 0.02,XAUUSD-STDc,market,0,0,2026.07.21 12:55:02,filled,copy #1002418681,Sheet3,2026.07.21 23:59
2026.07.21 13:04:36,609628688,buy,0.02 / 0.02,XAUUSD-STDc,market,0,0,2026.07.21 13:04:36,filled,copy #1002444874,Sheet3,2026.07.21 23:59
2026.07.21 13:04:36,609628914,buy,0.02 / 0.02,XAUUSD-STDc,market,0,0,2026.07.21 13:04:36,filled,copy #1002444877,Sheet3,2026.07.21 23:59
2026.07.21 13:10:32,609656011,buy,0.02 / 0.02,XAUUSD-STDc,market,0,0,2026.07.21 13:10:33,filled,copy #1002462049,Sheet3,2026.07.21 23:59
2026.07.21 13:11:25,609682784,sell,0.02 / 0.02,XAUUSD-STDc,market,0,0,2026.07.21 13:11:26,filled,copy #1002475736,Sheet3,2026.07.21 23:59
2026.07.21 13:11:29,609683631,sell,0.02 / 0.02,XAUUSD-STDc,market,0,0,2026.07.21 13:11:29,filled,copy #1002476572,Sheet3,2026.07.21 23:59
2026.07.21 13:24:50,609724156,sell,0.02 / 0.02,XAUUSD-STDc,market,0,0,2026.07.21 13:24:50,filled,copy #1002503455,Sheet3,2026.07.21 23:59
2026.07.21 13:47:33,609787397,buy,0.02 / 0.02,XAUUSD-STDc,market,0,0,2026.07.21 13:47:33,filled,copy #1002546151,Sheet3,2026.07.21 23:59
2026.07.21 13:47:33,609787687,buy,0.02 / 0.02,XAUUSD-STDc,market,0,0,2026.07.21 13:47:34,filled,copy #1002546188,Sheet3,2026.07.21 23:59
2026.07.21 14:02:00,609842534,buy,0.02 / 0.02,XAUUSD-STDc,market,0,0,2026.07.21 14:02:01,filled,copy #1002586084,Sheet3,2026.07.21 23:59
2026.07.21 14:05:21,609885589,buy,0.02 / 0.02,XAUUSD-STDc,market,0,0,2026.07.21 14:05:22,filled,copy #1002607983,Sheet3,2026.07.21 23:59
2026.07.21 14:37:23,609947090,sell,0.02 / 0.02,XAUUSD-STDc,market,0,0,2026.07.21 14:37:24,filled,copy #1002665100,Sheet3,2026.07.21 23:59
2026.07.21 14:42:08,609965313,buy,0.02 / 0.02,XAUUSD-STDc,market,0,0,2026.07.21 14:42:09,filled,copy #1002677494,Sheet3,2026.07.21 23:59
2026.07.21 14:47:23,609992596,buy,0.03 / 0.03,XAUUSD-STDc,market,0,0,2026.07.21 14:47:23,filled,copy #1002696031,Sheet3,2026.07.21 23:59
2026.07.21 15:07:07,610032297,sell,0.02 / 0.02,XAUUSD-STDc,market,0,0,2026.07.21 15:07:08,filled,copy #1002739825,Sheet3,2026.07.21 23:59
2026.07.21 15:07:09,610037395,sell,0.02 / 0.02,XAUUSD-STDc,market,0,0,2026.07.21 15:07:09,filled,copy #1002739918,Sheet3,2026.07.21 23:59
2026.07.21 15:07:09,610039002,sell,0.03 / 0.03,XAUUSD-STDc,market,0,0,2026.07.21 15:07:09,filled,copy #1002740233,Sheet3,2026.07.21 23:59
2026.07.21 15:08:01,610042093,sell,0.02 / 0.02,XAUUSD-STDc,market,0,0,2026.07.21 15:08:01,filled,copy #1002745160,Sheet3,2026.07.21 23:59
2026.07.21 15:10:40,610055626,buy,0.02 / 0.02,XAUUSD-STDc,market,0,0,2026.07.21 15:10:40,filled,copy #1002755441,Sheet3,2026.07.21 23:59
2026.07.21 15:24:44,610139809,sell,0.02 / 0.02,XAUUSD-STDc,market,0,0,2026.07.21 15:24:44,filled,copy #1002810480,Sheet3,2026.07.21 23:59
2026.07.21 15:34:33,610195367,buy,0.02 / 0.02,XAUUSD-STDc,market,0,0,2026.07.21 15:34:33,filled,copy #1002843686,Sheet3,2026.07.21 23:59
2026.07.21 15:36:22,610226809,buy,0.02 / 0.02,XAUUSD-STDc,market,0,0,2026.07.21 15:36:23,filled,copy #1002859697,Sheet3,2026.07.21 23:59
2026.07.21 15:37:51,610242671,buy,0.02 / 0.02,XAUUSD-STDc,market,0,0,2026.07.21 15:37:51,filled,copy #1002869882,Sheet3,2026.07.21 23:59
2026.07.21 15:43:57,610278272,buy,0.03 / 0.03,XAUUSD-STDc,market,0,0,2026.07.21 15:43:57,filled,copy #1002891399,Sheet3,2026.07.21 23:59
2026.07.21 15:48:11,610339282,sell,0.03 / 0.03,XAUUSD-STDc,market,0,0,2026.07.21 15:48:11,filled,copy #1002918869,Sheet3,2026.07.21 23:59
2026.07.21 15:48:11,610339403,sell,0.02 / 0.02,XAUUSD-STDc,market,0,0,2026.07.21 15:48:11,filled,copy #1002918871,Sheet3,2026.07.21 23:59
2026.07.21 15:48:11,610339665,sell,0.02 / 0.02,XAUUSD-STDc,market,0,0,2026.07.21 15:48:11,filled,copy #1002918878,Sheet3,2026.07.21 23:59
2026.07.21 15:49:37,610371592,sell,0.02 / 0.02,XAUUSD-STDc,market,0,0,2026.07.21 15:49:37,filled,copy #1002933632,Sheet3,2026.07.21 23:59
2026.07.21 15:53:10,610405398,buy,0.02 / 0.02,XAUUSD-STDc,market,0,0,2026.07.21 15:53:11,filled,copy #1002948384,Sheet3,2026.07.21 23:59
2026.07.21 15:54:00,610409909,buy,0.02 / 0.02,XAUUSD-STDc,market,0,0,2026.07.21 15:54:00,filled,copy #1002952241,Sheet3,2026.07.21 23:59
2026.07.21 15:57:20,610436290,buy,0.02 / 0.02,XAUUSD-STDc,market,0,0,2026.07.21 15:57:21,filled,copy #1002964182,Sheet3,2026.07.21 23:59
2026.07.21 16:00:09,610459827,sell,0.02 / 0.02,XAUUSD-STDc,market,0,0,2026.07.21 16:00:10,filled,copy #1002976075,Sheet3,2026.07.21 23:59
2026.07.21 16:00:09,610460147,sell,0.02 / 0.02,XAUUSD-STDc,market,0,0,2026.07.21 16:00:10,filled,copy #1002976106,Sheet3,2026.07.21 23:59
2026.07.21 16:03:14,610492265,sell,0.02 / 0.02,XAUUSD-STDc,market,0,0,2026.07.21 16:03:15,filled,copy #1002994066,Sheet3,2026.07.21 23:59
2026.07.21 16:04:12,610503990,buy,0.02 / 0.02,XAUUSD-STDc,market,0,0,2026.07.21 16:04:12,filled,copy #1002999381,Sheet3,2026.07.21 23:59
2026.07.21 16:15:29,610563512,sell,0.02 / 0.02,XAUUSD-STDc,market,0,0,2026.07.21 16:15:29,filled,copy #1003030810,Sheet3,2026.07.21 23:59
2026.07.21 16:16:55,610579364,buy,0.02 / 0.02,XAUUSD-STDc,market,0,0,2026.07.21 16:16:55,filled,copy #1003036250,Sheet3,2026.07.21 23:59
2026.07.21 16:21:14,610624638,buy,0.02 / 0.02,XAUUSD-STDc,market,0,0,2026.07.21 16:21:14,filled,copy #1003057991,Sheet3,2026.07.21 23:59
2026.07.21 16:29:24,610692319,buy,0.02 / 0.02,XAUUSD-STDc,market,0,0,2026.07.21 16:29:24,filled,copy #1003092660,Sheet3,2026.07.21 23:59
2026.07.21 16:31:42,610729196,buy,0.03 / 0.03,XAUUSD-STDc,market,0,0,2026.07.21 16:31:42,filled,copy #1003107904,Sheet3,2026.07.21 23:59
2026.07.21 16:33:05,610794599,sell,0.02 / 0.02,XAUUSD-STDc,market,0,0,2026.07.21 16:33:05,filled,copy #1003125062,Sheet3,2026.07.21 23:59
2026.07.21 16:33:05,610794239,sell,0.02 / 0.02,XAUUSD-STDc,market,0,0,2026.07.21 16:33:05,filled,copy #1003124926,Sheet3,2026.07.21 23:59
2026.07.21 16:33:05,610794438,sell,0.03 / 0.03,XAUUSD-STDc,market,0,0,2026.07.21 16:33:05,filled,copy #1003124984,Sheet3,2026.07.21 23:59
2026.07.21 16:33:19,610801235,sell,0.02 / 0.02,XAUUSD-STDc,market,0,0,2026.07.21 16:33:21,filled,copy #1003132979,Sheet3,2026.07.21 23:59
2026.07.21 16:34:56,610836868,sell,0.02 / 0.02,XAUUSD-STDc,market,0,0,2026.07.21 16:34:56,filled,copy #1003144303,Sheet3,2026.07.21 23:59
2026.07.21 16:37:38,610858310,buy,0.02 / 0.02,XAUUSD-STDc,market,0,0,2026.07.21 16:37:38,filled,copy #1003156791,Sheet3,2026.07.21 23:59
2026.07.21 16:37:38,610858596,buy,0.02 / 0.02,XAUUSD-STDc,market,0,0,2026.07.21 16:37:39,filled,copy #1003156900,Sheet3,2026.07.21 23:59
2026.07.21 16:42:11,610920623,buy,0.02 / 0.02,XAUUSD-STDc,market,0,0,2026.07.21 16:42:12,filled,copy #1003183292,Sheet3,2026.07.21 23:59
2026.07.21 16:43:28,610941907,buy,0.02 / 0.02,XAUUSD-STDc,market,0,0,2026.07.21 16:43:29,filled,copy #1003191364,Sheet3,2026.07.21 23:59
2026.07.21 16:44:18,610963660,buy,0.03 / 0.03,XAUUSD-STDc,market,0,0,2026.07.21 16:44:18,filled,copy #1003203429,Sheet3,2026.07.21 23:59
2026.07.21 16:49:33,611025609,sell,0.02 / 0.02,XAUUSD-STDc,market,0,0,2026.07.21 16:49:33,filled,copy #1003233746,Sheet3,2026.07.21 23:59
2026.07.21 16:50:10,611030505,sell,0.02 / 0.02,XAUUSD-STDc,market,0,0,2026.07.21 16:50:11,filled,copy #1003237131,Sheet3,2026.07.21 23:59
2026.07.21 16:50:12,611030930,sell,0.03 / 0.03,XAUUSD-STDc,market,0,0,2026.07.21 16:50:12,filled,copy #1003237292,Sheet3,2026.07.21 23:59
2026.07.21 16:50:12,611031248,sell,0.02 / 0.02,XAUUSD-STDc,market,0,0,2026.07.21 16:50:12,filled,copy #1003237383,Sheet3,2026.07.21 23:59
2026.07.21 16:55:04,611105474,sell,0.02 / 0.02,XAUUSD-STDc,market,0,0,2026.07.21 16:55:05,filled,copy #1003268237,Sheet3,2026.07.21 23:59
2026.07.21 17:00:10,611132150,sell,0.03 / 0.03,XAUUSD-STDc,market,0,0,2026.07.21 17:00:11,filled,copy #1003286483,Sheet3,2026.07.21 23:59
2026.07.21 17:05:41,611171986,sell,0.04 / 0.04,XAUUSD-STDc,market,0,0,2026.07.21 17:05:41,filled,copy #1003312789,Sheet3,2026.07.21 23:59
2026.07.21 17:06:45,611191100,sell,0.05 / 0.05,XAUUSD-STDc,market,0,0,2026.07.21 17:06:45,filled,copy #1003323040,Sheet3,2026.07.21 23:59
2026.07.21 17:11:25,611237291,sell,0.06 / 0.06,XAUUSD-STDc,market,0,0,2026.07.21 17:11:25,filled,copy #1003349579,Sheet3,2026.07.21 23:59
2026.07.21 17:12:33,611263171,sell,0.08 / 0.08,XAUUSD-STDc,market,0,0,2026.07.21 17:12:33,filled,copy #1003366408,Sheet3,2026.07.21 23:59
2026.07.21 17:18:47,611367823,sell,0.11 / 0.11,XAUUSD-STDc,market,0,0,2026.07.21 17:18:47,filled,copy #1003408393,Sheet3,2026.07.21 23:59
2026.07.21 17:22:52,611397073,buy,0.02 / 0.02,XAUUSD-STDc,market,0,0,2026.07.21 17:22:53,filled,copy #1003426806,Sheet3,2026.07.21 23:59
2026.07.21 17:23:15,611399002,sell,0.02 / 0.02,XAUUSD-STDc,market,0,0,2026.07.21 17:23:15,filled,copy #1003428608,Sheet3,2026.07.21 23:59
2026.07.21 17:25:34,611413754,buy,0.02 / 0.02,XAUUSD-STDc,market,0,0,2026.07.21 17:25:34,filled,copy #1003437255,Sheet3,2026.07.21 23:59
2026.07.21 17:29:12,611447503,sell,0.02 / 0.02,XAUUSD-STDc,market,0,0,2026.07.21 17:29:13,filled,copy #1003448366,Sheet3,2026.07.21 23:59
2026.07.21 17:31:00,611504540,sell,0.14 / 0.14,XAUUSD-STDc,market,0,0,2026.07.21 17:31:01,filled,copy #1003474164,Sheet3,2026.07.21 23:59
2026.07.21 17:36:10,611568641,buy,0.02 / 0.02,XAUUSD-STDc,market,0,0,2026.07.21 17:36:10,filled,copy #1003506779,Sheet3,2026.07.21 23:59
2026.07.21 17:38:31,611608281,buy,0.02 / 0.02,XAUUSD-STDc,market,0,0,2026.07.21 17:38:31,filled,copy #1003522946,Sheet3,2026.07.21 23:59
2026.07.21 17:48:02,611642586,sell,0.02 / 0.02,XAUUSD-STDc,market,0,0,2026.07.21 17:48:03,filled,copy #1003553739,Sheet3,2026.07.21 23:59
2026.07.21 17:48:02,611642892,sell,0.02 / 0.02,XAUUSD-STDc,market,0,0,2026.07.21 17:48:03,filled,copy #1003553791,Sheet3,2026.07.21 23:59
2026.07.21 17:48:08,611653253,buy,0.02 / 0.02,XAUUSD-STDc,market,0,0,2026.07.21 17:48:08,filled,copy #1003555686,Sheet3,2026.07.21 23:59
2026.07.21 17:48:09,611655837,sell,0.02 / 0.02,XAUUSD-STDc,market,0,0,2026.07.21 17:48:09,filled,copy #1003557197,Sheet3,2026.07.21 23:59
2026.07.21 18:18:04,611909993,sell,0.18 / 0.18,XAUUSD-STDc,market,0,0,2026.07.21 18:18:04,filled,copy #1003669339,Sheet3,2026.07.21 23:59
2026.07.21 18:18:06,611910299,sell,0.23 / 0.23,XAUUSD-STDc,market,0,0,2026.07.21 18:18:06,filled,copy #1003669585,Sheet3,2026.07.21 23:59
2026.07.21 18:21:46,611933682,buy,0.02 / 0.02,XAUUSD-STDc,market,0,0,2026.07.21 18:21:47,filled,copy #1003679763,Sheet3,2026.07.21 23:59
2026.07.21 18:32:14,611956769,sell,0.02 / 0.02,XAUUSD-STDc,market,0,0,2026.07.21 18:32:15,filled,copy #1003697434,Sheet3,2026.07.21 23:59
2026.07.21 18:33:10,611987863,sell,0.3 / 0.3,XAUUSD-STDc,market,0,0,2026.07.21 18:33:10,filled,copy #1003713229,Sheet3,2026.07.21 23:59
2026.07.21 18:46:22,612110351,buy,0.02 / 0.02,XAUUSD-STDc,market,0,0,2026.07.21 18:46:22,filled,copy #1003766243,Sheet3,2026.07.21 23:59
2026.07.21 18:49:59,612137174,buy,0.02 / 0.02,XAUUSD-STDc,market,0,0,2026.07.21 18:49:59,filled,copy #1003779550,Sheet3,2026.07.21 23:59
2026.07.21 18:53:49,612160297,sell,0.02 / 0.02,XAUUSD-STDc,market,0,0,2026.07.21 18:53:50,filled,copy #1003793165,Sheet3,2026.07.21 23:59
2026.07.21 18:53:49,612160515,sell,0.02 / 0.02,XAUUSD-STDc,market,0,0,2026.07.21 18:53:50,filled,copy #1003793166,Sheet3,2026.07.21 23:59
2026.07.21 19:28:17,612239844,buy,0.02 / 0.02,XAUUSD-STDc,market,0,0,2026.07.21 19:28:17,filled,copy #1003847124,Sheet3,2026.07.21 23:59
2026.07.21 19:37:33,612263981,buy,0.02 / 0.02,XAUUSD-STDc,market,0,0,2026.07.21 19:37:33,filled,copy #1003861876,Sheet3,2026.07.21 23:59
2026.07.21 19:46:42,612281847,sell,0.02 / 0.02,XAUUSD-STDc,market,0,0,2026.07.21 19:46:42,filled,copy #1003880144,Sheet3,2026.07.21 23:59
2026.07.21 19:46:42,612282065,sell,0.02 / 0.02,XAUUSD-STDc,market,0,0,2026.07.21 19:46:43,filled,copy #1003880153,Sheet3,2026.07.21 23:59
2026.07.21 19:46:43,612282282,buy,0.3 / 0.3,XAUUSD-STDc,market,0,0,2026.07.21 19:46:43,filled,copy #1003880180,Sheet3,2026.07.21 23:59
2026.07.21 19:46:43,612282510,buy,0.23 / 0.23,XAUUSD-STDc,market,0,0,2026.07.21 19:46:43,filled,copy #1003880204,Sheet3,2026.07.21 23:59
2026.07.21 19:46:43,612282727,buy,0.18 / 0.18,XAUUSD-STDc,market,0,0,2026.07.21 19:46:44,filled,copy #1003880229,Sheet3,2026.07.21 23:59
2026.07.21 19:46:44,612282945,buy,0.14 / 0.14,XAUUSD-STDc,market,0,0,2026.07.21 19:46:44,filled,copy #1003880254,Sheet3,2026.07.21 23:59
2026.07.21 19:46:45,612283183,buy,0.11 / 0.11,XAUUSD-STDc,market,0,0,2026.07.21 19:46:45,filled,copy #1003880380,Sheet3,2026.07.21 23:59
2026.07.21 19:46:45,612283408,buy,0.08 / 0.08,XAUUSD-STDc,market,0,0,2026.07.21 19:46:45,filled,copy #1003880431,Sheet3,2026.07.21 23:59
2026.07.21 19:46:45,612283645,buy,0.06 / 0.06,XAUUSD-STDc,market,0,0,2026.07.21 19:46:46,filled,copy #1003880531,Sheet3,2026.07.21 23:59
2026.07.21 19:46:46,612283857,buy,0.05 / 0.05,XAUUSD-STDc,market,0,0,2026.07.21 19:46:46,filled,copy #1003880535,Sheet3,2026.07.21 23:59
2026.07.21 19:46:46,612284082,buy,0.04 / 0.04,XAUUSD-STDc,market,0,0,2026.07.21 19:46:47,filled,copy #1003880614,Sheet3,2026.07.21 23:59
2026.07.21 19:46:47,612284312,buy,0.03 / 0.03,XAUUSD-STDc,market,0,0,2026.07.21 19:46:47,filled,copy #1003880724,Sheet3,2026.07.21 23:59
2026.07.21 19:46:47,612284531,buy,0.02 / 0.02,XAUUSD-STDc,market,0,0,2026.07.21 19:46:47,filled,copy #1003880740,Sheet3,2026.07.21 23:59
2026.07.21 19:46:47,612284751,buy,0.02 / 0.02,XAUUSD-STDc,market,0,0,2026.07.21 19:46:48,filled,copy #1003880782,Sheet3,2026.07.21 23:59
2026.07.20 06:38:35,599040889,buy,0.02 / 0.02,XAUUSD-STDc,market,0,0,2026.07.20 06:38:36,filled,copy #997288170,Sheet4,2026.07.20 23:59
2026.07.20 06:38:36,599041109,sell,0.11 / 0.11,XAUUSD-STDc,market,0,0,2026.07.20 06:38:37,filled,copy #997288201,Sheet4,2026.07.20 23:59
2026.07.20 06:38:37,599041333,sell,0.08 / 0.08,XAUUSD-STDc,market,0,0,2026.07.20 06:38:37,filled,copy #997288234,Sheet4,2026.07.20 23:59
2026.07.20 06:38:37,599041579,sell,0.06 / 0.06,XAUUSD-STDc,market,0,0,2026.07.20 06:38:38,filled,copy #997288302,Sheet4,2026.07.20 23:59
2026.07.20 06:38:38,599041864,sell,0.05 / 0.05,XAUUSD-STDc,market,0,0,2026.07.20 06:38:38,filled,copy #997288355,Sheet4,2026.07.20 23:59
2026.07.20 06:38:38,599042100,sell,0.04 / 0.04,XAUUSD-STDc,market,0,0,2026.07.20 06:38:39,filled,copy #997288416,Sheet4,2026.07.20 23:59
2026.07.20 06:38:39,599042322,sell,0.03 / 0.03,XAUUSD-STDc,market,0,0,2026.07.20 06:38:40,filled,copy #997288497,Sheet4,2026.07.20 23:59
2026.07.20 06:38:40,599042547,sell,0.02 / 0.02,XAUUSD-STDc,market,0,0,2026.07.20 06:38:40,filled,copy #997288566,Sheet4,2026.07.20 23:59
2026.07.20 06:38:40,599042771,sell,0.02 / 0.02,XAUUSD-STDc,market,0,0,2026.07.20 06:38:41,filled,copy #997288654,Sheet4,2026.07.20 23:59
2026.07.20 06:39:06,599044501,sell,0.02 / 0.02,XAUUSD-STDc,market,0,0,2026.07.20 06:39:06,filled,copy #997289718,Sheet4,2026.07.20 23:59
2026.07.20 07:15:02,599142332,buy,0.02 / 0.02,XAUUSD-STDc,market,0,0,2026.07.20 07:15:03,filled,copy #997348603,Sheet4,2026.07.20 23:59
2026.07.20 07:27:21,599155729,sell,0.02 / 0.02,XAUUSD-STDc,market,0,0,2026.07.20 07:27:21,filled,copy #997364270,Sheet4,2026.07.20 23:59
2026.07.20 07:45:42,599188665,buy,0.02 / 0.02,XAUUSD-STDc,market,0,0,2026.07.20 07:45:42,filled,copy #997390816,Sheet4,2026.07.20 23:59
2026.07.20 07:45:42,599188887,buy,0.02 / 0.02,XAUUSD-STDc,market,0,0,2026.07.20 07:45:43,filled,copy #997390821,Sheet4,2026.07.20 23:59
2026.07.20 07:45:42,599189104,buy,0.03 / 0.03,XAUUSD-STDc,market,0,0,2026.07.20 07:45:43,filled,copy #997390843,Sheet4,2026.07.20 23:59
2026.07.20 07:45:43,599189330,buy,0.04 / 0.04,XAUUSD-STDc,market,0,0,2026.07.20 07:45:43,filled,copy #997390870,Sheet4,2026.07.20 23:59
2026.07.20 07:45:43,599189546,buy,0.05 / 0.05,XAUUSD-STDc,market,0,0,2026.07.20 07:45:43,filled,copy #997390897,Sheet4,2026.07.20 23:59
2026.07.20 07:45:43,599189771,buy,0.06 / 0.06,XAUUSD-STDc,market,0,0,2026.07.20 07:45:44,filled,copy #997390921,Sheet4,2026.07.20 23:59
2026.07.20 07:45:43,599189991,buy,0.08 / 0.08,XAUUSD-STDc,market,0,0,2026.07.20 07:45:44,filled,copy #997390979,Sheet4,2026.07.20 23:59
2026.07.20 07:45:44,599190220,buy,0.11 / 0.11,XAUUSD-STDc,market,0,0,2026.07.20 07:45:44,filled,copy #997391010,Sheet4,2026.07.20 23:59
2026.07.20 07:55:28,599218310,buy,0.02 / 0.02,XAUUSD-STDc,market,0,0,2026.07.20 07:55:29,filled,copy #997409050,Sheet4,2026.07.20 23:59
2026.07.20 07:55:30,599218535,buy,0.02 / 0.02,XAUUSD-STDc,market,0,0,2026.07.20 07:55:30,filled,copy #997409084,Sheet4,2026.07.20 23:59
2026.07.20 07:55:30,599218758,sell,0.11 / 0.11,XAUUSD-STDc,market,0,0,2026.07.20 07:55:31,filled,copy #997409149,Sheet4,2026.07.20 23:59
2026.07.20 07:55:46,599220346,sell,0.08 / 0.08,XAUUSD-STDc,market,0,0,2026.07.20 07:55:46,filled,copy #997409900,Sheet4,2026.07.20 23:59
2026.07.20 07:55:56,599228861,buy,0.11 / 0.11,XAUUSD-STDc,market,0,0,2026.07.20 07:55:57,filled,copy #997413209,Sheet4,2026.07.20 23:59
2026.07.20 07:55:56,599229079,buy,0.08 / 0.08,XAUUSD-STDc,market,0,0,2026.07.20 07:55:57,filled,copy #997413231,Sheet4,2026.07.20 23:59
2026.07.20 07:56:06,599230169,sell,0.06 / 0.06,XAUUSD-STDc,market,0,0,2026.07.20 07:56:06,filled,copy #997414391,Sheet4,2026.07.20 23:59
2026.07.20 07:56:14,599230864,sell,0.05 / 0.05,XAUUSD-STDc,market,0,0,2026.07.20 07:56:14,filled,copy #997414637,Sheet4,2026.07.20 23:59
2026.07.20 07:56:14,599231079,sell,0.02 / 0.02,XAUUSD-STDc,market,0,0,2026.07.20 07:56:14,filled,copy #997414642,Sheet4,2026.07.20 23:59
2026.07.20 07:56:14,599231299,sell,0.02 / 0.02,XAUUSD-STDc,market,0,0,2026.07.20 07:56:14,filled,copy #997414649,Sheet4,2026.07.20 23:59
2026.07.20 07:56:14,599231516,sell,0.03 / 0.03,XAUUSD-STDc,market,0,0,2026.07.20 07:56:15,filled,copy #997414651,Sheet4,2026.07.20 23:59
2026.07.20 07:56:14,599231730,sell,0.04 / 0.04,XAUUSD-STDc,market,0,0,2026.07.20 07:56:15,filled,copy #997414654,Sheet4,2026.07.20 23:59
2026.07.20 07:56:15,599231968,buy,0.02 / 0.02,XAUUSD-STDc,market,0,0,2026.07.20 07:56:15,filled,copy #997414780,Sheet4,2026.07.20 23:59
2026.07.20 07:56:16,599232406,buy,0.04 / 0.04,XAUUSD-STDc,market,0,0,2026.07.20 07:56:16,filled,copy #997414847,Sheet4,2026.07.20 23:59
2026.07.20 07:56:16,599232192,buy,0.02 / 0.02,XAUUSD-STDc,market,0,0,2026.07.20 07:56:16,filled,copy #997414841,Sheet4,2026.07.20 23:59
2026.07.20 07:56:16,599232617,buy,0.03 / 0.03,XAUUSD-STDc,market,0,0,2026.07.20 07:56:17,filled,copy #997414856,Sheet4,2026.07.20 23:59
2026.07.20 07:56:16,599232835,buy,0.06 / 0.06,XAUUSD-STDc,market,0,0,2026.07.20 07:56:17,filled,copy #997414862,Sheet4,2026.07.20 23:59
2026.07.20 07:56:16,599233057,buy,0.05 / 0.05,XAUUSD-STDc,market,0,0,2026.07.20 07:56:17,filled,copy #997414863,Sheet4,2026.07.20 23:59
2026.07.20 07:56:16,599233273,sell,0.02 / 0.02,XAUUSD-STDc,market,0,0,2026.07.20 07:56:17,filled,copy #997414864,Sheet4,2026.07.20 23:59
2026.07.20 07:56:16,599233499,sell,0.02 / 0.02,XAUUSD-STDc,market,0,0,2026.07.20 07:56:17,filled,copy #997414903,Sheet4,2026.07.20 23:59
2026.07.20 08:09:29,599303031,buy,0.03 / 0.03,XAUUSD-STDc,market,0,0,2026.07.20 08:09:29,filled,copy #997456442,Sheet4,2026.07.20 23:59
2026.07.20 08:09:35,599303494,buy,0.02 / 0.02,XAUUSD-STDc,market,0,0,2026.07.20 08:09:35,filled,copy #997456684,Sheet4,2026.07.20 23:59
2026.07.20 08:09:36,599303731,buy,0.02 / 0.02,XAUUSD-STDc,market,0,0,2026.07.20 08:09:36,filled,copy #997456713,Sheet4,2026.07.20 23:59
2026.07.20 08:11:06,599341826,buy,0.04 / 0.04,XAUUSD-STDc,market,0,0,2026.07.20 08:11:07,filled,copy #997468533,Sheet4,2026.07.20 23:59
2026.07.20 08:13:42,599391826,buy,0.05 / 0.05,XAUUSD-STDc,market,0,0,2026.07.20 08:13:43,filled,copy #997487586,Sheet4,2026.07.20 23:59
2026.07.20 08:29:52,599458770,buy,0.06 / 0.06,XAUUSD-STDc,market,0,0,2026.07.20 08:29:52,filled,copy #997522981,Sheet4,2026.07.20 23:59
2026.07.20 08:32:30,599501286,sell,0.02 / 0.02,XAUUSD-STDc,market,0,0,2026.07.20 08:32:31,filled,copy #997538727,Sheet4,2026.07.20 23:59
2026.07.20 08:35:07,599517378,buy,0.02 / 0.02,XAUUSD-STDc,market,0,0,2026.07.20 08:35:08,filled,copy #997544140,Sheet4,2026.07.20 23:59
2026.07.20 08:36:20,599548630,buy,0.08 / 0.08,XAUUSD-STDc,market,0,0,2026.07.20 08:36:21,filled,copy #997555296,Sheet4,2026.07.20 23:59
2026.07.20 08:46:37,599593853,sell,0.02 / 0.02,XAUUSD-STDc,market,0,0,2026.07.20 08:46:37,filled,copy #997578807,Sheet4,2026.07.20 23:59
2026.07.20 08:49:12,599609839,buy,0.02 / 0.02,XAUUSD-STDc,market,0,0,2026.07.20 08:49:13,filled,copy #997584286,Sheet4,2026.07.20 23:59
2026.07.20 08:50:08,599632269,buy,0.11 / 0.11,XAUUSD-STDc,market,0,0,2026.07.20 08:50:08,filled,copy #997596605,Sheet4,2026.07.20 23:59
2026.07.20 09:29:17,599833039,buy,0.14 / 0.14,XAUUSD-STDc,market,0,0,2026.07.20 09:29:17,filled,copy #997693915,Sheet4,2026.07.20 23:59
2026.07.20 10:00:48,599942583,buy,0.18 / 0.18,XAUUSD-STDc,market,0,0,2026.07.20 10:00:48,filled,copy #997760673,Sheet4,2026.07.20 23:59
2026.07.20 10:25:03,600034087,sell,0.02 / 0.02,XAUUSD-STDc,market,0,0,2026.07.20 10:25:03,filled,copy #997814016,Sheet4,2026.07.20 23:59
2026.07.20 10:25:40,600041955,buy,0.02 / 0.02,XAUUSD-STDc,market,0,0,2026.07.20 10:25:40,filled,copy #997818623,Sheet4,2026.07.20 23:59
2026.07.20 10:25:43,600044594,sell,0.02 / 0.02,XAUUSD-STDc,market,0,0,2026.07.20 10:25:43,filled,copy #997819351,Sheet4,2026.07.20 23:59
2026.07.20 10:30:22,600100388,sell,0.14 / 0.14,XAUUSD-STDc,market,0,0,2026.07.20 10:30:22,filled,copy #997840622,Sheet4,2026.07.20 23:59
2026.07.20 10:30:22,600100606,sell,0.06 / 0.06,XAUUSD-STDc,market,0,0,2026.07.20 10:30:22,filled,copy #997840781,Sheet4,2026.07.20 23:59
2026.07.20 10:30:22,600101369,sell,0.04 / 0.04,XAUUSD-STDc,market,0,0,2026.07.20 10:30:23,filled,copy #997841023,Sheet4,2026.07.20 23:59
2026.07.20 10:30:22,600101654,sell,0.03 / 0.03,XAUUSD-STDc,market,0,0,2026.07.20 10:30:23,filled,copy #997841061,Sheet4,2026.07.20 23:59
2026.07.20 10:30:23,600101890,sell,0.18 / 0.18,XAUUSD-STDc,market,0,0,2026.07.20 10:30:23,filled,copy #997841167,Sheet4,2026.07.20 23:59
2026.07.20 10:30:23,600102129,sell,0.08 / 0.08,XAUUSD-STDc,market,0,0,2026.07.20 10:30:23,filled,copy #997841177,Sheet4,2026.07.20 23:59
2026.07.20 10:30:23,600102424,sell,0.05 / 0.05,XAUUSD-STDc,market,0,0,2026.07.20 10:30:23,filled,copy #997841206,Sheet4,2026.07.20 23:59
2026.07.20 10:30:23,600102660,sell,0.02 / 0.02,XAUUSD-STDc,market,0,0,2026.07.20 10:30:23,filled,copy #997841218,Sheet4,2026.07.20 23:59
2026.07.20 10:30:24,600103524,sell,0.11 / 0.11,XAUUSD-STDc,market,0,0,2026.07.20 10:30:25,filled,copy #997841225,Sheet4,2026.07.20 23:59
2026.07.20 10:30:24,600103307,sell,0.02 / 0.02,XAUUSD-STDc,market,0,0,2026.07.20 10:30:25,filled,copy #997841221,Sheet4,2026.07.20 23:59
2026.07.20 10:35:52,600237344,sell,0.02 / 0.02,XAUUSD-STDc,market,0,0,2026.07.20 10:35:53,filled,copy #997898600,Sheet4,2026.07.20 23:59
2026.07.20 10:37:07,600282521,sell,0.02 / 0.02,XAUUSD-STDc,market,0,0,2026.07.20 10:37:07,filled,copy #997912189,Sheet4,2026.07.20 23:59
2026.07.20 10:41:03,600349964,sell,0.03 / 0.03,XAUUSD-STDc,market,0,0,2026.07.20 10:41:04,filled,copy #997937997,Sheet4,2026.07.20 23:59
2026.07.20 10:45:03,600418538,sell,0.04 / 0.04,XAUUSD-STDc,market,0,0,2026.07.20 10:45:03,filled,copy #997962634,Sheet4,2026.07.20 23:59
2026.07.20 11:01:04,600544118,sell,0.05 / 0.05,XAUUSD-STDc,market,0,0,2026.07.20 11:01:05,filled,copy #998016353,Sheet4,2026.07.20 23:59
2026.07.20 11:02:51,600585281,sell,0.06 / 0.06,XAUUSD-STDc,market,0,0,2026.07.20 11:02:53,filled,copy #998032612,Sheet4,2026.07.20 23:59
2026.07.20 11:17:13,600735832,sell,0.08 / 0.08,XAUUSD-STDc,market,0,0,2026.07.20 11:17:13,filled,copy #998093397,Sheet4,2026.07.20 23:59
2026.07.20 11:22:03,600759553,buy,0.02 / 0.02,XAUUSD-STDc,market,0,0,2026.07.20 11:22:04,filled,copy #998107221,Sheet4,2026.07.20 23:59
2026.07.20 11:24:49,600773642,sell,0.02 / 0.02,XAUUSD-STDc,market,0,0,2026.07.20 11:24:50,filled,copy #998113867,Sheet4,2026.07.20 23:59
2026.07.20 11:24:55,600782491,buy,0.02 / 0.02,XAUUSD-STDc,market,0,0,2026.07.20 11:24:56,filled,copy #998116866,Sheet4,2026.07.20 23:59
2026.07.20 11:24:57,600787693,sell,0.02 / 0.02,XAUUSD-STDc,market,0,0,2026.07.20 11:24:58,filled,copy #998119868,Sheet4,2026.07.20 23:59
2026.07.20 11:25:00,600788947,sell,0.11 / 0.11,XAUUSD-STDc,market,0,0,2026.07.20 11:25:01,filled,copy #998122331,Sheet4,2026.07.20 23:59
2026.07.20 11:30:04,600863104,buy,0.02 / 0.02,XAUUSD-STDc,market,0,0,2026.07.20 11:30:04,filled,copy #998150273,Sheet4,2026.07.20 23:59
2026.07.20 11:30:05,600863540,buy,0.02 / 0.02,XAUUSD-STDc,market,0,0,2026.07.20 11:30:05,filled,copy #998150381,Sheet4,2026.07.20 23:59
2026.07.20 11:30:05,600863806,buy,0.02 / 0.02,XAUUSD-STDc,market,0,0,2026.07.20 11:30:05,filled,copy #998150403,Sheet4,2026.07.20 23:59
2026.07.20 11:30:06,600864105,buy,0.04 / 0.04,XAUUSD-STDc,market,0,0,2026.07.20 11:30:06,filled,copy #998150552,Sheet4,2026.07.20 23:59
2026.07.20 11:30:06,600864362,buy,0.03 / 0.03,XAUUSD-STDc,market,0,0,2026.07.20 11:30:07,filled,copy #998150654,Sheet4,2026.07.20 23:59
2026.07.20 11:30:07,600864607,buy,0.08 / 0.08,XAUUSD-STDc,market,0,0,2026.07.20 11:30:07,filled,copy #998150699,Sheet4,2026.07.20 23:59
2026.07.20 11:30:07,600864832,buy,0.06 / 0.06,XAUUSD-STDc,market,0,0,2026.07.20 11:30:07,filled,copy #998150765,Sheet4,2026.07.20 23:59
2026.07.20 11:30:07,600865070,buy,0.05 / 0.05,XAUUSD-STDc,market,0,0,2026.07.20 11:30:08,filled,copy #998150785,Sheet4,2026.07.20 23:59
2026.07.20 11:30:08,600865327,buy,0.11 / 0.11,XAUUSD-STDc,market,0,0,2026.07.20 11:30:08,filled,copy #998150969,Sheet4,2026.07.20 23:59
2026.07.20 11:39:23,600950878,sell,0.02 / 0.02,XAUUSD-STDc,market,0,0,2026.07.20 11:39:23,filled,copy #998195021,Sheet4,2026.07.20 23:59
2026.07.20 11:46:02,600980598,buy,0.02 / 0.02,XAUUSD-STDc,market,0,0,2026.07.20 11:46:03,filled,copy #998209786,Sheet4,2026.07.20 23:59
2026.07.20 11:53:46,601038742,buy,0.02 / 0.02,XAUUSD-STDc,market,0,0,2026.07.20 11:53:47,filled,copy #998234367,Sheet4,2026.07.20 23:59
2026.07.20 12:07:02,601104106,buy,0.02 / 0.02,XAUUSD-STDc,market,0,0,2026.07.20 12:07:03,filled,copy #998267496,Sheet4,2026.07.20 23:59
2026.07.20 12:14:56,601148085,sell,0.02 / 0.02,XAUUSD-STDc,market,0,0,2026.07.20 12:14:56,filled,copy #998290317,Sheet4,2026.07.20 23:59
2026.07.20 12:17:22,601158663,sell,0.02 / 0.02,XAUUSD-STDc,market,0,0,2026.07.20 12:17:23,filled,copy #998297141,Sheet4,2026.07.20 23:59
2026.07.20 12:17:22,601158761,sell,0.02 / 0.02,XAUUSD-STDc,market,0,0,2026.07.20 12:17:23,filled,copy #998297153,Sheet4,2026.07.20 23:59
2026.07.20 12:18:47,601166655,sell,0.02 / 0.02,XAUUSD-STDc,market,0,0,2026.07.20 12:18:47,filled,copy #998301430,Sheet4,2026.07.20 23:59
2026.07.20 12:27:36,601192500,buy,0.02 / 0.02,XAUUSD-STDc,market,0,0,2026.07.20 12:27:36,filled,copy #998315156,Sheet4,2026.07.20 23:59
2026.07.20 12:27:36,601193513,buy,0.02 / 0.02,XAUUSD-STDc,market,0,0,2026.07.20 12:27:37,filled,copy #998315172,Sheet4,2026.07.20 23:59
2026.07.20 12:30:04,601221590,buy,0.02 / 0.02,XAUUSD-STDc,market,0,0,2026.07.20 12:30:04,filled,copy #998327146,Sheet4,2026.07.20 23:59
2026.07.20 12:36:05,601268368,sell,0.02 / 0.02,XAUUSD-STDc,market,0,0,2026.07.20 12:36:05,filled,copy #998347744,Sheet4,2026.07.20 23:59
2026.07.20 12:36:09,601270780,sell,0.02 / 0.02,XAUUSD-STDc,market,0,0,2026.07.20 12:36:10,filled,copy #998349108,Sheet4,2026.07.20 23:59
2026.07.20 12:50:03,601344556,sell,0.02 / 0.02,XAUUSD-STDc,market,0,0,2026.07.20 12:50:04,filled,copy #998385895,Sheet4,2026.07.20 23:59
2026.07.20 13:24:55,601441498,sell,0.03 / 0.03,XAUUSD-STDc,market,0,0,2026.07.20 13:24:56,filled,copy #998444584,Sheet4,2026.07.20 23:59
2026.07.20 13:54:50,601529801,sell,0.04 / 0.04,XAUUSD-STDc,market,0,0,2026.07.20 13:54:51,filled,copy #998493449,Sheet4,2026.07.20 23:59
2026.07.20 14:01:44,601580625,sell,0.05 / 0.05,XAUUSD-STDc,market,0,0,2026.07.20 14:01:44,filled,copy #998517615,Sheet4,2026.07.20 23:59
2026.07.20 14:11:50,601634559,buy,0.02 / 0.02,XAUUSD-STDc,market,0,0,2026.07.20 14:11:51,filled,copy #998539884,Sheet4,2026.07.20 23:59
2026.07.20 14:11:51,601634803,buy,0.02 / 0.02,XAUUSD-STDc,market,0,0,2026.07.20 14:11:51,filled,copy #998539899,Sheet4,2026.07.20 23:59
2026.07.20 14:11:51,601635034,buy,0.05 / 0.05,XAUUSD-STDc,market,0,0,2026.07.20 14:11:51,filled,copy #998539938,Sheet4,2026.07.20 23:59
2026.07.20 14:11:51,601635267,buy,0.04 / 0.04,XAUUSD-STDc,market,0,0,2026.07.20 14:11:52,filled,copy #998539960,Sheet4,2026.07.20 23:59
2026.07.20 14:11:52,601635494,buy,0.03 / 0.03,XAUUSD-STDc,market,0,0,2026.07.20 14:11:52,filled,copy #998539999,Sheet4,2026.07.20 23:59
2026.07.20 14:13:20,601661037,buy,0.02 / 0.02,XAUUSD-STDc,market,0,0,2026.07.20 14:13:21,filled,copy #998548729,Sheet4,2026.07.20 23:59
2026.07.20 14:30:13,601720986,sell,0.02 / 0.02,XAUUSD-STDc,market,0,0,2026.07.20 14:30:14,filled,copy #998577615,Sheet4,2026.07.20 23:59
2026.07.20 14:30:25,601729434,sell,0.02 / 0.02,XAUUSD-STDc,market,0,0,2026.07.20 14:30:26,filled,copy #998585814,Sheet4,2026.07.20 23:59
2026.07.20 14:30:37,601740239,sell,0.02 / 0.02,XAUUSD-STDc,market,0,0,2026.07.20 14:30:38,filled,copy #998595188,Sheet4,2026.07.20 23:59
2026.07.20 14:30:44,601746131,sell,0.03 / 0.03,XAUUSD-STDc,market,0,0,2026.07.20 14:30:44,filled,copy #998600137,Sheet4,2026.07.20 23:59
2026.07.20 14:31:19,601776913,buy,0.03 / 0.03,XAUUSD-STDc,market,0,0,2026.07.20 14:31:20,filled,copy #998611751,Sheet4,2026.07.20 23:59
2026.07.20 14:31:19,601776524,buy,0.02 / 0.02,XAUUSD-STDc,market,0,0,2026.07.20 14:31:20,filled,copy #998611746,Sheet4,2026.07.20 23:59
2026.07.20 14:31:19,601776852,buy,0.02 / 0.02,XAUUSD-STDc,market,0,0,2026.07.20 14:31:20,filled,copy #998611749,Sheet4,2026.07.20 23:59
2026.07.20 14:31:33,601793718,buy,0.02 / 0.02,XAUUSD-STDc,market,0,0,2026.07.20 14:31:34,filled,copy #998618832,Sheet4,2026.07.20 23:59
2026.07.20 14:31:45,601803096,sell,0.02 / 0.02,XAUUSD-STDc,market,0,0,2026.07.20 14:31:45,filled,copy #998623853,Sheet4,2026.07.20 23:59
2026.07.20 14:32:07,601821737,buy,0.02 / 0.02,XAUUSD-STDc,market,0,0,2026.07.20 14:32:07,filled,copy #998628620,Sheet4,2026.07.20 23:59
2026.07.20 14:32:29,601835867,sell,0.02 / 0.02,XAUUSD-STDc,market,0,0,2026.07.20 14:32:30,filled,copy #998630920,Sheet4,2026.07.20 23:59
2026.07.20 14:34:26,601908449,sell,0.02 / 0.02,XAUUSD-STDc,market,0,0,2026.07.20 14:34:26,filled,copy #998657687,Sheet4,2026.07.20 23:59
2026.07.20 14:34:43,601920460,sell,0.02 / 0.02,XAUUSD-STDc,market,0,0,2026.07.20 14:34:44,filled,copy #998667216,Sheet4,2026.07.20 23:59
2026.07.20 14:35:13,601937853,buy,0.02 / 0.02,XAUUSD-STDc,market,0,0,2026.07.20 14:35:13,filled,copy #998674107,Sheet4,2026.07.20 23:59
2026.07.20 14:35:13,601938397,buy,0.02 / 0.02,XAUUSD-STDc,market,0,0,2026.07.20 14:35:14,filled,copy #998674144,Sheet4,2026.07.20 23:59
2026.07.20 14:37:06,602003218,buy,0.02 / 0.02,XAUUSD-STDc,market,0,0,2026.07.20 14:37:07,filled,copy #998694849,Sheet4,2026.07.20 23:59
2026.07.20 14:39:28,602029018,sell,0.02 / 0.02,XAUUSD-STDc,market,0,0,2026.07.20 14:39:28,filled,copy #998704649,Sheet4,2026.07.20 23:59
2026.07.20 14:49:09,602097415,buy,0.02 / 0.02,XAUUSD-STDc,market,0,0,2026.07.20 14:49:09,filled,copy #998738365,Sheet4,2026.07.20 23:59
2026.07.20 14:51:33,602126753,buy,0.02 / 0.02,XAUUSD-STDc,market,0,0,2026.07.20 14:51:34,filled,copy #998749748,Sheet4,2026.07.20 23:59
2026.07.20 15:01:02,602203235,buy,0.03 / 0.03,XAUUSD-STDc,market,0,0,2026.07.20 15:01:02,filled,copy #998789311,Sheet4,2026.07.20 23:59
2026.07.20 15:02:35,602226213,buy,0.04 / 0.04,XAUUSD-STDc,market,0,0,2026.07.20 15:02:36,filled,copy #998803568,Sheet4,2026.07.20 23:59
2026.07.20 15:03:36,602253299,sell,0.02 / 0.02,XAUUSD-STDc,market,0,0,2026.07.20 15:03:37,filled,copy #998818016,Sheet4,2026.07.20 23:59
2026.07.20 15:03:50,602259346,buy,0.02 / 0.02,XAUUSD-STDc,market,0,0,2026.07.20 15:03:51,filled,copy #998819793,Sheet4,2026.07.20 23:59
2026.07.20 15:15:31,602380223,buy,0.05 / 0.05,XAUUSD-STDc,market,0,0,2026.07.20 15:15:31,filled,copy #998871659,Sheet4,2026.07.20 23:59
2026.07.20 15:22:27,602452458,buy,0.06 / 0.06,XAUUSD-STDc,market,0,0,2026.07.20 15:22:27,filled,copy #998906068,Sheet4,2026.07.20 23:59
2026.07.20 15:27:16,602492794,sell,0.02 / 0.02,XAUUSD-STDc,market,0,0,2026.07.20 15:27:16,filled,copy #998927062,Sheet4,2026.07.20 23:59
2026.07.20 15:27:46,602500620,sell,0.02 / 0.02,XAUUSD-STDc,market,0,0,2026.07.20 15:27:47,filled,copy #998931407,Sheet4,2026.07.20 23:59
2026.07.20 15:36:23,602529049,sell,0.02 / 0.02,XAUUSD-STDc,market,0,0,2026.07.20 15:36:24,filled,copy #998955867,Sheet4,2026.07.20 23:59
2026.07.20 15:41:05,602547449,buy,0.02 / 0.02,XAUUSD-STDc,market,0,0,2026.07.20 15:41:05,filled,copy #998964609,Sheet4,2026.07.20 23:59
2026.07.20 15:41:05,602547680,buy,0.02 / 0.02,XAUUSD-STDc,market,0,0,2026.07.20 15:41:06,filled,copy #998964651,Sheet4,2026.07.20 23:59
2026.07.20 15:41:06,602547894,buy,0.02 / 0.02,XAUUSD-STDc,market,0,0,2026.07.20 15:41:06,filled,copy #998964664,Sheet4,2026.07.20 23:59
2026.07.20 15:43:33,602582914,buy,0.08 / 0.08,XAUUSD-STDc,market,0,0,2026.07.20 15:43:33,filled,copy #998976708,Sheet4,2026.07.20 23:59
2026.07.20 15:45:26,602607082,sell,0.02 / 0.02,XAUUSD-STDc,market,0,0,2026.07.20 15:45:26,filled,copy #998986147,Sheet4,2026.07.20 23:59
2026.07.20 15:46:35,602621051,sell,0.02 / 0.02,XAUUSD-STDc,market,0,0,2026.07.20 15:46:36,filled,copy #998992352,Sheet4,2026.07.20 23:59
2026.07.20 15:48:09,602643734,sell,0.03 / 0.03,XAUUSD-STDc,market,0,0,2026.07.20 15:48:10,filled,copy #999003192,Sheet4,2026.07.20 23:59
2026.07.20 15:50:38,602659467,buy,0.02 / 0.02,XAUUSD-STDc,market,0,0,2026.07.20 15:50:39,filled,copy #999011425,Sheet4,2026.07.20 23:59
2026.07.20 15:50:38,602660286,buy,0.02 / 0.02,XAUUSD-STDc,market,0,0,2026.07.20 15:50:39,filled,copy #999011427,Sheet4,2026.07.20 23:59
2026.07.20 15:50:38,602659748,buy,0.03 / 0.03,XAUUSD-STDc,market,0,0,2026.07.20 15:50:39,filled,copy #999011426,Sheet4,2026.07.20 23:59
2026.07.20 15:50:46,602668133,sell,0.02 / 0.02,XAUUSD-STDc,market,0,0,2026.07.20 15:50:47,filled,copy #999013476,Sheet4,2026.07.20 23:59
2026.07.20 15:56:07,602693714,buy,0.02 / 0.02,XAUUSD-STDc,market,0,0,2026.07.20 15:56:08,filled,copy #999023862,Sheet4,2026.07.20 23:59
2026.07.20 16:07:43,602772718,sell,0.02 / 0.02,XAUUSD-STDc,market,0,0,2026.07.20 16:07:43,filled,copy #999062348,Sheet4,2026.07.20 23:59
2026.07.20 16:10:57,602784235,buy,0.02 / 0.02,XAUUSD-STDc,market,0,0,2026.07.20 16:10:57,filled,copy #999068177,Sheet4,2026.07.20 23:59
2026.07.20 16:15:21,602807093,sell,0.02 / 0.02,XAUUSD-STDc,market,0,0,2026.07.20 16:15:22,filled,copy #999078343,Sheet4,2026.07.20 23:59
2026.07.20 16:31:39,602911924,sell,0.02 / 0.02,XAUUSD-STDc,market,0,0,2026.07.20 16:31:40,filled,copy #999122977,Sheet4,2026.07.20 23:59
2026.07.20 16:32:30,602921054,sell,0.02 / 0.02,XAUUSD-STDc,market,0,0,2026.07.20 16:32:30,filled,copy #999128915,Sheet4,2026.07.20 23:59
2026.07.20 16:35:23,602955653,buy,0.02 / 0.02,XAUUSD-STDc,market,0,0,2026.07.20 16:35:23,filled,copy #999143540,Sheet4,2026.07.20 23:59
2026.07.20 16:35:23,602955425,buy,0.02 / 0.02,XAUUSD-STDc,market,0,0,2026.07.20 16:35:23,filled,copy #999143527,Sheet4,2026.07.20 23:59
2026.07.20 16:35:23,602956188,buy,0.02 / 0.02,XAUUSD-STDc,market,0,0,2026.07.20 16:35:24,filled,copy #999143592,Sheet4,2026.07.20 23:59
2026.07.20 16:35:25,602959529,sell,0.02 / 0.02,XAUUSD-STDc,market,0,0,2026.07.20 16:35:26,filled,copy #999145564,Sheet4,2026.07.20 23:59
2026.07.20 16:40:05,603006757,sell,0.02 / 0.02,XAUUSD-STDc,market,0,0,2026.07.20 16:40:06,filled,copy #999163950,Sheet4,2026.07.20 23:59
2026.07.20 16:40:05,603006954,sell,0.06 / 0.06,XAUUSD-STDc,market,0,0,2026.07.20 16:40:06,filled,copy #999163958,Sheet4,2026.07.20 23:59
2026.07.20 16:40:06,603007223,sell,0.05 / 0.05,XAUUSD-STDc,market,0,0,2026.07.20 16:40:07,filled,copy #999163991,Sheet4,2026.07.20 23:59
2026.07.20 16:40:06,603007524,sell,0.04 / 0.04,XAUUSD-STDc,market,0,0,2026.07.20 16:40:07,filled,copy #999164031,Sheet4,2026.07.20 23:59
2026.07.20 16:40:06,603008179,sell,0.02 / 0.02,XAUUSD-STDc,market,0,0,2026.07.20 16:40:07,filled,copy #999164147,Sheet4,2026.07.20 23:59
2026.07.20 16:40:06,603008000,sell,0.08 / 0.08,XAUUSD-STDc,market,0,0,2026.07.20 16:40:07,filled,copy #999164072,Sheet4,2026.07.20 23:59
2026.07.20 16:40:06,603007695,sell,0.03 / 0.03,XAUUSD-STDc,market,0,0,2026.07.20 16:40:07,filled,copy #999164033,Sheet4,2026.07.20 23:59
2026.07.20 16:40:19,603012805,sell,0.02 / 0.02,XAUUSD-STDc,market,0,0,2026.07.20 16:40:20,filled,copy #999168627,Sheet4,2026.07.20 23:59
2026.07.20 16:46:01,603080890,buy,0.02 / 0.02,XAUUSD-STDc,market,0,0,2026.07.20 16:46:02,filled,copy #999199897,Sheet4,2026.07.20 23:59
2026.07.20 16:46:02,603081750,buy,0.02 / 0.02,XAUUSD-STDc,market,0,0,2026.07.20 16:46:03,filled,copy #999200136,Sheet4,2026.07.20 23:59
2026.07.20 16:46:07,603086378,buy,0.02 / 0.02,XAUUSD-STDc,market,0,0,2026.07.20 16:46:07,filled,copy #999201410,Sheet4,2026.07.20 23:59
2026.07.20 16:50:59,603132587,buy,0.02 / 0.02,XAUUSD-STDc,market,0,0,2026.07.20 16:51:01,filled,copy #999221849,Sheet4,2026.07.20 23:59
2026.07.20 16:58:39,603214026,buy,0.03 / 0.03,XAUUSD-STDc,market,0,0,2026.07.20 16:58:39,filled,copy #999253749,Sheet4,2026.07.20 23:59
2026.07.20 17:00:24,603237498,buy,0.04 / 0.04,XAUUSD-STDc,market,0,0,2026.07.20 17:00:25,filled,copy #999268998,Sheet4,2026.07.20 23:59
2026.07.20 17:02:44,603302063,buy,0.05 / 0.05,XAUUSD-STDc,market,0,0,2026.07.20 17:02:45,filled,copy #999291919,Sheet4,2026.07.20 23:59
2026.07.20 17:10:42,603406043,buy,0.06 / 0.06,XAUUSD-STDc,market,0,0,2026.07.20 17:10:43,filled,copy #999331485,Sheet4,2026.07.20 23:59
2026.07.20 17:14:36,603425897,sell,0.02 / 0.02,XAUUSD-STDc,market,0,0,2026.07.20 17:14:36,filled,copy #999343803,Sheet4,2026.07.20 23:59
2026.07.20 17:19:15,603451482,sell,0.02 / 0.02,XAUUSD-STDc,market,0,0,2026.07.20 17:19:16,filled,copy #999359367,Sheet4,2026.07.20 23:59
2026.07.20 17:21:07,603468907,buy,0.02 / 0.02,XAUUSD-STDc,market,0,0,2026.07.20 17:21:07,filled,copy #999367099,Sheet4,2026.07.20 23:59
2026.07.20 17:21:07,603469235,buy,0.02 / 0.02,XAUUSD-STDc,market,0,0,2026.07.20 17:21:08,filled,copy #999367274,Sheet4,2026.07.20 23:59
2026.07.20 17:21:13,603470333,sell,0.02 / 0.02,XAUUSD-STDc,market,0,0,2026.07.20 17:21:14,filled,copy #999367764,Sheet4,2026.07.20 23:59
2026.07.20 17:29:10,603519155,buy,0.02 / 0.02,XAUUSD-STDc,market,0,0,2026.07.20 17:29:11,filled,copy #999402095,Sheet4,2026.07.20 23:59
2026.07.20 17:29:11,603519382,sell,0.06 / 0.06,XAUUSD-STDc,market,0,0,2026.07.20 17:29:11,filled,copy #999402101,Sheet4,2026.07.20 23:59
2026.07.20 17:29:11,603519600,sell,0.05 / 0.05,XAUUSD-STDc,market,0,0,2026.07.20 17:29:11,filled,copy #999402137,Sheet4,2026.07.20 23:59
2026.07.20 17:29:11,603519821,sell,0.04 / 0.04,XAUUSD-STDc,market,0,0,2026.07.20 17:29:12,filled,copy #999402159,Sheet4,2026.07.20 23:59
2026.07.20 17:29:11,603520038,sell,0.03 / 0.03,XAUUSD-STDc,market,0,0,2026.07.20 17:29:12,filled,copy #999402182,Sheet4,2026.07.20 23:59
2026.07.20 17:29:12,603520262,sell,0.02 / 0.02,XAUUSD-STDc,market,0,0,2026.07.20 17:29:12,filled,copy #999402212,Sheet4,2026.07.20 23:59
2026.07.20 17:29:12,603520479,sell,0.02 / 0.02,XAUUSD-STDc,market,0,0,2026.07.20 17:29:12,filled,copy #999402249,Sheet4,2026.07.20 23:59
2026.07.20 17:39:21,603569811,sell,0.02 / 0.02,XAUUSD-STDc,market,0,0,2026.07.20 17:39:21,filled,copy #999446293,Sheet4,2026.07.20 23:59
2026.07.20 17:45:03,603587012,buy,0.02 / 0.02,XAUUSD-STDc,market,0,0,2026.07.20 17:45:04,filled,copy #999464450,Sheet4,2026.07.20 23:59
2026.07.20 17:47:58,603623064,sell,0.02 / 0.02,XAUUSD-STDc,market,0,0,2026.07.20 17:47:58,filled,copy #999484182,Sheet4,2026.07.20 23:59
2026.07.20 17:55:01,603648319,buy,0.02 / 0.02,XAUUSD-STDc,market,0,0,2026.07.20 17:55:02,filled,copy #999506208,Sheet4,2026.07.20 23:59
2026.07.20 17:56:12,603664976,buy,0.02 / 0.02,XAUUSD-STDc,market,0,0,2026.07.20 17:56:13,filled,copy #999515912,Sheet4,2026.07.20 23:59
2026.07.20 17:59:14,603699838,buy,0.02 / 0.02,XAUUSD-STDc,market,0,0,2026.07.20 17:59:14,filled,copy #999532960,Sheet4,2026.07.20 23:59
2026.07.20 18:02:45,603740327,sell,0.02 / 0.02,XAUUSD-STDc,market,0,0,2026.07.20 18:02:46,filled,copy #999554112,Sheet4,2026.07.20 23:59
2026.07.20 18:02:45,603740550,sell,0.02 / 0.02,XAUUSD-STDc,market,0,0,2026.07.20 18:02:46,filled,copy #999554117,Sheet4,2026.07.20 23:59
2026.07.20 18:03:29,603747261,sell,0.02 / 0.02,XAUUSD-STDc,market,0,0,2026.07.20 18:03:30,filled,copy #999558368,Sheet4,2026.07.20 23:59
2026.07.20 18:09:02,603777513,sell,0.02 / 0.02,XAUUSD-STDc,market,0,0,2026.07.20 18:09:03,filled,copy #999580187,Sheet4,2026.07.20 23:59
2026.07.20 18:09:53,603803911,sell,0.03 / 0.03,XAUUSD-STDc,market,0,0,2026.07.20 18:09:53,filled,copy #999593036,Sheet4,2026.07.20 23:59
2026.07.20 18:10:03,603814136,sell,0.04 / 0.04,XAUUSD-STDc,market,0,0,2026.07.20 18:10:03,filled,copy #999601066,Sheet4,2026.07.20 23:59
2026.07.20 18:12:26,603878214,buy,0.02 / 0.02,XAUUSD-STDc,market,0,0,2026.07.20 18:12:26,filled,copy #999619266,Sheet4,2026.07.20 23:59
2026.07.20 18:12:26,603878435,buy,0.03 / 0.03,XAUUSD-STDc,market,0,0,2026.07.20 18:12:26,filled,copy #999619282,Sheet4,2026.07.20 23:59
2026.07.20 18:12:26,603878686,buy,0.02 / 0.02,XAUUSD-STDc,market,0,0,2026.07.20 18:12:27,filled,copy #999619298,Sheet4,2026.07.20 23:59
2026.07.20 18:12:26,603878974,buy,0.04 / 0.04,XAUUSD-STDc,market,0,0,2026.07.20 18:12:27,filled,copy #999619308,Sheet4,2026.07.20 23:59
2026.07.20 18:26:24,603936453,sell,0.02 / 0.02,XAUUSD-STDc,market,0,0,2026.07.20 18:26:24,filled,copy #999657479,Sheet4,2026.07.20 23:59
2026.07.20 18:35:05,603969827,buy,0.02 / 0.02,XAUUSD-STDc,market,0,0,2026.07.20 18:35:05,filled,copy #999676402,Sheet4,2026.07.20 23:59
2026.07.20 18:39:01,603991210,buy,0.02 / 0.02,XAUUSD-STDc,market,0,0,2026.07.20 18:39:02,filled,copy #999686866,Sheet4,2026.07.20 23:59
2026.07.20 18:46:41,604026094,sell,0.02 / 0.02,XAUUSD-STDc,market,0,0,2026.07.20 18:46:41,filled,copy #999704235,Sheet4,2026.07.20 23:59
2026.07.20 19:25:24,604188422,buy,0.02 / 0.02,XAUUSD-STDc,market,0,0,2026.07.20 19:25:25,filled,copy #999797348,Sheet4,2026.07.20 23:59
2026.07.20 19:35:46,604222353,buy,0.02 / 0.02,XAUUSD-STDc,market,0,0,2026.07.20 19:35:47,filled,copy #999816409,Sheet4,2026.07.20 23:59
2026.07.20 19:41:34,604246568,buy,0.03 / 0.03,XAUUSD-STDc,market,0,0,2026.07.20 19:41:35,filled,copy #999832058,Sheet4,2026.07.20 23:59
2026.07.20 19:41:54,604260216,sell,0.02 / 0.02,XAUUSD-STDc,market,0,0,2026.07.20 19:41:54,filled,copy #999841661,Sheet4,2026.07.20 23:59
2026.07.20 19:42:29,604285028,sell,0.02 / 0.02,XAUUSD-STDc,market,0,0,2026.07.20 19:42:30,filled,copy #999846746,Sheet4,2026.07.20 23:59
2026.07.20 19:42:57,604296434,sell,0.03 / 0.03,XAUUSD-STDc,market,0,0,2026.07.20 19:42:58,filled,copy #999849907,Sheet4,2026.07.20 23:59
2026.07.20 20:00:17,604329064,sell,0.02 / 0.02,XAUUSD-STDc,market,0,0,2026.07.20 20:00:17,filled,copy #999878319,Sheet4,2026.07.20 23:59
2026.07.20 20:00:17,604329719,sell,0.03 / 0.03,XAUUSD-STDc,market,0,0,2026.07.20 20:00:18,filled,copy #999878426,Sheet4,2026.07.20 23:59
2026.07.20 20:00:17,604330046,sell,0.02 / 0.02,XAUUSD-STDc,market,0,0,2026.07.20 20:00:18,filled,copy #999878444,Sheet4,2026.07.20 23:59
2026.07.20 20:01:05,604348549,sell,0.04 / 0.04,XAUUSD-STDc,market,0,0,2026.07.20 20:01:05,filled,copy #999884921,Sheet4,2026.07.20 23:59
2026.07.20 20:44:56,604418998,buy,0.04 / 0.04,XAUUSD-STDc,market,0,0,2026.07.20 20:44:57,filled,copy #999937807,Sheet4,2026.07.20 23:59
2026.07.20 20:44:57,604419237,buy,0.03 / 0.03,XAUUSD-STDc,market,0,0,2026.07.20 20:44:57,filled,copy #999937826,Sheet4,2026.07.20 23:59
2026.07.20 20:44:57,604419833,buy,0.02 / 0.02,XAUUSD-STDc,market,0,0,2026.07.20 20:44:57,filled,copy #999937855,Sheet4,2026.07.20 23:59
2026.07.20 20:44:57,604419994,buy,0.02 / 0.02,XAUUSD-STDc,market,0,0,2026.07.20 20:44:58,filled,copy #999937895,Sheet4,2026.07.20 23:59
2026.07.17 06:28:12,593001670,sell,0.14 / 0.14,XAUUSD-STDc,market,0,0,2026.07.17 06:28:12,filled,copy #993198364,Sheet5,2026.07.17 23:59
2026.07.17 06:28:12,593001904,sell,0.11 / 0.11,XAUUSD-STDc,market,0,0,2026.07.17 06:28:13,filled,copy #993198398,Sheet5,2026.07.17 23:59
2026.07.17 06:28:13,593002145,sell,0.08 / 0.08,XAUUSD-STDc,market,0,0,2026.07.17 06:28:13,filled,copy #993198445,Sheet5,2026.07.17 23:59
2026.07.17 06:28:14,593002579,sell,0.06 / 0.06,XAUUSD-STDc,market,0,0,2026.07.17 06:28:14,filled,copy #993198540,Sheet5,2026.07.17 23:59
2026.07.17 06:28:15,593002842,sell,0.05 / 0.05,XAUUSD-STDc,market,0,0,2026.07.17 06:28:15,filled,copy #993198674,Sheet5,2026.07.17 23:59
2026.07.17 06:28:15,593003148,sell,0.04 / 0.04,XAUUSD-STDc,market,0,0,2026.07.17 06:28:16,filled,copy #993198914,Sheet5,2026.07.17 23:59
2026.07.17 06:28:22,593003769,sell,0.03 / 0.03,XAUUSD-STDc,market,0,0,2026.07.17 06:28:22,filled,copy #993199339,Sheet5,2026.07.17 23:59
2026.07.17 06:34:05,593055353,buy,0.03 / 0.03,XAUUSD-STDc,market,0,0,2026.07.17 06:34:05,filled,copy #993224034,Sheet5,2026.07.17 23:59
2026.07.17 06:34:05,593055563,buy,0.04 / 0.04,XAUUSD-STDc,market,0,0,2026.07.17 06:34:05,filled,copy #993224047,Sheet5,2026.07.17 23:59
2026.07.17 06:34:05,593055782,buy,0.05 / 0.05,XAUUSD-STDc,market,0,0,2026.07.17 06:34:06,filled,copy #993224090,Sheet5,2026.07.17 23:59
2026.07.17 06:34:06,593055991,buy,0.06 / 0.06,XAUUSD-STDc,market,0,0,2026.07.17 06:34:06,filled,copy #993224111,Sheet5,2026.07.17 23:59
2026.07.17 06:34:06,593056203,buy,0.08 / 0.08,XAUUSD-STDc,market,0,0,2026.07.17 06:34:06,filled,copy #993224142,Sheet5,2026.07.17 23:59
2026.07.17 06:34:06,593056420,buy,0.11 / 0.11,XAUUSD-STDc,market,0,0,2026.07.17 06:34:07,filled,copy #993224179,Sheet5,2026.07.17 23:59
2026.07.17 06:34:06,593056629,buy,0.14 / 0.14,XAUUSD-STDc,market,0,0,2026.07.17 06:34:07,filled,copy #993224241,Sheet5,2026.07.17 23:59
2026.07.17 07:23:14,593272013,buy,0.06 / 0.06,XAUUSD-STDc,market,0,0,2026.07.17 07:23:15,filled,copy #993347617,Sheet5,2026.07.17 23:59
2026.07.17 07:23:15,593272238,buy,0.05 / 0.05,XAUUSD-STDc,market,0,0,2026.07.17 07:23:15,filled,copy #993347646,Sheet5,2026.07.17 23:59
2026.07.17 07:23:16,593272468,buy,0.04 / 0.04,XAUUSD-STDc,market,0,0,2026.07.17 07:23:16,filled,copy #993347701,Sheet5,2026.07.17 23:59
2026.07.17 07:23:16,593272686,buy,0.03 / 0.03,XAUUSD-STDc,market,0,0,2026.07.17 07:23:17,filled,copy #993347765,Sheet5,2026.07.17 23:59
2026.07.17 07:24:20,593283144,buy,0.08 / 0.08,XAUUSD-STDc,market,0,0,2026.07.17 07:24:21,filled,copy #993353327,Sheet5,2026.07.17 23:59
2026.07.17 07:34:58,593323309,buy,0.11 / 0.11,XAUUSD-STDc,market,0,0,2026.07.17 07:34:59,filled,copy #993377723,Sheet5,2026.07.17 23:59
2026.07.17 07:38:55,593357655,buy,0.14 / 0.14,XAUUSD-STDc,market,0,0,2026.07.17 07:38:56,filled,copy #993394295,Sheet5,2026.07.17 23:59
2026.07.17 08:07:30,593452769,buy,0.18 / 0.18,XAUUSD-STDc,market,0,0,2026.07.17 08:07:30,filled,copy #993452051,Sheet5,2026.07.17 23:59
2026.07.17 08:17:03,593500065,buy,0.23 / 0.23,XAUUSD-STDc,market,0,0,2026.07.17 08:17:04,filled,copy #993474468,Sheet5,2026.07.17 23:59
2026.07.17 08:30:44,593610291,sell,0.23 / 0.23,XAUUSD-STDc,market,0,0,2026.07.17 08:30:46,filled,copy #993531999,Sheet5,2026.07.17 23:59
2026.07.17 08:30:44,593610001,sell,0.05 / 0.05,XAUUSD-STDc,market,0,0,2026.07.17 08:30:46,filled,copy #993531983,Sheet5,2026.07.17 23:59
2026.07.17 08:30:44,593610146,sell,0.11 / 0.11,XAUUSD-STDc,market,0,0,2026.07.17 08:30:46,filled,copy #993531994,Sheet5,2026.07.17 23:59
2026.07.17 08:30:44,593610594,sell,0.14 / 0.14,XAUUSD-STDc,market,0,0,2026.07.17 08:30:46,filled,copy #993532005,Sheet5,2026.07.17 23:59
2026.07.17 08:30:44,593608708,sell,0.06 / 0.06,XAUUSD-STDc,market,0,0,2026.07.17 08:30:46,filled,copy #993531969,Sheet5,2026.07.17 23:59
2026.07.17 08:30:44,593609834,sell,0.08 / 0.08,XAUUSD-STDc,market,0,0,2026.07.17 08:30:46,filled,copy #993531971,Sheet5,2026.07.17 23:59
2026.07.17 08:30:44,593609905,sell,0.04 / 0.04,XAUUSD-STDc,market,0,0,2026.07.17 08:30:46,filled,copy #993531980,Sheet5,2026.07.17 23:59
2026.07.17 08:30:44,593610092,sell,0.03 / 0.03,XAUUSD-STDc,market,0,0,2026.07.17 08:30:46,filled,copy #993531993,Sheet5,2026.07.17 23:59
2026.07.17 08:30:44,593610424,sell,0.18 / 0.18,XAUUSD-STDc,market,0,0,2026.07.17 08:30:46,filled,copy #993532002,Sheet5,2026.07.17 23:59
2026.07.17 08:30:46,593612324,buy,0.19 / 0.19,XAUUSD-STDc,market,0,0,2026.07.17 08:30:47,filled,copy #993534505,Sheet5,2026.07.17 23:59
2026.07.17 08:30:47,593613100,sell,0.19 / 0.19,XAUUSD-STDc,market,0,0,2026.07.17 08:30:47,filled,copy #993534916,Sheet5,2026.07.17 23:59
2026.07.17 08:30:48,593614454,buy,0.16 / 0.16,XAUUSD-STDc,market,0,0,2026.07.17 08:30:49,filled,copy #993535282,Sheet5,2026.07.17 23:59
2026.07.17 08:30:49,593615580,sell,0.16 / 0.16,XAUUSD-STDc,market,0,0,2026.07.17 08:30:49,filled,copy #993535513,Sheet5,2026.07.17 23:59
2026.07.17 09:11:36,594058322,sell,0.03 / 0.03,XAUUSD-STDc,market,0,0,2026.07.17 09:11:36,filled,copy #993734781,Sheet5,2026.07.17 23:59
2026.07.17 09:18:36,594121508,sell,0.04 / 0.04,XAUUSD-STDc,market,0,0,2026.07.17 09:18:36,filled,copy #993763144,Sheet5,2026.07.17 23:59
2026.07.17 09:20:47,594143484,sell,0.05 / 0.05,XAUUSD-STDc,market,0,0,2026.07.17 09:20:47,filled,copy #993774023,Sheet5,2026.07.17 23:59
2026.07.17 09:23:15,594171523,sell,0.06 / 0.06,XAUUSD-STDc,market,0,0,2026.07.17 09:23:16,filled,copy #993786577,Sheet5,2026.07.17 23:59
2026.07.17 09:30:32,594217259,sell,0.08 / 0.08,XAUUSD-STDc,market,0,0,2026.07.17 09:30:32,filled,copy #993810597,Sheet5,2026.07.17 23:59
2026.07.17 09:37:08,594269922,buy,0.03 / 0.03,XAUUSD-STDc,market,0,0,2026.07.17 09:37:08,filled,copy #993835338,Sheet5,2026.07.17 23:59
2026.07.17 09:37:08,594270351,buy,0.06 / 0.06,XAUUSD-STDc,market,0,0,2026.07.17 09:37:08,filled,copy #993835349,Sheet5,2026.07.17 23:59
2026.07.17 09:37:08,594270139,buy,0.08 / 0.08,XAUUSD-STDc,market,0,0,2026.07.17 09:37:08,filled,copy #993835339,Sheet5,2026.07.17 23:59
2026.07.17 09:37:08,594270573,buy,0.04 / 0.04,XAUUSD-STDc,market,0,0,2026.07.17 09:37:09,filled,copy #993835350,Sheet5,2026.07.17 23:59
2026.07.17 09:37:08,594270782,buy,0.05 / 0.05,XAUUSD-STDc,market,0,0,2026.07.17 09:37:09,filled,copy #993835353,Sheet5,2026.07.17 23:59
2026.07.17 11:28:24,594820235,buy,0.03 / 0.03,XAUUSD-STDc,market,0,0,2026.07.17 11:28:24,filled,copy #994190238,Sheet5,2026.07.17 23:59
2026.07.17 11:47:19,594898364,sell,0.03 / 0.03,XAUUSD-STDc,market,0,0,2026.07.17 11:47:19,filled,copy #994240851,Sheet5,2026.07.17 23:59
2026.07.17 13:52:51,595218810,buy,0.03 / 0.03,XAUUSD-STDc,market,0,0,2026.07.17 13:52:51,filled,copy #994523845,Sheet5,2026.07.17 23:59
2026.07.17 14:54:22,595337114,sell,0.03 / 0.03,XAUUSD-STDc,market,0,0,2026.07.17 14:54:23,filled,copy #994648118,Sheet5,2026.07.17 23:59
2026.07.17 15:20:59,595433390,buy,0.03 / 0.03,XAUUSD-STDc,market,0,0,2026.07.17 15:20:59,filled,copy #994731533,Sheet5,2026.07.17 23:59
2026.07.17 15:22:27,595446468,buy,0.04 / 0.04,XAUUSD-STDc,market,0,0,2026.07.17 15:22:27,filled,copy #994742221,Sheet5,2026.07.17 23:59
2026.07.17 15:33:03,595478367,buy,0.05 / 0.05,XAUUSD-STDc,market,0,0,2026.07.17 15:33:03,filled,copy #994775341,Sheet5,2026.07.17 23:59
2026.07.17 15:38:03,595493761,buy,0.06 / 0.06,XAUUSD-STDc,market,0,0,2026.07.17 15:38:03,filled,copy #994792711,Sheet5,2026.07.17 23:59
2026.07.17 15:41:42,595510497,buy,0.08 / 0.08,XAUUSD-STDc,market,0,0,2026.07.17 15:41:43,filled,copy #994813644,Sheet5,2026.07.17 23:59
2026.07.17 15:42:51,595521627,buy,0.11 / 0.11,XAUUSD-STDc,market,0,0,2026.07.17 15:42:52,filled,copy #994824015,Sheet5,2026.07.17 23:59
2026.07.17 15:43:13,595533806,buy,0.14 / 0.14,XAUUSD-STDc,market,0,0,2026.07.17 15:43:13,filled,copy #994835792,Sheet5,2026.07.17 23:59
2026.07.17 15:50:46,595578425,buy,0.18 / 0.18,XAUUSD-STDc,market,0,0,2026.07.17 15:50:47,filled,copy #994885321,Sheet5,2026.07.17 23:59
2026.07.17 16:00:11,595612761,buy,0.23 / 0.23,XAUUSD-STDc,market,0,0,2026.07.17 16:00:11,filled,copy #994924990,Sheet5,2026.07.17 23:59
2026.07.17 16:01:48,595630109,buy,0.3 / 0.3,XAUUSD-STDc,market,0,0,2026.07.17 16:01:48,filled,copy #994940448,Sheet5,2026.07.17 23:59
2026.07.17 16:03:55,595645676,sell,0.06 / 0.06,XAUUSD-STDc,market,0,0,2026.07.17 16:03:55,filled,copy #994958007,Sheet5,2026.07.17 23:59
2026.07.17 16:03:55,595645890,sell,0.03 / 0.03,XAUUSD-STDc,market,0,0,2026.07.17 16:03:55,filled,copy #994958009,Sheet5,2026.07.17 23:59
2026.07.17 16:03:55,595646106,sell,0.23 / 0.23,XAUUSD-STDc,market,0,0,2026.07.17 16:03:55,filled,copy #994958011,Sheet5,2026.07.17 23:59
2026.07.17 16:03:55,595646315,sell,0.18 / 0.18,XAUUSD-STDc,market,0,0,2026.07.17 16:03:56,filled,copy #994958013,Sheet5,2026.07.17 23:59
2026.07.17 16:03:55,595646531,sell,0.11 / 0.11,XAUUSD-STDc,market,0,0,2026.07.17 16:03:56,filled,copy #994958014,Sheet5,2026.07.17 23:59
2026.07.17 16:03:55,595646741,sell,0.05 / 0.05,XAUUSD-STDc,market,0,0,2026.07.17 16:03:56,filled,copy #994958017,Sheet5,2026.07.17 23:59
2026.07.17 16:03:55,595647168,sell,0.04 / 0.04,XAUUSD-STDc,market,0,0,2026.07.17 16:03:56,filled,copy #994958021,Sheet5,2026.07.17 23:59
2026.07.17 16:03:55,595646960,sell,0.14 / 0.14,XAUUSD-STDc,market,0,0,2026.07.17 16:03:56,filled,copy #994958018,Sheet5,2026.07.17 23:59
2026.07.17 16:03:55,595647602,sell,0.3 / 0.3,XAUUSD-STDc,market,0,0,2026.07.17 16:03:56,filled,copy #994958026,Sheet5,2026.07.17 23:59
2026.07.17 16:03:55,595647390,sell,0.08 / 0.08,XAUUSD-STDc,market,0,0,2026.07.17 16:03:56,filled,copy #994958023,Sheet5,2026.07.17 23:59
2026.07.17 16:04:41,595674938,sell,0.03 / 0.03,XAUUSD-STDc,market,0,0,2026.07.17 16:04:42,filled,copy #994972774,Sheet5,2026.07.17 23:59
2026.07.17 16:11:03,595714058,buy,0.03 / 0.03,XAUUSD-STDc,market,0,0,2026.07.17 16:11:04,filled,copy #995008647,Sheet5,2026.07.17 23:59
2026.07.17 16:38:14,595905089,sell,0.03 / 0.03,XAUUSD-STDc,market,0,0,2026.07.17 16:38:14,filled,copy #995176192,Sheet5,2026.07.17 23:59
2026.07.17 16:38:20,595907173,sell,0.04 / 0.04,XAUUSD-STDc,market,0,0,2026.07.17 16:38:20,filled,copy #995178388,Sheet5,2026.07.17 23:59
2026.07.17 16:38:36,595914382,sell,0.05 / 0.05,XAUUSD-STDc,market,0,0,2026.07.17 16:38:36,filled,copy #995185805,Sheet5,2026.07.17 23:59
2026.07.17 16:39:03,595922081,sell,0.06 / 0.06,XAUUSD-STDc,market,0,0,2026.07.17 16:39:03,filled,copy #995193934,Sheet5,2026.07.17 23:59
2026.07.17 16:39:25,595934109,sell,0.08 / 0.08,XAUUSD-STDc,market,0,0,2026.07.17 16:39:25,filled,copy #995205136,Sheet5,2026.07.17 23:59
2026.07.17 16:39:33,595938157,sell,0.11 / 0.11,XAUUSD-STDc,market,0,0,2026.07.17 16:39:34,filled,copy #995210927,Sheet5,2026.07.17 23:59
2026.07.17 16:40:03,595947885,buy,0.04 / 0.04,XAUUSD-STDc,market,0,0,2026.07.17 16:40:04,filled,copy #995220857,Sheet5,2026.07.17 23:59
2026.07.17 16:40:04,595948036,buy,0.03 / 0.03,XAUUSD-STDc,market,0,0,2026.07.17 16:40:04,filled,copy #995220865,Sheet5,2026.07.17 23:59
2026.07.17 16:40:04,595948399,buy,0.11 / 0.11,XAUUSD-STDc,market,0,0,2026.07.17 16:40:04,filled,copy #995220886,Sheet5,2026.07.17 23:59
2026.07.17 16:40:04,595948595,buy,0.08 / 0.08,XAUUSD-STDc,market,0,0,2026.07.17 16:40:04,filled,copy #995220911,Sheet5,2026.07.17 23:59
2026.07.17 16:40:04,595948922,buy,0.06 / 0.06,XAUUSD-STDc,market,0,0,2026.07.17 16:40:05,filled,copy #995220939,Sheet5,2026.07.17 23:59
2026.07.17 16:40:04,595949110,buy,0.05 / 0.05,XAUUSD-STDc,market,0,0,2026.07.17 16:40:05,filled,copy #995220954,Sheet5,2026.07.17 23:59
2026.07.17 16:41:13,595981535,buy,0.03 / 0.03,XAUUSD-STDc,market,0,0,2026.07.17 16:41:14,filled,copy #995237298,Sheet5,2026.07.17 23:59
2026.07.17 16:42:45,596005834,buy,0.04 / 0.04,XAUUSD-STDc,market,0,0,2026.07.17 16:42:46,filled,copy #995249785,Sheet5,2026.07.17 23:59
2026.07.17 16:44:17,596016349,buy,0.05 / 0.05,XAUUSD-STDc,market,0,0,2026.07.17 16:44:18,filled,copy #995257491,Sheet5,2026.07.17 23:59
2026.07.17 16:49:00,596048068,sell,0.05 / 0.05,XAUUSD-STDc,market,0,0,2026.07.17 16:49:00,filled,copy #995283367,Sheet5,2026.07.17 23:59
2026.07.17 16:49:00,596048834,sell,0.03 / 0.03,XAUUSD-STDc,market,0,0,2026.07.17 16:49:00,filled,copy #995283392,Sheet5,2026.07.17 23:59
2026.07.17 16:49:00,596048637,sell,0.04 / 0.04,XAUUSD-STDc,market,0,0,2026.07.17 16:49:00,filled,copy #995283378,Sheet5,2026.07.17 23:59
2026.07.17 16:50:47,596059826,sell,0.03 / 0.03,XAUUSD-STDc,market,0,0,2026.07.17 16:50:47,filled,copy #995292662,Sheet5,2026.07.17 23:59
2026.07.17 16:53:44,596074779,sell,0.04 / 0.04,XAUUSD-STDc,market,0,0,2026.07.17 16:53:44,filled,copy #995308282,Sheet5,2026.07.17 23:59
2026.07.17 16:54:50,596083197,buy,0.04 / 0.04,XAUUSD-STDc,market,0,0,2026.07.17 16:54:50,filled,copy #995314012,Sheet5,2026.07.17 23:59
2026.07.17 16:54:50,596083344,buy,0.03 / 0.03,XAUUSD-STDc,market,0,0,2026.07.17 16:54:50,filled,copy #995314027,Sheet5,2026.07.17 23:59
2026.07.17 17:00:11,596108377,sell,0.03 / 0.03,XAUUSD-STDc,market,0,0,2026.07.17 17:00:11,filled,copy #995340682,Sheet5,2026.07.17 23:59
2026.07.17 17:01:32,596123889,buy,0.03 / 0.03,XAUUSD-STDc,market,0,0,2026.07.17 17:01:33,filled,copy #995352138,Sheet5,2026.07.17 23:59
2026.07.17 18:08:23,596473620,buy,0.02 / 0.02,XAUUSD-STDc,market,0,0,2026.07.17 18:08:24,filled,copy #995659103,Sheet5,2026.07.17 23:59
2026.07.17 18:08:25,596474330,sell,0.02 / 0.02,XAUUSD-STDc,market,0,0,2026.07.17 18:08:26,filled,copy #995659345,Sheet5,2026.07.17 23:59
2026.07.17 18:08:30,596474850,sell,0.02 / 0.02,XAUUSD-STDc,market,0,0,2026.07.17 18:08:30,filled,copy #995659834,Sheet5,2026.07.17 23:59
2026.07.17 18:08:51,596477995,sell,0.03 / 0.03,XAUUSD-STDc,market,0,0,2026.07.17 18:08:52,filled,copy #995661958,Sheet5,2026.07.17 23:59
2026.07.17 18:10:13,596488648,sell,0.02 / 0.02,XAUUSD-STDc,market,0,0,2026.07.17 18:10:13,filled,copy #995668908,Sheet5,2026.07.17 23:59
2026.07.17 18:10:55,596495200,sell,0.04 / 0.04,XAUUSD-STDc,market,0,0,2026.07.17 18:10:56,filled,copy #995674319,Sheet5,2026.07.17 23:59
2026.07.17 18:12:31,596505756,buy,0.02 / 0.02,XAUUSD-STDc,market,0,0,2026.07.17 18:12:31,filled,copy #995681786,Sheet5,2026.07.17 23:59
2026.07.17 18:13:56,596509315,buy,0.02 / 0.02,XAUUSD-STDc,market,0,0,2026.07.17 18:13:56,filled,copy #995685046,Sheet5,2026.07.17 23:59
2026.07.17 18:13:56,596509759,buy,0.03 / 0.03,XAUUSD-STDc,market,0,0,2026.07.17 18:13:56,filled,copy #995685053,Sheet5,2026.07.17 23:59
2026.07.17 18:13:56,596509542,buy,0.04 / 0.04,XAUUSD-STDc,market,0,0,2026.07.17 18:13:56,filled,copy #995685049,Sheet5,2026.07.17 23:59
2026.07.17 18:13:56,596509973,buy,0.02 / 0.02,XAUUSD-STDc,market,0,0,2026.07.17 18:13:57,filled,copy #995685054,Sheet5,2026.07.17 23:59
2026.07.17 18:14:21,596511950,buy,0.02 / 0.02,XAUUSD-STDc,market,0,0,2026.07.17 18:14:21,filled,copy #995687462,Sheet5,2026.07.17 23:59
2026.07.17 18:18:15,596517897,sell,0.02 / 0.02,XAUUSD-STDc,market,0,0,2026.07.17 18:18:15,filled,copy #995698026,Sheet5,2026.07.17 23:59
2026.07.17 18:20:59,596522067,sell,0.02 / 0.02,XAUUSD-STDc,market,0,0,2026.07.17 18:21:00,filled,copy #995704344,Sheet5,2026.07.17 23:59
2026.07.17 18:21:00,596522605,sell,0.02 / 0.02,XAUUSD-STDc,market,0,0,2026.07.17 18:21:00,filled,copy #995704355,Sheet5,2026.07.17 23:59
2026.07.17 18:21:23,596525689,sell,0.02 / 0.02,XAUUSD-STDc,market,0,0,2026.07.17 18:21:23,filled,copy #995707872,Sheet5,2026.07.17 23:59
2026.07.17 18:22:34,596535257,sell,0.03 / 0.03,XAUUSD-STDc,market,0,0,2026.07.17 18:22:35,filled,copy #995715900,Sheet5,2026.07.17 23:59
2026.07.17 18:23:55,596540789,buy,0.02 / 0.02,XAUUSD-STDc,market,0,0,2026.07.17 18:23:55,filled,copy #995721019,Sheet5,2026.07.17 23:59
2026.07.17 18:25:25,596543231,buy,0.02 / 0.02,XAUUSD-STDc,market,0,0,2026.07.17 18:25:25,filled,copy #995723616,Sheet5,2026.07.17 23:59
2026.07.17 18:25:25,596543415,buy,0.02 / 0.02,XAUUSD-STDc,market,0,0,2026.07.17 18:25:25,filled,copy #995723621,Sheet5,2026.07.17 23:59
2026.07.17 18:25:25,596543639,buy,0.03 / 0.03,XAUUSD-STDc,market,0,0,2026.07.17 18:25:25,filled,copy #995723634,Sheet5,2026.07.17 23:59
2026.07.17 18:27:26,596551898,sell,0.02 / 0.02,XAUUSD-STDc,market,0,0,2026.07.17 18:27:26,filled,copy #995731293,Sheet5,2026.07.17 23:59
2026.07.16 04:41:07,584826985,sell,0.04 / 0.04,XAUUSD-STDc,market,0,0,2026.07.16 04:41:08,filled,copy #988821186,Sheet6,2026.07.16 23:59
2026.07.16 04:41:08,584827202,sell,0.03 / 0.03,XAUUSD-STDc,market,0,0,2026.07.16 04:41:08,filled,copy #988821254,Sheet6,2026.07.16 23:59
2026.07.16 04:41:09,584827416,sell,0.02 / 0.02,XAUUSD-STDc,market,0,0,2026.07.16 04:41:09,filled,copy #988821284,Sheet6,2026.07.16 23:59
2026.07.16 04:41:09,584828063,sell,0.02 / 0.02,XAUUSD-STDc,market,0,0,2026.07.16 04:41:10,filled,copy #988821318,Sheet6,2026.07.16 23:59
2026.07.16 04:46:14,584865110,buy,0.02 / 0.02,XAUUSD-STDc,market,0,0,2026.07.16 04:46:14,filled,copy #988837162,Sheet6,2026.07.16 23:59
2026.07.16 04:50:08,584888990,buy,0.04 / 0.04,XAUUSD-STDc,market,0,0,2026.07.16 04:50:08,filled,copy #988845989,Sheet6,2026.07.16 23:59
2026.07.16 04:50:08,584889285,buy,0.03 / 0.03,XAUUSD-STDc,market,0,0,2026.07.16 04:50:09,filled,copy #988846003,Sheet6,2026.07.16 23:59
2026.07.16 04:50:08,584889151,buy,0.02 / 0.02,XAUUSD-STDc,market,0,0,2026.07.16 04:50:09,filled,copy #988845992,Sheet6,2026.07.16 23:59
2026.07.16 04:50:08,584888760,buy,0.02 / 0.02,XAUUSD-STDc,market,0,0,2026.07.16 04:50:09,filled,copy #988845976,Sheet6,2026.07.16 23:59
2026.07.16 04:53:26,584925119,buy,0.02 / 0.02,XAUUSD-STDc,market,0,0,2026.07.16 04:53:26,filled,copy #988857561,Sheet6,2026.07.16 23:59
2026.07.16 05:06:43,585002263,buy,0.03 / 0.03,XAUUSD-STDc,market,0,0,2026.07.16 05:06:43,filled,copy #988891255,Sheet6,2026.07.16 23:59
2026.07.16 05:11:42,585040135,buy,0.04 / 0.04,XAUUSD-STDc,market,0,0,2026.07.16 05:11:43,filled,copy #988906433,Sheet6,2026.07.16 23:59
2026.07.16 05:16:24,585094088,buy,0.05 / 0.05,XAUUSD-STDc,market,0,0,2026.07.16 05:16:24,filled,copy #988926811,Sheet6,2026.07.16 23:59
2026.07.16 05:23:24,585132342,sell,0.02 / 0.02,XAUUSD-STDc,market,0,0,2026.07.16 05:23:24,filled,copy #988947874,Sheet6,2026.07.16 23:59
2026.07.16 05:32:16,585173141,buy,0.02 / 0.02,XAUUSD-STDc,market,0,0,2026.07.16 05:32:17,filled,copy #988970473,Sheet6,2026.07.16 23:59
2026.07.16 05:39:20,585239637,buy,0.06 / 0.06,XAUUSD-STDc,market,0,0,2026.07.16 05:39:21,filled,copy #988996900,Sheet6,2026.07.16 23:59
2026.07.16 05:41:51,585270826,buy,0.08 / 0.08,XAUUSD-STDc,market,0,0,2026.07.16 05:41:52,filled,copy #989010363,Sheet6,2026.07.16 23:59
2026.07.16 05:50:24,585307037,sell,0.02 / 0.02,XAUUSD-STDc,market,0,0,2026.07.16 05:50:24,filled,copy #989033989,Sheet6,2026.07.16 23:59
2026.07.16 05:51:57,585315791,buy,0.02 / 0.02,XAUUSD-STDc,market,0,0,2026.07.16 05:51:58,filled,copy #989039205,Sheet6,2026.07.16 23:59
2026.07.16 05:52:02,585323597,sell,0.02 / 0.02,XAUUSD-STDc,market,0,0,2026.07.16 05:52:02,filled,copy #989040696,Sheet6,2026.07.16 23:59
2026.07.16 06:06:02,585394829,sell,0.02 / 0.02,XAUUSD-STDc,market,0,0,2026.07.16 06:06:02,filled,copy #989073186,Sheet6,2026.07.16 23:59
2026.07.16 06:06:03,585395225,sell,0.02 / 0.02,XAUUSD-STDc,market,0,0,2026.07.16 06:06:03,filled,copy #989073275,Sheet6,2026.07.16 23:59
2026.07.16 06:06:03,585395544,sell,0.05 / 0.05,XAUUSD-STDc,market,0,0,2026.07.16 06:06:04,filled,copy #989073333,Sheet6,2026.07.16 23:59
2026.07.16 06:06:04,585395850,sell,0.04 / 0.04,XAUUSD-STDc,market,0,0,2026.07.16 06:06:04,filled,copy #989073352,Sheet6,2026.07.16 23:59
2026.07.16 06:06:05,585396275,sell,0.03 / 0.03,XAUUSD-STDc,market,0,0,2026.07.16 06:06:05,filled,copy #989073385,Sheet6,2026.07.16 23:59
2026.07.16 06:06:05,585396717,sell,0.06 / 0.06,XAUUSD-STDc,market,0,0,2026.07.16 06:06:06,filled,copy #989073526,Sheet6,2026.07.16 23:59
2026.07.16 06:06:05,585396561,sell,0.08 / 0.08,XAUUSD-STDc,market,0,0,2026.07.16 06:06:06,filled,copy #989073490,Sheet6,2026.07.16 23:59
2026.07.16 06:22:00,585447939,buy,0.02 / 0.02,XAUUSD-STDc,market,0,0,2026.07.16 06:22:00,filled,copy #989102517,Sheet6,2026.07.16 23:59
2026.07.16 06:26:12,585464451,sell,0.02 / 0.02,XAUUSD-STDc,market,0,0,2026.07.16 06:26:13,filled,copy #989110027,Sheet6,2026.07.16 23:59
2026.07.16 06:30:03,585491071,sell,0.02 / 0.02,XAUUSD-STDc,market,0,0,2026.07.16 06:30:03,filled,copy #989122381,Sheet6,2026.07.16 23:59
2026.07.16 06:45:19,585533908,sell,0.02 / 0.02,XAUUSD-STDc,market,0,0,2026.07.16 06:45:20,filled,copy #989148011,Sheet6,2026.07.16 23:59
2026.07.16 07:15:01,585617156,sell,0.03 / 0.03,XAUUSD-STDc,market,0,0,2026.07.16 07:15:02,filled,copy #989200395,Sheet6,2026.07.16 23:59
2026.07.16 08:02:05,585712071,buy,0.02 / 0.02,XAUUSD-STDc,market,0,0,2026.07.16 08:02:05,filled,copy #989253796,Sheet6,2026.07.16 23:59
2026.07.16 08:02:05,585712490,buy,0.02 / 0.02,XAUUSD-STDc,market,0,0,2026.07.16 08:02:07,filled,copy #989253970,Sheet6,2026.07.16 23:59
2026.07.16 08:02:07,585712929,buy,0.03 / 0.03,XAUUSD-STDc,market,0,0,2026.07.16 08:02:07,filled,copy #989254077,Sheet6,2026.07.16 23:59
2026.07.16 08:02:07,585713509,buy,0.02 / 0.02,XAUUSD-STDc,market,0,0,2026.07.16 08:02:07,filled,copy #989254115,Sheet6,2026.07.16 23:59
2026.07.16 08:03:58,585728431,buy,0.02 / 0.02,XAUUSD-STDc,market,0,0,2026.07.16 08:03:58,filled,copy #989260077,Sheet6,2026.07.16 23:59
2026.07.16 08:19:13,585790891,buy,0.02 / 0.02,XAUUSD-STDc,market,0,0,2026.07.16 08:19:13,filled,copy #989290368,Sheet6,2026.07.16 23:59
2026.07.16 08:22:28,585829466,buy,0.03 / 0.03,XAUUSD-STDc,market,0,0,2026.07.16 08:22:29,filled,copy #989304406,Sheet6,2026.07.16 23:59
2026.07.16 08:30:13,585863729,buy,0.04 / 0.04,XAUUSD-STDc,market,0,0,2026.07.16 08:30:15,filled,copy #989323323,Sheet6,2026.07.16 23:59
2026.07.16 08:32:53,585906805,sell,0.02 / 0.02,XAUUSD-STDc,market,0,0,2026.07.16 08:32:54,filled,copy #989335670,Sheet6,2026.07.16 23:59
2026.07.16 08:32:53,585908081,sell,0.02 / 0.02,XAUUSD-STDc,market,0,0,2026.07.16 08:32:54,filled,copy #989335754,Sheet6,2026.07.16 23:59
2026.07.16 08:32:53,585907839,sell,0.04 / 0.04,XAUUSD-STDc,market,0,0,2026.07.16 08:32:54,filled,copy #989335677,Sheet6,2026.07.16 23:59
2026.07.16 08:32:53,585907962,sell,0.03 / 0.03,XAUUSD-STDc,market,0,0,2026.07.16 08:32:54,filled,copy #989335751,Sheet6,2026.07.16 23:59
2026.07.16 08:44:51,586019011,sell,0.02 / 0.02,XAUUSD-STDc,market,0,0,2026.07.16 08:44:52,filled,copy #989386420,Sheet6,2026.07.16 23:59
2026.07.16 08:46:42,586043267,buy,0.02 / 0.02,XAUUSD-STDc,market,0,0,2026.07.16 08:46:42,filled,copy #989395294,Sheet6,2026.07.16 23:59
2026.07.16 08:54:11,586119005,buy,0.02 / 0.02,XAUUSD-STDc,market,0,0,2026.07.16 08:54:12,filled,copy #989422299,Sheet6,2026.07.16 23:59
2026.07.16 09:00:35,586152816,sell,0.02 / 0.02,XAUUSD-STDc,market,0,0,2026.07.16 09:00:35,filled,copy #989438963,Sheet6,2026.07.16 23:59
2026.07.16 09:01:03,586165350,sell,0.02 / 0.02,XAUUSD-STDc,market,0,0,2026.07.16 09:01:03,filled,copy #989443389,Sheet6,2026.07.16 23:59
2026.07.16 09:03:12,586184959,sell,0.02 / 0.02,XAUUSD-STDc,market,0,0,2026.07.16 09:03:13,filled,copy #989452585,Sheet6,2026.07.16 23:59
2026.07.16 09:05:44,586212146,sell,0.03 / 0.03,XAUUSD-STDc,market,0,0,2026.07.16 09:05:44,filled,copy #989465391,Sheet6,2026.07.16 23:59
2026.07.16 09:12:54,586261789,buy,0.02 / 0.02,XAUUSD-STDc,market,0,0,2026.07.16 09:12:55,filled,copy #989491037,Sheet6,2026.07.16 23:59
2026.07.16 09:12:55,586262119,buy,0.02 / 0.02,XAUUSD-STDc,market,0,0,2026.07.16 09:12:55,filled,copy #989491074,Sheet6,2026.07.16 23:59
2026.07.16 09:12:56,586262390,buy,0.03 / 0.03,XAUUSD-STDc,market,0,0,2026.07.16 09:12:56,filled,copy #989491169,Sheet6,2026.07.16 23:59
2026.07.16 09:34:51,586387630,buy,0.02 / 0.02,XAUUSD-STDc,market,0,0,2026.07.16 09:34:52,filled,copy #989552291,Sheet6,2026.07.16 23:59
2026.07.16 09:35:11,586402264,buy,0.02 / 0.02,XAUUSD-STDc,market,0,0,2026.07.16 09:35:12,filled,copy #989560656,Sheet6,2026.07.16 23:59
2026.07.16 09:49:22,586471848,sell,0.02 / 0.02,XAUUSD-STDc,market,0,0,2026.07.16 09:49:22,filled,copy #989605162,Sheet6,2026.07.16 23:59
2026.07.16 09:52:56,586479058,sell,0.02 / 0.02,XAUUSD-STDc,market,0,0,2026.07.16 09:52:57,filled,copy #989611257,Sheet6,2026.07.16 23:59
2026.07.16 09:52:57,586479563,sell,0.02 / 0.02,XAUUSD-STDc,market,0,0,2026.07.16 09:52:57,filled,copy #989611331,Sheet6,2026.07.16 23:59
2026.07.16 09:59:02,586513674,sell,0.02 / 0.02,XAUUSD-STDc,market,0,0,2026.07.16 09:59:03,filled,copy #989628256,Sheet6,2026.07.16 23:59
2026.07.16 10:14:20,586545376,buy,0.02 / 0.02,XAUUSD-STDc,market,0,0,2026.07.16 10:14:21,filled,copy #989659935,Sheet6,2026.07.16 23:59
2026.07.16 10:14:22,586545603,buy,0.02 / 0.02,XAUUSD-STDc,market,0,0,2026.07.16 10:14:23,filled,copy #989660022,Sheet6,2026.07.16 23:59
2026.07.16 10:17:43,586590158,buy,0.02 / 0.02,XAUUSD-STDc,market,0,0,2026.07.16 10:17:43,filled,copy #989676175,Sheet6,2026.07.16 23:59
2026.07.16 10:46:06,586688079,sell,0.02 / 0.02,XAUUSD-STDc,market,0,0,2026.07.16 10:46:07,filled,copy #989742948,Sheet6,2026.07.16 23:59
2026.07.16 10:47:21,586697023,sell,0.02 / 0.02,XAUUSD-STDc,market,0,0,2026.07.16 10:47:21,filled,copy #989748618,Sheet6,2026.07.16 23:59
2026.07.16 10:49:07,586717959,sell,0.02 / 0.02,XAUUSD-STDc,market,0,0,2026.07.16 10:49:08,filled,copy #989758763,Sheet6,2026.07.16 23:59
2026.07.16 10:53:06,586744570,buy,0.02 / 0.02,XAUUSD-STDc,market,0,0,2026.07.16 10:53:07,filled,copy #989774147,Sheet6,2026.07.16 23:59
2026.07.16 10:53:06,586744803,buy,0.02 / 0.02,XAUUSD-STDc,market,0,0,2026.07.16 10:53:07,filled,copy #989774160,Sheet6,2026.07.16 23:59
2026.07.16 11:03:17,586800286,sell,0.02 / 0.02,XAUUSD-STDc,market,0,0,2026.07.16 11:03:17,filled,copy #989807248,Sheet6,2026.07.16 23:59
2026.07.16 11:05:56,586821117,buy,0.02 / 0.02,XAUUSD-STDc,market,0,0,2026.07.16 11:05:56,filled,copy #989819322,Sheet6,2026.07.16 23:59
2026.07.16 11:20:52,586948731,sell,0.02 / 0.02,XAUUSD-STDc,market,0,0,2026.07.16 11:20:52,filled,copy #989878843,Sheet6,2026.07.16 23:59
2026.07.16 11:26:41,586973811,sell,0.02 / 0.02,XAUUSD-STDc,market,0,0,2026.07.16 11:26:42,filled,copy #989894258,Sheet6,2026.07.16 23:59
2026.07.16 11:37:25,587012628,sell,0.03 / 0.03,XAUUSD-STDc,market,0,0,2026.07.16 11:37:25,filled,copy #989918674,Sheet6,2026.07.16 23:59
2026.07.16 12:04:07,587078926,sell,0.04 / 0.04,XAUUSD-STDc,market,0,0,2026.07.16 12:04:08,filled,copy #989969922,Sheet6,2026.07.16 23:59
2026.07.16 12:27:15,587128219,buy,0.02 / 0.02,XAUUSD-STDc,market,0,0,2026.07.16 12:27:16,filled,copy #990013727,Sheet6,2026.07.16 23:59
2026.07.16 12:27:15,587129201,buy,0.03 / 0.03,XAUUSD-STDc,market,0,0,2026.07.16 12:27:16,filled,copy #990013748,Sheet6,2026.07.16 23:59
2026.07.16 12:27:15,587129162,buy,0.02 / 0.02,XAUUSD-STDc,market,0,0,2026.07.16 12:27:16,filled,copy #990013746,Sheet6,2026.07.16 23:59
2026.07.16 12:27:15,587129233,buy,0.04 / 0.04,XAUUSD-STDc,market,0,0,2026.07.16 12:27:16,filled,copy #990013773,Sheet6,2026.07.16 23:59
2026.07.16 12:32:16,587163324,buy,0.02 / 0.02,XAUUSD-STDc,market,0,0,2026.07.16 12:32:16,filled,copy #990034515,Sheet6,2026.07.16 23:59
2026.07.16 12:43:58,587185223,sell,0.02 / 0.02,XAUUSD-STDc,market,0,0,2026.07.16 12:43:58,filled,copy #990050764,Sheet6,2026.07.16 23:59
2026.07.16 12:55:03,587219496,sell,0.02 / 0.02,XAUUSD-STDc,market,0,0,2026.07.16 12:55:03,filled,copy #990074804,Sheet6,2026.07.16 23:59
2026.07.16 12:57:24,587231060,buy,0.02 / 0.02,XAUUSD-STDc,market,0,0,2026.07.16 12:57:24,filled,copy #990082073,Sheet6,2026.07.16 23:59
2026.07.16 13:59:54,587360203,buy,0.02 / 0.02,XAUUSD-STDc,market,0,0,2026.07.16 13:59:55,filled,copy #990184977,Sheet6,2026.07.16 23:59
2026.07.16 14:14:20,587390514,buy,0.02 / 0.02,XAUUSD-STDc,market,0,0,2026.07.16 14:14:21,filled,copy #990213661,Sheet6,2026.07.16 23:59
2026.07.16 14:25:50,587431330,buy,0.03 / 0.03,XAUUSD-STDc,market,0,0,2026.07.16 14:25:50,filled,copy #990246276,Sheet6,2026.07.16 23:59
2026.07.16 14:33:59,587500225,sell,0.02 / 0.02,XAUUSD-STDc,market,0,0,2026.07.16 14:33:59,filled,copy #990288992,Sheet6,2026.07.16 23:59
2026.07.16 14:33:59,587499806,sell,0.02 / 0.02,XAUUSD-STDc,market,0,0,2026.07.16 14:33:59,filled,copy #990288986,Sheet6,2026.07.16 23:59
2026.07.16 14:33:59,587500020,sell,0.03 / 0.03,XAUUSD-STDc,market,0,0,2026.07.16 14:33:59,filled,copy #990288991,Sheet6,2026.07.16 23:59
2026.07.16 14:37:33,587524442,sell,0.02 / 0.02,XAUUSD-STDc,market,0,0,2026.07.16 14:37:34,filled,copy #990308006,Sheet6,2026.07.16 23:59
2026.07.16 14:44:17,587553466,sell,0.02 / 0.02,XAUUSD-STDc,market,0,0,2026.07.16 14:44:18,filled,copy #990335699,Sheet6,2026.07.16 23:59
2026.07.16 14:47:08,587583421,sell,0.03 / 0.03,XAUUSD-STDc,market,0,0,2026.07.16 14:47:08,filled,copy #990359231,Sheet6,2026.07.16 23:59
2026.07.16 14:49:15,587604653,sell,0.04 / 0.04,XAUUSD-STDc,market,0,0,2026.07.16 14:49:16,filled,copy #990374669,Sheet6,2026.07.16 23:59
2026.07.16 14:50:03,587631749,buy,0.04 / 0.04,XAUUSD-STDc,market,0,0,2026.07.16 14:50:04,filled,copy #990379250,Sheet6,2026.07.16 23:59
2026.07.16 14:50:03,587631534,buy,0.02 / 0.02,XAUUSD-STDc,market,0,0,2026.07.16 14:50:04,filled,copy #990379201,Sheet6,2026.07.16 23:59
2026.07.16 14:50:04,587632156,buy,0.02 / 0.02,XAUUSD-STDc,market,0,0,2026.07.16 14:50:05,filled,copy #990379331,Sheet6,2026.07.16 23:59
2026.07.16 14:50:05,587632777,buy,0.03 / 0.03,XAUUSD-STDc,market,0,0,2026.07.16 14:50:06,filled,copy #990379556,Sheet6,2026.07.16 23:59
2026.07.16 14:50:15,587635927,buy,0.02 / 0.02,XAUUSD-STDc,market,0,0,2026.07.16 14:50:16,filled,copy #990390523,Sheet6,2026.07.16 23:59
2026.07.16 14:50:19,587639191,buy,0.02 / 0.02,XAUUSD-STDc,market,0,0,2026.07.16 14:50:19,filled,copy #990392261,Sheet6,2026.07.16 23:59
2026.07.16 14:51:12,587655217,sell,0.02 / 0.02,XAUUSD-STDc,market,0,0,2026.07.16 14:51:12,filled,copy #990410613,Sheet6,2026.07.16 23:59
2026.07.16 14:52:00,587659148,sell,0.02 / 0.02,XAUUSD-STDc,market,0,0,2026.07.16 14:52:00,filled,copy #990413128,Sheet6,2026.07.16 23:59
2026.07.16 14:52:00,587658968,sell,0.02 / 0.02,XAUUSD-STDc,market,0,0,2026.07.16 14:52:00,filled,copy #990413122,Sheet6,2026.07.16 23:59
2026.07.16 14:52:04,587659914,sell,0.02 / 0.02,XAUUSD-STDc,market,0,0,2026.07.16 14:52:04,filled,copy #990414073,Sheet6,2026.07.16 23:59
2026.07.16 14:54:54,587704199,sell,0.03 / 0.03,XAUUSD-STDc,market,0,0,2026.07.16 14:54:54,filled,copy #990429066,Sheet6,2026.07.16 23:59
2026.07.16 15:03:57,587748553,sell,0.04 / 0.04,XAUUSD-STDc,market,0,0,2026.07.16 15:03:57,filled,copy #990462293,Sheet6,2026.07.16 23:59
2026.07.16 15:06:32,587794134,buy,0.03 / 0.03,XAUUSD-STDc,market,0,0,2026.07.16 15:06:33,filled,copy #990481399,Sheet6,2026.07.16 23:59
2026.07.16 15:06:32,587794431,buy,0.04 / 0.04,XAUUSD-STDc,market,0,0,2026.07.16 15:06:33,filled,copy #990481434,Sheet6,2026.07.16 23:59
2026.07.16 15:06:32,587794309,buy,0.02 / 0.02,XAUUSD-STDc,market,0,0,2026.07.16 15:06:33,filled,copy #990481424,Sheet6,2026.07.16 23:59
2026.07.16 15:06:32,587795594,buy,0.02 / 0.02,XAUUSD-STDc,market,0,0,2026.07.16 15:06:33,filled,copy #990482310,Sheet6,2026.07.16 23:59
2026.07.16 15:06:32,587794230,buy,0.02 / 0.02,XAUUSD-STDc,market,0,0,2026.07.16 15:06:33,filled,copy #990481421,Sheet6,2026.07.16 23:59
2026.07.16 15:07:31,587822947,buy,0.02 / 0.02,XAUUSD-STDc,market,0,0,2026.07.16 15:07:32,filled,copy #990493778,Sheet6,2026.07.16 23:59
2026.07.16 15:11:06,587849331,buy,0.03 / 0.03,XAUUSD-STDc,market,0,0,2026.07.16 15:11:07,filled,copy #990510197,Sheet6,2026.07.16 23:59
2026.07.16 15:11:17,587857708,buy,0.04 / 0.04,XAUUSD-STDc,market,0,0,2026.07.16 15:11:18,filled,copy #990513916,Sheet6,2026.07.16 23:59
2026.07.16 15:15:27,587896023,buy,0.05 / 0.05,XAUUSD-STDc,market,0,0,2026.07.16 15:15:28,filled,copy #990534418,Sheet6,2026.07.16 23:59
2026.07.16 15:16:22,587923787,buy,0.06 / 0.06,XAUUSD-STDc,market,0,0,2026.07.16 15:16:22,filled,copy #990550153,Sheet6,2026.07.16 23:59
2026.07.16 15:16:25,587925796,buy,0.08 / 0.08,XAUUSD-STDc,market,0,0,2026.07.16 15:16:26,filled,copy #990554328,Sheet6,2026.07.16 23:59
2026.07.16 15:16:38,587934687,buy,0.11 / 0.11,XAUUSD-STDc,market,0,0,2026.07.16 15:16:39,filled,copy #990562545,Sheet6,2026.07.16 23:59
2026.07.16 15:16:47,587942511,buy,0.14 / 0.14,XAUUSD-STDc,market,0,0,2026.07.16 15:16:47,filled,copy #990566001,Sheet6,2026.07.16 23:59
2026.07.16 15:17:34,587964881,sell,0.02 / 0.02,XAUUSD-STDc,market,0,0,2026.07.16 15:17:35,filled,copy #990575427,Sheet6,2026.07.16 23:59
2026.07.16 15:17:52,587971036,sell,0.02 / 0.02,XAUUSD-STDc,market,0,0,2026.07.16 15:17:52,filled,copy #990578269,Sheet6,2026.07.16 23:59
2026.07.16 15:17:52,587971584,sell,0.03 / 0.03,XAUUSD-STDc,market,0,0,2026.07.16 15:17:53,filled,copy #990578401,Sheet6,2026.07.16 23:59
2026.07.16 15:17:53,587971883,sell,0.02 / 0.02,XAUUSD-STDc,market,0,0,2026.07.16 15:17:53,filled,copy #990578447,Sheet6,2026.07.16 23:59
2026.07.16 15:17:53,587972211,sell,0.06 / 0.06,XAUUSD-STDc,market,0,0,2026.07.16 15:17:54,filled,copy #990578572,Sheet6,2026.07.16 23:59
2026.07.16 15:17:53,587972753,sell,0.04 / 0.04,XAUUSD-STDc,market,0,0,2026.07.16 15:17:54,filled,copy #990578671,Sheet6,2026.07.16 23:59
2026.07.16 15:17:53,587972559,sell,0.05 / 0.05,XAUUSD-STDc,market,0,0,2026.07.16 15:17:54,filled,copy #990578589,Sheet6,2026.07.16 23:59
2026.07.16 15:17:54,587973251,sell,0.14 / 0.14,XAUUSD-STDc,market,0,0,2026.07.16 15:17:55,filled,copy #990578808,Sheet6,2026.07.16 23:59
2026.07.16 15:17:54,587973466,sell,0.11 / 0.11,XAUUSD-STDc,market,0,0,2026.07.16 15:17:55,filled,copy #990578848,Sheet6,2026.07.16 23:59
2026.07.16 15:17:55,587973701,sell,0.08 / 0.08,XAUUSD-STDc,market,0,0,2026.07.16 15:17:55,filled,copy #990578890,Sheet6,2026.07.16 23:59
2026.07.16 15:18:13,587989591,sell,0.02 / 0.02,XAUUSD-STDc,market,0,0,2026.07.16 15:18:14,filled,copy #990583958,Sheet6,2026.07.16 23:59
2026.07.16 15:18:55,588011395,sell,0.03 / 0.03,XAUUSD-STDc,market,0,0,2026.07.16 15:18:56,filled,copy #990591247,Sheet6,2026.07.16 23:59
2026.07.16 15:24:34,588065006,buy,0.02 / 0.02,XAUUSD-STDc,market,0,0,2026.07.16 15:24:34,filled,copy #990615755,Sheet6,2026.07.16 23:59
2026.07.16 15:24:34,588065400,buy,0.03 / 0.03,XAUUSD-STDc,market,0,0,2026.07.16 15:24:35,filled,copy #990615826,Sheet6,2026.07.16 23:59
2026.07.16 15:24:35,588065655,buy,0.02 / 0.02,XAUUSD-STDc,market,0,0,2026.07.16 15:24:35,filled,copy #990615856,Sheet6,2026.07.16 23:59
2026.07.16 15:24:54,588072595,buy,0.02 / 0.02,XAUUSD-STDc,market,0,0,2026.07.16 15:24:54,filled,copy #990617465,Sheet6,2026.07.16 23:59
2026.07.16 15:25:24,588090111,buy,0.02 / 0.02,XAUUSD-STDc,market,0,0,2026.07.16 15:25:25,filled,copy #990622144,Sheet6,2026.07.16 23:59
2026.07.16 15:26:01,588102637,buy,0.03 / 0.03,XAUUSD-STDc,market,0,0,2026.07.16 15:26:02,filled,copy #990626661,Sheet6,2026.07.16 23:59
2026.07.16 15:26:47,588114872,sell,0.02 / 0.02,XAUUSD-STDc,market,0,0,2026.07.16 15:26:48,filled,copy #990631025,Sheet6,2026.07.16 23:59
2026.07.16 15:26:48,588115292,sell,0.02 / 0.02,XAUUSD-STDc,market,0,0,2026.07.16 15:26:48,filled,copy #990631164,Sheet6,2026.07.16 23:59
2026.07.16 15:26:48,588115809,sell,0.03 / 0.03,XAUUSD-STDc,market,0,0,2026.07.16 15:26:49,filled,copy #990631319,Sheet6,2026.07.16 23:59
2026.07.16 15:30:05,588147908,sell,0.02 / 0.02,XAUUSD-STDc,market,0,0,2026.07.16 15:30:06,filled,copy #990644134,Sheet6,2026.07.16 23:59
2026.07.16 15:30:21,588156908,buy,0.02 / 0.02,XAUUSD-STDc,market,0,0,2026.07.16 15:30:21,filled,copy #990649262,Sheet6,2026.07.16 23:59
2026.07.16 15:33:00,588194892,buy,0.02 / 0.02,XAUUSD-STDc,market,0,0,2026.07.16 15:33:01,filled,copy #990667470,Sheet6,2026.07.16 23:59
2026.07.16 15:35:20,588218732,buy,0.02 / 0.02,XAUUSD-STDc,market,0,0,2026.07.16 15:35:21,filled,copy #990674284,Sheet6,2026.07.16 23:59
2026.07.16 15:37:27,588244446,buy,0.03 / 0.03,XAUUSD-STDc,market,0,0,2026.07.16 15:37:27,filled,copy #990687378,Sheet6,2026.07.16 23:59
2026.07.16 15:41:03,588299452,buy,0.04 / 0.04,XAUUSD-STDc,market,0,0,2026.07.16 15:41:04,filled,copy #990718550,Sheet6,2026.07.16 23:59
2026.07.16 15:41:23,588307687,buy,0.05 / 0.05,XAUUSD-STDc,market,0,0,2026.07.16 15:41:24,filled,copy #990724350,Sheet6,2026.07.16 23:59
2026.07.16 15:43:50,588333933,buy,0.06 / 0.06,XAUUSD-STDc,market,0,0,2026.07.16 15:43:51,filled,copy #990740072,Sheet6,2026.07.16 23:59
2026.07.16 15:44:08,588348173,buy,0.08 / 0.08,XAUUSD-STDc,market,0,0,2026.07.16 15:44:08,filled,copy #990749689,Sheet6,2026.07.16 23:59
2026.07.16 15:44:41,588361955,sell,0.02 / 0.02,XAUUSD-STDc,market,0,0,2026.07.16 15:44:41,filled,copy #990756978,Sheet6,2026.07.16 23:59
2026.07.16 15:45:20,588375582,buy,0.02 / 0.02,XAUUSD-STDc,market,0,0,2026.07.16 15:45:20,filled,copy #990764801,Sheet6,2026.07.16 23:59
2026.07.16 15:45:28,588383004,buy,0.11 / 0.11,XAUUSD-STDc,market,0,0,2026.07.16 15:45:29,filled,copy #990769206,Sheet6,2026.07.16 23:59
2026.07.16 15:47:04,588414206,sell,0.02 / 0.02,XAUUSD-STDc,market,0,0,2026.07.16 15:47:05,filled,copy #990786745,Sheet6,2026.07.16 23:59
2026.07.16 15:47:50,588424431,buy,0.02 / 0.02,XAUUSD-STDc,market,0,0,2026.07.16 15:47:50,filled,copy #990791223,Sheet6,2026.07.16 23:59
2026.07.16 15:47:53,588426525,sell,0.02 / 0.02,XAUUSD-STDc,market,0,0,2026.07.16 15:47:53,filled,copy #990791731,Sheet6,2026.07.16 23:59
2026.07.16 15:47:55,588431207,buy,0.02 / 0.02,XAUUSD-STDc,market,0,0,2026.07.16 15:47:55,filled,copy #990792215,Sheet6,2026.07.16 23:59
2026.07.16 15:48:00,588437749,sell,0.02 / 0.02,XAUUSD-STDc,market,0,0,2026.07.16 15:48:01,filled,copy #990795970,Sheet6,2026.07.16 23:59
2026.07.16 15:50:01,588458563,buy,0.02 / 0.02,XAUUSD-STDc,market,0,0,2026.07.16 15:50:02,filled,copy #990806577,Sheet6,2026.07.16 23:59
2026.07.16 15:50:04,588460089,sell,0.02 / 0.02,XAUUSD-STDc,market,0,0,2026.07.16 15:50:05,filled,copy #990807544,Sheet6,2026.07.16 23:59
2026.07.16 15:50:11,588468249,buy,0.02 / 0.02,XAUUSD-STDc,market,0,0,2026.07.16 15:50:11,filled,copy #990810212,Sheet6,2026.07.16 23:59
2026.07.16 15:50:16,588472884,buy,0.14 / 0.14,XAUUSD-STDc,market,0,0,2026.07.16 15:50:16,filled,copy #990813864,Sheet6,2026.07.16 23:59
2026.07.16 15:50:19,588475720,sell,0.02 / 0.02,XAUUSD-STDc,market,0,0,2026.07.16 15:50:20,filled,copy #990814481,Sheet6,2026.07.16 23:59
2026.07.16 15:52:39,588493285,sell,0.02 / 0.02,XAUUSD-STDc,market,0,0,2026.07.16 15:52:39,filled,copy #990825866,Sheet6,2026.07.16 23:59
2026.07.16 15:54:31,588505118,buy,0.02 / 0.02,XAUUSD-STDc,market,0,0,2026.07.16 15:54:31,filled,copy #990832819,Sheet6,2026.07.16 23:59
2026.07.16 15:54:31,588505383,buy,0.02 / 0.02,XAUUSD-STDc,market,0,0,2026.07.16 15:54:32,filled,copy #990832837,Sheet6,2026.07.16 23:59
2026.07.16 15:54:34,588511904,sell,0.02 / 0.02,XAUUSD-STDc,market,0,0,2026.07.16 15:54:34,filled,copy #990834340,Sheet6,2026.07.16 23:59
2026.07.16 15:54:37,588514266,buy,0.02 / 0.02,XAUUSD-STDc,market,0,0,2026.07.16 15:54:38,filled,copy #990837336,Sheet6,2026.07.16 23:59
2026.07.16 15:54:38,588515261,buy,0.18 / 0.18,XAUUSD-STDc,market,0,0,2026.07.16 15:54:39,filled,copy #990837627,Sheet6,2026.07.16 23:59
2026.07.16 15:55:18,588534038,sell,0.02 / 0.02,XAUUSD-STDc,market,0,0,2026.07.16 15:55:19,filled,copy #990845623,Sheet6,2026.07.16 23:59
2026.07.16 15:55:21,588537130,buy,0.02 / 0.02,XAUUSD-STDc,market,0,0,2026.07.16 15:55:22,filled,copy #990847356,Sheet6,2026.07.16 23:59
2026.07.16 15:55:26,588540067,buy,0.23 / 0.23,XAUUSD-STDc,market,0,0,2026.07.16 15:55:26,filled,copy #990849518,Sheet6,2026.07.16 23:59
2026.07.16 15:57:41,588557761,sell,0.02 / 0.02,XAUUSD-STDc,market,0,0,2026.07.16 15:57:41,filled,copy #990861417,Sheet6,2026.07.16 23:59
2026.07.16 15:58:05,588558801,buy,0.02 / 0.02,XAUUSD-STDc,market,0,0,2026.07.16 15:58:06,filled,copy #990862866,Sheet6,2026.07.16 23:59
2026.07.16 15:58:34,588579244,buy,0.3 / 0.3,XAUUSD-STDc,market,0,0,2026.07.16 15:58:35,filled,copy #990869946,Sheet6,2026.07.16 23:59
2026.07.16 15:59:38,588595093,sell,0.02 / 0.02,XAUUSD-STDc,market,0,0,2026.07.16 15:59:39,filled,copy #990875736,Sheet6,2026.07.16 23:59
2026.07.16 16:00:31,588606023,sell,0.02 / 0.02,XAUUSD-STDc,market,0,0,2026.07.16 16:00:32,filled,copy #990884981,Sheet6,2026.07.16 23:59
2026.07.16 16:00:44,588610401,buy,0.02 / 0.02,XAUUSD-STDc,market,0,0,2026.07.16 16:00:45,filled,copy #990886938,Sheet6,2026.07.16 23:59
2026.07.16 16:00:44,588610932,buy,0.02 / 0.02,XAUUSD-STDc,market,0,0,2026.07.16 16:00:45,filled,copy #990886961,Sheet6,2026.07.16 23:59
2026.07.16 16:00:47,588613489,sell,0.02 / 0.02,XAUUSD-STDc,market,0,0,2026.07.16 16:00:48,filled,copy #990887331,Sheet6,2026.07.16 23:59
2026.07.16 16:00:50,588615903,buy,0.02 / 0.02,XAUUSD-STDc,market,0,0,2026.07.16 16:00:50,filled,copy #990887984,Sheet6,2026.07.16 23:59
2026.07.16 16:01:56,588643287,buy,0.39 / 0.39,XAUUSD-STDc,market,0,0,2026.07.16 16:01:56,filled,copy #990898060,Sheet6,2026.07.16 23:59
2026.07.16 16:02:53,588666524,buy,0.51 / 0.51,XAUUSD-STDc,market,0,0,2026.07.16 16:02:54,filled,copy #990912020,Sheet6,2026.07.16 23:59
2026.07.16 16:02:58,588670314,sell,0.02 / 0.02,XAUUSD-STDc,market,0,0,2026.07.16 16:02:59,filled,copy #990918402,Sheet6,2026.07.16 23:59
2026.07.16 16:03:01,588672522,buy,0.67 / 0.67,XAUUSD-STDc,market,0,0,2026.07.16 16:03:01,filled,copy #990922945,Sheet6,2026.07.16 23:59
2026.07.16 16:03:05,588676103,buy,0.02 / 0.02,XAUUSD-STDc,market,0,0,2026.07.16 16:03:06,filled,copy #990926747,Sheet6,2026.07.16 23:59
2026.07.16 16:03:08,588678156,sell,0.02 / 0.02,XAUUSD-STDc,market,0,0,2026.07.16 16:03:09,filled,copy #990927589,Sheet6,2026.07.16 23:59
2026.07.16 16:03:59,588695095,sell,0.02 / 0.02,XAUUSD-STDc,market,0,0,2026.07.16 16:03:59,filled,copy #990937541,Sheet6,2026.07.16 23:59
2026.07.16 16:04:39,588704931,buy,0.02 / 0.02,XAUUSD-STDc,market,0,0,2026.07.16 16:04:39,filled,copy #990942167,Sheet6,2026.07.16 23:59
2026.07.16 16:04:39,588705453,buy,0.02 / 0.02,XAUUSD-STDc,market,0,0,2026.07.16 16:04:39,filled,copy #990942176,Sheet6,2026.07.16 23:59
2026.07.16 16:04:41,588707777,sell,0.02 / 0.02,XAUUSD-STDc,market,0,0,2026.07.16 16:04:42,filled,copy #990943349,Sheet6,2026.07.16 23:59
2026.07.16 16:04:45,588712640,buy,0.02 / 0.02,XAUUSD-STDc,market,0,0,2026.07.16 16:04:46,filled,copy #990944843,Sheet6,2026.07.16 23:59
2026.07.16 16:05:58,588760719,buy,0.87 / 0.87,XAUUSD-STDc,market,0,0,2026.07.16 16:05:58,filled,copy #990965650,Sheet6,2026.07.16 23:59
2026.07.16 16:05:59,588761542,sell,0.02 / 0.02,XAUUSD-STDc,market,0,0,2026.07.16 16:05:59,filled,copy #990965907,Sheet6,2026.07.16 23:59
2026.07.16 16:07:40,588795335,sell,0.02 / 0.02,XAUUSD-STDc,market,0,0,2026.07.16 16:07:40,filled,copy #990979312,Sheet6,2026.07.16 23:59
2026.07.16 16:10:50,588805351,sell,0.02 / 0.02,XAUUSD-STDc,market,0,0,2026.07.16 16:10:50,filled,copy #990993306,Sheet6,2026.07.16 23:59
2026.07.16 16:11:03,588806498,sell,0.87 / 0.87,XAUUSD-STDc,market,0,0,2026.07.16 16:11:03,filled,copy #990994530,Sheet6,2026.07.16 23:59
2026.07.16 16:11:04,588807299,sell,0.67 / 0.67,XAUUSD-STDc,market,0,0,2026.07.16 16:11:05,filled,copy #990994609,Sheet6,2026.07.16 23:59
2026.07.16 16:11:04,588807560,sell,0.39 / 0.39,XAUUSD-STDc,market,0,0,2026.07.16 16:11:05,filled,copy #990994699,Sheet6,2026.07.16 23:59
2026.07.16 16:11:05,588807809,sell,0.51 / 0.51,XAUUSD-STDc,market,0,0,2026.07.16 16:11:05,filled,copy #990994822,Sheet6,2026.07.16 23:59
2026.07.16 16:11:07,588808054,sell,0.14 / 0.14,XAUUSD-STDc,market,0,0,2026.07.16 16:11:07,filled,copy #990995199,Sheet6,2026.07.16 23:59
2026.07.16 16:11:07,588808270,sell,0.18 / 0.18,XAUUSD-STDc,market,0,0,2026.07.16 16:11:07,filled,copy #990995220,Sheet6,2026.07.16 23:59
2026.07.16 16:11:07,588808483,sell,0.23 / 0.23,XAUUSD-STDc,market,0,0,2026.07.16 16:11:07,filled,copy #990995263,Sheet6,2026.07.16 23:59
2026.07.16 16:11:07,588808695,sell,0.3 / 0.3,XAUUSD-STDc,market,0,0,2026.07.16 16:11:08,filled,copy #990995328,Sheet6,2026.07.16 23:59
2026.07.16 16:11:09,588808965,sell,0.03 / 0.03,XAUUSD-STDc,market,0,0,2026.07.16 16:11:10,filled,copy #990995572,Sheet6,2026.07.16 23:59
2026.07.16 16:11:10,588809185,sell,0.04 / 0.04,XAUUSD-STDc,market,0,0,2026.07.16 16:11:10,filled,copy #990995624,Sheet6,2026.07.16 23:59
2026.07.16 16:11:10,588809401,sell,0.05 / 0.05,XAUUSD-STDc,market,0,0,2026.07.16 16:11:10,filled,copy #990995680,Sheet6,2026.07.16 23:59
2026.07.16 16:11:10,588809610,sell,0.06 / 0.06,XAUUSD-STDc,market,0,0,2026.07.16 16:11:11,filled,copy #990995728,Sheet6,2026.07.16 23:59
2026.07.16 16:11:10,588809824,sell,0.08 / 0.08,XAUUSD-STDc,market,0,0,2026.07.16 16:11:11,filled,copy #990995788,Sheet6,2026.07.16 23:59
2026.07.16 16:11:11,588810040,sell,0.11 / 0.11,XAUUSD-STDc,market,0,0,2026.07.16 16:11:11,filled,copy #990995831,Sheet6,2026.07.16 23:59
2026.07.16 16:11:11,588810264,sell,0.02 / 0.02,XAUUSD-STDc,market,0,0,2026.07.16 16:11:12,filled,copy #990995934,Sheet6,2026.07.16 23:59
2026.07.16 16:11:11,588810483,sell,0.02 / 0.02,XAUUSD-STDc,market,0,0,2026.07.16 16:11:12,filled,copy #990995959,Sheet6,2026.07.16 23:59
2026.07.16 16:11:32,588816351,sell,0.03 / 0.03,XAUUSD-STDc,market,0,0,2026.07.16 16:11:32,filled,copy #990999067,Sheet6,2026.07.16 23:59
2026.07.16 16:12:43,588826983,sell,0.04 / 0.04,XAUUSD-STDc,market,0,0,2026.07.16 16:12:43,filled,copy #991006680,Sheet6,2026.07.16 23:59
2026.07.16 16:13:44,588852192,sell,0.05 / 0.05,XAUUSD-STDc,market,0,0,2026.07.16 16:13:44,filled,copy #991019652,Sheet6,2026.07.16 23:59
2026.07.16 16:16:29,588872974,sell,0.06 / 0.06,XAUUSD-STDc,market,0,0,2026.07.16 16:16:29,filled,copy #991036407,Sheet6,2026.07.16 23:59
2026.07.16 16:20:02,588882127,buy,0.02 / 0.02,XAUUSD-STDc,market,0,0,2026.07.16 16:20:03,filled,copy #991047004,Sheet6,2026.07.16 23:59
2026.07.16 16:24:20,588893243,sell,0.02 / 0.02,XAUUSD-STDc,market,0,0,2026.07.16 16:24:20,filled,copy #991058225,Sheet6,2026.07.16 23:59
2026.07.16 16:24:23,588898268,buy,0.02 / 0.02,XAUUSD-STDc,market,0,0,2026.07.16 16:24:24,filled,copy #991060526,Sheet6,2026.07.16 23:59
2026.07.16 16:24:31,588903006,sell,0.02 / 0.02,XAUUSD-STDc,market,0,0,2026.07.16 16:24:31,filled,copy #991064704,Sheet6,2026.07.16 23:59
2026.07.16 16:24:33,588904265,sell,0.08 / 0.08,XAUUSD-STDc,market,0,0,2026.07.16 16:24:34,filled,copy #991066028,Sheet6,2026.07.16 23:59
2026.07.16 16:26:49,588925978,sell,0.11 / 0.11,XAUUSD-STDc,market,0,0,2026.07.16 16:26:49,filled,copy #991083470,Sheet6,2026.07.16 23:59
2026.07.16 16:27:19,588939815,sell,0.14 / 0.14,XAUUSD-STDc,market,0,0,2026.07.16 16:27:20,filled,copy #991090633,Sheet6,2026.07.16 23:59
2026.07.16 16:29:52,588963129,sell,0.18 / 0.18,XAUUSD-STDc,market,0,0,2026.07.16 16:29:52,filled,copy #991106417,Sheet6,2026.07.16 23:59
2026.07.16 16:30:12,588973253,sell,0.23 / 0.23,XAUUSD-STDc,market,0,0,2026.07.16 16:30:12,filled,copy #991113607,Sheet6,2026.07.16 23:59
2026.07.16 16:32:34,589001667,buy,0.02 / 0.02,XAUUSD-STDc,market,0,0,2026.07.16 16:32:34,filled,copy #991130970,Sheet6,2026.07.16 23:59
2026.07.16 16:33:20,589011900,buy,0.05 / 0.05,XAUUSD-STDc,market,0,0,2026.07.16 16:33:21,filled,copy #991136699,Sheet6,2026.07.16 23:59
2026.07.16 16:33:20,589011660,buy,0.02 / 0.02,XAUUSD-STDc,market,0,0,2026.07.16 16:33:21,filled,copy #991136695,Sheet6,2026.07.16 23:59
2026.07.16 16:33:29,589020776,buy,0.04 / 0.04,XAUUSD-STDc,market,0,0,2026.07.16 16:33:30,filled,copy #991142293,Sheet6,2026.07.16 23:59
2026.07.16 16:33:29,589021009,buy,0.06 / 0.06,XAUUSD-STDc,market,0,0,2026.07.16 16:33:30,filled,copy #991142301,Sheet6,2026.07.16 23:59
2026.07.16 16:33:29,589021260,buy,0.23 / 0.23,XAUUSD-STDc,market,0,0,2026.07.16 16:33:30,filled,copy #991142315,Sheet6,2026.07.16 23:59
2026.07.16 16:33:29,589021476,buy,0.18 / 0.18,XAUUSD-STDc,market,0,0,2026.07.16 16:33:30,filled,copy #991142325,Sheet6,2026.07.16 23:59
2026.07.16 16:33:29,589021754,buy,0.02 / 0.02,XAUUSD-STDc,market,0,0,2026.07.16 16:33:30,filled,copy #991142331,Sheet6,2026.07.16 23:59
2026.07.16 16:33:29,589022202,buy,0.14 / 0.14,XAUUSD-STDc,market,0,0,2026.07.16 16:33:31,filled,copy #991142357,Sheet6,2026.07.16 23:59
2026.07.16 16:33:29,589021980,buy,0.08 / 0.08,XAUUSD-STDc,market,0,0,2026.07.16 16:33:31,filled,copy #991142341,Sheet6,2026.07.16 23:59
2026.07.16 16:33:29,589022424,buy,0.11 / 0.11,XAUUSD-STDc,market,0,0,2026.07.16 16:33:31,filled,copy #991142363,Sheet6,2026.07.16 23:59
2026.07.16 16:33:30,589022832,buy,0.03 / 0.03,XAUUSD-STDc,market,0,0,2026.07.16 16:33:31,filled,copy #991142371,Sheet6,2026.07.16 23:59
2026.07.16 16:33:29,589022652,buy,0.02 / 0.02,XAUUSD-STDc,market,0,0,2026.07.16 16:33:31,filled,copy #991142369,Sheet6,2026.07.16 23:59
2026.07.16 16:33:40,589027509,buy,0.02 / 0.02,XAUUSD-STDc,market,0,0,2026.07.16 16:33:40,filled,copy #991145179,Sheet6,2026.07.16 23:59
2026.07.16 16:35:01,589061760,buy,0.03 / 0.03,XAUUSD-STDc,market,0,0,2026.07.16 16:35:02,filled,copy #991159555,Sheet6,2026.07.16 23:59
2026.07.16 16:35:45,589083655,buy,0.04 / 0.04,XAUUSD-STDc,market,0,0,2026.07.16 16:35:46,filled,copy #991169626,Sheet6,2026.07.16 23:59
2026.07.16 16:36:35,589096446,buy,0.05 / 0.05,XAUUSD-STDc,market,0,0,2026.07.16 16:36:35,filled,copy #991177197,Sheet6,2026.07.16 23:59
2026.07.16 16:38:41,589127495,buy,0.06 / 0.06,XAUUSD-STDc,market,0,0,2026.07.16 16:38:42,filled,copy #991192121,Sheet6,2026.07.16 23:59
2026.07.16 16:39:46,589149681,buy,0.08 / 0.08,XAUUSD-STDc,market,0,0,2026.07.16 16:39:47,filled,copy #991201837,Sheet6,2026.07.16 23:59
2026.07.16 16:43:56,589193141,sell,0.02 / 0.02,XAUUSD-STDc,market,0,0,2026.07.16 16:43:57,filled,copy #991224124,Sheet6,2026.07.16 23:59
2026.07.16 16:46:54,589219071,sell,0.02 / 0.02,XAUUSD-STDc,market,0,0,2026.07.16 16:46:54,filled,copy #991238721,Sheet6,2026.07.16 23:59
2026.07.16 16:47:02,589224664,sell,0.06 / 0.06,XAUUSD-STDc,market,0,0,2026.07.16 16:47:03,filled,copy #991240133,Sheet6,2026.07.16 23:59
2026.07.16 16:47:03,589225224,sell,0.08 / 0.08,XAUUSD-STDc,market,0,0,2026.07.16 16:47:03,filled,copy #991240141,Sheet6,2026.07.16 23:59
2026.07.16 16:47:02,589224879,sell,0.04 / 0.04,XAUUSD-STDc,market,0,0,2026.07.16 16:47:06,filled,copy #991240137,Sheet6,2026.07.16 23:59
2026.07.16 16:47:03,589225558,sell,0.02 / 0.02,XAUUSD-STDc,market,0,0,2026.07.16 16:47:06,filled,copy #991240144,Sheet6,2026.07.16 23:59
2026.07.16 16:47:03,589225808,sell,0.03 / 0.03,XAUUSD-STDc,market,0,0,2026.07.16 16:47:06,filled,copy #991240162,Sheet6,2026.07.16 23:59
2026.07.16 16:47:03,589226028,sell,0.02 / 0.02,XAUUSD-STDc,market,0,0,2026.07.16 16:47:06,filled,copy #991240164,Sheet6,2026.07.16 23:59
2026.07.16 16:47:03,589226280,sell,0.05 / 0.05,XAUUSD-STDc,market,0,0,2026.07.16 16:47:06,filled,copy #991240165,Sheet6,2026.07.16 23:59
2026.07.16 16:47:35,589232016,sell,0.03 / 0.03,XAUUSD-STDc,market,0,0,2026.07.16 16:47:35,filled,copy #991244375,Sheet6,2026.07.16 23:59
2026.07.16 16:50:49,589272912,sell,0.04 / 0.04,XAUUSD-STDc,market,0,0,2026.07.16 16:50:50,filled,copy #991263805,Sheet6,2026.07.16 23:59
2026.07.16 16:55:52,589320661,buy,0.02 / 0.02,XAUUSD-STDc,market,0,0,2026.07.16 16:55:52,filled,copy #991289385,Sheet6,2026.07.16 23:59
2026.07.16 16:55:52,589320243,buy,0.03 / 0.03,XAUUSD-STDc,market,0,0,2026.07.16 16:55:53,filled,copy #991289382,Sheet6,2026.07.16 23:59
2026.07.16 16:55:52,589320873,buy,0.04 / 0.04,XAUUSD-STDc,market,0,0,2026.07.16 16:55:53,filled,copy #991289386,Sheet6,2026.07.16 23:59
2026.07.16 16:55:52,589320452,buy,0.02 / 0.02,XAUUSD-STDc,market,0,0,2026.07.16 16:55:53,filled,copy #991289383,Sheet6,2026.07.16 23:59
2026.07.16 16:57:01,589342769,buy,0.02 / 0.02,XAUUSD-STDc,market,0,0,2026.07.16 16:57:01,filled,copy #991295571,Sheet6,2026.07.16 23:59
2026.07.16 17:00:06,589359224,sell,0.02 / 0.02,XAUUSD-STDc,market,0,0,2026.07.16 17:00:07,filled,copy #991305259,Sheet6,2026.07.16 23:59
2026.07.16 17:01:25,589388241,sell,0.02 / 0.02,XAUUSD-STDc,market,0,0,2026.07.16 17:01:25,filled,copy #991316924,Sheet6,2026.07.16 23:59
2026.07.16 17:03:19,589401656,buy,0.02 / 0.02,XAUUSD-STDc,market,0,0,2026.07.16 17:03:19,filled,copy #991324537,Sheet6,2026.07.16 23:59
2026.07.16 17:03:33,589404429,buy,0.02 / 0.02,XAUUSD-STDc,market,0,0,2026.07.16 17:03:34,filled,copy #991326647,Sheet6,2026.07.16 23:59
2026.07.16 17:04:31,589410202,sell,0.02 / 0.02,XAUUSD-STDc,market,0,0,2026.07.16 17:04:31,filled,copy #991329181,Sheet6,2026.07.16 23:59
2026.07.16 17:11:26,589465470,buy,0.02 / 0.02,XAUUSD-STDc,market,0,0,2026.07.16 17:11:26,filled,copy #991356315,Sheet6,2026.07.16 23:59
2026.07.16 17:12:37,589480672,buy,0.02 / 0.02,XAUUSD-STDc,market,0,0,2026.07.16 17:12:37,filled,copy #991362885,Sheet6,2026.07.16 23:59
2026.07.16 17:16:18,589497053,sell,0.02 / 0.02,XAUUSD-STDc,market,0,0,2026.07.16 17:16:18,filled,copy #991373173,Sheet6,2026.07.16 23:59
2026.07.16 17:16:42,589501753,sell,0.02 / 0.02,XAUUSD-STDc,market,0,0,2026.07.16 17:16:42,filled,copy #991374187,Sheet6,2026.07.16 23:59
2026.07.16 17:16:42,589502157,sell,0.02 / 0.02,XAUUSD-STDc,market,0,0,2026.07.16 17:16:42,filled,copy #991374202,Sheet6,2026.07.16 23:59
2026.07.16 17:17:08,589516948,sell,0.02 / 0.02,XAUUSD-STDc,market,0,0,2026.07.16 17:17:08,filled,copy #991380200,Sheet6,2026.07.16 23:59
2026.07.16 17:18:38,589540308,sell,0.03 / 0.03,XAUUSD-STDc,market,0,0,2026.07.16 17:18:38,filled,copy #991388749,Sheet6,2026.07.16 23:59
2026.07.16 17:23:47,589582883,buy,0.03 / 0.03,XAUUSD-STDc,market,0,0,2026.07.16 17:23:47,filled,copy #991408199,Sheet6,2026.07.16 23:59
2026.07.16 17:23:47,589583109,buy,0.02 / 0.02,XAUUSD-STDc,market,0,0,2026.07.16 17:23:47,filled,copy #991408207,Sheet6,2026.07.16 23:59
2026.07.16 17:23:47,589583478,buy,0.02 / 0.02,XAUUSD-STDc,market,0,0,2026.07.16 17:23:48,filled,copy #991408250,Sheet6,2026.07.16 23:59
2026.07.16 17:27:30,589625474,sell,0.02 / 0.02,XAUUSD-STDc,market,0,0,2026.07.16 17:27:31,filled,copy #991427843,Sheet6,2026.07.16 23:59
2026.07.16 17:34:04,589677534,sell,0.02 / 0.02,XAUUSD-STDc,market,0,0,2026.07.16 17:34:05,filled,copy #991456660,Sheet6,2026.07.16 23:59
2026.07.16 17:34:47,589688879,sell,0.03 / 0.03,XAUUSD-STDc,market,0,0,2026.07.16 17:34:48,filled,copy #991461274,Sheet6,2026.07.16 23:59
2026.07.16 17:45:05,589745038,sell,0.04 / 0.04,XAUUSD-STDc,market,0,0,2026.07.16 17:45:06,filled,copy #991492269,Sheet6,2026.07.16 23:59
2026.07.16 17:49:50,589779560,buy,0.02 / 0.02,XAUUSD-STDc,market,0,0,2026.07.16 17:49:50,filled,copy #991511774,Sheet6,2026.07.16 23:59
2026.07.16 17:49:50,589779293,buy,0.04 / 0.04,XAUUSD-STDc,market,0,0,2026.07.16 17:49:50,filled,copy #991511734,Sheet6,2026.07.16 23:59
2026.07.16 17:49:50,589779799,buy,0.02 / 0.02,XAUUSD-STDc,market,0,0,2026.07.16 17:49:51,filled,copy #991511787,Sheet6,2026.07.16 23:59
2026.07.16 17:49:50,589780119,buy,0.03 / 0.03,XAUUSD-STDc,market,0,0,2026.07.16 17:49:51,filled,copy #991511844,Sheet6,2026.07.16 23:59
2026.07.16 17:51:09,589800148,buy,0.02 / 0.02,XAUUSD-STDc,market,0,0,2026.07.16 17:51:10,filled,copy #991521576,Sheet6,2026.07.16 23:59
2026.07.16 17:53:31,589825116,buy,0.02 / 0.02,XAUUSD-STDc,market,0,0,2026.07.16 17:53:31,filled,copy #991532475,Sheet6,2026.07.16 23:59
2026.07.16 17:55:36,589842349,buy,0.03 / 0.03,XAUUSD-STDc,market,0,0,2026.07.16 17:55:36,filled,copy #991540895,Sheet6,2026.07.16 23:59
2026.07.16 17:57:39,589861509,sell,0.02 / 0.02,XAUUSD-STDc,market,0,0,2026.07.16 17:57:40,filled,copy #991550601,Sheet6,2026.07.16 23:59
2026.07.16 17:58:33,589865924,sell,0.03 / 0.03,XAUUSD-STDc,market,0,0,2026.07.16 17:58:33,filled,copy #991553546,Sheet6,2026.07.16 23:59
2026.07.16 17:58:33,589865703,sell,0.02 / 0.02,XAUUSD-STDc,market,0,0,2026.07.16 17:58:33,filled,copy #991553535,Sheet6,2026.07.16 23:59
2026.07.16 17:58:33,589866228,sell,0.02 / 0.02,XAUUSD-STDc,market,0,0,2026.07.16 17:58:34,filled,copy #991553608,Sheet6,2026.07.16 23:59
2026.07.16 18:02:08,589876165,buy,0.02 / 0.02,XAUUSD-STDc,market,0,0,2026.07.16 18:02:08,filled,copy #991564005,Sheet6,2026.07.16 23:59
2026.07.16 18:03:56,589897306,buy,0.02 / 0.02,XAUUSD-STDc,market,0,0,2026.07.16 18:03:57,filled,copy #991572044,Sheet6,2026.07.16 23:59
2026.07.16 18:06:22,589921588,buy,0.02 / 0.02,XAUUSD-STDc,market,0,0,2026.07.16 18:06:23,filled,copy #991582860,Sheet6,2026.07.16 23:59
2026.07.16 18:09:40,589938468,sell,0.02 / 0.02,XAUUSD-STDc,market,0,0,2026.07.16 18:09:41,filled,copy #991590593,Sheet6,2026.07.16 23:59
2026.07.16 18:09:41,589938791,sell,0.02 / 0.02,XAUUSD-STDc,market,0,0,2026.07.16 18:09:44,filled,copy #991590713,Sheet6,2026.07.16 23:59
2026.07.16 18:13:58,589970383,buy,0.02 / 0.02,XAUUSD-STDc,market,0,0,2026.07.16 18:13:59,filled,copy #991605800,Sheet6,2026.07.16 23:59
2026.07.16 18:15:15,589981739,sell,0.02 / 0.02,XAUUSD-STDc,market,0,0,2026.07.16 18:15:16,filled,copy #991611453,Sheet6,2026.07.16 23:59
2026.07.16 18:18:29,590002283,sell,0.02 / 0.02,XAUUSD-STDc,market,0,0,2026.07.16 18:18:30,filled,copy #991625786,Sheet6,2026.07.16 23:59
2026.07.16 18:20:39,590034580,sell,0.02 / 0.02,XAUUSD-STDc,market,0,0,2026.07.16 18:20:40,filled,copy #991635870,Sheet6,2026.07.16 23:59
2026.07.16 18:21:57,590050823,sell,0.03 / 0.03,XAUUSD-STDc,market,0,0,2026.07.16 18:21:57,filled,copy #991643226,Sheet6,2026.07.16 23:59
2026.07.16 18:23:07,590065843,sell,0.04 / 0.04,XAUUSD-STDc,market,0,0,2026.07.16 18:23:07,filled,copy #991652621,Sheet6,2026.07.16 23:59
2026.07.16 18:24:24,590078097,sell,0.05 / 0.05,XAUUSD-STDc,market,0,0,2026.07.16 18:24:25,filled,copy #991659772,Sheet6,2026.07.16 23:59
2026.07.16 18:26:03,590114784,sell,0.06 / 0.06,XAUUSD-STDc,market,0,0,2026.07.16 18:26:03,filled,copy #991683219,Sheet6,2026.07.16 23:59
2026.07.16 18:30:05,590127701,buy,0.02 / 0.02,XAUUSD-STDc,market,0,0,2026.07.16 18:30:05,filled,copy #991698719,Sheet6,2026.07.16 23:59
2026.07.16 18:30:57,590147298,buy,0.02 / 0.02,XAUUSD-STDc,market,0,0,2026.07.16 18:30:57,filled,copy #991708791,Sheet6,2026.07.16 23:59
2026.07.16 18:33:42,590157065,sell,0.02 / 0.02,XAUUSD-STDc,market,0,0,2026.07.16 18:33:43,filled,copy #991716927,Sheet6,2026.07.16 23:59
2026.07.16 18:33:42,590157296,sell,0.02 / 0.02,XAUUSD-STDc,market,0,0,2026.07.16 18:33:43,filled,copy #991716945,Sheet6,2026.07.16 23:59
2026.07.16 18:36:44,590189850,buy,0.02 / 0.02,XAUUSD-STDc,market,0,0,2026.07.16 18:36:45,filled,copy #991730483,Sheet6,2026.07.16 23:59
2026.07.16 18:38:06,590193079,sell,0.02 / 0.02,XAUUSD-STDc,market,0,0,2026.07.16 18:38:07,filled,copy #991732444,Sheet6,2026.07.16 23:59
2026.07.16 18:38:19,590197687,buy,0.02 / 0.02,XAUUSD-STDc,market,0,0,2026.07.16 18:38:20,filled,copy #991733687,Sheet6,2026.07.16 23:59
2026.07.16 18:41:38,590216414,buy,0.02 / 0.02,XAUUSD-STDc,market,0,0,2026.07.16 18:41:38,filled,copy #991743279,Sheet6,2026.07.16 23:59
2026.07.16 18:58:07,590265148,buy,0.02 / 0.02,XAUUSD-STDc,market,0,0,2026.07.16 18:58:08,filled,copy #991779639,Sheet6,2026.07.16 23:59
2026.07.16 19:00:37,590279477,buy,0.04 / 0.04,XAUUSD-STDc,market,0,0,2026.07.16 19:00:38,filled,copy #991787892,Sheet6,2026.07.16 23:59
2026.07.16 19:00:37,590279912,buy,0.05 / 0.05,XAUUSD-STDc,market,0,0,2026.07.16 19:00:38,filled,copy #991787902,Sheet6,2026.07.16 23:59
2026.07.16 19:00:37,590279694,buy,0.03 / 0.03,XAUUSD-STDc,market,0,0,2026.07.16 19:00:38,filled,copy #991787895,Sheet6,2026.07.16 23:59
2026.07.16 19:00:37,590280402,buy,0.02 / 0.02,XAUUSD-STDc,market,0,0,2026.07.16 19:00:38,filled,copy #991787908,Sheet6,2026.07.16 23:59
2026.07.16 19:00:37,590280537,buy,0.02 / 0.02,XAUUSD-STDc,market,0,0,2026.07.16 19:00:38,filled,copy #991787911,Sheet6,2026.07.16 23:59
2026.07.16 19:00:37,590280124,buy,0.06 / 0.06,XAUUSD-STDc,market,0,0,2026.07.16 19:00:38,filled,copy #991787905,Sheet6,2026.07.16 23:59
2026.07.16 19:01:06,590285568,buy,0.03 / 0.03,XAUUSD-STDc,market,0,0,2026.07.16 19:01:06,filled,copy #991793645,Sheet6,2026.07.16 23:59
2026.07.16 19:02:52,590307699,buy,0.04 / 0.04,XAUUSD-STDc,market,0,0,2026.07.16 19:02:52,filled,copy #991804440,Sheet6,2026.07.16 23:59
2026.07.16 19:05:18,590330728,buy,0.05 / 0.05,XAUUSD-STDc,market,0,0,2026.07.16 19:05:19,filled,copy #991818723,Sheet6,2026.07.16 23:59
2026.07.16 19:13:10,590381808,buy,0.06 / 0.06,XAUUSD-STDc,market,0,0,2026.07.16 19:13:10,filled,copy #991850867,Sheet6,2026.07.16 23:59
2026.07.16 19:15:05,590400330,buy,0.08 / 0.08,XAUUSD-STDc,market,0,0,2026.07.16 19:15:05,filled,copy #991862028,Sheet6,2026.07.16 23:59
2026.07.16 19:18:51,590427814,sell,0.02 / 0.02,XAUUSD-STDc,market,0,0,2026.07.16 19:18:51,filled,copy #991875135,Sheet6,2026.07.16 23:59
2026.07.16 19:19:07,590431375,buy,0.11 / 0.11,XAUUSD-STDc,market,0,0,2026.07.16 19:19:08,filled,copy #991878398,Sheet6,2026.07.16 23:59
2026.07.16 19:19:48,590439534,buy,0.02 / 0.02,XAUUSD-STDc,market,0,0,2026.07.16 19:19:49,filled,copy #991882396,Sheet6,2026.07.16 23:59
2026.07.16 19:19:55,590444699,buy,0.14 / 0.14,XAUUSD-STDc,market,0,0,2026.07.16 19:19:55,filled,copy #991884882,Sheet6,2026.07.16 23:59
2026.07.16 19:20:20,590459314,buy,0.18 / 0.18,XAUUSD-STDc,market,0,0,2026.07.16 19:20:21,filled,copy #991892476,Sheet6,2026.07.16 23:59
2026.07.16 19:21:23,590473389,sell,0.02 / 0.02,XAUUSD-STDc,market,0,0,2026.07.16 19:21:24,filled,copy #991901746,Sheet6,2026.07.16 23:59
2026.07.16 19:44:58,590538713,buy,0.02 / 0.02,XAUUSD-STDc,market,0,0,2026.07.16 19:44:58,filled,copy #991958692,Sheet6,2026.07.16 23:59
2026.07.16 19:44:58,590539121,sell,0.18 / 0.18,XAUUSD-STDc,market,0,0,2026.07.16 19:44:59,filled,copy #991958721,Sheet6,2026.07.16 23:59
2026.07.16 19:44:58,590539384,sell,0.14 / 0.14,XAUUSD-STDc,market,0,0,2026.07.16 19:44:59,filled,copy #991958817,Sheet6,2026.07.16 23:59
2026.07.16 19:44:59,590539687,sell,0.11 / 0.11,XAUUSD-STDc,market,0,0,2026.07.16 19:44:59,filled,copy #991958895,Sheet6,2026.07.16 23:59
2026.07.16 19:44:59,590540031,sell,0.08 / 0.08,XAUUSD-STDc,market,0,0,2026.07.16 19:44:59,filled,copy #991958938,Sheet6,2026.07.16 23:59
2026.07.16 19:44:59,590540235,sell,0.06 / 0.06,XAUUSD-STDc,market,0,0,2026.07.16 19:44:59,filled,copy #991958963,Sheet6,2026.07.16 23:59
2026.07.16 19:44:59,590540565,sell,0.05 / 0.05,XAUUSD-STDc,market,0,0,2026.07.16 19:45:00,filled,copy #991959035,Sheet6,2026.07.16 23:59
2026.07.16 19:45:00,590540824,sell,0.04 / 0.04,XAUUSD-STDc,market,0,0,2026.07.16 19:45:00,filled,copy #991959124,Sheet6,2026.07.16 23:59
2026.07.16 19:45:00,590541197,sell,0.03 / 0.03,XAUUSD-STDc,market,0,0,2026.07.16 19:45:00,filled,copy #991959189,Sheet6,2026.07.16 23:59
2026.07.16 19:45:00,590541452,sell,0.02 / 0.02,XAUUSD-STDc,market,0,0,2026.07.16 19:45:01,filled,copy #991959291,Sheet6,2026.07.16 23:59
2026.07.16 19:45:00,590541702,sell,0.02 / 0.02,XAUUSD-STDc,market,0,0,2026.07.16 19:45:01,filled,copy #991959368,Sheet6,2026.07.16 23:59
2026.07.16 19:45:01,590542429,sell,0.02 / 0.02,XAUUSD-STDc,market,0,0,2026.07.16 19:45:01,filled,copy #991959534,Sheet6,2026.07.16 23:59
2026.07.15 09:13:16,580027847,buy,0.02 / 0.02,XAUUSD-STDc,market,0,0,2026.07.15 09:13:17,filled,copy #985645134,Sheet7,2026.07.15 23:59
2026.07.15 09:15:27,580054251,buy,0.02 / 0.02,XAUUSD-STDc,market,0,0,2026.07.15 09:15:28,filled,copy #985656659,Sheet7,2026.07.15 23:59
2026.07.15 09:18:55,580081149,buy,0.03 / 0.03,XAUUSD-STDc,market,0,0,2026.07.15 09:18:56,filled,copy #985670861,Sheet7,2026.07.15 23:59
2026.07.15 09:22:40,580127633,buy,0.04 / 0.04,XAUUSD-STDc,market,0,0,2026.07.15 09:22:41,filled,copy #985693115,Sheet7,2026.07.15 23:59
2026.07.15 09:25:43,580169414,sell,0.02 / 0.02,XAUUSD-STDc,market,0,0,2026.07.15 09:25:44,filled,copy #985710058,Sheet7,2026.07.15 23:59
2026.07.15 09:25:43,580169340,sell,0.03 / 0.03,XAUUSD-STDc,market,0,0,2026.07.15 09:25:44,filled,copy #985709978,Sheet7,2026.07.15 23:59
2026.07.15 09:25:43,580169535,sell,0.02 / 0.02,XAUUSD-STDc,market,0,0,2026.07.15 09:25:44,filled,copy #985710100,Sheet7,2026.07.15 23:59
2026.07.15 09:25:43,580169491,sell,0.04 / 0.04,XAUUSD-STDc,market,0,0,2026.07.15 09:25:44,filled,copy #985710092,Sheet7,2026.07.15 23:59
2026.07.15 09:25:58,580175975,sell,0.02 / 0.02,XAUUSD-STDc,market,0,0,2026.07.15 09:25:58,filled,copy #985716535,Sheet7,2026.07.15 23:59
2026.07.15 09:30:59,580194803,buy,0.02 / 0.02,XAUUSD-STDc,market,0,0,2026.07.15 09:31:00,filled,copy #985730235,Sheet7,2026.07.15 23:59
2026.07.15 09:37:18,580258451,sell,0.02 / 0.02,XAUUSD-STDc,market,0,0,2026.07.15 09:37:18,filled,copy #985758243,Sheet7,2026.07.15 23:59
2026.07.15 09:38:39,580275466,sell,0.02 / 0.02,XAUUSD-STDc,market,0,0,2026.07.15 09:38:39,filled,copy #985766899,Sheet7,2026.07.15 23:59
2026.07.15 09:45:04,580300660,sell,0.03 / 0.03,XAUUSD-STDc,market,0,0,2026.07.15 09:45:05,filled,copy #985785692,Sheet7,2026.07.15 23:59
2026.07.15 10:14:33,580402991,buy,0.02 / 0.02,XAUUSD-STDc,market,0,0,2026.07.15 10:14:33,filled,copy #985853393,Sheet7,2026.07.15 23:59
2026.07.15 10:21:50,580417958,buy,0.02 / 0.02,XAUUSD-STDc,market,0,0,2026.07.15 10:21:50,filled,copy #985864604,Sheet7,2026.07.15 23:59
2026.07.15 10:21:50,580418224,buy,0.03 / 0.03,XAUUSD-STDc,market,0,0,2026.07.15 10:21:50,filled,copy #985864607,Sheet7,2026.07.15 23:59
2026.07.15 10:21:50,580418526,buy,0.02 / 0.02,XAUUSD-STDc,market,0,0,2026.07.15 10:21:50,filled,copy #985864610,Sheet7,2026.07.15 23:59
2026.07.15 10:23:37,580447850,buy,0.02 / 0.02,XAUUSD-STDc,market,0,0,2026.07.15 10:23:37,filled,copy #985875796,Sheet7,2026.07.15 23:59
2026.07.15 10:27:40,580504437,buy,0.03 / 0.03,XAUUSD-STDc,market,0,0,2026.07.15 10:27:40,filled,copy #985906028,Sheet7,2026.07.15 23:59
2026.07.15 10:33:01,580548917,sell,0.02 / 0.02,XAUUSD-STDc,market,0,0,2026.07.15 10:33:01,filled,copy #985932985,Sheet7,2026.07.15 23:59
2026.07.15 10:35:08,580570444,buy,0.02 / 0.02,XAUUSD-STDc,market,0,0,2026.07.15 10:35:08,filled,copy #985944082,Sheet7,2026.07.15 23:59
2026.07.15 11:02:56,580737509,sell,0.02 / 0.02,XAUUSD-STDc,market,0,0,2026.07.15 11:02:56,filled,copy #986040432,Sheet7,2026.07.15 23:59
2026.07.15 11:10:06,580758879,buy,0.02 / 0.02,XAUUSD-STDc,market,0,0,2026.07.15 11:10:06,filled,copy #986054822,Sheet7,2026.07.15 23:59
2026.07.15 11:14:16,580816374,buy,0.04 / 0.04,XAUUSD-STDc,market,0,0,2026.07.15 11:14:17,filled,copy #986080197,Sheet7,2026.07.15 23:59
2026.07.15 11:19:38,580861382,sell,0.02 / 0.02,XAUUSD-STDc,market,0,0,2026.07.15 11:19:39,filled,copy #986106725,Sheet7,2026.07.15 23:59
2026.07.15 11:28:20,580873124,sell,0.02 / 0.02,XAUUSD-STDc,market,0,0,2026.07.15 11:28:20,filled,copy #986121821,Sheet7,2026.07.15 23:59
2026.07.15 11:28:20,580873840,sell,0.04 / 0.04,XAUUSD-STDc,market,0,0,2026.07.15 11:28:21,filled,copy #986121847,Sheet7,2026.07.15 23:59
2026.07.15 11:28:20,580874034,sell,0.02 / 0.02,XAUUSD-STDc,market,0,0,2026.07.15 11:28:21,filled,copy #986121854,Sheet7,2026.07.15 23:59
2026.07.15 11:28:20,580873644,sell,0.03 / 0.03,XAUUSD-STDc,market,0,0,2026.07.15 11:28:21,filled,copy #986121836,Sheet7,2026.07.15 23:59
2026.07.15 11:30:38,580899546,sell,0.02 / 0.02,XAUUSD-STDc,market,0,0,2026.07.15 11:30:39,filled,copy #986135590,Sheet7,2026.07.15 23:59
2026.07.15 11:47:29,580954814,sell,0.03 / 0.03,XAUUSD-STDc,market,0,0,2026.07.15 11:47:29,filled,copy #986178075,Sheet7,2026.07.15 23:59
2026.07.15 11:55:26,580974203,sell,0.04 / 0.04,XAUUSD-STDc,market,0,0,2026.07.15 11:55:27,filled,copy #986194626,Sheet7,2026.07.15 23:59
2026.07.15 11:58:26,580996089,sell,0.05 / 0.05,XAUUSD-STDc,market,0,0,2026.07.15 11:58:27,filled,copy #986208682,Sheet7,2026.07.15 23:59
2026.07.15 12:30:03,581101936,buy,0.02 / 0.02,XAUUSD-STDc,market,0,0,2026.07.15 12:30:04,filled,copy #986287130,Sheet7,2026.07.15 23:59
2026.07.15 12:34:22,581114589,buy,0.02 / 0.02,XAUUSD-STDc,market,0,0,2026.07.15 12:34:23,filled,copy #986296856,Sheet7,2026.07.15 23:59
2026.07.15 12:34:22,581114677,buy,0.04 / 0.04,XAUUSD-STDc,market,0,0,2026.07.15 12:34:23,filled,copy #986296884,Sheet7,2026.07.15 23:59
2026.07.15 12:34:23,581115344,buy,0.05 / 0.05,XAUUSD-STDc,market,0,0,2026.07.15 12:34:23,filled,copy #986296895,Sheet7,2026.07.15 23:59
2026.07.15 12:34:23,581115213,buy,0.02 / 0.02,XAUUSD-STDc,market,0,0,2026.07.15 12:34:23,filled,copy #986296887,Sheet7,2026.07.15 23:59
2026.07.15 12:34:23,581115483,buy,0.03 / 0.03,XAUUSD-STDc,market,0,0,2026.07.15 12:34:24,filled,copy #986296909,Sheet7,2026.07.15 23:59
2026.07.15 12:37:38,581133073,buy,0.02 / 0.02,XAUUSD-STDc,market,0,0,2026.07.15 12:37:39,filled,copy #986309061,Sheet7,2026.07.15 23:59
2026.07.15 12:59:37,581165586,sell,0.02 / 0.02,XAUUSD-STDc,market,0,0,2026.07.15 12:59:38,filled,copy #986341991,Sheet7,2026.07.15 23:59
2026.07.15 12:59:42,581166260,sell,0.02 / 0.02,XAUUSD-STDc,market,0,0,2026.07.15 12:59:42,filled,copy #986342260,Sheet7,2026.07.15 23:59
2026.07.15 13:00:37,581168624,sell,0.02 / 0.02,XAUUSD-STDc,market,0,0,2026.07.15 13:00:37,filled,copy #986346061,Sheet7,2026.07.15 23:59
2026.07.15 13:07:38,581192243,sell,0.02 / 0.02,XAUUSD-STDc,market,0,0,2026.07.15 13:07:38,filled,copy #986363718,Sheet7,2026.07.15 23:59
2026.07.15 13:14:44,581235140,sell,0.03 / 0.03,XAUUSD-STDc,market,0,0,2026.07.15 13:14:44,filled,copy #986390369,Sheet7,2026.07.15 23:59
2026.07.15 13:24:57,581286173,buy,0.03 / 0.03,XAUUSD-STDc,market,0,0,2026.07.15 13:24:58,filled,copy #986419291,Sheet7,2026.07.15 23:59
2026.07.15 13:24:57,581286501,buy,0.02 / 0.02,XAUUSD-STDc,market,0,0,2026.07.15 13:24:58,filled,copy #986419330,Sheet7,2026.07.15 23:59
2026.07.15 13:24:58,581288145,buy,0.02 / 0.02,XAUUSD-STDc,market,0,0,2026.07.15 13:24:59,filled,copy #986419337,Sheet7,2026.07.15 23:59
2026.07.15 13:25:22,581292713,buy,0.02 / 0.02,XAUUSD-STDc,market,0,0,2026.07.15 13:25:23,filled,copy #986423739,Sheet7,2026.07.15 23:59
2026.07.15 13:26:14,581305646,buy,0.02 / 0.02,XAUUSD-STDc,market,0,0,2026.07.15 13:26:14,filled,copy #986430439,Sheet7,2026.07.15 23:59
2026.07.15 13:36:09,581332271,sell,0.02 / 0.02,XAUUSD-STDc,market,0,0,2026.07.15 13:36:09,filled,copy #986449158,Sheet7,2026.07.15 23:59
2026.07.15 13:36:09,581332580,sell,0.02 / 0.02,XAUUSD-STDc,market,0,0,2026.07.15 13:36:10,filled,copy #986449209,Sheet7,2026.07.15 23:59
2026.07.15 13:40:22,581349179,sell,0.02 / 0.02,XAUUSD-STDc,market,0,0,2026.07.15 13:40:23,filled,copy #986459696,Sheet7,2026.07.15 23:59
2026.07.15 13:46:55,581367024,buy,0.02 / 0.02,XAUUSD-STDc,market,0,0,2026.07.15 13:46:56,filled,copy #986472753,Sheet7,2026.07.15 23:59
2026.07.15 13:48:17,581380683,buy,0.02 / 0.02,XAUUSD-STDc,market,0,0,2026.07.15 13:48:18,filled,copy #986480885,Sheet7,2026.07.15 23:59
2026.07.15 14:06:12,581409729,sell,0.02 / 0.02,XAUUSD-STDc,market,0,0,2026.07.15 14:06:13,filled,copy #986511324,Sheet7,2026.07.15 23:59
2026.07.15 14:42:09,581513386,sell,0.02 / 0.02,XAUUSD-STDc,market,0,0,2026.07.15 14:42:09,filled,copy #986590977,Sheet7,2026.07.15 23:59
2026.07.15 15:02:12,581562034,sell,0.02 / 0.02,XAUUSD-STDc,market,0,0,2026.07.15 15:02:13,filled,copy #986640327,Sheet7,2026.07.15 23:59
2026.07.15 15:04:28,581576926,sell,0.03 / 0.03,XAUUSD-STDc,market,0,0,2026.07.15 15:04:28,filled,copy #986651204,Sheet7,2026.07.15 23:59
2026.07.15 15:06:30,581588367,buy,0.03 / 0.03,XAUUSD-STDc,market,0,0,2026.07.15 15:06:31,filled,copy #986662758,Sheet7,2026.07.15 23:59
2026.07.15 15:06:31,581588583,buy,0.02 / 0.02,XAUUSD-STDc,market,0,0,2026.07.15 15:06:31,filled,copy #986662775,Sheet7,2026.07.15 23:59
2026.07.15 15:06:31,581588794,buy,0.02 / 0.02,XAUUSD-STDc,market,0,0,2026.07.15 15:06:32,filled,copy #986662861,Sheet7,2026.07.15 23:59
2026.07.15 15:30:24,581650409,sell,0.02 / 0.02,XAUUSD-STDc,market,0,0,2026.07.15 15:30:24,filled,copy #986713833,Sheet7,2026.07.15 23:59
2026.07.15 15:30:28,581655517,sell,0.02 / 0.02,XAUUSD-STDc,market,0,0,2026.07.15 15:30:28,filled,copy #986715288,Sheet7,2026.07.15 23:59
2026.07.15 15:30:47,581666059,sell,0.03 / 0.03,XAUUSD-STDc,market,0,0,2026.07.15 15:30:47,filled,copy #986722656,Sheet7,2026.07.15 23:59
2026.07.15 15:31:06,581671113,sell,0.05 / 0.05,XAUUSD-STDc,market,0,0,2026.07.15 15:31:06,filled,copy #986734718,Sheet7,2026.07.15 23:59
2026.07.15 15:31:06,581671334,sell,0.04 / 0.04,XAUUSD-STDc,market,0,0,2026.07.15 15:31:06,filled,copy #986734725,Sheet7,2026.07.15 23:59
2026.07.15 15:32:54,581703243,sell,0.06 / 0.06,XAUUSD-STDc,market,0,0,2026.07.15 15:32:55,filled,copy #986762811,Sheet7,2026.07.15 23:59
2026.07.15 15:34:23,581722364,buy,0.02 / 0.02,XAUUSD-STDc,market,0,0,2026.07.15 15:34:24,filled,copy #986784296,Sheet7,2026.07.15 23:59
2026.07.15 15:34:29,581725005,sell,0.08 / 0.08,XAUUSD-STDc,market,0,0,2026.07.15 15:34:30,filled,copy #986786231,Sheet7,2026.07.15 23:59
2026.07.15 15:35:17,581735098,sell,0.02 / 0.02,XAUUSD-STDc,market,0,0,2026.07.15 15:35:18,filled,copy #986792053,Sheet7,2026.07.15 23:59
2026.07.15 15:35:26,581743500,sell,0.11 / 0.11,XAUUSD-STDc,market,0,0,2026.07.15 15:35:26,filled,copy #986798200,Sheet7,2026.07.15 23:59
2026.07.15 15:36:48,581768600,sell,0.14 / 0.14,XAUUSD-STDc,market,0,0,2026.07.15 15:36:49,filled,copy #986815500,Sheet7,2026.07.15 23:59
2026.07.15 15:37:52,581791229,sell,0.18 / 0.18,XAUUSD-STDc,market,0,0,2026.07.15 15:37:53,filled,copy #986832927,Sheet7,2026.07.15 23:59
2026.07.15 15:39:35,581808751,sell,0.23 / 0.23,XAUUSD-STDc,market,0,0,2026.07.15 15:39:35,filled,copy #986849034,Sheet7,2026.07.15 23:59
2026.07.15 15:58:35,581916819,sell,0.3 / 0.3,XAUUSD-STDc,market,0,0,2026.07.15 15:58:35,filled,copy #986945275,Sheet7,2026.07.15 23:59
2026.07.15 15:58:47,581925299,sell,0.39 / 0.39,XAUUSD-STDc,market,0,0,2026.07.15 15:58:48,filled,copy #986950451,Sheet7,2026.07.15 23:59
2026.07.15 16:00:16,581937172,buy,0.02 / 0.02,XAUUSD-STDc,market,0,0,2026.07.15 16:00:16,filled,copy #986964278,Sheet7,2026.07.15 23:59
2026.07.15 16:02:24,581947449,sell,0.02 / 0.02,XAUUSD-STDc,market,0,0,2026.07.15 16:02:24,filled,copy #986975469,Sheet7,2026.07.15 23:59
2026.07.15 16:02:34,581950828,buy,0.02 / 0.02,XAUUSD-STDc,market,0,0,2026.07.15 16:02:34,filled,copy #986977824,Sheet7,2026.07.15 23:59
2026.07.15 16:04:16,581958761,sell,0.02 / 0.02,XAUUSD-STDc,market,0,0,2026.07.15 16:04:17,filled,copy #986984137,Sheet7,2026.07.15 23:59
2026.07.15 16:05:27,581983857,sell,0.51 / 0.51,XAUUSD-STDc,market,0,0,2026.07.15 16:05:27,filled,copy #987000198,Sheet7,2026.07.15 23:59
2026.07.15 16:10:22,582020187,buy,0.51 / 0.51,XAUUSD-STDc,market,0,0,2026.07.15 16:10:23,filled,copy #987026409,Sheet7,2026.07.15 23:59
2026.07.15 16:10:22,582020529,buy,0.39 / 0.39,XAUUSD-STDc,market,0,0,2026.07.15 16:10:23,filled,copy #987026668,Sheet7,2026.07.15 23:59
2026.07.15 16:10:29,582021772,buy,0.06 / 0.06,XAUUSD-STDc,market,0,0,2026.07.15 16:10:29,filled,copy #987028200,Sheet7,2026.07.15 23:59
2026.07.15 16:10:29,582021721,buy,0.05 / 0.05,XAUUSD-STDc,market,0,0,2026.07.15 16:10:29,filled,copy #987028158,Sheet7,2026.07.15 23:59
2026.07.15 16:10:29,582022186,buy,0.08 / 0.08,XAUUSD-STDc,market,0,0,2026.07.15 16:10:30,filled,copy #987028406,Sheet7,2026.07.15 23:59
2026.07.15 16:10:30,582022523,buy,0.11 / 0.11,XAUUSD-STDc,market,0,0,2026.07.15 16:10:30,filled,copy #987028457,Sheet7,2026.07.15 23:59
2026.07.15 16:10:30,582023096,buy,0.14 / 0.14,XAUUSD-STDc,market,0,0,2026.07.15 16:10:31,filled,copy #987028562,Sheet7,2026.07.15 23:59
2026.07.15 16:10:30,582023430,buy,0.18 / 0.18,XAUUSD-STDc,market,0,0,2026.07.15 16:10:31,filled,copy #987028620,Sheet7,2026.07.15 23:59
2026.07.15 16:10:31,582023675,buy,0.23 / 0.23,XAUUSD-STDc,market,0,0,2026.07.15 16:10:31,filled,copy #987028679,Sheet7,2026.07.15 23:59
2026.07.15 16:10:31,582023908,buy,0.3 / 0.3,XAUUSD-STDc,market,0,0,2026.07.15 16:10:31,filled,copy #987028707,Sheet7,2026.07.15 23:59
2026.07.15 16:10:31,582024159,buy,0.02 / 0.02,XAUUSD-STDc,market,0,0,2026.07.15 16:10:32,filled,copy #987028842,Sheet7,2026.07.15 23:59
2026.07.15 16:10:32,582024409,buy,0.02 / 0.02,XAUUSD-STDc,market,0,0,2026.07.15 16:10:32,filled,copy #987028917,Sheet7,2026.07.15 23:59
2026.07.15 16:10:32,582024686,buy,0.03 / 0.03,XAUUSD-STDc,market,0,0,2026.07.15 16:10:33,filled,copy #987029015,Sheet7,2026.07.15 23:59
2026.07.15 16:10:32,582024905,buy,0.04 / 0.04,XAUUSD-STDc,market,0,0,2026.07.15 16:10:33,filled,copy #987029137,Sheet7,2026.07.15 23:59
2026.07.15 16:10:34,582025240,buy,0.02 / 0.02,XAUUSD-STDc,market,0,0,2026.07.15 16:10:34,filled,copy #987029453,Sheet7,2026.07.15 23:59
2026.07.15 16:13:46,582047940,buy,0.02 / 0.02,XAUUSD-STDc,market,0,0,2026.07.15 16:13:46,filled,copy #987045433,Sheet7,2026.07.15 23:59
2026.07.15 16:26:02,582109277,buy,0.03 / 0.03,XAUUSD-STDc,market,0,0,2026.07.15 16:26:03,filled,copy #987098342,Sheet7,2026.07.15 23:59
2026.07.15 16:27:40,582128183,buy,0.04 / 0.04,XAUUSD-STDc,market,0,0,2026.07.15 16:27:41,filled,copy #987113400,Sheet7,2026.07.15 23:59
2026.07.15 16:31:15,582148389,sell,0.02 / 0.02,XAUUSD-STDc,market,0,0,2026.07.15 16:31:15,filled,copy #987133332,Sheet7,2026.07.15 23:59
2026.07.15 16:36:32,582167303,sell,0.02 / 0.02,XAUUSD-STDc,market,0,0,2026.07.15 16:36:32,filled,copy #987153107,Sheet7,2026.07.15 23:59
2026.07.15 16:42:14,582195929,sell,0.02 / 0.02,XAUUSD-STDc,market,0,0,2026.07.15 16:42:15,filled,copy #987172246,Sheet7,2026.07.15 23:59
2026.07.15 16:42:15,582196205,sell,0.04 / 0.04,XAUUSD-STDc,market,0,0,2026.07.15 16:42:15,filled,copy #987172259,Sheet7,2026.07.15 23:59
2026.07.15 16:42:15,582196662,sell,0.03 / 0.03,XAUUSD-STDc,market,0,0,2026.07.15 16:42:15,filled,copy #987172275,Sheet7,2026.07.15 23:59
2026.07.15 16:42:15,582196417,sell,0.02 / 0.02,XAUUSD-STDc,market,0,0,2026.07.15 16:42:15,filled,copy #987172270,Sheet7,2026.07.15 23:59
2026.07.15 16:42:19,582197306,sell,0.03 / 0.03,XAUUSD-STDc,market,0,0,2026.07.15 16:42:19,filled,copy #987172984,Sheet7,2026.07.15 23:59
2026.07.15 16:46:17,582209682,buy,0.02 / 0.02,XAUUSD-STDc,market,0,0,2026.07.15 16:46:18,filled,copy #987184541,Sheet7,2026.07.15 23:59
2026.07.15 16:46:18,582209893,buy,0.02 / 0.02,XAUUSD-STDc,market,0,0,2026.07.15 16:46:18,filled,copy #987184565,Sheet7,2026.07.15 23:59
2026.07.15 16:46:18,582210124,buy,0.03 / 0.03,XAUUSD-STDc,market,0,0,2026.07.15 16:46:19,filled,copy #987184707,Sheet7,2026.07.15 23:59
2026.07.15 16:55:18,582263496,sell,0.02 / 0.02,XAUUSD-STDc,market,0,0,2026.07.15 16:55:19,filled,copy #987229059,Sheet7,2026.07.15 23:59
2026.07.15 16:56:13,582273542,sell,0.02 / 0.02,XAUUSD-STDc,market,0,0,2026.07.15 16:56:13,filled,copy #987234314,Sheet7,2026.07.15 23:59
2026.07.15 16:57:51,582291848,sell,0.03 / 0.03,XAUUSD-STDc,market,0,0,2026.07.15 16:57:52,filled,copy #987246125,Sheet7,2026.07.15 23:59
2026.07.15 17:21:29,582388230,buy,0.02 / 0.02,XAUUSD-STDc,market,0,0,2026.07.15 17:21:30,filled,copy #987323874,Sheet7,2026.07.15 23:59
2026.07.15 17:21:29,582388310,buy,0.03 / 0.03,XAUUSD-STDc,market,0,0,2026.07.15 17:21:30,filled,copy #987323876,Sheet7,2026.07.15 23:59
2026.07.15 17:21:30,582388675,buy,0.02 / 0.02,XAUUSD-STDc,market,0,0,2026.07.15 17:21:30,filled,copy #987323927,Sheet7,2026.07.15 23:59
2026.07.15 17:23:49,582400349,buy,0.02 / 0.02,XAUUSD-STDc,market,0,0,2026.07.15 17:23:49,filled,copy #987334356,Sheet7,2026.07.15 23:59
2026.07.15 17:24:39,582408268,buy,0.02 / 0.02,XAUUSD-STDc,market,0,0,2026.07.15 17:24:40,filled,copy #987340473,Sheet7,2026.07.15 23:59
2026.07.15 17:30:47,582422983,sell,0.02 / 0.02,XAUUSD-STDc,market,0,0,2026.07.15 17:30:47,filled,copy #987359842,Sheet7,2026.07.15 23:59
2026.07.15 17:33:36,582428009,buy,0.02 / 0.02,XAUUSD-STDc,market,0,0,2026.07.15 17:33:37,filled,copy #987366743,Sheet7,2026.07.15 23:59
2026.07.15 17:33:36,582428222,sell,0.02 / 0.02,XAUUSD-STDc,market,0,0,2026.07.15 17:33:37,filled,copy #987366755,Sheet7,2026.07.15 23:59
2026.07.15 17:33:37,582428430,sell,0.02 / 0.02,XAUUSD-STDc,market,0,0,2026.07.15 17:33:37,filled,copy #987366756,Sheet7,2026.07.15 23:59
2026.07.10 17:48:55,565854507,sell,0.14 / 0.14,XAUUSD-STDc,market,0,0,2026.07.10 17:48:55,filled,copy #975526019,Sheet8,2026.07.10 23:59
2026.07.10 17:48:55,565854699,sell,0.11 / 0.11,XAUUSD-STDc,market,0,0,2026.07.10 17:48:56,filled,copy #975526025,Sheet8,2026.07.10 23:59
2026.07.10 17:48:56,565854899,sell,0.06 / 0.06,XAUUSD-STDc,market,0,0,2026.07.10 17:48:56,filled,copy #975526088,Sheet8,2026.07.10 23:59
2026.07.10 17:48:56,565855091,sell,0.08 / 0.08,XAUUSD-STDc,market,0,0,2026.07.10 17:48:56,filled,copy #975526090,Sheet8,2026.07.10 23:59
2026.07.10 17:48:56,565855287,sell,0.05 / 0.05,XAUUSD-STDc,market,0,0,2026.07.10 17:48:57,filled,copy #975526108,Sheet8,2026.07.10 23:59
2026.07.10 17:49:07,565855607,sell,0.04 / 0.04,XAUUSD-STDc,market,0,0,2026.07.10 17:49:07,filled,copy #975526799,Sheet8,2026.07.10 23:59
2026.07.10 17:49:31,565858628,sell,0.03 / 0.03,XAUUSD-STDc,market,0,0,2026.07.10 17:49:31,filled,copy #975530595,Sheet8,2026.07.10 23:59
2026.07.10 17:50:09,565859832,sell,0.18 / 0.18,XAUUSD-STDc,market,0,0,2026.07.10 17:50:10,filled,copy #975534762,Sheet8,2026.07.10 23:59
2026.07.10 17:55:56,565873533,buy,0.18 / 0.18,XAUUSD-STDc,market,0,0,2026.07.10 17:55:56,filled,copy #975555101,Sheet8,2026.07.10 23:59
2026.07.10 17:55:57,565874698,buy,0.03 / 0.03,XAUUSD-STDc,market,0,0,2026.07.10 17:55:58,filled,copy #975555974,Sheet8,2026.07.10 23:59
2026.07.10 17:55:59,565875143,buy,0.04 / 0.04,XAUUSD-STDc,market,0,0,2026.07.10 17:55:59,filled,copy #975556583,Sheet8,2026.07.10 23:59
2026.07.10 17:56:00,565875499,buy,0.05 / 0.05,XAUUSD-STDc,market,0,0,2026.07.10 17:56:00,filled,copy #975556883,Sheet8,2026.07.10 23:59
2026.07.10 17:56:01,565875775,buy,0.14 / 0.14,XAUUSD-STDc,market,0,0,2026.07.10 17:56:01,filled,copy #975557399,Sheet8,2026.07.10 23:59
2026.07.10 17:56:02,565876022,buy,0.06 / 0.06,XAUUSD-STDc,market,0,0,2026.07.10 17:56:02,filled,copy #975557656,Sheet8,2026.07.10 23:59
2026.07.10 17:56:03,565876251,buy,0.11 / 0.11,XAUUSD-STDc,market,0,0,2026.07.10 17:56:03,filled,copy #975557839,Sheet8,2026.07.10 23:59
2026.07.10 17:56:04,565876479,buy,0.08 / 0.08,XAUUSD-STDc,market,0,0,2026.07.10 17:56:05,filled,copy #975558086,Sheet8,2026.07.10 23:59
2026.07.09 08:21:16,559541660,buy,0.02 / 0.02,XAUUSD-STDc,market,0,0,2026.07.09 08:21:17,filled,copy #970534126,Sheet9,2026.07.09 23:59
2026.07.09 08:28:01,559554602,sell,0.02 / 0.02,XAUUSD-STDc,market,0,0,2026.07.09 08:28:02,filled,copy #970544239,Sheet9,2026.07.09 23:59
2026.07.09 08:30:27,559593127,buy,0.02 / 0.02,XAUUSD-STDc,market,0,0,2026.07.09 08:30:27,filled,copy #970558922,Sheet9,2026.07.09 23:59
2026.07.09 08:31:24,559612696,buy,0.02 / 0.02,XAUUSD-STDc,market,0,0,2026.07.09 08:31:24,filled,copy #970566474,Sheet9,2026.07.09 23:59
2026.07.09 08:34:32,559649168,sell,0.02 / 0.02,XAUUSD-STDc,market,0,0,2026.07.09 08:34:32,filled,copy #970583691,Sheet9,2026.07.09 23:59
2026.07.09 08:34:32,559649390,sell,0.02 / 0.02,XAUUSD-STDc,market,0,0,2026.07.09 08:34:33,filled,copy #970583769,Sheet9,2026.07.09 23:59
2026.07.09 08:35:13,559666369,sell,0.02 / 0.02,XAUUSD-STDc,market,0,0,2026.07.09 08:35:13,filled,copy #970589763,Sheet9,2026.07.09 23:59
2026.07.09 08:39:47,559704148,sell,0.02 / 0.02,XAUUSD-STDc,market,0,0,2026.07.09 08:39:47,filled,copy #970609120,Sheet9,2026.07.09 23:59
2026.07.09 08:50:12,559752305,sell,0.03 / 0.03,XAUUSD-STDc,market,0,0,2026.07.09 08:50:13,filled,copy #970643325,Sheet9,2026.07.09 23:59
2026.07.09 08:51:28,559769510,sell,0.04 / 0.04,XAUUSD-STDc,market,0,0,2026.07.09 08:51:28,filled,copy #970654816,Sheet9,2026.07.09 23:59
2026.07.09 08:57:45,559804004,sell,0.05 / 0.05,XAUUSD-STDc,market,0,0,2026.07.09 08:57:45,filled,copy #970677828,Sheet9,2026.07.09 23:59
2026.07.09 09:00:32,559843461,sell,0.06 / 0.06,XAUUSD-STDc,market,0,0,2026.07.09 09:00:33,filled,copy #970713617,Sheet9,2026.07.09 23:59
2026.07.09 09:01:53,559869647,buy,0.02 / 0.02,XAUUSD-STDc,market,0,0,2026.07.09 09:01:53,filled,copy #970728416,Sheet9,2026.07.09 23:59
2026.07.09 09:02:32,559876978,buy,0.02 / 0.02,XAUUSD-STDc,market,0,0,2026.07.09 09:02:33,filled,copy #970734702,Sheet9,2026.07.09 23:59
2026.07.09 09:04:00,559891469,buy,0.03 / 0.03,XAUUSD-STDc,market,0,0,2026.07.09 09:04:01,filled,copy #970743815,Sheet9,2026.07.09 23:59
2026.07.09 09:07:58,559915878,buy,0.04 / 0.04,XAUUSD-STDc,market,0,0,2026.07.09 09:07:58,filled,copy #970760159,Sheet9,2026.07.09 23:59
2026.07.09 09:15:50,559938542,sell,0.04 / 0.04,XAUUSD-STDc,market,0,0,2026.07.09 09:15:51,filled,copy #970783391,Sheet9,2026.07.09 23:59
2026.07.09 09:15:50,559938917,sell,0.02 / 0.02,XAUUSD-STDc,market,0,0,2026.07.09 09:15:51,filled,copy #970783405,Sheet9,2026.07.09 23:59
2026.07.09 09:15:51,559939019,sell,0.02 / 0.02,XAUUSD-STDc,market,0,0,2026.07.09 09:15:51,filled,copy #970783475,Sheet9,2026.07.09 23:59
2026.07.09 09:15:51,559939236,sell,0.03 / 0.03,XAUUSD-STDc,market,0,0,2026.07.09 09:15:51,filled,copy #970783553,Sheet9,2026.07.09 23:59
2026.07.09 09:17:34,559957253,buy,0.02 / 0.02,XAUUSD-STDc,market,0,0,2026.07.09 09:17:35,filled,copy #970790485,Sheet9,2026.07.09 23:59
2026.07.09 09:21:10,559979486,sell,0.02 / 0.02,XAUUSD-STDc,market,0,0,2026.07.09 09:21:10,filled,copy #970801048,Sheet9,2026.07.09 23:59
2026.07.09 09:21:11,559981331,buy,0.02 / 0.02,XAUUSD-STDc,market,0,0,2026.07.09 09:21:12,filled,copy #970801437,Sheet9,2026.07.09 23:59
2026.07.09 09:21:22,559992394,sell,0.02 / 0.02,XAUUSD-STDc,market,0,0,2026.07.09 09:21:22,filled,copy #970805094,Sheet9,2026.07.09 23:59
2026.07.09 09:22:28,560011670,buy,0.02 / 0.02,XAUUSD-STDc,market,0,0,2026.07.09 09:22:29,filled,copy #970815822,Sheet9,2026.07.09 23:59
2026.07.09 09:22:32,560014356,sell,0.08 / 0.08,XAUUSD-STDc,market,0,0,2026.07.09 09:22:32,filled,copy #970816916,Sheet9,2026.07.09 23:59
2026.07.09 09:25:57,560040258,sell,0.02 / 0.02,XAUUSD-STDc,market,0,0,2026.07.09 09:25:58,filled,copy #970830583,Sheet9,2026.07.09 23:59
2026.07.09 09:25:59,560043707,buy,0.02 / 0.02,XAUUSD-STDc,market,0,0,2026.07.09 09:26:00,filled,copy #970832089,Sheet9,2026.07.09 23:59
2026.07.09 09:26:20,560050461,sell,0.11 / 0.11,XAUUSD-STDc,market,0,0,2026.07.09 09:26:21,filled,copy #970836014,Sheet9,2026.07.09 23:59
2026.07.09 09:27:22,560064583,sell,0.02 / 0.02,XAUUSD-STDc,market,0,0,2026.07.09 09:27:23,filled,copy #970841492,Sheet9,2026.07.09 23:59
2026.07.09 09:27:30,560066646,buy,0.02 / 0.02,XAUUSD-STDc,market,0,0,2026.07.09 09:27:31,filled,copy #970843151,Sheet9,2026.07.09 23:59
2026.07.09 09:31:13,560090341,sell,0.02 / 0.02,XAUUSD-STDc,market,0,0,2026.07.09 09:31:14,filled,copy #970856581,Sheet9,2026.07.09 23:59
2026.07.09 09:31:41,560096132,buy,0.02 / 0.02,XAUUSD-STDc,market,0,0,2026.07.09 09:31:42,filled,copy #970859061,Sheet9,2026.07.09 23:59
2026.07.09 09:32:25,560101166,sell,0.02 / 0.02,XAUUSD-STDc,market,0,0,2026.07.09 09:32:26,filled,copy #970861582,Sheet9,2026.07.09 23:59
2026.07.09 09:32:29,560106923,buy,0.02 / 0.02,XAUUSD-STDc,market,0,0,2026.07.09 09:32:30,filled,copy #970863487,Sheet9,2026.07.09 23:59
2026.07.09 09:33:05,560120235,sell,0.02 / 0.02,XAUUSD-STDc,market,0,0,2026.07.09 09:33:06,filled,copy #970870412,Sheet9,2026.07.09 23:59
2026.07.09 09:33:47,560128869,sell,0.14 / 0.14,XAUUSD-STDc,market,0,0,2026.07.09 09:33:48,filled,copy #970875491,Sheet9,2026.07.09 23:59
2026.07.09 09:39:02,560170679,buy,0.02 / 0.02,XAUUSD-STDc,market,0,0,2026.07.09 09:39:02,filled,copy #970898353,Sheet9,2026.07.09 23:59
2026.07.09 09:40:05,560177471,buy,0.02 / 0.02,XAUUSD-STDc,market,0,0,2026.07.09 09:40:05,filled,copy #970903131,Sheet9,2026.07.09 23:59
2026.07.09 09:41:07,560194159,buy,0.03 / 0.03,XAUUSD-STDc,market,0,0,2026.07.09 09:41:07,filled,copy #970910444,Sheet9,2026.07.09 23:59
2026.07.09 09:43:44,560218693,sell,0.02 / 0.02,XAUUSD-STDc,market,0,0,2026.07.09 09:43:45,filled,copy #970922866,Sheet9,2026.07.09 23:59
2026.07.09 09:43:45,560219055,sell,0.03 / 0.03,XAUUSD-STDc,market,0,0,2026.07.09 09:43:45,filled,copy #970923024,Sheet9,2026.07.09 23:59
2026.07.09 09:43:45,560219282,sell,0.02 / 0.02,XAUUSD-STDc,market,0,0,2026.07.09 09:43:45,filled,copy #970923244,Sheet9,2026.07.09 23:59
2026.07.09 09:58:48,560281685,buy,0.02 / 0.02,XAUUSD-STDc,market,0,0,2026.07.09 09:58:48,filled,copy #970958918,Sheet9,2026.07.09 23:59
2026.07.09 09:59:52,560291615,sell,0.02 / 0.02,XAUUSD-STDc,market,0,0,2026.07.09 09:59:53,filled,copy #970963966,Sheet9,2026.07.09 23:59
2026.07.09 10:00:03,560295174,sell,0.18 / 0.18,XAUUSD-STDc,market,0,0,2026.07.09 10:00:03,filled,copy #970966945,Sheet9,2026.07.09 23:59
2026.07.09 10:02:26,560317926,sell,0.23 / 0.23,XAUUSD-STDc,market,0,0,2026.07.09 10:02:27,filled,copy #970982111,Sheet9,2026.07.09 23:59
2026.07.09 10:15:03,560375973,buy,0.02 / 0.02,XAUUSD-STDc,market,0,0,2026.07.09 10:15:03,filled,copy #971019320,Sheet9,2026.07.09 23:59
2026.07.09 10:25:05,560400449,sell,0.02 / 0.02,XAUUSD-STDc,market,0,0,2026.07.09 10:25:05,filled,copy #971040037,Sheet9,2026.07.09 23:59
2026.07.09 10:29:18,560434387,buy,0.02 / 0.02,XAUUSD-STDc,market,0,0,2026.07.09 10:29:19,filled,copy #971056978,Sheet9,2026.07.09 23:59
2026.07.09 10:36:51,560480236,sell,0.02 / 0.02,XAUUSD-STDc,market,0,0,2026.07.09 10:36:52,filled,copy #971083683,Sheet9,2026.07.09 23:59
2026.07.09 11:06:55,560621422,buy,0.02 / 0.02,XAUUSD-STDc,market,0,0,2026.07.09 11:06:56,filled,copy #971152674,Sheet9,2026.07.09 23:59
2026.07.09 11:07:24,560629307,sell,0.02 / 0.02,XAUUSD-STDc,market,0,0,2026.07.09 11:07:24,filled,copy #971155488,Sheet9,2026.07.09 23:59
2026.07.09 11:14:46,560659943,buy,0.02 / 0.02,XAUUSD-STDc,market,0,0,2026.07.09 11:14:47,filled,copy #971170233,Sheet9,2026.07.09 23:59
2026.07.09 11:15:19,560666325,sell,0.02 / 0.02,XAUUSD-STDc,market,0,0,2026.07.09 11:15:19,filled,copy #971173766,Sheet9,2026.07.09 23:59
2026.07.09 11:17:47,560696060,sell,0.3 / 0.3,XAUUSD-STDc,market,0,0,2026.07.09 11:17:48,filled,copy #971186226,Sheet9,2026.07.09 23:59
2026.07.09 11:18:12,560699484,buy,0.02 / 0.02,XAUUSD-STDc,market,0,0,2026.07.09 11:18:13,filled,copy #971188893,Sheet9,2026.07.09 23:59
2026.07.09 11:20:47,560712767,sell,0.02 / 0.02,XAUUSD-STDc,market,0,0,2026.07.09 11:20:47,filled,copy #971196409,Sheet9,2026.07.09 23:59
2026.07.09 11:21:06,560717193,buy,0.02 / 0.02,XAUUSD-STDc,market,0,0,2026.07.09 11:21:06,filled,copy #971198404,Sheet9,2026.07.09 23:59
2026.07.09 11:21:13,560723956,sell,0.02 / 0.02,XAUUSD-STDc,market,0,0,2026.07.09 11:21:14,filled,copy #971200729,Sheet9,2026.07.09 23:59
2026.07.09 11:21:34,560736403,sell,0.39 / 0.39,XAUUSD-STDc,market,0,0,2026.07.09 11:21:34,filled,copy #971208815,Sheet9,2026.07.09 23:59
2026.07.09 11:23:39,560760663,sell,0.51 / 0.51,XAUUSD-STDc,market,0,0,2026.07.09 11:23:39,filled,copy #971222126,Sheet9,2026.07.09 23:59
2026.07.09 11:35:01,560801697,buy,0.02 / 0.02,XAUUSD-STDc,market,0,0,2026.07.09 11:35:01,filled,copy #971248599,Sheet9,2026.07.09 23:59
2026.07.09 11:39:25,560813125,sell,0.02 / 0.02,XAUUSD-STDc,market,0,0,2026.07.09 11:39:25,filled,copy #971259017,Sheet9,2026.07.09 23:59
2026.07.09 12:00:18,560852060,buy,0.51 / 0.51,XAUUSD-STDc,market,0,0,2026.07.09 12:00:19,filled,copy #971299384,Sheet9,2026.07.09 23:59
2026.07.09 12:00:18,560852449,buy,0.3 / 0.3,XAUUSD-STDc,market,0,0,2026.07.09 12:00:19,filled,copy #971299537,Sheet9,2026.07.09 23:59
2026.07.09 12:00:18,560852253,buy,0.39 / 0.39,XAUUSD-STDc,market,0,0,2026.07.09 12:00:19,filled,copy #971299514,Sheet9,2026.07.09 23:59
2026.07.09 12:00:19,560852693,buy,0.23 / 0.23,XAUUSD-STDc,market,0,0,2026.07.09 12:00:19,filled,copy #971299736,Sheet9,2026.07.09 23:59
2026.07.09 12:00:19,560853113,buy,0.14 / 0.14,XAUUSD-STDc,market,0,0,2026.07.09 12:00:19,filled,copy #971299933,Sheet9,2026.07.09 23:59
2026.07.09 12:00:19,560852915,buy,0.18 / 0.18,XAUUSD-STDc,market,0,0,2026.07.09 12:00:20,filled,copy #971299916,Sheet9,2026.07.09 23:59
2026.07.09 12:00:20,560853331,buy,0.11 / 0.11,XAUUSD-STDc,market,0,0,2026.07.09 12:00:20,filled,copy #971300815,Sheet9,2026.07.09 23:59
2026.07.09 12:00:20,560853557,buy,0.06 / 0.06,XAUUSD-STDc,market,0,0,2026.07.09 12:00:20,filled,copy #971300968,Sheet9,2026.07.09 23:59
2026.07.09 12:00:20,560853788,buy,0.08 / 0.08,XAUUSD-STDc,market,0,0,2026.07.09 12:00:20,filled,copy #971300978,Sheet9,2026.07.09 23:59
2026.07.09 12:00:20,560853989,buy,0.05 / 0.05,XAUUSD-STDc,market,0,0,2026.07.09 12:00:21,filled,copy #971300986,Sheet9,2026.07.09 23:59
2026.07.09 12:00:21,560854219,buy,0.04 / 0.04,XAUUSD-STDc,market,0,0,2026.07.09 12:00:21,filled,copy #971301189,Sheet9,2026.07.09 23:59
2026.07.09 12:00:21,560854505,buy,0.03 / 0.03,XAUUSD-STDc,market,0,0,2026.07.09 12:00:21,filled,copy #971301228,Sheet9,2026.07.09 23:59
2026.07.09 12:00:21,560854718,buy,0.02 / 0.02,XAUUSD-STDc,market,0,0,2026.07.09 12:00:22,filled,copy #971301326,Sheet9,2026.07.09 23:59
2026.07.09 12:00:22,560854943,buy,0.02 / 0.02,XAUUSD-STDc,market,0,0,2026.07.09 12:00:22,filled,copy #971301477,Sheet9,2026.07.09 23:59
2026.07.09 12:01:02,560859786,buy,0.02 / 0.02,XAUUSD-STDc,market,0,0,2026.07.09 12:01:02,filled,copy #971306424,Sheet9,2026.07.09 23:59
2026.07.09 12:18:12,560886131,sell,0.02 / 0.02,XAUUSD-STDc,market,0,0,2026.07.09 12:18:12,filled,copy #971336056,Sheet9,2026.07.09 23:59
2026.07.09 12:18:48,560891867,sell,0.02 / 0.02,XAUUSD-STDc,market,0,0,2026.07.09 12:18:49,filled,copy #971340608,Sheet9,2026.07.09 23:59
2026.07.09 12:24:26,560906631,buy,0.02 / 0.02,XAUUSD-STDc,market,0,0,2026.07.09 12:24:26,filled,copy #971353821,Sheet9,2026.07.09 23:59
2026.07.09 12:35:01,560927178,buy,0.02 / 0.02,XAUUSD-STDc,market,0,0,2026.07.09 12:35:01,filled,copy #971372689,Sheet9,2026.07.09 23:59
2026.07.09 12:41:32,560948540,buy,0.02 / 0.02,XAUUSD-STDc,market,0,0,2026.07.09 12:41:32,filled,copy #971389232,Sheet9,2026.07.09 23:59
2026.07.09 13:02:02,560976053,sell,0.02 / 0.02,XAUUSD-STDc,market,0,0,2026.07.09 13:02:03,filled,copy #971423223,Sheet9,2026.07.09 23:59
2026.07.09 13:02:02,560976459,sell,0.02 / 0.02,XAUUSD-STDc,market,0,0,2026.07.09 13:02:04,filled,copy #971423293,Sheet9,2026.07.09 23:59
2026.07.09 13:05:12,560992646,sell,0.02 / 0.02,XAUUSD-STDc,market,0,0,2026.07.09 13:05:13,filled,copy #971433952,Sheet9,2026.07.09 23:59
2026.07.09 13:08:48,561002011,buy,0.02 / 0.02,XAUUSD-STDc,market,0,0,2026.07.09 13:08:49,filled,copy #971441937,Sheet9,2026.07.09 23:59
2026.07.09 13:33:29,561028515,buy,0.02 / 0.02,XAUUSD-STDc,market,0,0,2026.07.09 13:33:29,filled,copy #971468830,Sheet9,2026.07.09 23:59
2026.07.09 13:49:48,561062420,buy,0.02 / 0.02,XAUUSD-STDc,market,0,0,2026.07.09 13:49:49,filled,copy #971502329,Sheet9,2026.07.09 23:59
2026.07.09 13:53:02,561092639,buy,0.03 / 0.03,XAUUSD-STDc,market,0,0,2026.07.09 13:53:03,filled,copy #971529114,Sheet9,2026.07.09 23:59
2026.07.09 14:02:06,561138733,sell,0.02 / 0.02,XAUUSD-STDc,market,0,0,2026.07.09 14:02:06,filled,copy #971564334,Sheet9,2026.07.09 23:59
2026.07.09 14:02:06,561138519,sell,0.03 / 0.03,XAUUSD-STDc,market,0,0,2026.07.09 14:02:06,filled,copy #971564329,Sheet9,2026.07.09 23:59
2026.07.09 14:02:06,561138984,sell,0.02 / 0.02,XAUUSD-STDc,market,0,0,2026.07.09 14:02:06,filled,copy #971564383,Sheet9,2026.07.09 23:59
2026.07.09 14:05:22,561147552,sell,0.02 / 0.02,XAUUSD-STDc,market,0,0,2026.07.09 14:05:23,filled,copy #971575911,Sheet9,2026.07.09 23:59
2026.07.09 14:06:18,561149582,buy,0.02 / 0.02,XAUUSD-STDc,market,0,0,2026.07.09 14:06:19,filled,copy #971578428,Sheet9,2026.07.09 23:59
2026.07.09 14:13:26,561160424,sell,0.02 / 0.02,XAUUSD-STDc,market,0,0,2026.07.09 14:13:26,filled,copy #971593051,Sheet9,2026.07.09 23:59
2026.07.09 14:18:14,561172404,sell,0.02 / 0.02,XAUUSD-STDc,market,0,0,2026.07.09 14:18:15,filled,copy #971605276,Sheet9,2026.07.09 23:59
2026.07.09 14:23:08,561181066,buy,0.02 / 0.02,XAUUSD-STDc,market,0,0,2026.07.09 14:23:08,filled,copy #971613655,Sheet9,2026.07.09 23:59
2026.07.09 14:23:08,561180931,buy,0.02 / 0.02,XAUUSD-STDc,market,0,0,2026.07.09 14:23:08,filled,copy #971613535,Sheet9,2026.07.09 23:59
2026.07.09 14:42:50,561239594,sell,0.02 / 0.02,XAUUSD-STDc,market,0,0,2026.07.09 14:42:50,filled,copy #971670543,Sheet9,2026.07.09 23:59
2026.07.09 14:56:41,561271953,sell,0.02 / 0.02,XAUUSD-STDc,market,0,0,2026.07.09 14:56:42,filled,copy #971700070,Sheet9,2026.07.09 23:59
2026.07.09 15:04:58,561282602,buy,0.02 / 0.02,XAUUSD-STDc,market,0,0,2026.07.09 15:04:58,filled,copy #971714047,Sheet9,2026.07.09 23:59
2026.07.09 15:07:25,561285537,sell,0.02 / 0.02,XAUUSD-STDc,market,0,0,2026.07.09 15:07:26,filled,copy #971718962,Sheet9,2026.07.09 23:59
2026.07.09 15:08:19,561300798,sell,0.03 / 0.03,XAUUSD-STDc,market,0,0,2026.07.09 15:08:19,filled,copy #971730083,Sheet9,2026.07.09 23:59
2026.07.09 15:09:01,561319469,sell,0.04 / 0.04,XAUUSD-STDc,market,0,0,2026.07.09 15:09:01,filled,copy #971745071,Sheet9,2026.07.09 23:59
2026.07.09 15:17:38,561364966,buy,0.03 / 0.03,XAUUSD-STDc,market,0,0,2026.07.09 15:17:38,filled,copy #971775993,Sheet9,2026.07.09 23:59
2026.07.09 15:17:38,561365702,buy,0.02 / 0.02,XAUUSD-STDc,market,0,0,2026.07.09 15:17:39,filled,copy #971776096,Sheet9,2026.07.09 23:59
2026.07.09 15:17:38,561365474,buy,0.02 / 0.02,XAUUSD-STDc,market,0,0,2026.07.09 15:17:39,filled,copy #971776081,Sheet9,2026.07.09 23:59
2026.07.09 15:17:38,561365329,buy,0.04 / 0.04,XAUUSD-STDc,market,0,0,2026.07.09 15:17:39,filled,copy #971776010,Sheet9,2026.07.09 23:59
2026.07.09 15:18:31,561370759,buy,0.02 / 0.02,XAUUSD-STDc,market,0,0,2026.07.09 15:18:32,filled,copy #971779495,Sheet9,2026.07.09 23:59
2026.07.09 15:20:03,561380895,buy,0.02 / 0.02,XAUUSD-STDc,market,0,0,2026.07.09 15:20:03,filled,copy #971788078,Sheet9,2026.07.09 23:59
2026.07.09 15:20:34,561385969,buy,0.03 / 0.03,XAUUSD-STDc,market,0,0,2026.07.09 15:20:34,filled,copy #971792239,Sheet9,2026.07.09 23:59
2026.07.09 15:32:21,561409448,sell,0.02 / 0.02,XAUUSD-STDc,market,0,0,2026.07.09 15:32:21,filled,copy #971827229,Sheet9,2026.07.09 23:59
2026.07.09 15:32:21,561409649,sell,0.03 / 0.03,XAUUSD-STDc,market,0,0,2026.07.09 15:32:21,filled,copy #971827272,Sheet9,2026.07.09 23:59
2026.07.09 15:32:21,561409861,sell,0.02 / 0.02,XAUUSD-STDc,market,0,0,2026.07.09 15:32:21,filled,copy #971827323,Sheet9,2026.07.09 23:59
2026.07.09 15:32:33,561412880,sell,0.02 / 0.02,XAUUSD-STDc,market,0,0,2026.07.09 15:32:34,filled,copy #971829394,Sheet9,2026.07.09 23:59
2026.07.09 15:34:12,561428015,sell,0.02 / 0.02,XAUUSD-STDc,market,0,0,2026.07.09 15:34:12,filled,copy #971837989,Sheet9,2026.07.09 23:59
2026.07.09 15:35:14,561442587,sell,0.03 / 0.03,XAUUSD-STDc,market,0,0,2026.07.09 15:35:14,filled,copy #971845805,Sheet9,2026.07.09 23:59
2026.07.09 15:35:39,561452892,sell,0.04 / 0.04,XAUUSD-STDc,market,0,0,2026.07.09 15:35:39,filled,copy #971851394,Sheet9,2026.07.09 23:59
2026.07.09 15:38:16,561468249,sell,0.05 / 0.05,XAUUSD-STDc,market,0,0,2026.07.09 15:38:16,filled,copy #971865834,Sheet9,2026.07.09 23:59
2026.07.09 15:43:55,561518884,buy,0.05 / 0.05,XAUUSD-STDc,market,0,0,2026.07.09 15:43:56,filled,copy #971894751,Sheet9,2026.07.09 23:59
2026.07.09 15:43:55,561519084,buy,0.04 / 0.04,XAUUSD-STDc,market,0,0,2026.07.09 15:43:56,filled,copy #971894763,Sheet9,2026.07.09 23:59
2026.07.09 15:43:55,561519283,buy,0.02 / 0.02,XAUUSD-STDc,market,0,0,2026.07.09 15:43:56,filled,copy #971894788,Sheet9,2026.07.09 23:59
2026.07.09 15:43:56,561519681,buy,0.02 / 0.02,XAUUSD-STDc,market,0,0,2026.07.09 15:43:56,filled,copy #971894938,Sheet9,2026.07.09 23:59
2026.07.09 15:43:55,561519487,buy,0.03 / 0.03,XAUUSD-STDc,market,0,0,2026.07.09 15:43:56,filled,copy #971894854,Sheet9,2026.07.09 23:59
2026.07.09 15:45:20,561532067,buy,0.02 / 0.02,XAUUSD-STDc,market,0,0,2026.07.09 15:45:20,filled,copy #971903064,Sheet9,2026.07.09 23:59
2026.07.09 15:56:31,561550148,buy,0.02 / 0.02,XAUUSD-STDc,market,0,0,2026.07.09 15:56:32,filled,copy #971932176,Sheet9,2026.07.09 23:59
2026.07.09 16:00:02,561558214,buy,0.03 / 0.03,XAUUSD-STDc,market,0,0,2026.07.09 16:00:02,filled,copy #971943124,Sheet9,2026.07.09 23:59
2026.07.09 16:01:12,561574756,sell,0.02 / 0.02,XAUUSD-STDc,market,0,0,2026.07.09 16:01:13,filled,copy #971954575,Sheet9,2026.07.09 23:59
2026.07.09 16:01:12,561574526,sell,0.03 / 0.03,XAUUSD-STDc,market,0,0,2026.07.09 16:01:13,filled,copy #971954444,Sheet9,2026.07.09 23:59
2026.07.09 16:01:12,561574969,sell,0.02 / 0.02,XAUUSD-STDc,market,0,0,2026.07.09 16:01:13,filled,copy #971954669,Sheet9,2026.07.09 23:59
2026.07.09 16:08:55,561611689,sell,0.02 / 0.02,XAUUSD-STDc,market,0,0,2026.07.09 16:08:55,filled,copy #971986347,Sheet9,2026.07.09 23:59
2026.07.09 16:14:38,561631863,sell,0.02 / 0.02,XAUUSD-STDc,market,0,0,2026.07.09 16:14:38,filled,copy #972007046,Sheet9,2026.07.09 23:59
2026.07.09 16:15:31,561644120,sell,0.03 / 0.03,XAUUSD-STDc,market,0,0,2026.07.09 16:15:32,filled,copy #972016050,Sheet9,2026.07.09 23:59
2026.07.09 16:17:11,561658588,sell,0.04 / 0.04,XAUUSD-STDc,market,0,0,2026.07.09 16:17:12,filled,copy #972029414,Sheet9,2026.07.09 23:59
2026.07.09 16:19:55,561685256,buy,0.02 / 0.02,XAUUSD-STDc,market,0,0,2026.07.09 16:19:55,filled,copy #972048186,Sheet9,2026.07.09 23:59
2026.07.09 16:20:14,561693283,buy,0.02 / 0.02,XAUUSD-STDc,market,0,0,2026.07.09 16:20:17,filled,copy #972051346,Sheet9,2026.07.09 23:59
2026.07.09 16:20:17,561693417,buy,0.04 / 0.04,XAUUSD-STDc,market,0,0,2026.07.09 16:20:17,filled,copy #972051513,Sheet9,2026.07.09 23:59
2026.07.09 16:20:17,561693553,buy,0.02 / 0.02,XAUUSD-STDc,market,0,0,2026.07.09 16:20:17,filled,copy #972051553,Sheet9,2026.07.09 23:59
2026.07.09 16:20:17,561693453,buy,0.03 / 0.03,XAUUSD-STDc,market,0,0,2026.07.09 16:20:17,filled,copy #972051522,Sheet9,2026.07.09 23:59
2026.07.09 16:23:13,561705043,sell,0.02 / 0.02,XAUUSD-STDc,market,0,0,2026.07.09 16:23:13,filled,copy #972062527,Sheet9,2026.07.09 23:59
2026.07.09 16:23:25,561707180,sell,0.02 / 0.02,XAUUSD-STDc,market,0,0,2026.07.09 16:23:26,filled,copy #972064745,Sheet9,2026.07.09 23:59
2026.07.09 16:25:23,561723214,sell,0.02 / 0.02,XAUUSD-STDc,market,0,0,2026.07.09 16:25:23,filled,copy #972074042,Sheet9,2026.07.09 23:59
2026.07.09 16:30:23,561742819,buy,0.02 / 0.02,XAUUSD-STDc,market,0,0,2026.07.09 16:30:24,filled,copy #972090045,Sheet9,2026.07.09 23:59
2026.07.09 16:30:23,561742695,buy,0.02 / 0.02,XAUUSD-STDc,market,0,0,2026.07.09 16:30:24,filled,copy #972089971,Sheet9,2026.07.09 23:59
2026.07.09 16:30:32,561749622,buy,0.02 / 0.02,XAUUSD-STDc,market,0,0,2026.07.09 16:30:32,filled,copy #972093543,Sheet9,2026.07.09 23:59
2026.07.09 16:32:33,561759295,sell,0.02 / 0.02,XAUUSD-STDc,market,0,0,2026.07.09 16:32:33,filled,copy #972102050,Sheet9,2026.07.09 23:59
2026.07.09 16:33:06,561765886,sell,0.02 / 0.02,XAUUSD-STDc,market,0,0,2026.07.09 16:33:06,filled,copy #972105089,Sheet9,2026.07.09 23:59
2026.07.09 16:34:17,561784191,sell,0.02 / 0.02,XAUUSD-STDc,market,0,0,2026.07.09 16:34:17,filled,copy #972115038,Sheet9,2026.07.09 23:59
2026.07.09 16:35:09,561792807,buy,0.02 / 0.02,XAUUSD-STDc,market,0,0,2026.07.09 16:35:09,filled,copy #972120700,Sheet9,2026.07.09 23:59
2026.07.09 16:35:09,561793018,buy,0.02 / 0.02,XAUUSD-STDc,market,0,0,2026.07.09 16:35:09,filled,copy #972120748,Sheet9,2026.07.09 23:59
2026.07.09 16:35:13,561793943,buy,0.02 / 0.02,XAUUSD-STDc,market,0,0,2026.07.09 16:35:13,filled,copy #972121453,Sheet9,2026.07.09 23:59
2026.07.09 16:38:28,561809167,sell,0.02 / 0.02,XAUUSD-STDc,market,0,0,2026.07.09 16:38:28,filled,copy #972131625,Sheet9,2026.07.09 23:59
2026.07.09 16:40:36,561824929,buy,0.02 / 0.02,XAUUSD-STDc,market,0,0,2026.07.09 16:40:36,filled,copy #972141299,Sheet9,2026.07.09 23:59
2026.07.09 16:42:53,561829895,sell,0.02 / 0.02,XAUUSD-STDc,market,0,0,2026.07.09 16:42:54,filled,copy #972146966,Sheet9,2026.07.09 23:59
2026.07.09 16:44:32,561845289,sell,0.02 / 0.02,XAUUSD-STDc,market,0,0,2026.07.09 16:44:33,filled,copy #972154872,Sheet9,2026.07.09 23:59
2026.07.09 16:45:44,561857394,buy,0.02 / 0.02,XAUUSD-STDc,market,0,0,2026.07.09 16:45:44,filled,copy #972161430,Sheet9,2026.07.09 23:59
2026.07.09 16:46:59,561867501,buy,0.02 / 0.02,XAUUSD-STDc,market,0,0,2026.07.09 16:46:59,filled,copy #972168128,Sheet9,2026.07.09 23:59
2026.07.09 16:51:30,561875353,sell,0.02 / 0.02,XAUUSD-STDc,market,0,0,2026.07.09 16:51:30,filled,copy #972179390,Sheet9,2026.07.09 23:59
2026.07.09 16:55:34,561899855,buy,0.02 / 0.02,XAUUSD-STDc,market,0,0,2026.07.09 16:55:35,filled,copy #972196855,Sheet9,2026.07.09 23:59
2026.07.09 17:00:05,561914908,sell,0.02 / 0.02,XAUUSD-STDc,market,0,0,2026.07.09 17:00:06,filled,copy #972211884,Sheet9,2026.07.09 23:59
2026.07.09 17:00:11,561919894,sell,0.02 / 0.02,XAUUSD-STDc,market,0,0,2026.07.09 17:00:12,filled,copy #972215281,Sheet9,2026.07.09 23:59
2026.07.09 17:00:35,561937399,sell,0.02 / 0.02,XAUUSD-STDc,market,0,0,2026.07.09 17:00:36,filled,copy #972220947,Sheet9,2026.07.09 23:59
2026.07.09 17:01:25,561951339,sell,0.03 / 0.03,XAUUSD-STDc,market,0,0,2026.07.09 17:01:25,filled,copy #972231496,Sheet9,2026.07.09 23:59
2026.07.09 17:04:06,561970481,sell,0.04 / 0.04,XAUUSD-STDc,market,0,0,2026.07.09 17:04:06,filled,copy #972245967,Sheet9,2026.07.09 23:59
2026.07.09 17:05:44,561989001,sell,0.05 / 0.05,XAUUSD-STDc,market,0,0,2026.07.09 17:05:45,filled,copy #972258046,Sheet9,2026.07.09 23:59
2026.07.09 17:07:08,562009176,buy,0.02 / 0.02,XAUUSD-STDc,market,0,0,2026.07.09 17:07:09,filled,copy #972267798,Sheet9,2026.07.09 23:59
2026.07.09 17:07:08,562009382,buy,0.02 / 0.02,XAUUSD-STDc,market,0,0,2026.07.09 17:07:09,filled,copy #972267840,Sheet9,2026.07.09 23:59
2026.07.09 17:07:08,562009221,buy,0.05 / 0.05,XAUUSD-STDc,market,0,0,2026.07.09 17:07:09,filled,copy #972267813,Sheet9,2026.07.09 23:59
2026.07.09 17:07:08,562010540,buy,0.03 / 0.03,XAUUSD-STDc,market,0,0,2026.07.09 17:07:09,filled,copy #972267998,Sheet9,2026.07.09 23:59
2026.07.09 17:07:08,562010164,buy,0.04 / 0.04,XAUUSD-STDc,market,0,0,2026.07.09 17:07:09,filled,copy #972267985,Sheet9,2026.07.09 23:59
2026.07.09 17:11:11,562040620,buy,0.02 / 0.02,XAUUSD-STDc,market,0,0,2026.07.09 17:11:11,filled,copy #972291944,Sheet9,2026.07.09 23:59
2026.07.09 17:15:57,562058505,buy,0.02 / 0.02,XAUUSD-STDc,market,0,0,2026.07.09 17:15:57,filled,copy #972311740,Sheet9,2026.07.09 23:59
2026.07.09 17:20:30,562078726,buy,0.03 / 0.03,XAUUSD-STDc,market,0,0,2026.07.09 17:20:31,filled,copy #972334607,Sheet9,2026.07.09 23:59
2026.07.09 17:23:48,562098174,sell,0.02 / 0.02,XAUUSD-STDc,market,0,0,2026.07.09 17:23:49,filled,copy #972350046,Sheet9,2026.07.09 23:59
2026.07.09 17:23:48,562099303,sell,0.03 / 0.03,XAUUSD-STDc,market,0,0,2026.07.09 17:23:49,filled,copy #972350050,Sheet9,2026.07.09 23:59
2026.07.09 17:23:48,562099420,sell,0.02 / 0.02,XAUUSD-STDc,market,0,0,2026.07.09 17:23:49,filled,copy #972350116,Sheet9,2026.07.09 23:59
2026.07.09 17:25:36,562116053,sell,0.02 / 0.02,XAUUSD-STDc,market,0,0,2026.07.09 17:25:36,filled,copy #972362003,Sheet9,2026.07.09 23:59
2026.07.09 17:36:09,562144555,sell,0.02 / 0.02,XAUUSD-STDc,market,0,0,2026.07.09 17:36:10,filled,copy #972391580,Sheet9,2026.07.09 23:59
2026.07.09 17:39:23,562155541,buy,0.02 / 0.02,XAUUSD-STDc,market,0,0,2026.07.09 17:39:24,filled,copy #972400136,Sheet9,2026.07.09 23:59
2026.07.09 17:39:24,562155745,buy,0.02 / 0.02,XAUUSD-STDc,market,0,0,2026.07.09 17:39:24,filled,copy #972400149,Sheet9,2026.07.09 23:59
2026.07.09 17:39:49,562156278,buy,0.02 / 0.02,XAUUSD-STDc,market,0,0,2026.07.09 17:39:49,filled,copy #972401356,Sheet9,2026.07.09 23:59
2026.07.09 17:46:17,562168004,sell,0.02 / 0.02,XAUUSD-STDc,market,0,0,2026.07.09 17:46:17,filled,copy #972414022,Sheet9,2026.07.09 23:59
2026.07.09 17:54:02,562196924,sell,0.02 / 0.02,XAUUSD-STDc,market,0,0,2026.07.09 17:54:03,filled,copy #972441126,Sheet9,2026.07.09 23:59
2026.07.09 17:55:04,562202797,sell,0.02 / 0.02,XAUUSD-STDc,market,0,0,2026.07.09 17:55:05,filled,copy #972445522,Sheet9,2026.07.09 23:59
2026.07.09 17:59:03,562224216,sell,0.03 / 0.03,XAUUSD-STDc,market,0,0,2026.07.09 17:59:03,filled,copy #972459390,Sheet9,2026.07.09 23:59
2026.07.09 18:07:11,562245736,sell,0.04 / 0.04,XAUUSD-STDc,market,0,0,2026.07.09 18:07:12,filled,copy #972481104,Sheet9,2026.07.09 23:59
2026.07.09 18:11:26,562262682,buy,0.02 / 0.02,XAUUSD-STDc,market,0,0,2026.07.09 18:11:27,filled,copy #972492445,Sheet9,2026.07.09 23:59
2026.07.09 18:23:04,562273018,sell,0.02 / 0.02,XAUUSD-STDc,market,0,0,2026.07.09 18:23:04,filled,copy #972510105,Sheet9,2026.07.09 23:59
2026.07.09 18:46:36,562322530,sell,0.05 / 0.05,XAUUSD-STDc,market,0,0,2026.07.09 18:46:37,filled,copy #972554053,Sheet9,2026.07.09 23:59
2026.07.09 19:05:37,562354195,buy,0.02 / 0.02,XAUUSD-STDc,market,0,0,2026.07.09 19:05:38,filled,copy #972589397,Sheet9,2026.07.09 23:59
2026.07.09 19:05:38,562354400,buy,0.05 / 0.05,XAUUSD-STDc,market,0,0,2026.07.09 19:05:38,filled,copy #972589423,Sheet9,2026.07.09 23:59
2026.07.09 19:05:38,562354596,buy,0.04 / 0.04,XAUUSD-STDc,market,0,0,2026.07.09 19:05:38,filled,copy #972589424,Sheet9,2026.07.09 23:59
2026.07.09 19:05:38,562354787,buy,0.03 / 0.03,XAUUSD-STDc,market,0,0,2026.07.09 19:05:38,filled,copy #972589453,Sheet9,2026.07.09 23:59
2026.07.09 19:05:38,562354984,buy,0.02 / 0.02,XAUUSD-STDc,market,0,0,2026.07.09 19:05:38,filled,copy #972589471,Sheet9,2026.07.09 23:59
2026.07.09 19:16:35,562387134,sell,0.02 / 0.02,XAUUSD-STDc,market,0,0,2026.07.09 19:16:35,filled,copy #972617327,Sheet9,2026.07.09 23:59
2026.07.09 19:30:25,562414704,sell,0.02 / 0.02,XAUUSD-STDc,market,0,0,2026.07.09 19:30:25,filled,copy #972640033,Sheet9,2026.07.09 23:59
2026.07.09 19:33:19,562431516,sell,0.03 / 0.03,XAUUSD-STDc,market,0,0,2026.07.09 19:33:19,filled,copy #972655768,Sheet9,2026.07.09 23:59
2026.07.09 19:35:40,562437364,buy,0.03 / 0.03,XAUUSD-STDc,market,0,0,2026.07.09 19:35:41,filled,copy #972660778,Sheet9,2026.07.09 23:59
2026.07.09 19:35:40,562437559,buy,0.02 / 0.02,XAUUSD-STDc,market,0,0,2026.07.09 19:35:41,filled,copy #972660782,Sheet9,2026.07.09 23:59
2026.07.09 19:35:41,562437748,buy,0.02 / 0.02,XAUUSD-STDc,market,0,0,2026.07.09 19:35:41,filled,copy #972660818,Sheet9,2026.07.09 23:59
2026.07.08 08:32:03,553394671,sell,0.02 / 0.02,XAUUSD-STDc,market,0,0,2026.07.08 08:32:03,filled,copy #965964466,Sheet10,2026.07.08 23:59
2026.07.08 08:35:02,553424527,sell,0.02 / 0.02,XAUUSD-STDc,market,0,0,2026.07.08 08:35:02,filled,copy #965976496,Sheet10,2026.07.08 23:59
2026.07.08 08:39:06,553452871,sell,0.03 / 0.03,XAUUSD-STDc,market,0,0,2026.07.08 08:39:07,filled,copy #965990532,Sheet10,2026.07.08 23:59
2026.07.08 08:43:32,553485484,sell,0.04 / 0.04,XAUUSD-STDc,market,0,0,2026.07.08 08:43:32,filled,copy #966008113,Sheet10,2026.07.08 23:59
2026.07.08 08:48:10,553511040,buy,0.03 / 0.03,XAUUSD-STDc,market,0,0,2026.07.08 08:48:11,filled,copy #966020556,Sheet10,2026.07.08 23:59
2026.07.08 08:48:10,553511515,buy,0.02 / 0.02,XAUUSD-STDc,market,0,0,2026.07.08 08:48:11,filled,copy #966020683,Sheet10,2026.07.08 23:59
2026.07.08 08:48:11,553511749,buy,0.04 / 0.04,XAUUSD-STDc,market,0,0,2026.07.08 08:48:11,filled,copy #966020785,Sheet10,2026.07.08 23:59
2026.07.08 08:48:11,553511859,buy,0.02 / 0.02,XAUUSD-STDc,market,0,0,2026.07.08 08:48:12,filled,copy #966020829,Sheet10,2026.07.08 23:59
2026.07.08 08:48:31,553521858,buy,0.02 / 0.02,XAUUSD-STDc,market,0,0,2026.07.08 08:48:31,filled,copy #966024733,Sheet10,2026.07.08 23:59
2026.07.08 09:05:48,553592322,buy,0.02 / 0.02,XAUUSD-STDc,market,0,0,2026.07.08 09:05:48,filled,copy #966066836,Sheet10,2026.07.08 23:59
2026.07.08 09:07:33,553604308,buy,0.03 / 0.03,XAUUSD-STDc,market,0,0,2026.07.08 09:07:34,filled,copy #966072684,Sheet10,2026.07.08 23:59
2026.07.08 09:12:41,553633742,sell,0.03 / 0.03,XAUUSD-STDc,market,0,0,2026.07.08 09:12:41,filled,copy #966084787,Sheet10,2026.07.08 23:59
2026.07.08 09:12:41,553633855,sell,0.02 / 0.02,XAUUSD-STDc,market,0,0,2026.07.08 09:12:41,filled,copy #966084849,Sheet10,2026.07.08 23:59
2026.07.08 09:12:41,553633559,sell,0.02 / 0.02,XAUUSD-STDc,market,0,0,2026.07.08 09:12:41,filled,copy #966084720,Sheet10,2026.07.08 23:59
2026.07.08 09:13:07,553653462,sell,0.02 / 0.02,XAUUSD-STDc,market,0,0,2026.07.08 09:13:07,filled,copy #966092811,Sheet10,2026.07.08 23:59
2026.07.08 09:15:43,553671819,sell,0.02 / 0.02,XAUUSD-STDc,market,0,0,2026.07.08 09:15:44,filled,copy #966103464,Sheet10,2026.07.08 23:59
2026.07.08 09:16:52,553686998,sell,0.03 / 0.03,XAUUSD-STDc,market,0,0,2026.07.08 09:16:53,filled,copy #966109417,Sheet10,2026.07.08 23:59
2026.07.08 09:31:58,553754166,buy,0.02 / 0.02,XAUUSD-STDc,market,0,0,2026.07.08 09:31:58,filled,copy #966145541,Sheet10,2026.07.08 23:59
2026.07.08 09:31:58,553754362,buy,0.02 / 0.02,XAUUSD-STDc,market,0,0,2026.07.08 09:31:58,filled,copy #966145598,Sheet10,2026.07.08 23:59
2026.07.08 09:31:58,553754695,buy,0.03 / 0.03,XAUUSD-STDc,market,0,0,2026.07.08 09:31:59,filled,copy #966145964,Sheet10,2026.07.08 23:59
2026.07.08 09:33:45,553775054,buy,0.02 / 0.02,XAUUSD-STDc,market,0,0,2026.07.08 09:33:46,filled,copy #966156121,Sheet10,2026.07.08 23:59
2026.07.08 09:48:49,553802553,buy,0.02 / 0.02,XAUUSD-STDc,market,0,0,2026.07.08 09:48:50,filled,copy #966181544,Sheet10,2026.07.08 23:59
2026.07.08 10:00:31,553826429,buy,0.03 / 0.03,XAUUSD-STDc,market,0,0,2026.07.08 10:00:32,filled,copy #966202703,Sheet10,2026.07.08 23:59
2026.07.08 10:04:41,553844994,buy,0.04 / 0.04,XAUUSD-STDc,market,0,0,2026.07.08 10:04:42,filled,copy #966215902,Sheet10,2026.07.08 23:59
2026.07.08 10:06:09,553868216,buy,0.05 / 0.05,XAUUSD-STDc,market,0,0,2026.07.08 10:06:09,filled,copy #966231880,Sheet10,2026.07.08 23:59
2026.07.08 10:13:22,553894467,buy,0.06 / 0.06,XAUUSD-STDc,market,0,0,2026.07.08 10:13:23,filled,copy #966253529,Sheet10,2026.07.08 23:59
2026.07.08 10:17:03,553911248,sell,0.02 / 0.02,XAUUSD-STDc,market,0,0,2026.07.08 10:17:03,filled,copy #966266048,Sheet10,2026.07.08 23:59
2026.07.08 10:18:04,553913697,buy,0.02 / 0.02,XAUUSD-STDc,market,0,0,2026.07.08 10:18:04,filled,copy #966268096,Sheet10,2026.07.08 23:59
2026.07.08 10:19:51,553930068,buy,0.08 / 0.08,XAUUSD-STDc,market,0,0,2026.07.08 10:19:51,filled,copy #966278537,Sheet10,2026.07.08 23:59
2026.07.08 10:28:29,553969753,sell,0.08 / 0.08,XAUUSD-STDc,market,0,0,2026.07.08 10:28:30,filled,copy #966313382,Sheet10,2026.07.08 23:59
2026.07.08 10:28:31,553970158,sell,0.06 / 0.06,XAUUSD-STDc,market,0,0,2026.07.08 10:28:33,filled,copy #966313583,Sheet10,2026.07.08 23:59
2026.07.08 10:28:33,553970563,sell,0.03 / 0.03,XAUUSD-STDc,market,0,0,2026.07.08 10:28:33,filled,copy #966313749,Sheet10,2026.07.08 23:59
2026.07.08 10:28:31,553970322,sell,0.04 / 0.04,XAUUSD-STDc,market,0,0,2026.07.08 10:28:33,filled,copy #966313622,Sheet10,2026.07.08 23:59
2026.07.08 10:28:32,553970401,sell,0.05 / 0.05,XAUUSD-STDc,market,0,0,2026.07.08 10:28:33,filled,copy #966313645,Sheet10,2026.07.08 23:59
2026.07.08 10:28:33,553970881,sell,0.02 / 0.02,XAUUSD-STDc,market,0,0,2026.07.08 10:28:33,filled,copy #966313878,Sheet10,2026.07.08 23:59
2026.07.08 10:28:33,553971078,sell,0.02 / 0.02,XAUUSD-STDc,market,0,0,2026.07.08 10:28:33,filled,copy #966313998,Sheet10,2026.07.08 23:59
2026.07.08 10:52:26,554152498,buy,0.02 / 0.02,XAUUSD-STDc,market,0,0,2026.07.08 10:52:26,filled,copy #966421613,Sheet10,2026.07.08 23:59
2026.07.08 10:54:01,554169008,buy,0.02 / 0.02,XAUUSD-STDc,market,0,0,2026.07.08 10:54:01,filled,copy #966429077,Sheet10,2026.07.08 23:59
2026.07.08 10:56:21,554183681,buy,0.03 / 0.03,XAUUSD-STDc,market,0,0,2026.07.08 10:56:21,filled,copy #966437345,Sheet10,2026.07.08 23:59
2026.07.08 11:02:08,554207838,buy,0.04 / 0.04,XAUUSD-STDc,market,0,0,2026.07.08 11:02:09,filled,copy #966456521,Sheet10,2026.07.08 23:59
2026.07.08 11:16:42,554276988,buy,0.05 / 0.05,XAUUSD-STDc,market,0,0,2026.07.08 11:16:43,filled,copy #966511095,Sheet10,2026.07.08 23:59
2026.07.08 11:17:02,554297947,buy,0.06 / 0.06,XAUUSD-STDc,market,0,0,2026.07.08 11:17:03,filled,copy #966528323,Sheet10,2026.07.08 23:59
2026.07.08 11:17:13,554308175,sell,0.02 / 0.02,XAUUSD-STDc,market,0,0,2026.07.08 11:17:14,filled,copy #966538080,Sheet10,2026.07.08 23:59
2026.07.08 11:17:15,554311335,buy,0.02 / 0.02,XAUUSD-STDc,market,0,0,2026.07.08 11:17:15,filled,copy #966538880,Sheet10,2026.07.08 23:59
2026.07.08 11:17:18,554312853,buy,0.08 / 0.08,XAUUSD-STDc,market,0,0,2026.07.08 11:17:18,filled,copy #966540756,Sheet10,2026.07.08 23:59
2026.07.08 11:17:30,554329208,sell,0.02 / 0.02,XAUUSD-STDc,market,0,0,2026.07.08 11:17:31,filled,copy #966546737,Sheet10,2026.07.08 23:59
2026.07.08 11:17:32,554330209,buy,0.02 / 0.02,XAUUSD-STDc,market,0,0,2026.07.08 11:17:33,filled,copy #966548316,Sheet10,2026.07.08 23:59
2026.07.08 11:17:32,554331399,buy,0.11 / 0.11,XAUUSD-STDc,market,0,0,2026.07.08 11:17:33,filled,copy #966550271,Sheet10,2026.07.08 23:59
2026.07.08 11:18:05,554363155,sell,0.02 / 0.02,XAUUSD-STDc,market,0,0,2026.07.08 11:18:06,filled,copy #966570441,Sheet10,2026.07.08 23:59
2026.07.08 11:18:06,554364246,buy,0.14 / 0.14,XAUUSD-STDc,market,0,0,2026.07.08 11:18:08,filled,copy #966571414,Sheet10,2026.07.08 23:59
2026.07.08 11:18:10,554367457,sell,0.02 / 0.02,XAUUSD-STDc,market,0,0,2026.07.08 11:18:11,filled,copy #966575356,Sheet10,2026.07.08 23:59
2026.07.08 11:18:13,554369653,buy,0.18 / 0.18,XAUUSD-STDc,market,0,0,2026.07.08 11:18:13,filled,copy #966577136,Sheet10,2026.07.08 23:59
2026.07.08 11:18:18,554374468,buy,0.02 / 0.02,XAUUSD-STDc,market,0,0,2026.07.08 11:18:19,filled,copy #966582308,Sheet10,2026.07.08 23:59
2026.07.08 11:18:19,554375021,buy,0.02 / 0.02,XAUUSD-STDc,market,0,0,2026.07.08 11:18:19,filled,copy #966582444,Sheet10,2026.07.08 23:59
2026.07.08 11:18:21,554377449,sell,0.03 / 0.03,XAUUSD-STDc,market,0,0,2026.07.08 11:18:22,filled,copy #966583844,Sheet10,2026.07.08 23:59
2026.07.08 11:18:24,554383917,buy,0.03 / 0.03,XAUUSD-STDc,market,0,0,2026.07.08 11:18:24,filled,copy #966585291,Sheet10,2026.07.08 23:59
2026.07.08 11:18:25,554385271,buy,0.23 / 0.23,XAUUSD-STDc,market,0,0,2026.07.08 11:18:26,filled,copy #966587031,Sheet10,2026.07.08 23:59
2026.07.08 11:18:39,554399644,buy,0.3 / 0.3,XAUUSD-STDc,market,0,0,2026.07.08 11:18:39,filled,copy #966594851,Sheet10,2026.07.08 23:59
2026.07.08 11:19:03,554413170,sell,0.02 / 0.02,XAUUSD-STDc,market,0,0,2026.07.08 11:19:03,filled,copy #966601629,Sheet10,2026.07.08 23:59
2026.07.08 11:19:11,554420190,sell,0.02 / 0.02,XAUUSD-STDc,market,0,0,2026.07.08 11:19:12,filled,copy #966604885,Sheet10,2026.07.08 23:59
2026.07.08 11:19:18,554426034,buy,0.02 / 0.02,XAUUSD-STDc,market,0,0,2026.07.08 11:19:18,filled,copy #966607178,Sheet10,2026.07.08 23:59
2026.07.08 11:19:21,554428862,buy,0.02 / 0.02,XAUUSD-STDc,market,0,0,2026.07.08 11:19:22,filled,copy #966607834,Sheet10,2026.07.08 23:59
2026.07.08 11:19:31,554438175,sell,0.02 / 0.02,XAUUSD-STDc,market,0,0,2026.07.08 11:19:32,filled,copy #966611965,Sheet10,2026.07.08 23:59
2026.07.08 11:20:08,554459533,buy,0.02 / 0.02,XAUUSD-STDc,market,0,0,2026.07.08 11:20:09,filled,copy #966621877,Sheet10,2026.07.08 23:59
2026.07.08 11:20:08,554460214,sell,0.06 / 0.06,XAUUSD-STDc,market,0,0,2026.07.08 11:20:09,filled,copy #966622483,Sheet10,2026.07.08 23:59
2026.07.08 11:20:08,554460160,sell,0.14 / 0.14,XAUUSD-STDc,market,0,0,2026.07.08 11:20:09,filled,copy #966622477,Sheet10,2026.07.08 23:59
2026.07.08 11:20:08,554460537,sell,0.02 / 0.02,XAUUSD-STDc,market,0,0,2026.07.08 11:20:09,filled,copy #966622502,Sheet10,2026.07.08 23:59
2026.07.08 11:20:08,554460650,sell,0.08 / 0.08,XAUUSD-STDc,market,0,0,2026.07.08 11:20:09,filled,copy #966622581,Sheet10,2026.07.08 23:59
2026.07.08 11:20:08,554460858,sell,0.3 / 0.3,XAUUSD-STDc,market,0,0,2026.07.08 11:20:09,filled,copy #966622618,Sheet10,2026.07.08 23:59
2026.07.08 11:20:08,554461300,sell,0.05 / 0.05,XAUUSD-STDc,market,0,0,2026.07.08 11:20:10,filled,copy #966622717,Sheet10,2026.07.08 23:59
2026.07.08 11:20:08,554461042,sell,0.18 / 0.18,XAUUSD-STDc,market,0,0,2026.07.08 11:20:10,filled,copy #966622637,Sheet10,2026.07.08 23:59
2026.07.08 11:20:08,554461668,sell,0.11 / 0.11,XAUUSD-STDc,market,0,0,2026.07.08 11:20:10,filled,copy #966622723,Sheet10,2026.07.08 23:59
2026.07.08 11:20:08,554461982,sell,0.03 / 0.03,XAUUSD-STDc,market,0,0,2026.07.08 11:20:10,filled,copy #966622735,Sheet10,2026.07.08 23:59
2026.07.08 11:20:08,554461802,sell,0.23 / 0.23,XAUUSD-STDc,market,0,0,2026.07.08 11:20:10,filled,copy #966622731,Sheet10,2026.07.08 23:59
2026.07.08 11:20:09,554464263,sell,0.02 / 0.02,XAUUSD-STDc,market,0,0,2026.07.08 11:20:10,filled,copy #966622844,Sheet10,2026.07.08 23:59
2026.07.08 11:20:09,554463968,sell,0.04 / 0.04,XAUUSD-STDc,market,0,0,2026.07.08 11:20:10,filled,copy #966622812,Sheet10,2026.07.08 23:59
2026.07.08 11:20:38,554490005,buy,0.02 / 0.02,XAUUSD-STDc,market,0,0,2026.07.08 11:20:38,filled,copy #966636934,Sheet10,2026.07.08 23:59
2026.07.08 11:22:32,554540967,buy,0.02 / 0.02,XAUUSD-STDc,market,0,0,2026.07.08 11:22:33,filled,copy #966655314,Sheet10,2026.07.08 23:59
2026.07.08 11:23:18,554574785,buy,0.03 / 0.03,XAUUSD-STDc,market,0,0,2026.07.08 11:23:19,filled,copy #966665435,Sheet10,2026.07.08 23:59
2026.07.08 11:24:44,554623587,buy,0.04 / 0.04,XAUUSD-STDc,market,0,0,2026.07.08 11:24:44,filled,copy #966681462,Sheet10,2026.07.08 23:59
2026.07.08 11:25:23,554647835,buy,0.05 / 0.05,XAUUSD-STDc,market,0,0,2026.07.08 11:25:24,filled,copy #966691327,Sheet10,2026.07.08 23:59
2026.07.08 11:26:00,554666662,sell,0.03 / 0.03,XAUUSD-STDc,market,0,0,2026.07.08 11:26:00,filled,copy #966697675,Sheet10,2026.07.08 23:59
2026.07.08 11:26:00,554667085,sell,0.02 / 0.02,XAUUSD-STDc,market,0,0,2026.07.08 11:26:01,filled,copy #966697768,Sheet10,2026.07.08 23:59
2026.07.08 11:26:00,554666863,sell,0.02 / 0.02,XAUUSD-STDc,market,0,0,2026.07.08 11:26:01,filled,copy #966697727,Sheet10,2026.07.08 23:59
2026.07.08 11:26:00,554667252,sell,0.04 / 0.04,XAUUSD-STDc,market,0,0,2026.07.08 11:26:01,filled,copy #966697795,Sheet10,2026.07.08 23:59
2026.07.08 11:26:00,554667429,sell,0.05 / 0.05,XAUUSD-STDc,market,0,0,2026.07.08 11:26:01,filled,copy #966697804,Sheet10,2026.07.08 23:59
2026.07.08 11:26:02,554669027,sell,0.02 / 0.02,XAUUSD-STDc,market,0,0,2026.07.08 11:26:03,filled,copy #966698935,Sheet10,2026.07.08 23:59
2026.07.08 11:26:22,554678555,sell,0.02 / 0.02,XAUUSD-STDc,market,0,0,2026.07.08 11:26:22,filled,copy #966702983,Sheet10,2026.07.08 23:59
2026.07.08 11:26:39,554687755,sell,0.03 / 0.03,XAUUSD-STDc,market,0,0,2026.07.08 11:26:40,filled,copy #966705731,Sheet10,2026.07.08 23:59
2026.07.08 11:30:05,554730122,buy,0.03 / 0.03,XAUUSD-STDc,market,0,0,2026.07.08 11:30:06,filled,copy #966731529,Sheet10,2026.07.08 23:59
2026.07.08 11:30:06,554730691,buy,0.02 / 0.02,XAUUSD-STDc,market,0,0,2026.07.08 11:30:07,filled,copy #966731615,Sheet10,2026.07.08 23:59
2026.07.08 11:30:06,554730575,buy,0.02 / 0.02,XAUUSD-STDc,market,0,0,2026.07.08 11:30:07,filled,copy #966731608,Sheet10,2026.07.08 23:59
2026.07.08 11:30:46,554740275,sell,0.02 / 0.02,XAUUSD-STDc,market,0,0,2026.07.08 11:30:46,filled,copy #966739729,Sheet10,2026.07.08 23:59
2026.07.08 11:31:01,554743110,buy,0.02 / 0.02,XAUUSD-STDc,market,0,0,2026.07.08 11:31:01,filled,copy #966741565,Sheet10,2026.07.08 23:59
2026.07.08 11:31:44,554752471,buy,0.02 / 0.02,XAUUSD-STDc,market,0,0,2026.07.08 11:31:45,filled,copy #966749105,Sheet10,2026.07.08 23:59
2026.07.08 11:32:48,554783748,buy,0.02 / 0.02,XAUUSD-STDc,market,0,0,2026.07.08 11:32:48,filled,copy #966765683,Sheet10,2026.07.08 23:59
2026.07.08 11:33:31,554801272,sell,0.02 / 0.02,XAUUSD-STDc,market,0,0,2026.07.08 11:33:32,filled,copy #966773242,Sheet10,2026.07.08 23:59
2026.07.08 11:34:02,554808438,buy,0.02 / 0.02,XAUUSD-STDc,market,0,0,2026.07.08 11:34:02,filled,copy #966776547,Sheet10,2026.07.08 23:59
2026.07.08 11:35:23,554842120,buy,0.03 / 0.03,XAUUSD-STDc,market,0,0,2026.07.08 11:35:24,filled,copy #966792446,Sheet10,2026.07.08 23:59
2026.07.08 11:36:39,554870361,buy,0.04 / 0.04,XAUUSD-STDc,market,0,0,2026.07.08 11:36:40,filled,copy #966803245,Sheet10,2026.07.08 23:59
2026.07.08 11:37:17,554894500,buy,0.05 / 0.05,XAUUSD-STDc,market,0,0,2026.07.08 11:37:17,filled,copy #966818026,Sheet10,2026.07.08 23:59
2026.07.08 11:39:34,554942424,buy,0.06 / 0.06,XAUUSD-STDc,market,0,0,2026.07.08 11:39:34,filled,copy #966837554,Sheet10,2026.07.08 23:59
2026.07.08 11:40:51,554969024,buy,0.08 / 0.08,XAUUSD-STDc,market,0,0,2026.07.08 11:40:51,filled,copy #966854412,Sheet10,2026.07.08 23:59
2026.07.08 11:41:45,554988210,sell,0.02 / 0.02,XAUUSD-STDc,market,0,0,2026.07.08 11:41:45,filled,copy #966862500,Sheet10,2026.07.08 23:59
2026.07.08 11:42:04,555001109,buy,0.11 / 0.11,XAUUSD-STDc,market,0,0,2026.07.08 11:42:05,filled,copy #966869860,Sheet10,2026.07.08 23:59
2026.07.08 11:43:10,555016842,sell,0.02 / 0.02,XAUUSD-STDc,market,0,0,2026.07.08 11:43:10,filled,copy #966877443,Sheet10,2026.07.08 23:59
2026.07.08 11:44:50,555037819,sell,0.02 / 0.02,XAUUSD-STDc,market,0,0,2026.07.08 11:44:50,filled,copy #966888489,Sheet10,2026.07.08 23:59
2026.07.08 11:46:10,555048020,sell,0.03 / 0.03,XAUUSD-STDc,market,0,0,2026.07.08 11:46:11,filled,copy #966898336,Sheet10,2026.07.08 23:59
2026.07.08 11:47:15,555059872,sell,0.05 / 0.05,XAUUSD-STDc,market,0,0,2026.07.08 11:47:15,filled,copy #966906694,Sheet10,2026.07.08 23:59
2026.07.08 11:47:15,555059656,sell,0.06 / 0.06,XAUUSD-STDc,market,0,0,2026.07.08 11:47:15,filled,copy #966906680,Sheet10,2026.07.08 23:59
2026.07.08 11:47:15,555060173,sell,0.08 / 0.08,XAUUSD-STDc,market,0,0,2026.07.08 11:47:16,filled,copy #966906721,Sheet10,2026.07.08 23:59
2026.07.08 11:47:15,555060364,sell,0.03 / 0.03,XAUUSD-STDc,market,0,0,2026.07.08 11:47:16,filled,copy #966906725,Sheet10,2026.07.08 23:59
2026.07.08 11:47:15,555060771,sell,0.04 / 0.04,XAUUSD-STDc,market,0,0,2026.07.08 11:47:16,filled,copy #966906818,Sheet10,2026.07.08 23:59
2026.07.08 11:47:15,555060720,sell,0.02 / 0.02,XAUUSD-STDc,market,0,0,2026.07.08 11:47:16,filled,copy #966906787,Sheet10,2026.07.08 23:59
2026.07.08 11:47:15,555061220,sell,0.11 / 0.11,XAUUSD-STDc,market,0,0,2026.07.08 11:47:16,filled,copy #966906881,Sheet10,2026.07.08 23:59
2026.07.08 11:47:16,555061770,sell,0.02 / 0.02,XAUUSD-STDc,market,0,0,2026.07.08 11:47:17,filled,copy #966906940,Sheet10,2026.07.08 23:59
2026.07.08 11:48:27,555081239,sell,0.04 / 0.04,XAUUSD-STDc,market,0,0,2026.07.08 11:48:28,filled,copy #966925287,Sheet10,2026.07.08 23:59
2026.07.08 11:49:06,555102894,buy,0.02 / 0.02,XAUUSD-STDc,market,0,0,2026.07.08 11:49:07,filled,copy #966937445,Sheet10,2026.07.08 23:59
2026.07.08 11:49:07,555103207,buy,0.04 / 0.04,XAUUSD-STDc,market,0,0,2026.07.08 11:49:07,filled,copy #966937725,Sheet10,2026.07.08 23:59
2026.07.08 11:49:07,555103357,buy,0.02 / 0.02,XAUUSD-STDc,market,0,0,2026.07.08 11:49:08,filled,copy #966937999,Sheet10,2026.07.08 23:59
2026.07.08 11:49:07,555103634,buy,0.03 / 0.03,XAUUSD-STDc,market,0,0,2026.07.08 11:49:08,filled,copy #966938150,Sheet10,2026.07.08 23:59
2026.07.08 11:49:07,555103756,buy,0.02 / 0.02,XAUUSD-STDc,market,0,0,2026.07.08 11:49:08,filled,copy #966938275,Sheet10,2026.07.08 23:59
2026.07.08 11:50:06,555128581,buy,0.02 / 0.02,XAUUSD-STDc,market,0,0,2026.07.08 11:50:07,filled,copy #966949868,Sheet10,2026.07.08 23:59
2026.07.08 11:50:16,555134284,buy,0.02 / 0.02,XAUUSD-STDc,market,0,0,2026.07.08 11:50:17,filled,copy #966953547,Sheet10,2026.07.08 23:59
2026.07.08 11:52:57,555163813,sell,0.02 / 0.02,XAUUSD-STDc,market,0,0,2026.07.08 11:52:57,filled,copy #966971666,Sheet10,2026.07.08 23:59
2026.07.08 11:52:57,555164117,sell,0.02 / 0.02,XAUUSD-STDc,market,0,0,2026.07.08 11:52:58,filled,copy #966971799,Sheet10,2026.07.08 23:59
2026.07.08 11:53:35,555166704,sell,0.02 / 0.02,XAUUSD-STDc,market,0,0,2026.07.08 11:53:36,filled,copy #966975678,Sheet10,2026.07.08 23:59
2026.07.08 11:54:18,555173122,buy,0.02 / 0.02,XAUUSD-STDc,market,0,0,2026.07.08 11:54:18,filled,copy #966979989,Sheet10,2026.07.08 23:59
2026.07.08 11:56:54,555229095,buy,0.02 / 0.02,XAUUSD-STDc,market,0,0,2026.07.08 11:56:54,filled,copy #967011553,Sheet10,2026.07.08 23:59
2026.07.08 11:58:50,555258965,buy,0.02 / 0.02,XAUUSD-STDc,market,0,0,2026.07.08 11:58:51,filled,copy #967023042,Sheet10,2026.07.08 23:59
2026.07.08 12:00:32,555282614,buy,0.03 / 0.03,XAUUSD-STDc,market,0,0,2026.07.08 12:00:32,filled,copy #967045156,Sheet10,2026.07.08 23:59
2026.07.08 12:09:49,555373397,buy,0.04 / 0.04,XAUUSD-STDc,market,0,0,2026.07.08 12:09:49,filled,copy #967096007,Sheet10,2026.07.08 23:59
2026.07.08 12:15:05,555412548,sell,0.02 / 0.02,XAUUSD-STDc,market,0,0,2026.07.08 12:15:05,filled,copy #967118663,Sheet10,2026.07.08 23:59
2026.07.08 12:15:05,555412971,sell,0.02 / 0.02,XAUUSD-STDc,market,0,0,2026.07.08 12:15:05,filled,copy #967118681,Sheet10,2026.07.08 23:59
2026.07.08 12:15:05,555413062,sell,0.03 / 0.03,XAUUSD-STDc,market,0,0,2026.07.08 12:15:05,filled,copy #967118691,Sheet10,2026.07.08 23:59
2026.07.08 12:15:05,555413258,sell,0.04 / 0.04,XAUUSD-STDc,market,0,0,2026.07.08 12:15:05,filled,copy #967118698,Sheet10,2026.07.08 23:59
2026.07.08 12:15:37,555421975,sell,0.02 / 0.02,XAUUSD-STDc,market,0,0,2026.07.08 12:15:38,filled,copy #967126727,Sheet10,2026.07.08 23:59
2026.07.08 12:17:10,555429318,buy,0.02 / 0.02,XAUUSD-STDc,market,0,0,2026.07.08 12:17:10,filled,copy #967134148,Sheet10,2026.07.08 23:59
2026.07.08 12:17:20,555434084,buy,0.02 / 0.02,XAUUSD-STDc,market,0,0,2026.07.08 12:17:21,filled,copy #967136173,Sheet10,2026.07.08 23:59
2026.07.08 12:18:52,555438569,sell,0.02 / 0.02,XAUUSD-STDc,market,0,0,2026.07.08 12:18:53,filled,copy #967141126,Sheet10,2026.07.08 23:59
2026.07.08 12:19:41,555447487,sell,0.02 / 0.02,XAUUSD-STDc,market,0,0,2026.07.08 12:19:41,filled,copy #967147759,Sheet10,2026.07.08 23:59
2026.07.08 12:21:25,555453951,buy,0.02 / 0.02,XAUUSD-STDc,market,0,0,2026.07.08 12:21:26,filled,copy #967154118,Sheet10,2026.07.08 23:59
2026.07.08 12:24:24,555472145,sell,0.02 / 0.02,XAUUSD-STDc,market,0,0,2026.07.08 12:24:24,filled,copy #967167751,Sheet10,2026.07.08 23:59
2026.07.08 12:25:11,555478055,buy,0.02 / 0.02,XAUUSD-STDc,market,0,0,2026.07.08 12:25:12,filled,copy #967171445,Sheet10,2026.07.08 23:59
2026.07.08 12:25:30,555483818,buy,0.02 / 0.02,XAUUSD-STDc,market,0,0,2026.07.08 12:25:30,filled,copy #967173958,Sheet10,2026.07.08 23:59
2026.07.08 12:26:19,555486545,sell,0.02 / 0.02,XAUUSD-STDc,market,0,0,2026.07.08 12:26:19,filled,copy #967176603,Sheet10,2026.07.08 23:59
2026.07.08 12:27:16,555491783,sell,0.02 / 0.02,XAUUSD-STDc,market,0,0,2026.07.08 12:27:16,filled,copy #967180504,Sheet10,2026.07.08 23:59
2026.07.08 12:28:12,555495631,buy,0.02 / 0.02,XAUUSD-STDc,market,0,0,2026.07.08 12:28:13,filled,copy #967183292,Sheet10,2026.07.08 23:59
2026.07.08 12:30:49,555516416,buy,0.02 / 0.02,XAUUSD-STDc,market,0,0,2026.07.08 12:30:50,filled,copy #967193518,Sheet10,2026.07.08 23:59
2026.07.08 12:34:26,555541188,sell,0.02 / 0.02,XAUUSD-STDc,market,0,0,2026.07.08 12:34:26,filled,copy #967208814,Sheet10,2026.07.08 23:59
2026.07.08 12:35:16,555544713,sell,0.02 / 0.02,XAUUSD-STDc,market,0,0,2026.07.08 12:35:16,filled,copy #967211830,Sheet10,2026.07.08 23:59
2026.07.08 12:36:27,555548442,sell,0.02 / 0.02,XAUUSD-STDc,market,0,0,2026.07.08 12:36:27,filled,copy #967215846,Sheet10,2026.07.08 23:59
2026.07.08 12:37:25,555552683,buy,0.02 / 0.02,XAUUSD-STDc,market,0,0,2026.07.08 12:37:26,filled,copy #967218826,Sheet10,2026.07.08 23:59
2026.07.08 12:37:26,555552912,buy,0.02 / 0.02,XAUUSD-STDc,market,0,0,2026.07.08 12:37:26,filled,copy #967218950,Sheet10,2026.07.08 23:59
2026.07.08 12:39:13,555583549,buy,0.02 / 0.02,XAUUSD-STDc,market,0,0,2026.07.08 12:39:14,filled,copy #967229980,Sheet10,2026.07.08 23:59
2026.07.08 12:43:31,555639610,buy,0.02 / 0.02,XAUUSD-STDc,market,0,0,2026.07.08 12:43:31,filled,copy #967256819,Sheet10,2026.07.08 23:59
2026.07.08 12:47:00,555667529,sell,0.02 / 0.02,XAUUSD-STDc,market,0,0,2026.07.08 12:47:00,filled,copy #967276228,Sheet10,2026.07.08 23:59
2026.07.08 12:47:00,555667929,sell,0.02 / 0.02,XAUUSD-STDc,market,0,0,2026.07.08 12:47:00,filled,copy #967276290,Sheet10,2026.07.08 23:59
2026.07.08 12:47:07,555668680,sell,0.02 / 0.02,XAUUSD-STDc,market,0,0,2026.07.08 12:47:08,filled,copy #967277597,Sheet10,2026.07.08 23:59
2026.07.08 12:48:10,555676906,buy,0.02 / 0.02,XAUUSD-STDc,market,0,0,2026.07.08 12:48:10,filled,copy #967281522,Sheet10,2026.07.08 23:59
2026.07.08 12:59:03,555755082,buy,0.02 / 0.02,XAUUSD-STDc,market,0,0,2026.07.08 12:59:03,filled,copy #967320972,Sheet10,2026.07.08 23:59
2026.07.08 13:03:21,555789942,sell,0.02 / 0.02,XAUUSD-STDc,market,0,0,2026.07.08 13:03:22,filled,copy #967339782,Sheet10,2026.07.08 23:59
2026.07.08 13:03:50,555794200,sell,0.02 / 0.02,XAUUSD-STDc,market,0,0,2026.07.08 13:03:50,filled,copy #967343625,Sheet10,2026.07.08 23:59
2026.07.08 13:06:08,555800242,buy,0.02 / 0.02,XAUUSD-STDc,market,0,0,2026.07.08 13:06:08,filled,copy #967350352,Sheet10,2026.07.08 23:59
2026.07.08 13:09:40,555834909,buy,0.02 / 0.02,XAUUSD-STDc,market,0,0,2026.07.08 13:09:41,filled,copy #967361784,Sheet10,2026.07.08 23:59
2026.07.08 13:16:24,555882145,sell,0.02 / 0.02,XAUUSD-STDc,market,0,0,2026.07.08 13:16:25,filled,copy #967381898,Sheet10,2026.07.08 23:59
2026.07.08 13:21:03,555919730,sell,0.02 / 0.02,XAUUSD-STDc,market,0,0,2026.07.08 13:21:03,filled,copy #967408568,Sheet10,2026.07.08 23:59
2026.07.08 13:28:19,555938864,buy,0.02 / 0.02,XAUUSD-STDc,market,0,0,2026.07.08 13:28:19,filled,copy #967430203,Sheet10,2026.07.08 23:59
2026.07.08 13:31:44,555943755,sell,0.02 / 0.02,XAUUSD-STDc,market,0,0,2026.07.08 13:31:44,filled,copy #967436004,Sheet10,2026.07.08 23:59
2026.07.08 13:33:49,555953512,sell,0.02 / 0.02,XAUUSD-STDc,market,0,0,2026.07.08 13:33:49,filled,copy #967443607,Sheet10,2026.07.08 23:59
2026.07.08 13:43:34,555981532,sell,0.03 / 0.03,XAUUSD-STDc,market,0,0,2026.07.08 13:43:34,filled,copy #967469918,Sheet10,2026.07.08 23:59
2026.07.08 13:49:52,555990893,buy,0.02 / 0.02,XAUUSD-STDc,market,0,0,2026.07.08 13:49:53,filled,copy #967483797,Sheet10,2026.07.08 23:59
2026.07.08 14:00:36,556009407,buy,0.02 / 0.02,XAUUSD-STDc,market,0,0,2026.07.08 14:00:37,filled,copy #967505887,Sheet10,2026.07.08 23:59
2026.07.08 14:00:36,556009870,buy,0.02 / 0.02,XAUUSD-STDc,market,0,0,2026.07.08 14:00:37,filled,copy #967506020,Sheet10,2026.07.08 23:59
2026.07.08 14:00:36,556009654,buy,0.03 / 0.03,XAUUSD-STDc,market,0,0,2026.07.08 14:00:37,filled,copy #967505988,Sheet10,2026.07.08 23:59
2026.07.08 14:00:40,556012551,buy,0.02 / 0.02,XAUUSD-STDc,market,0,0,2026.07.08 14:00:41,filled,copy #967508632,Sheet10,2026.07.08 23:59
2026.07.08 14:02:21,556022982,sell,0.02 / 0.02,XAUUSD-STDc,market,0,0,2026.07.08 14:02:21,filled,copy #967516960,Sheet10,2026.07.08 23:59
2026.07.08 14:02:21,556023196,sell,0.02 / 0.02,XAUUSD-STDc,market,0,0,2026.07.08 14:02:21,filled,copy #967516991,Sheet10,2026.07.08 23:59
2026.07.08 14:10:02,556046769,buy,0.02 / 0.02,XAUUSD-STDc,market,0,0,2026.07.08 14:10:02,filled,copy #967538569,Sheet10,2026.07.08 23:59
2026.07.08 14:16:07,556059781,sell,0.02 / 0.02,XAUUSD-STDc,market,0,0,2026.07.08 14:16:08,filled,copy #967556037,Sheet10,2026.07.08 23:59
2026.07.08 14:16:33,556062868,sell,0.02 / 0.02,XAUUSD-STDc,market,0,0,2026.07.08 14:16:34,filled,copy #967558459,Sheet10,2026.07.08 23:59
2026.07.08 14:16:54,556065182,sell,0.02 / 0.02,XAUUSD-STDc,market,0,0,2026.07.08 14:16:55,filled,copy #967559904,Sheet10,2026.07.08 23:59
2026.07.08 14:22:26,556073877,buy,0.02 / 0.02,XAUUSD-STDc,market,0,0,2026.07.08 14:22:26,filled,copy #967571929,Sheet10,2026.07.08 23:59
2026.07.08 14:22:26,556074144,buy,0.02 / 0.02,XAUUSD-STDc,market,0,0,2026.07.08 14:22:26,filled,copy #967572076,Sheet10,2026.07.08 23:59
2026.07.08 14:28:02,556090737,sell,0.02 / 0.02,XAUUSD-STDc,market,0,0,2026.07.08 14:28:03,filled,copy #967585636,Sheet10,2026.07.08 23:59
2026.07.08 14:31:42,556095710,buy,0.02 / 0.02,XAUUSD-STDc,market,0,0,2026.07.08 14:31:43,filled,copy #967590697,Sheet10,2026.07.08 23:59
2026.07.08 14:33:18,556112578,buy,0.02 / 0.02,XAUUSD-STDc,market,0,0,2026.07.08 14:33:18,filled,copy #967600837,Sheet10,2026.07.08 23:59
2026.07.08 14:37:30,556123581,buy,0.02 / 0.02,XAUUSD-STDc,market,0,0,2026.07.08 14:37:30,filled,copy #967611724,Sheet10,2026.07.08 23:59
2026.07.08 14:38:39,556134410,buy,0.03 / 0.03,XAUUSD-STDc,market,0,0,2026.07.08 14:38:40,filled,copy #967620727,Sheet10,2026.07.08 23:59
2026.07.08 14:43:36,556153752,sell,0.03 / 0.03,XAUUSD-STDc,market,0,0,2026.07.08 14:43:36,filled,copy #967633761,Sheet10,2026.07.08 23:59
2026.07.08 14:43:36,556153611,sell,0.02 / 0.02,XAUUSD-STDc,market,0,0,2026.07.08 14:43:36,filled,copy #967633738,Sheet10,2026.07.08 23:59
2026.07.08 14:43:37,556155774,sell,0.02 / 0.02,XAUUSD-STDc,market,0,0,2026.07.08 14:43:38,filled,copy #967634099,Sheet10,2026.07.08 23:59
2026.07.08 14:43:42,556158220,sell,0.02 / 0.02,XAUUSD-STDc,market,0,0,2026.07.08 14:43:42,filled,copy #967639131,Sheet10,2026.07.08 23:59
2026.07.08 14:43:48,556164274,sell,0.02 / 0.02,XAUUSD-STDc,market,0,0,2026.07.08 14:43:49,filled,copy #967645304,Sheet10,2026.07.08 23:59
2026.07.08 14:44:07,556180391,sell,0.03 / 0.03,XAUUSD-STDc,market,0,0,2026.07.08 14:44:08,filled,copy #967652892,Sheet10,2026.07.08 23:59
2026.07.08 14:44:26,556194128,sell,0.04 / 0.04,XAUUSD-STDc,market,0,0,2026.07.08 14:44:26,filled,copy #967662450,Sheet10,2026.07.08 23:59
2026.07.08 14:44:39,556202615,sell,0.05 / 0.05,XAUUSD-STDc,market,0,0,2026.07.08 14:44:40,filled,copy #967666651,Sheet10,2026.07.08 23:59
2026.07.08 14:45:32,556229283,sell,0.06 / 0.06,XAUUSD-STDc,market,0,0,2026.07.08 14:45:32,filled,copy #967684372,Sheet10,2026.07.08 23:59
2026.07.08 14:46:26,556241862,sell,0.08 / 0.08,XAUUSD-STDc,market,0,0,2026.07.08 14:46:27,filled,copy #967696123,Sheet10,2026.07.08 23:59
2026.07.08 14:46:38,556246347,sell,0.11 / 0.11,XAUUSD-STDc,market,0,0,2026.07.08 14:46:38,filled,copy #967699552,Sheet10,2026.07.08 23:59
2026.07.08 14:49:17,556283069,buy,0.05 / 0.05,XAUUSD-STDc,market,0,0,2026.07.08 14:49:18,filled,copy #967721468,Sheet10,2026.07.08 23:59
2026.07.08 14:49:17,556282703,buy,0.02 / 0.02,XAUUSD-STDc,market,0,0,2026.07.08 14:49:18,filled,copy #967721425,Sheet10,2026.07.08 23:59
2026.07.08 14:49:17,556283186,buy,0.11 / 0.11,XAUUSD-STDc,market,0,0,2026.07.08 14:49:18,filled,copy #967721484,Sheet10,2026.07.08 23:59
2026.07.08 14:49:17,556282942,buy,0.06 / 0.06,XAUUSD-STDc,market,0,0,2026.07.08 14:49:18,filled,copy #967721462,Sheet10,2026.07.08 23:59
2026.07.08 14:49:17,556282399,buy,0.02 / 0.02,XAUUSD-STDc,market,0,0,2026.07.08 14:49:18,filled,copy #967721394,Sheet10,2026.07.08 23:59
2026.07.08 14:49:17,556282596,buy,0.03 / 0.03,XAUUSD-STDc,market,0,0,2026.07.08 14:49:18,filled,copy #967721405,Sheet10,2026.07.08 23:59
2026.07.08 14:49:17,556283297,buy,0.08 / 0.08,XAUUSD-STDc,market,0,0,2026.07.08 14:49:18,filled,copy #967721515,Sheet10,2026.07.08 23:59
2026.07.08 14:49:17,556282814,buy,0.04 / 0.04,XAUUSD-STDc,market,0,0,2026.07.08 14:49:18,filled,copy #967721429,Sheet10,2026.07.08 23:59
2026.07.08 14:55:26,556307955,sell,0.02 / 0.02,XAUUSD-STDc,market,0,0,2026.07.08 14:55:26,filled,copy #967743852,Sheet10,2026.07.08 23:59
2026.07.08 14:57:14,556312829,buy,0.02 / 0.02,XAUUSD-STDc,market,0,0,2026.07.08 14:57:14,filled,copy #967749463,Sheet10,2026.07.08 23:59
2026.07.08 15:00:08,556317275,sell,0.02 / 0.02,XAUUSD-STDc,market,0,0,2026.07.08 15:00:08,filled,copy #967757353,Sheet10,2026.07.08 23:59
2026.07.08 15:00:09,556317676,buy,0.02 / 0.02,XAUUSD-STDc,market,0,0,2026.07.08 15:00:09,filled,copy #967757893,Sheet10,2026.07.08 23:59
2026.07.08 15:04:03,556335875,sell,0.02 / 0.02,XAUUSD-STDc,market,0,0,2026.07.08 15:04:03,filled,copy #967774206,Sheet10,2026.07.08 23:59
2026.07.08 15:06:00,556345145,sell,0.02 / 0.02,XAUUSD-STDc,market,0,0,2026.07.08 15:06:01,filled,copy #967784142,Sheet10,2026.07.08 23:59
2026.07.08 15:10:11,556358228,sell,0.03 / 0.03,XAUUSD-STDc,market,0,0,2026.07.08 15:10:11,filled,copy #967801424,Sheet10,2026.07.08 23:59
2026.07.08 15:11:34,556365108,sell,0.04 / 0.04,XAUUSD-STDc,market,0,0,2026.07.08 15:11:34,filled,copy #967808807,Sheet10,2026.07.08 23:59
2026.07.08 15:18:30,556383430,sell,0.05 / 0.05,XAUUSD-STDc,market,0,0,2026.07.08 15:18:31,filled,copy #967832493,Sheet10,2026.07.08 23:59
2026.07.08 15:19:11,556391001,sell,0.06 / 0.06,XAUUSD-STDc,market,0,0,2026.07.08 15:19:11,filled,copy #967839246,Sheet10,2026.07.08 23:59
2026.07.08 15:22:27,556406292,buy,0.03 / 0.03,XAUUSD-STDc,market,0,0,2026.07.08 15:22:28,filled,copy #967855381,Sheet10,2026.07.08 23:59
2026.07.08 15:22:27,556406492,buy,0.05 / 0.05,XAUUSD-STDc,market,0,0,2026.07.08 15:22:28,filled,copy #967855392,Sheet10,2026.07.08 23:59
2026.07.08 15:22:27,556406101,buy,0.02 / 0.02,XAUUSD-STDc,market,0,0,2026.07.08 15:22:28,filled,copy #967855378,Sheet10,2026.07.08 23:59
2026.07.08 15:22:27,556406678,buy,0.04 / 0.04,XAUUSD-STDc,market,0,0,2026.07.08 15:22:28,filled,copy #967855399,Sheet10,2026.07.08 23:59
2026.07.08 15:22:27,556406874,buy,0.06 / 0.06,XAUUSD-STDc,market,0,0,2026.07.08 15:22:28,filled,copy #967855404,Sheet10,2026.07.08 23:59
2026.07.08 15:22:27,556407060,buy,0.02 / 0.02,XAUUSD-STDc,market,0,0,2026.07.08 15:22:28,filled,copy #967855408,Sheet10,2026.07.08 23:59
2026.07.08 15:27:22,556429823,sell,0.02 / 0.02,XAUUSD-STDc,market,0,0,2026.07.08 15:27:22,filled,copy #967875524,Sheet10,2026.07.08 23:59
2026.07.08 15:30:07,556439054,sell,0.02 / 0.02,XAUUSD-STDc,market,0,0,2026.07.08 15:30:08,filled,copy #967885243,Sheet10,2026.07.08 23:59
2026.07.08 15:30:38,556445912,buy,0.02 / 0.02,XAUUSD-STDc,market,0,0,2026.07.08 15:30:39,filled,copy #967889377,Sheet10,2026.07.08 23:59
2026.07.08 15:30:38,556446116,buy,0.02 / 0.02,XAUUSD-STDc,market,0,0,2026.07.08 15:30:39,filled,copy #967889419,Sheet10,2026.07.08 23:59
2026.07.08 15:35:08,556461439,sell,0.02 / 0.02,XAUUSD-STDc,market,0,0,2026.07.08 15:35:08,filled,copy #967904861,Sheet10,2026.07.08 23:59
2026.07.08 15:35:42,556463938,buy,0.02 / 0.02,XAUUSD-STDc,market,0,0,2026.07.08 15:35:42,filled,copy #967906671,Sheet10,2026.07.08 23:59
2026.07.08 15:40:22,556480149,sell,0.02 / 0.02,XAUUSD-STDc,market,0,0,2026.07.08 15:40:22,filled,copy #967920885,Sheet10,2026.07.08 23:59
2026.07.08 15:42:51,556489365,sell,0.02 / 0.02,XAUUSD-STDc,market,0,0,2026.07.08 15:42:52,filled,copy #967930029,Sheet10,2026.07.08 23:59
2026.07.08 15:44:01,556494640,sell,0.03 / 0.03,XAUUSD-STDc,market,0,0,2026.07.08 15:44:02,filled,copy #967936770,Sheet10,2026.07.08 23:59
2026.07.08 15:46:45,556510807,sell,0.04 / 0.04,XAUUSD-STDc,market,0,0,2026.07.08 15:46:45,filled,copy #967950539,Sheet10,2026.07.08 23:59
2026.07.08 15:50:59,556523174,sell,0.05 / 0.05,XAUUSD-STDc,market,0,0,2026.07.08 15:50:59,filled,copy #967965758,Sheet10,2026.07.08 23:59
2026.07.08 15:52:02,556530950,sell,0.06 / 0.06,XAUUSD-STDc,market,0,0,2026.07.08 15:52:02,filled,copy #967973467,Sheet10,2026.07.08 23:59
2026.07.08 15:56:34,556553496,buy,0.02 / 0.02,XAUUSD-STDc,market,0,0,2026.07.08 15:56:36,filled,copy #967989389,Sheet10,2026.07.08 23:59
2026.07.08 15:56:39,556558835,buy,0.05 / 0.05,XAUUSD-STDc,market,0,0,2026.07.08 15:56:40,filled,copy #967992471,Sheet10,2026.07.08 23:59
2026.07.08 15:56:39,556559674,buy,0.02 / 0.02,XAUUSD-STDc,market,0,0,2026.07.08 15:56:40,filled,copy #967992580,Sheet10,2026.07.08 23:59
2026.07.08 15:56:39,556559433,buy,0.03 / 0.03,XAUUSD-STDc,market,0,0,2026.07.08 15:56:40,filled,copy #967992537,Sheet10,2026.07.08 23:59
2026.07.08 15:56:39,556559951,buy,0.02 / 0.02,XAUUSD-STDc,market,0,0,2026.07.08 15:56:40,filled,copy #967992629,Sheet10,2026.07.08 23:59
2026.07.08 15:56:39,556560199,buy,0.06 / 0.06,XAUUSD-STDc,market,0,0,2026.07.08 15:56:40,filled,copy #967992657,Sheet10,2026.07.08 23:59
2026.07.08 15:56:40,556560715,buy,0.04 / 0.04,XAUUSD-STDc,market,0,0,2026.07.08 15:56:41,filled,copy #967992801,Sheet10,2026.07.08 23:59
2026.07.08 15:56:44,556562087,buy,0.02 / 0.02,XAUUSD-STDc,market,0,0,2026.07.08 15:56:44,filled,copy #967995538,Sheet10,2026.07.08 23:59
2026.07.08 15:56:55,556571113,buy,0.03 / 0.03,XAUUSD-STDc,market,0,0,2026.07.08 15:56:56,filled,copy #968001934,Sheet10,2026.07.08 23:59
2026.07.08 15:57:09,556575431,sell,0.02 / 0.02,XAUUSD-STDc,market,0,0,2026.07.08 15:57:09,filled,copy #968004953,Sheet10,2026.07.08 23:59
2026.07.08 15:57:30,556578025,buy,0.02 / 0.02,XAUUSD-STDc,market,0,0,2026.07.08 15:57:31,filled,copy #968007288,Sheet10,2026.07.08 23:59
2026.07.08 15:59:37,556592523,buy,0.04 / 0.04,XAUUSD-STDc,market,0,0,2026.07.08 15:59:37,filled,copy #968022000,Sheet10,2026.07.08 23:59
2026.07.08 16:02:01,556612055,sell,0.02 / 0.02,XAUUSD-STDc,market,0,0,2026.07.08 16:02:02,filled,copy #968043826,Sheet10,2026.07.08 23:59
2026.07.08 16:04:11,556618809,sell,0.02 / 0.02,XAUUSD-STDc,market,0,0,2026.07.08 16:04:12,filled,copy #968052147,Sheet10,2026.07.08 23:59
2026.07.08 16:04:21,556622566,sell,0.04 / 0.04,XAUUSD-STDc,market,0,0,2026.07.08 16:04:21,filled,copy #968053568,Sheet10,2026.07.08 23:59
2026.07.08 16:04:21,556622783,sell,0.02 / 0.02,XAUUSD-STDc,market,0,0,2026.07.08 16:04:21,filled,copy #968053670,Sheet10,2026.07.08 23:59
2026.07.08 16:04:21,556622866,sell,0.03 / 0.03,XAUUSD-STDc,market,0,0,2026.07.08 16:04:22,filled,copy #968053692,Sheet10,2026.07.08 23:59
2026.07.08 16:04:21,556623422,sell,0.02 / 0.02,XAUUSD-STDc,market,0,0,2026.07.08 16:04:22,filled,copy #968053814,Sheet10,2026.07.08 23:59
2026.07.08 16:04:55,556626721,sell,0.03 / 0.03,XAUUSD-STDc,market,0,0,2026.07.08 16:04:55,filled,copy #968057466,Sheet10,2026.07.08 23:59
2026.07.08 16:05:38,556634522,sell,0.04 / 0.04,XAUUSD-STDc,market,0,0,2026.07.08 16:05:38,filled,copy #968063559,Sheet10,2026.07.08 23:59
2026.07.08 16:05:51,556638084,sell,0.05 / 0.05,XAUUSD-STDc,market,0,0,2026.07.08 16:05:51,filled,copy #968066412,Sheet10,2026.07.08 23:59
2026.07.08 16:06:49,556643647,buy,0.05 / 0.05,XAUUSD-STDc,market,0,0,2026.07.08 16:06:49,filled,copy #968072913,Sheet10,2026.07.08 23:59
2026.07.08 16:06:49,556643872,buy,0.02 / 0.02,XAUUSD-STDc,market,0,0,2026.07.08 16:06:49,filled,copy #968072983,Sheet10,2026.07.08 23:59
2026.07.08 16:06:49,556644455,buy,0.04 / 0.04,XAUUSD-STDc,market,0,0,2026.07.08 16:06:50,filled,copy #968073012,Sheet10,2026.07.08 23:59
2026.07.08 16:06:49,556644071,buy,0.02 / 0.02,XAUUSD-STDc,market,0,0,2026.07.08 16:06:50,filled,copy #968072999,Sheet10,2026.07.08 23:59
2026.07.08 16:06:49,556644269,buy,0.03 / 0.03,XAUUSD-STDc,market,0,0,2026.07.08 16:06:50,filled,copy #968073010,Sheet10,2026.07.08 23:59
2026.07.08 16:08:06,556658258,buy,0.02 / 0.02,XAUUSD-STDc,market,0,0,2026.07.08 16:08:06,filled,copy #968083859,Sheet10,2026.07.08 23:59
2026.07.08 16:14:10,556678510,buy,0.02 / 0.02,XAUUSD-STDc,market,0,0,2026.07.08 16:14:11,filled,copy #968108724,Sheet10,2026.07.08 23:59
2026.07.08 16:24:12,556704167,buy,0.03 / 0.03,XAUUSD-STDc,market,0,0,2026.07.08 16:24:12,filled,copy #968140509,Sheet10,2026.07.08 23:59
2026.07.08 16:26:14,556711672,sell,0.02 / 0.02,XAUUSD-STDc,market,0,0,2026.07.08 16:26:15,filled,copy #968148722,Sheet10,2026.07.08 23:59
2026.07.08 16:26:14,556712088,sell,0.03 / 0.03,XAUUSD-STDc,market,0,0,2026.07.08 16:26:15,filled,copy #968148888,Sheet10,2026.07.08 23:59
2026.07.08 16:26:14,556711874,sell,0.02 / 0.02,XAUUSD-STDc,market,0,0,2026.07.08 16:26:15,filled,copy #968148851,Sheet10,2026.07.08 23:59
2026.07.08 16:26:19,556713855,sell,0.02 / 0.02,XAUUSD-STDc,market,0,0,2026.07.08 16:26:19,filled,copy #968150392,Sheet10,2026.07.08 23:59
2026.07.08 16:29:23,556719834,buy,0.02 / 0.02,XAUUSD-STDc,market,0,0,2026.07.08 16:29:23,filled,copy #968158765,Sheet10,2026.07.08 23:59
2026.07.08 16:29:34,556726124,buy,0.02 / 0.02,XAUUSD-STDc,market,0,0,2026.07.08 16:29:35,filled,copy #968164556,Sheet10,2026.07.08 23:59
2026.07.08 16:29:42,556730504,buy,0.02 / 0.02,XAUUSD-STDc,market,0,0,2026.07.08 16:29:43,filled,copy #968167668,Sheet10,2026.07.08 23:59
2026.07.08 16:30:48,556735970,sell,0.02 / 0.02,XAUUSD-STDc,market,0,0,2026.07.08 16:30:48,filled,copy #968175504,Sheet10,2026.07.08 23:59
2026.07.08 16:30:48,556736168,sell,0.02 / 0.02,XAUUSD-STDc,market,0,0,2026.07.08 16:30:48,filled,copy #968175540,Sheet10,2026.07.08 23:59
2026.07.08 16:32:12,556754668,sell,0.02 / 0.02,XAUUSD-STDc,market,0,0,2026.07.08 16:32:12,filled,copy #968190840,Sheet10,2026.07.08 23:59
2026.07.08 16:33:01,556763166,sell,0.02 / 0.02,XAUUSD-STDc,market,0,0,2026.07.08 16:33:01,filled,copy #968198983,Sheet10,2026.07.08 23:59
2026.07.08 16:35:45,556773987,buy,0.02 / 0.02,XAUUSD-STDc,market,0,0,2026.07.08 16:35:46,filled,copy #968213239,Sheet10,2026.07.08 23:59
2026.07.08 16:35:45,556773783,buy,0.02 / 0.02,XAUUSD-STDc,market,0,0,2026.07.08 16:35:46,filled,copy #968213196,Sheet10,2026.07.08 23:59
2026.07.08 16:35:56,556776068,buy,0.02 / 0.02,XAUUSD-STDc,market,0,0,2026.07.08 16:35:56,filled,copy #968215074,Sheet10,2026.07.08 23:59
2026.07.08 16:36:27,556778456,sell,0.02 / 0.02,XAUUSD-STDc,market,0,0,2026.07.08 16:36:28,filled,copy #968217905,Sheet10,2026.07.08 23:59
2026.07.08 16:36:37,556780649,sell,0.02 / 0.02,XAUUSD-STDc,market,0,0,2026.07.08 16:36:37,filled,copy #968219325,Sheet10,2026.07.08 23:59
2026.07.08 16:39:43,556794834,sell,0.02 / 0.02,XAUUSD-STDc,market,0,0,2026.07.08 16:39:44,filled,copy #968234837,Sheet10,2026.07.08 23:59
2026.07.08 16:42:11,556799899,buy,0.02 / 0.02,XAUUSD-STDc,market,0,0,2026.07.08 16:42:11,filled,copy #968243003,Sheet10,2026.07.08 23:59
2026.07.08 16:42:11,556800112,buy,0.02 / 0.02,XAUUSD-STDc,market,0,0,2026.07.08 16:42:11,filled,copy #968243025,Sheet10,2026.07.08 23:59
2026.07.08 16:50:04,556844850,buy,0.02 / 0.02,XAUUSD-STDc,market,0,0,2026.07.08 16:50:04,filled,copy #968283732,Sheet10,2026.07.08 23:59
2026.07.08 17:00:34,556872868,buy,0.02 / 0.02,XAUUSD-STDc,market,0,0,2026.07.08 17:00:34,filled,copy #968322114,Sheet10,2026.07.08 23:59
2026.07.08 17:07:13,556908727,buy,0.03 / 0.03,XAUUSD-STDc,market,0,0,2026.07.08 17:07:13,filled,copy #968353833,Sheet10,2026.07.08 23:59
2026.07.08 17:11:35,556945033,buy,0.04 / 0.04,XAUUSD-STDc,market,0,0,2026.07.08 17:11:35,filled,copy #968379279,Sheet10,2026.07.08 23:59
2026.07.08 17:15:10,556971533,buy,0.05 / 0.05,XAUUSD-STDc,market,0,0,2026.07.08 17:15:11,filled,copy #968400068,Sheet10,2026.07.08 23:59
2026.07.08 17:16:07,556980124,buy,0.06 / 0.06,XAUUSD-STDc,market,0,0,2026.07.08 17:16:07,filled,copy #968410601,Sheet10,2026.07.08 23:59
2026.07.08 17:16:25,556987028,buy,0.08 / 0.08,XAUUSD-STDc,market,0,0,2026.07.08 17:16:26,filled,copy #968417411,Sheet10,2026.07.08 23:59
2026.07.08 17:18:12,557002953,sell,0.06 / 0.06,XAUUSD-STDc,market,0,0,2026.07.08 17:18:12,filled,copy #968430673,Sheet10,2026.07.08 23:59
2026.07.08 17:18:12,557003234,sell,0.08 / 0.08,XAUUSD-STDc,market,0,0,2026.07.08 17:18:14,filled,copy #968430864,Sheet10,2026.07.08 23:59
2026.07.08 17:18:13,557003967,sell,0.02 / 0.02,XAUUSD-STDc,market,0,0,2026.07.08 17:18:14,filled,copy #968430936,Sheet10,2026.07.08 23:59
2026.07.08 17:18:13,557003836,sell,0.05 / 0.05,XAUUSD-STDc,market,0,0,2026.07.08 17:18:14,filled,copy #968430915,Sheet10,2026.07.08 23:59
2026.07.08 17:18:13,557004330,sell,0.03 / 0.03,XAUUSD-STDc,market,0,0,2026.07.08 17:18:14,filled,copy #968431048,Sheet10,2026.07.08 23:59
2026.07.08 17:18:13,557004097,sell,0.04 / 0.04,XAUUSD-STDc,market,0,0,2026.07.08 17:18:14,filled,copy #968431044,Sheet10,2026.07.08 23:59
2026.07.08 17:18:13,557004202,sell,0.02 / 0.02,XAUUSD-STDc,market,0,0,2026.07.08 17:18:14,filled,copy #968431046,Sheet10,2026.07.08 23:59
2026.07.08 17:24:20,557041248,buy,0.02 / 0.02,XAUUSD-STDc,market,0,0,2026.07.08 17:24:20,filled,copy #968466084,Sheet10,2026.07.08 23:59
2026.07.08 17:25:02,557042765,sell,0.02 / 0.02,XAUUSD-STDc,market,0,0,2026.07.08 17:25:03,filled,copy #968468450,Sheet10,2026.07.08 23:59
2026.07.08 17:26:15,557055550,sell,0.02 / 0.02,XAUUSD-STDc,market,0,0,2026.07.08 17:26:15,filled,copy #968481016,Sheet10,2026.07.08 23:59
2026.07.08 17:27:14,557060736,buy,0.02 / 0.02,XAUUSD-STDc,market,0,0,2026.07.08 17:27:14,filled,copy #968486724,Sheet10,2026.07.08 23:59
2026.07.08 17:27:20,557061966,buy,0.02 / 0.02,XAUUSD-STDc,market,0,0,2026.07.08 17:27:20,filled,copy #968488694,Sheet10,2026.07.08 23:59
2026.07.08 17:27:37,557063715,sell,0.02 / 0.02,XAUUSD-STDc,market,0,0,2026.07.08 17:27:37,filled,copy #968490550,Sheet10,2026.07.08 23:59
2026.07.08 17:30:44,557073419,buy,0.02 / 0.02,XAUUSD-STDc,market,0,0,2026.07.08 17:30:44,filled,copy #968500598,Sheet10,2026.07.08 23:59
2026.07.08 17:32:47,557090634,buy,0.02 / 0.02,XAUUSD-STDc,market,0,0,2026.07.08 17:32:48,filled,copy #968514584,Sheet10,2026.07.08 23:59
2026.07.08 17:34:30,557097307,sell,0.02 / 0.02,XAUUSD-STDc,market,0,0,2026.07.08 17:34:30,filled,copy #968521929,Sheet10,2026.07.08 23:59
2026.07.08 17:35:55,557100005,buy,0.02 / 0.02,XAUUSD-STDc,market,0,0,2026.07.08 17:35:55,filled,copy #968525716,Sheet10,2026.07.08 23:59
2026.07.08 17:36:11,557107542,buy,0.03 / 0.03,XAUUSD-STDc,market,0,0,2026.07.08 17:36:12,filled,copy #968530169,Sheet10,2026.07.08 23:59
2026.07.08 17:36:43,557113760,buy,0.04 / 0.04,XAUUSD-STDc,market,0,0,2026.07.08 17:36:43,filled,copy #968535313,Sheet10,2026.07.08 23:59
2026.07.08 17:37:29,557125447,buy,0.05 / 0.05,XAUUSD-STDc,market,0,0,2026.07.08 17:37:29,filled,copy #968547071,Sheet10,2026.07.08 23:59
2026.07.08 17:39:26,557143113,buy,0.06 / 0.06,XAUUSD-STDc,market,0,0,2026.07.08 17:39:27,filled,copy #968558422,Sheet10,2026.07.08 23:59
2026.07.08 17:39:33,557146721,buy,0.08 / 0.08,XAUUSD-STDc,market,0,0,2026.07.08 17:39:33,filled,copy #968561276,Sheet10,2026.07.08 23:59
2026.07.08 17:40:05,557150372,sell,0.02 / 0.02,XAUUSD-STDc,market,0,0,2026.07.08 17:40:06,filled,copy #968566270,Sheet10,2026.07.08 23:59
2026.07.08 17:42:48,557167290,buy,0.02 / 0.02,XAUUSD-STDc,market,0,0,2026.07.08 17:42:48,filled,copy #968581050,Sheet10,2026.07.08 23:59
2026.07.08 17:42:56,557168331,sell,0.02 / 0.02,XAUUSD-STDc,market,0,0,2026.07.08 17:42:56,filled,copy #968582175,Sheet10,2026.07.08 23:59
2026.07.08 17:43:20,557173524,buy,0.02 / 0.02,XAUUSD-STDc,market,0,0,2026.07.08 17:43:20,filled,copy #968584080,Sheet10,2026.07.08 23:59
2026.07.08 17:43:33,557179445,buy,0.11 / 0.11,XAUUSD-STDc,market,0,0,2026.07.08 17:43:34,filled,copy #968589112,Sheet10,2026.07.08 23:59
2026.07.08 17:44:10,557187060,buy,0.14 / 0.14,XAUUSD-STDc,market,0,0,2026.07.08 17:44:10,filled,copy #968596172,Sheet10,2026.07.08 23:59
2026.07.08 17:44:44,557196693,sell,0.02 / 0.02,XAUUSD-STDc,market,0,0,2026.07.08 17:44:45,filled,copy #968604276,Sheet10,2026.07.08 23:59
2026.07.08 17:44:58,557199091,buy,0.18 / 0.18,XAUUSD-STDc,market,0,0,2026.07.08 17:44:58,filled,copy #968606886,Sheet10,2026.07.08 23:59
2026.07.08 17:47:02,557207593,buy,0.02 / 0.02,XAUUSD-STDc,market,0,0,2026.07.08 17:47:03,filled,copy #968617442,Sheet10,2026.07.08 23:59
2026.07.08 17:47:04,557209127,sell,0.02 / 0.02,XAUUSD-STDc,market,0,0,2026.07.08 17:47:04,filled,copy #968618119,Sheet10,2026.07.08 23:59
2026.07.08 17:47:10,557212141,buy,0.02 / 0.02,XAUUSD-STDc,market,0,0,2026.07.08 17:47:10,filled,copy #968619788,Sheet10,2026.07.08 23:59
2026.07.08 17:47:13,557213786,buy,0.23 / 0.23,XAUUSD-STDc,market,0,0,2026.07.08 17:47:14,filled,copy #968621328,Sheet10,2026.07.08 23:59
2026.07.08 17:48:09,557219314,sell,0.02 / 0.02,XAUUSD-STDc,market,0,0,2026.07.08 17:48:09,filled,copy #968625992,Sheet10,2026.07.08 23:59
2026.07.08 17:50:01,557226604,buy,0.02 / 0.02,XAUUSD-STDc,market,0,0,2026.07.08 17:50:02,filled,copy #968631651,Sheet10,2026.07.08 23:59
2026.07.08 17:51:39,557240201,sell,0.18 / 0.18,XAUUSD-STDc,market,0,0,2026.07.08 17:51:39,filled,copy #968642011,Sheet10,2026.07.08 23:59
2026.07.08 17:51:39,557240398,sell,0.23 / 0.23,XAUUSD-STDc,market,0,0,2026.07.08 17:51:39,filled,copy #968642016,Sheet10,2026.07.08 23:59
2026.07.08 17:51:39,557240611,sell,0.14 / 0.14,XAUUSD-STDc,market,0,0,2026.07.08 17:51:39,filled,copy #968642054,Sheet10,2026.07.08 23:59
2026.07.08 17:51:39,557240810,sell,0.11 / 0.11,XAUUSD-STDc,market,0,0,2026.07.08 17:51:40,filled,copy #968642119,Sheet10,2026.07.08 23:59
2026.07.08 17:51:39,557241004,sell,0.08 / 0.08,XAUUSD-STDc,market,0,0,2026.07.08 17:51:40,filled,copy #968642132,Sheet10,2026.07.08 23:59
2026.07.08 17:51:40,557241214,sell,0.06 / 0.06,XAUUSD-STDc,market,0,0,2026.07.08 17:51:40,filled,copy #968642221,Sheet10,2026.07.08 23:59
2026.07.08 17:51:42,557242336,sell,0.05 / 0.05,XAUUSD-STDc,market,0,0,2026.07.08 17:51:42,filled,copy #968642599,Sheet10,2026.07.08 23:59
2026.07.08 17:51:48,557243255,sell,0.04 / 0.04,XAUUSD-STDc,market,0,0,2026.07.08 17:51:48,filled,copy #968644287,Sheet10,2026.07.08 23:59
2026.07.08 17:51:50,557243537,sell,0.02 / 0.02,XAUUSD-STDc,market,0,0,2026.07.08 17:51:51,filled,copy #968644595,Sheet10,2026.07.08 23:59
2026.07.08 17:51:51,557243836,sell,0.03 / 0.03,XAUUSD-STDc,market,0,0,2026.07.08 17:51:51,filled,copy #968644611,Sheet10,2026.07.08 23:59
2026.07.08 17:51:51,557244033,sell,0.02 / 0.02,XAUUSD-STDc,market,0,0,2026.07.08 17:51:51,filled,copy #968644617,Sheet10,2026.07.08 23:59
2026.07.08 17:57:29,557263772,buy,0.02 / 0.02,XAUUSD-STDc,market,0,0,2026.07.08 17:57:30,filled,copy #968670784,Sheet10,2026.07.08 23:59
2026.07.08 18:00:30,557273316,buy,0.02 / 0.02,XAUUSD-STDc,market,0,0,2026.07.08 18:00:30,filled,copy #968682299,Sheet10,2026.07.08 23:59
2026.07.08 18:02:13,557286454,buy,0.03 / 0.03,XAUUSD-STDc,market,0,0,2026.07.08 18:02:14,filled,copy #968692219,Sheet10,2026.07.08 23:59
2026.07.08 18:05:32,557300655,sell,0.03 / 0.03,XAUUSD-STDc,market,0,0,2026.07.08 18:05:33,filled,copy #968704629,Sheet10,2026.07.08 23:59
2026.07.08 18:05:32,557300434,sell,0.02 / 0.02,XAUUSD-STDc,market,0,0,2026.07.08 18:05:33,filled,copy #968704622,Sheet10,2026.07.08 23:59
2026.07.08 18:05:32,557301015,sell,0.02 / 0.02,XAUUSD-STDc,market,0,0,2026.07.08 18:05:33,filled,copy #968704811,Sheet10,2026.07.08 23:59
2026.07.08 18:07:58,557307669,buy,0.02 / 0.02,XAUUSD-STDc,market,0,0,2026.07.08 18:07:58,filled,copy #968716429,Sheet10,2026.07.08 23:59
2026.07.08 18:12:54,557321443,buy,0.02 / 0.02,XAUUSD-STDc,market,0,0,2026.07.08 18:12:54,filled,copy #968730587,Sheet10,2026.07.08 23:59
2026.07.08 18:15:02,557331284,buy,0.03 / 0.03,XAUUSD-STDc,market,0,0,2026.07.08 18:15:02,filled,copy #968741405,Sheet10,2026.07.08 23:59
2026.07.08 18:15:29,557334394,buy,0.04 / 0.04,XAUUSD-STDc,market,0,0,2026.07.08 18:15:29,filled,copy #968745936,Sheet10,2026.07.08 23:59
2026.07.08 18:15:43,557339657,buy,0.05 / 0.05,XAUUSD-STDc,market,0,0,2026.07.08 18:15:44,filled,copy #968751020,Sheet10,2026.07.08 23:59
2026.07.08 18:16:41,557346064,buy,0.06 / 0.06,XAUUSD-STDc,market,0,0,2026.07.08 18:16:42,filled,copy #968760746,Sheet10,2026.07.08 23:59
2026.07.08 18:17:56,557349590,sell,0.02 / 0.02,XAUUSD-STDc,market,0,0,2026.07.08 18:17:56,filled,copy #968766991,Sheet10,2026.07.08 23:59
2026.07.08 18:19:49,557354503,sell,0.02 / 0.02,XAUUSD-STDc,market,0,0,2026.07.08 18:19:49,filled,copy #968774977,Sheet10,2026.07.08 23:59
2026.07.08 18:20:43,557360703,sell,0.03 / 0.03,XAUUSD-STDc,market,0,0,2026.07.08 18:20:43,filled,copy #968781557,Sheet10,2026.07.08 23:59
2026.07.08 18:20:43,557360926,sell,0.06 / 0.06,XAUUSD-STDc,market,0,0,2026.07.08 18:20:43,filled,copy #968781653,Sheet10,2026.07.08 23:59
2026.07.08 18:20:43,557361116,sell,0.02 / 0.02,XAUUSD-STDc,market,0,0,2026.07.08 18:20:43,filled,copy #968781681,Sheet10,2026.07.08 23:59
2026.07.08 18:20:43,557361515,sell,0.05 / 0.05,XAUUSD-STDc,market,0,0,2026.07.08 18:20:43,filled,copy #968781818,Sheet10,2026.07.08 23:59
2026.07.08 18:20:43,557361704,sell,0.04 / 0.04,XAUUSD-STDc,market,0,0,2026.07.08 18:20:44,filled,copy #968781820,Sheet10,2026.07.08 23:59
2026.07.08 18:20:43,557361311,sell,0.02 / 0.02,XAUUSD-STDc,market,0,0,2026.07.08 18:20:44,filled,copy #968781763,Sheet10,2026.07.08 23:59
2026.07.08 18:21:00,557363161,sell,0.03 / 0.03,XAUUSD-STDc,market,0,0,2026.07.08 18:21:00,filled,copy #968787002,Sheet10,2026.07.08 23:59
2026.07.08 18:21:44,557367614,buy,0.02 / 0.02,XAUUSD-STDc,market,0,0,2026.07.08 18:21:44,filled,copy #968791102,Sheet10,2026.07.08 23:59
2026.07.08 18:21:44,557367827,buy,0.03 / 0.03,XAUUSD-STDc,market,0,0,2026.07.08 18:21:44,filled,copy #968791138,Sheet10,2026.07.08 23:59
2026.07.08 18:21:44,557368020,buy,0.02 / 0.02,XAUUSD-STDc,market,0,0,2026.07.08 18:21:44,filled,copy #968791146,Sheet10,2026.07.08 23:59
2026.07.08 18:23:10,557378656,buy,0.02 / 0.02,XAUUSD-STDc,market,0,0,2026.07.08 18:23:10,filled,copy #968798473,Sheet10,2026.07.08 23:59
2026.07.08 18:25:03,557386734,buy,0.02 / 0.02,XAUUSD-STDc,market,0,0,2026.07.08 18:25:04,filled,copy #968807160,Sheet10,2026.07.08 23:59
2026.07.08 18:28:16,557393418,sell,0.02 / 0.02,XAUUSD-STDc,market,0,0,2026.07.08 18:28:17,filled,copy #968817512,Sheet10,2026.07.08 23:59
2026.07.08 18:28:16,557393830,sell,0.02 / 0.02,XAUUSD-STDc,market,0,0,2026.07.08 18:28:17,filled,copy #968817545,Sheet10,2026.07.08 23:59
2026.07.08 18:28:22,557394598,sell,0.02 / 0.02,XAUUSD-STDc,market,0,0,2026.07.08 18:28:22,filled,copy #968818286,Sheet10,2026.07.08 23:59
2026.07.08 18:30:25,557399522,buy,0.02 / 0.02,XAUUSD-STDc,market,0,0,2026.07.08 18:30:25,filled,copy #968825562,Sheet10,2026.07.08 23:59
2026.07.08 18:32:38,557420146,buy,0.02 / 0.02,XAUUSD-STDc,market,0,0,2026.07.08 18:32:38,filled,copy #968844362,Sheet10,2026.07.08 23:59
2026.07.08 18:35:25,557426029,sell,0.02 / 0.02,XAUUSD-STDc,market,0,0,2026.07.08 18:35:25,filled,copy #968853636,Sheet10,2026.07.08 23:59
2026.07.08 18:36:04,557434029,sell,0.02 / 0.02,XAUUSD-STDc,market,0,0,2026.07.08 18:36:04,filled,copy #968860798,Sheet10,2026.07.08 23:59
2026.07.08 18:38:54,557438568,sell,0.02 / 0.02,XAUUSD-STDc,market,0,0,2026.07.08 18:38:55,filled,copy #968868778,Sheet10,2026.07.08 23:59
2026.07.08 18:44:41,557447115,sell,0.03 / 0.03,XAUUSD-STDc,market,0,0,2026.07.08 18:44:42,filled,copy #968884608,Sheet10,2026.07.08 23:59
2026.07.08 18:50:35,557455247,sell,0.04 / 0.04,XAUUSD-STDc,market,0,0,2026.07.08 18:50:35,filled,copy #968899785,Sheet10,2026.07.08 23:59
2026.07.08 18:53:40,557460926,sell,0.05 / 0.05,XAUUSD-STDc,market,0,0,2026.07.08 18:53:40,filled,copy #968910229,Sheet10,2026.07.08 23:59
2026.07.08 18:56:09,557469694,buy,0.03 / 0.03,XAUUSD-STDc,market,0,0,2026.07.08 18:56:09,filled,copy #968920373,Sheet10,2026.07.08 23:59
2026.07.08 18:56:09,557469913,buy,0.05 / 0.05,XAUUSD-STDc,market,0,0,2026.07.08 18:56:09,filled,copy #968920421,Sheet10,2026.07.08 23:59
2026.07.08 18:56:09,557470350,buy,0.02 / 0.02,XAUUSD-STDc,market,0,0,2026.07.08 18:56:09,filled,copy #968920501,Sheet10,2026.07.08 23:59
2026.07.08 18:56:09,557470140,buy,0.02 / 0.02,XAUUSD-STDc,market,0,0,2026.07.08 18:56:10,filled,copy #968920469,Sheet10,2026.07.08 23:59
2026.07.08 18:56:09,557470566,buy,0.04 / 0.04,XAUUSD-STDc,market,0,0,2026.07.08 18:56:10,filled,copy #968920532,Sheet10,2026.07.08 23:59
2026.07.08 18:57:04,557473067,buy,0.02 / 0.02,XAUUSD-STDc,market,0,0,2026.07.08 18:57:05,filled,copy #968924594,Sheet10,2026.07.08 23:59
2026.07.08 19:00:03,557476758,sell,0.02 / 0.02,XAUUSD-STDc,market,0,0,2026.07.08 19:00:04,filled,copy #968930233,Sheet10,2026.07.08 23:59
2026.07.08 19:04:51,557482379,sell,0.02 / 0.02,XAUUSD-STDc,market,0,0,2026.07.08 19:04:51,filled,copy #968939585,Sheet10,2026.07.08 23:59
2026.07.08 19:06:30,557485886,sell,0.02 / 0.02,XAUUSD-STDc,market,0,0,2026.07.08 19:06:31,filled,copy #968944829,Sheet10,2026.07.08 23:59
2026.07.08 19:07:53,557488151,sell,0.03 / 0.03,XAUUSD-STDc,market,0,0,2026.07.08 19:07:53,filled,copy #968950485,Sheet10,2026.07.08 23:59
2026.07.08 19:11:33,557494527,sell,0.04 / 0.04,XAUUSD-STDc,market,0,0,2026.07.08 19:11:34,filled,copy #968962148,Sheet10,2026.07.08 23:59
2026.07.08 19:27:40,557512196,sell,0.05 / 0.05,XAUUSD-STDc,market,0,0,2026.07.08 19:27:41,filled,copy #968992046,Sheet10,2026.07.08 23:59
2026.07.08 19:31:28,557520608,sell,0.06 / 0.06,XAUUSD-STDc,market,0,0,2026.07.08 19:31:28,filled,copy #969005497,Sheet10,2026.07.08 23:59
2026.07.08 19:37:09,557533602,buy,0.02 / 0.02,XAUUSD-STDc,market,0,0,2026.07.08 19:37:09,filled,copy #969022168,Sheet10,2026.07.08 23:59
2026.07.08 19:37:27,557534547,buy,0.05 / 0.05,XAUUSD-STDc,market,0,0,2026.07.08 19:37:27,filled,copy #969023161,Sheet10,2026.07.08 23:59
2026.07.08 19:37:27,557534758,buy,0.02 / 0.02,XAUUSD-STDc,market,0,0,2026.07.08 19:37:28,filled,copy #969023167,Sheet10,2026.07.08 23:59
2026.07.08 19:37:27,557534942,buy,0.06 / 0.06,XAUUSD-STDc,market,0,0,2026.07.08 19:37:28,filled,copy #969023176,Sheet10,2026.07.08 23:59
2026.07.08 19:37:27,557535149,buy,0.02 / 0.02,XAUUSD-STDc,market,0,0,2026.07.08 19:37:28,filled,copy #969023193,Sheet10,2026.07.08 23:59
2026.07.08 19:37:27,557535337,buy,0.04 / 0.04,XAUUSD-STDc,market,0,0,2026.07.08 19:37:28,filled,copy #969023218,Sheet10,2026.07.08 23:59
2026.07.08 19:37:27,557535531,buy,0.03 / 0.03,XAUUSD-STDc,market,0,0,2026.07.08 19:37:28,filled,copy #969023227,Sheet10,2026.07.08 23:59
2026.07.08 19:39:46,557539411,sell,0.02 / 0.02,XAUUSD-STDc,market,0,0,2026.07.08 19:39:47,filled,copy #969028805,Sheet10,2026.07.08 23:59
2026.07.08 19:39:50,557541669,sell,0.02 / 0.02,XAUUSD-STDc,market,0,0,2026.07.08 19:39:51,filled,copy #969029681,Sheet10,2026.07.08 23:59
2026.07.08 19:39:52,557542569,sell,0.02 / 0.02,XAUUSD-STDc,market,0,0,2026.07.08 19:39:52,filled,copy #969030215,Sheet10,2026.07.08 23:59
2026.07.08 19:40:49,557550198,sell,0.03 / 0.03,XAUUSD-STDc,market,0,0,2026.07.08 19:40:49,filled,copy #969040107,Sheet10,2026.07.08 23:59
2026.07.08 19:42:37,557559727,sell,0.04 / 0.04,XAUUSD-STDc,market,0,0,2026.07.08 19:42:37,filled,copy #969050223,Sheet10,2026.07.08 23:59
2026.07.08 19:43:58,557566410,sell,0.05 / 0.05,XAUUSD-STDc,market,0,0,2026.07.08 19:43:58,filled,copy #969057595,Sheet10,2026.07.08 23:59
2026.07.08 19:45:13,557572385,sell,0.06 / 0.06,XAUUSD-STDc,market,0,0,2026.07.08 19:45:13,filled,copy #969067743,Sheet10,2026.07.08 23:59
2026.07.08 19:49:21,557579897,sell,0.08 / 0.08,XAUUSD-STDc,market,0,0,2026.07.08 19:49:22,filled,copy #969079214,Sheet10,2026.07.08 23:59
2026.07.08 19:52:05,557586603,buy,0.02 / 0.02,XAUUSD-STDc,market,0,0,2026.07.08 19:52:05,filled,copy #969088373,Sheet10,2026.07.08 23:59
2026.07.08 19:52:34,557588760,sell,0.02 / 0.02,XAUUSD-STDc,market,0,0,2026.07.08 19:52:34,filled,copy #969091009,Sheet10,2026.07.08 23:59
2026.07.08 19:52:55,557589201,sell,0.11 / 0.11,XAUUSD-STDc,market,0,0,2026.07.08 19:52:55,filled,copy #969091866,Sheet10,2026.07.08 23:59
2026.07.08 19:55:30,557594634,sell,0.14 / 0.14,XAUUSD-STDc,market,0,0,2026.07.08 19:55:30,filled,copy #969100477,Sheet10,2026.07.08 23:59
2026.07.08 20:07:10,557609478,sell,0.18 / 0.18,XAUUSD-STDc,market,0,0,2026.07.08 20:07:11,filled,copy #969126259,Sheet10,2026.07.08 23:59
2026.07.08 20:13:46,557618357,sell,0.23 / 0.23,XAUUSD-STDc,market,0,0,2026.07.08 20:13:47,filled,copy #969144438,Sheet10,2026.07.08 23:59
2026.07.08 20:19:14,557625021,buy,0.02 / 0.02,XAUUSD-STDc,market,0,0,2026.07.08 20:19:14,filled,copy #969155408,Sheet10,2026.07.08 23:59
2026.07.08 20:21:52,557627952,sell,0.02 / 0.02,XAUUSD-STDc,market,0,0,2026.07.08 20:21:52,filled,copy #969159823,Sheet10,2026.07.08 23:59
2026.07.08 20:22:36,557632706,buy,0.02 / 0.02,XAUUSD-STDc,market,0,0,2026.07.08 20:22:36,filled,copy #969163892,Sheet10,2026.07.08 23:59
2026.07.08 20:22:42,557633131,sell,0.3 / 0.3,XAUUSD-STDc,market,0,0,2026.07.08 20:22:43,filled,copy #969164939,Sheet10,2026.07.08 23:59
2026.07.08 20:25:44,557637305,sell,0.02 / 0.02,XAUUSD-STDc,market,0,0,2026.07.08 20:25:44,filled,copy #969171750,Sheet10,2026.07.08 23:59
2026.07.08 20:25:46,557638132,buy,0.02 / 0.02,XAUUSD-STDc,market,0,0,2026.07.08 20:25:46,filled,copy #969172591,Sheet10,2026.07.08 23:59
2026.07.08 20:25:55,557639860,sell,0.39 / 0.39,XAUUSD-STDc,market,0,0,2026.07.08 20:25:55,filled,copy #969174102,Sheet10,2026.07.08 23:59
2026.07.08 20:28:31,557643207,sell,0.02 / 0.02,XAUUSD-STDc,market,0,0,2026.07.08 20:28:31,filled,copy #969180897,Sheet10,2026.07.08 23:59
2026.07.08 20:29:01,557644945,sell,0.51 / 0.51,XAUUSD-STDc,market,0,0,2026.07.08 20:29:01,filled,copy #969183207,Sheet10,2026.07.08 23:59
2026.07.08 20:30:06,557648483,buy,0.02 / 0.02,XAUUSD-STDc,market,0,0,2026.07.08 20:30:07,filled,copy #969187365,Sheet10,2026.07.08 23:59
2026.07.08 20:30:51,557651416,sell,0.02 / 0.02,XAUUSD-STDc,market,0,0,2026.07.08 20:30:51,filled,copy #969190836,Sheet10,2026.07.08 23:59
2026.07.08 20:31:35,557653364,sell,0.67 / 0.67,XAUUSD-STDc,market,0,0,2026.07.08 20:31:35,filled,copy #969194432,Sheet10,2026.07.08 23:59
2026.07.08 20:36:30,557658218,buy,0.02 / 0.02,XAUUSD-STDc,market,0,0,2026.07.08 20:36:30,filled,copy #969202692,Sheet10,2026.07.08 23:59
2026.07.08 20:45:42,557664970,sell,0.02 / 0.02,XAUUSD-STDc,market,0,0,2026.07.08 20:45:42,filled,copy #969211149,Sheet10,2026.07.08 23:59
2026.07.08 20:45:44,557665265,buy,0.67 / 0.67,XAUUSD-STDc,market,0,0,2026.07.08 20:45:44,filled,copy #969211218,Sheet10,2026.07.08 23:59
2026.07.08 20:45:44,557665423,buy,0.51 / 0.51,XAUUSD-STDc,market,0,0,2026.07.08 20:45:44,filled,copy #969211239,Sheet10,2026.07.08 23:59
2026.07.08 20:45:44,557665918,buy,0.3 / 0.3,XAUUSD-STDc,market,0,0,2026.07.08 20:45:44,filled,copy #969211444,Sheet10,2026.07.08 23:59
2026.07.08 20:45:44,557666072,buy,0.23 / 0.23,XAUUSD-STDc,market,0,0,2026.07.08 20:45:44,filled,copy #969211532,Sheet10,2026.07.08 23:59
2026.07.08 20:45:44,557665655,buy,0.39 / 0.39,XAUUSD-STDc,market,0,0,2026.07.08 20:45:44,filled,copy #969211317,Sheet10,2026.07.08 23:59
2026.07.08 20:45:44,557666559,buy,0.18 / 0.18,XAUUSD-STDc,market,0,0,2026.07.08 20:45:44,filled,copy #969211644,Sheet10,2026.07.08 23:59
2026.07.08 20:45:44,557666801,buy,0.14 / 0.14,XAUUSD-STDc,market,0,0,2026.07.08 20:45:45,filled,copy #969211656,Sheet10,2026.07.08 23:59
2026.07.08 20:45:45,557667387,buy,0.08 / 0.08,XAUUSD-STDc,market,0,0,2026.07.08 20:45:45,filled,copy #969211810,Sheet10,2026.07.08 23:59
2026.07.08 20:45:45,557667588,buy,0.06 / 0.06,XAUUSD-STDc,market,0,0,2026.07.08 20:45:45,filled,copy #969211839,Sheet10,2026.07.08 23:59
2026.07.08 20:45:45,557667182,buy,0.11 / 0.11,XAUUSD-STDc,market,0,0,2026.07.08 20:45:45,filled,copy #969211783,Sheet10,2026.07.08 23:59
2026.07.08 20:45:45,557667772,buy,0.05 / 0.05,XAUUSD-STDc,market,0,0,2026.07.08 20:45:46,filled,copy #969211905,Sheet10,2026.07.08 23:59
2026.07.08 20:45:45,557667963,buy,0.04 / 0.04,XAUUSD-STDc,market,0,0,2026.07.08 20:45:46,filled,copy #969211956,Sheet10,2026.07.08 23:59
2026.07.08 20:45:46,557668392,buy,0.03 / 0.03,XAUUSD-STDc,market,0,0,2026.07.08 20:45:46,filled,copy #969212070,Sheet10,2026.07.08 23:59
2026.07.08 20:45:46,557668202,buy,0.02 / 0.02,XAUUSD-STDc,market,0,0,2026.07.08 20:45:46,filled,copy #969212069,Sheet10,2026.07.08 23:59
2026.07.08 20:45:46,557668581,buy,0.02 / 0.02,XAUUSD-STDc,market,0,0,2026.07.08 20:45:46,filled,copy #969212099,Sheet10,2026.07.08 23:59
2026.07.08 20:56:01,557679643,buy,0.02 / 0.02,XAUUSD-STDc,market,0,0,2026.07.08 20:56:02,filled,copy #969227869,Sheet10,2026.07.08 23:59
2026.07.08 21:00:20,557685426,buy,0.02 / 0.02,XAUUSD-STDc,market,0,0,2026.07.08 21:00:20,filled,copy #969238212,Sheet10,2026.07.08 23:59
2026.07.08 21:00:50,557688089,sell,0.02 / 0.02,XAUUSD-STDc,market,0,0,2026.07.08 21:00:50,filled,copy #969240686,Sheet10,2026.07.08 23:59
2026.07.08 21:00:50,557688282,sell,0.02 / 0.02,XAUUSD-STDc,market,0,0,2026.07.08 21:00:50,filled,copy #969240713,Sheet10,2026.07.08 23:59
2026.07.08 21:01:26,557694629,sell,0.02 / 0.02,XAUUSD-STDc,market,0,0,2026.07.08 21:01:26,filled,copy #969246620,Sheet10,2026.07.08 23:59
2026.07.08 21:02:08,557701075,sell,0.02 / 0.02,XAUUSD-STDc,market,0,0,2026.07.08 21:02:09,filled,copy #969250548,Sheet10,2026.07.08 23:59
2026.07.08 21:03:21,557706178,buy,0.02 / 0.02,XAUUSD-STDc,market,0,0,2026.07.08 21:03:22,filled,copy #969255039,Sheet10,2026.07.08 23:59
2026.07.08 21:03:21,557705990,buy,0.02 / 0.02,XAUUSD-STDc,market,0,0,2026.07.08 21:03:22,filled,copy #969255038,Sheet10,2026.07.08 23:59
2026.07.08 21:05:42,557709318,buy,0.02 / 0.02,XAUUSD-STDc,market,0,0,2026.07.08 21:05:42,filled,copy #969260042,Sheet10,2026.07.08 23:59
2026.07.08 21:08:16,557712596,buy,0.02 / 0.02,XAUUSD-STDc,market,0,0,2026.07.08 21:08:16,filled,copy #969264803,Sheet10,2026.07.08 23:59
2026.07.08 21:10:51,557715631,sell,0.02 / 0.02,XAUUSD-STDc,market,0,0,2026.07.08 21:10:52,filled,copy #969269185,Sheet10,2026.07.08 23:59
2026.07.08 21:10:52,557715826,sell,0.02 / 0.02,XAUUSD-STDc,market,0,0,2026.07.08 21:10:52,filled,copy #969269218,Sheet10,2026.07.08 23:59
2026.07.07 01:35:34,545146168,buy,0.02 / 0.02,XAUUSD-STDc,market,0,0,2026.07.07 01:35:35,filled,copy #960808958,Sheet11,2026.07.07 23:59
2026.07.07 02:30:41,545167615,buy,0.02 / 0.02,XAUUSD-STDc,market,0,0,2026.07.07 02:30:42,filled,copy #960835215,Sheet11,2026.07.07 23:59
2026.07.07 02:43:15,545182347,buy,0.02 / 0.02,XAUUSD-STDc,market,0,0,2026.07.07 02:43:15,filled,copy #960844752,Sheet11,2026.07.07 23:59
2026.07.07 02:57:45,545208403,buy,0.02 / 0.02,XAUUSD-STDc,market,0,0,2026.07.07 02:57:46,filled,copy #960861128,Sheet11,2026.07.07 23:59
2026.07.07 02:57:45,545209829,buy,0.02 / 0.02,XAUUSD-STDc,market,0,0,2026.07.07 02:57:46,filled,copy #960861172,Sheet11,2026.07.07 23:59
2026.07.07 02:57:45,545209645,buy,0.06 / 0.06,XAUUSD-STDc,market,0,0,2026.07.07 02:57:46,filled,copy #960861162,Sheet11,2026.07.07 23:59
2026.07.07 02:57:46,545210421,buy,0.03 / 0.03,XAUUSD-STDc,market,0,0,2026.07.07 02:57:46,filled,copy #960861563,Sheet11,2026.07.07 23:59
2026.07.07 02:57:46,545210207,buy,0.14 / 0.14,XAUUSD-STDc,market,0,0,2026.07.07 02:57:46,filled,copy #960861388,Sheet11,2026.07.07 23:59
2026.07.07 02:57:45,545210077,buy,0.08 / 0.08,XAUUSD-STDc,market,0,0,2026.07.07 02:57:47,filled,copy #960861386,Sheet11,2026.07.07 23:59
2026.07.07 02:57:46,545210277,buy,0.04 / 0.04,XAUUSD-STDc,market,0,0,2026.07.07 02:57:47,filled,copy #960861523,Sheet11,2026.07.07 23:59
2026.07.07 02:57:45,545209957,buy,0.11 / 0.11,XAUUSD-STDc,market,0,0,2026.07.07 02:57:47,filled,copy #960861233,Sheet11,2026.07.07 23:59
2026.07.07 02:57:46,545210352,buy,0.05 / 0.05,XAUUSD-STDc,market,0,0,2026.07.07 02:57:47,filled,copy #960861552,Sheet11,2026.07.07 23:59
2026.07.07 03:00:03,545216410,buy,0.03 / 0.03,XAUUSD-STDc,market,0,0,2026.07.07 03:00:04,filled,copy #960867551,Sheet11,2026.07.07 23:59
2026.07.07 03:00:44,545224221,buy,0.04 / 0.04,XAUUSD-STDc,market,0,0,2026.07.07 03:00:45,filled,copy #960871332,Sheet11,2026.07.07 23:59
2026.07.07 03:12:42,545248530,buy,0.05 / 0.05,XAUUSD-STDc,market,0,0,2026.07.07 03:12:42,filled,copy #960893229,Sheet11,2026.07.07 23:59
2026.07.07 03:21:20,545290936,sell,0.02 / 0.02,XAUUSD-STDc,market,0,0,2026.07.07 03:21:21,filled,copy #960918749,Sheet11,2026.07.07 23:59
2026.07.07 03:21:20,545291070,sell,0.02 / 0.02,XAUUSD-STDc,market,0,0,2026.07.07 03:21:21,filled,copy #960918832,Sheet11,2026.07.07 23:59
2026.07.07 03:21:20,545291971,sell,0.02 / 0.02,XAUUSD-STDc,market,0,0,2026.07.07 03:21:21,filled,copy #960919125,Sheet11,2026.07.07 23:59
2026.07.07 03:21:20,545291598,sell,0.05 / 0.05,XAUUSD-STDc,market,0,0,2026.07.07 03:21:21,filled,copy #960918953,Sheet11,2026.07.07 23:59
2026.07.07 03:21:20,545291782,sell,0.03 / 0.03,XAUUSD-STDc,market,0,0,2026.07.07 03:21:21,filled,copy #960918981,Sheet11,2026.07.07 23:59
2026.07.07 03:21:20,545291325,sell,0.04 / 0.04,XAUUSD-STDc,market,0,0,2026.07.07 03:21:21,filled,copy #960918905,Sheet11,2026.07.07 23:59
2026.07.07 03:21:36,545296448,sell,0.02 / 0.02,XAUUSD-STDc,market,0,0,2026.07.07 03:21:36,filled,copy #960923030,Sheet11,2026.07.07 23:59
2026.07.07 03:30:43,545329244,sell,0.02 / 0.02,XAUUSD-STDc,market,0,0,2026.07.07 03:30:43,filled,copy #960945955,Sheet11,2026.07.07 23:59
2026.07.07 03:34:41,545342091,buy,0.02 / 0.02,XAUUSD-STDc,market,0,0,2026.07.07 03:34:41,filled,copy #960955133,Sheet11,2026.07.07 23:59
2026.07.07 03:34:41,545341902,buy,0.02 / 0.02,XAUUSD-STDc,market,0,0,2026.07.07 03:34:41,filled,copy #960955129,Sheet11,2026.07.07 23:59
2026.07.07 03:38:28,545373418,buy,0.02 / 0.02,XAUUSD-STDc,market,0,0,2026.07.07 03:38:29,filled,copy #960972106,Sheet11,2026.07.07 23:59
2026.07.07 03:40:19,545384383,buy,0.02 / 0.02,XAUUSD-STDc,market,0,0,2026.07.07 03:40:19,filled,copy #960979567,Sheet11,2026.07.07 23:59
2026.07.07 03:48:19,545402527,buy,0.03 / 0.03,XAUUSD-STDc,market,0,0,2026.07.07 03:48:19,filled,copy #960994738,Sheet11,2026.07.07 23:59
2026.07.07 03:53:17,545416479,sell,0.02 / 0.02,XAUUSD-STDc,market,0,0,2026.07.07 03:53:17,filled,copy #961005610,Sheet11,2026.07.07 23:59
2026.07.07 03:53:17,545416664,sell,0.02 / 0.02,XAUUSD-STDc,market,0,0,2026.07.07 03:53:17,filled,copy #961005612,Sheet11,2026.07.07 23:59
2026.07.07 03:53:17,545416847,sell,0.03 / 0.03,XAUUSD-STDc,market,0,0,2026.07.07 03:53:17,filled,copy #961005617,Sheet11,2026.07.07 23:59
2026.07.07 08:55:49,547372643,sell,0.02 / 0.02,XAUUSD-STDc,market,0,0,2026.07.07 08:55:49,filled,copy #962018749,Sheet11,2026.07.07 23:59
2026.07.07 09:03:01,547415250,sell,0.02 / 0.02,XAUUSD-STDc,market,0,0,2026.07.07 09:03:01,filled,copy #962045379,Sheet11,2026.07.07 23:59
2026.07.07 09:09:09,547450911,buy,0.02 / 0.02,XAUUSD-STDc,market,0,0,2026.07.07 09:09:09,filled,copy #962063865,Sheet11,2026.07.07 23:59
2026.07.07 09:09:09,547451328,buy,0.02 / 0.02,XAUUSD-STDc,market,0,0,2026.07.07 09:09:11,filled,copy #962063917,Sheet11,2026.07.07 23:59
2026.07.07 09:12:17,547486293,buy,0.02 / 0.02,XAUUSD-STDc,market,0,0,2026.07.07 09:12:18,filled,copy #962081458,Sheet11,2026.07.07 23:59
2026.07.07 09:20:23,547515646,sell,0.02 / 0.02,XAUUSD-STDc,market,0,0,2026.07.07 09:20:24,filled,copy #962100194,Sheet11,2026.07.07 23:59
2026.07.07 09:22:18,547526530,sell,0.02 / 0.02,XAUUSD-STDc,market,0,0,2026.07.07 09:22:19,filled,copy #962106146,Sheet11,2026.07.07 23:59
2026.07.07 09:25:50,547548873,sell,0.02 / 0.02,XAUUSD-STDc,market,0,0,2026.07.07 09:25:51,filled,copy #962117185,Sheet11,2026.07.07 23:59
2026.07.07 09:30:41,547573914,buy,0.02 / 0.02,XAUUSD-STDc,market,0,0,2026.07.07 09:30:41,filled,copy #962131396,Sheet11,2026.07.07 23:59
2026.07.07 09:33:38,547584349,sell,0.02 / 0.02,XAUUSD-STDc,market,0,0,2026.07.07 09:33:38,filled,copy #962137290,Sheet11,2026.07.07 23:59
2026.07.07 09:40:55,547628802,sell,0.03 / 0.03,XAUUSD-STDc,market,0,0,2026.07.07 09:40:55,filled,copy #962158055,Sheet11,2026.07.07 23:59
2026.07.07 10:03:05,547703413,buy,0.03 / 0.03,XAUUSD-STDc,market,0,0,2026.07.07 10:03:06,filled,copy #962206173,Sheet11,2026.07.07 23:59
2026.07.07 10:03:06,547703772,buy,0.02 / 0.02,XAUUSD-STDc,market,0,0,2026.07.07 10:03:06,filled,copy #962206406,Sheet11,2026.07.07 23:59
2026.07.07 10:03:06,547703529,buy,0.02 / 0.02,XAUUSD-STDc,market,0,0,2026.07.07 10:03:06,filled,copy #962206245,Sheet11,2026.07.07 23:59
2026.07.07 10:04:21,547722920,buy,0.02 / 0.02,XAUUSD-STDc,market,0,0,2026.07.07 10:04:21,filled,copy #962215332,Sheet11,2026.07.07 23:59
2026.07.07 10:13:39,547761376,sell,0.02 / 0.02,XAUUSD-STDc,market,0,0,2026.07.07 10:13:39,filled,copy #962237226,Sheet11,2026.07.07 23:59
2026.07.07 10:14:14,547769577,sell,0.02 / 0.02,XAUUSD-STDc,market,0,0,2026.07.07 10:14:14,filled,copy #962240651,Sheet11,2026.07.07 23:59
2026.07.07 10:17:15,547785635,sell,0.02 / 0.02,XAUUSD-STDc,market,0,0,2026.07.07 10:17:15,filled,copy #962249849,Sheet11,2026.07.07 23:59
2026.07.07 10:24:18,547823481,buy,0.02 / 0.02,XAUUSD-STDc,market,0,0,2026.07.07 10:24:18,filled,copy #962273640,Sheet11,2026.07.07 23:59
2026.07.07 10:24:18,547823820,buy,0.02 / 0.02,XAUUSD-STDc,market,0,0,2026.07.07 10:24:19,filled,copy #962273728,Sheet11,2026.07.07 23:59
2026.07.07 10:44:56,547891943,sell,0.02 / 0.02,XAUUSD-STDc,market,0,0,2026.07.07 10:44:57,filled,copy #962314814,Sheet11,2026.07.07 23:59
2026.07.07 10:47:36,547913740,sell,0.02 / 0.02,XAUUSD-STDc,market,0,0,2026.07.07 10:47:37,filled,copy #962326904,Sheet11,2026.07.07 23:59
2026.07.07 10:48:27,547934897,buy,0.02 / 0.02,XAUUSD-STDc,market,0,0,2026.07.07 10:48:27,filled,copy #962334322,Sheet11,2026.07.07 23:59
2026.07.07 10:48:27,547935145,buy,0.02 / 0.02,XAUUSD-STDc,market,0,0,2026.07.07 10:48:27,filled,copy #962334334,Sheet11,2026.07.07 23:59
2026.07.07 10:56:23,547976847,buy,0.02 / 0.02,XAUUSD-STDc,market,0,0,2026.07.07 10:56:23,filled,copy #962359498,Sheet11,2026.07.07 23:59
2026.07.07 11:03:09,548001752,sell,0.02 / 0.02,XAUUSD-STDc,market,0,0,2026.07.07 11:03:10,filled,copy #962377099,Sheet11,2026.07.07 23:59
2026.07.07 11:12:03,548065821,sell,0.02 / 0.02,XAUUSD-STDc,market,0,0,2026.07.07 11:12:03,filled,copy #962416391,Sheet11,2026.07.07 23:59
2026.07.07 11:12:43,548076244,sell,0.02 / 0.02,XAUUSD-STDc,market,0,0,2026.07.07 11:12:44,filled,copy #962423267,Sheet11,2026.07.07 23:59
2026.07.07 11:13:52,548087440,sell,0.03 / 0.03,XAUUSD-STDc,market,0,0,2026.07.07 11:13:53,filled,copy #962431128,Sheet11,2026.07.07 23:59
2026.07.07 11:22:03,548115219,buy,0.02 / 0.02,XAUUSD-STDc,market,0,0,2026.07.07 11:22:03,filled,copy #962453474,Sheet11,2026.07.07 23:59
2026.07.07 11:24:33,548123750,sell,0.02 / 0.02,XAUUSD-STDc,market,0,0,2026.07.07 11:24:33,filled,copy #962459984,Sheet11,2026.07.07 23:59
2026.07.07 11:33:05,548161572,buy,0.02 / 0.02,XAUUSD-STDc,market,0,0,2026.07.07 11:33:05,filled,copy #962485676,Sheet11,2026.07.07 23:59
2026.07.07 11:33:05,548161793,buy,0.02 / 0.02,XAUUSD-STDc,market,0,0,2026.07.07 11:33:06,filled,copy #962485700,Sheet11,2026.07.07 23:59
2026.07.07 11:33:05,548162027,buy,0.03 / 0.03,XAUUSD-STDc,market,0,0,2026.07.07 11:33:06,filled,copy #962485764,Sheet11,2026.07.07 23:59
2026.07.07 11:36:34,548187887,buy,0.02 / 0.02,XAUUSD-STDc,market,0,0,2026.07.07 11:36:35,filled,copy #962500922,Sheet11,2026.07.07 23:59
2026.07.07 11:43:21,548224302,buy,0.02 / 0.02,XAUUSD-STDc,market,0,0,2026.07.07 11:43:22,filled,copy #962519362,Sheet11,2026.07.07 23:59
2026.07.07 11:52:41,548270570,buy,0.03 / 0.03,XAUUSD-STDc,market,0,0,2026.07.07 11:52:41,filled,copy #962548384,Sheet11,2026.07.07 23:59
2026.07.07 11:54:04,548298447,buy,0.04 / 0.04,XAUUSD-STDc,market,0,0,2026.07.07 11:54:04,filled,copy #962564147,Sheet11,2026.07.07 23:59
2026.07.07 12:09:33,548348322,sell,0.02 / 0.02,XAUUSD-STDc,market,0,0,2026.07.07 12:09:34,filled,copy #962605143,Sheet11,2026.07.07 23:59
2026.07.07 12:18:39,548376515,sell,0.02 / 0.02,XAUUSD-STDc,market,0,0,2026.07.07 12:18:40,filled,copy #962622177,Sheet11,2026.07.07 23:59
2026.07.07 12:18:39,548376285,sell,0.02 / 0.02,XAUUSD-STDc,market,0,0,2026.07.07 12:18:40,filled,copy #962622156,Sheet11,2026.07.07 23:59
2026.07.07 12:18:39,548376754,sell,0.03 / 0.03,XAUUSD-STDc,market,0,0,2026.07.07 12:18:40,filled,copy #962622242,Sheet11,2026.07.07 23:59
2026.07.07 12:18:40,548376944,sell,0.04 / 0.04,XAUUSD-STDc,market,0,0,2026.07.07 12:18:40,filled,copy #962622250,Sheet11,2026.07.07 23:59
2026.07.07 12:19:00,548390872,sell,0.02 / 0.02,XAUUSD-STDc,market,0,0,2026.07.07 12:19:00,filled,copy #962627414,Sheet11,2026.07.07 23:59
2026.07.07 12:27:38,548423263,buy,0.02 / 0.02,XAUUSD-STDc,market,0,0,2026.07.07 12:27:39,filled,copy #962645296,Sheet11,2026.07.07 23:59
2026.07.07 12:27:38,548423670,buy,0.02 / 0.02,XAUUSD-STDc,market,0,0,2026.07.07 12:27:39,filled,copy #962645964,Sheet11,2026.07.07 23:59
2026.07.07 12:27:47,548430439,buy,0.02 / 0.02,XAUUSD-STDc,market,0,0,2026.07.07 12:27:47,filled,copy #962650510,Sheet11,2026.07.07 23:59
2026.07.07 12:29:55,548467707,buy,0.02 / 0.02,XAUUSD-STDc,market,0,0,2026.07.07 12:29:56,filled,copy #962667981,Sheet11,2026.07.07 23:59
2026.07.07 12:30:44,548491251,sell,0.02 / 0.02,XAUUSD-STDc,market,0,0,2026.07.07 12:30:44,filled,copy #962676200,Sheet11,2026.07.07 23:59
2026.07.07 12:31:16,548497687,sell,0.02 / 0.02,XAUUSD-STDc,market,0,0,2026.07.07 12:31:17,filled,copy #962679912,Sheet11,2026.07.07 23:59
2026.07.07 12:31:16,548497890,sell,0.02 / 0.02,XAUUSD-STDc,market,0,0,2026.07.07 12:31:17,filled,copy #962679928,Sheet11,2026.07.07 23:59
2026.07.07 12:35:01,548522203,sell,0.02 / 0.02,XAUUSD-STDc,market,0,0,2026.07.07 12:35:02,filled,copy #962694638,Sheet11,2026.07.07 23:59
2026.07.07 12:36:03,548543838,sell,0.03 / 0.03,XAUUSD-STDc,market,0,0,2026.07.07 12:36:04,filled,copy #962704241,Sheet11,2026.07.07 23:59
2026.07.07 12:45:02,548568771,sell,0.04 / 0.04,XAUUSD-STDc,market,0,0,2026.07.07 12:45:03,filled,copy #962721644,Sheet11,2026.07.07 23:59
2026.07.07 12:50:33,548602530,buy,0.02 / 0.02,XAUUSD-STDc,market,0,0,2026.07.07 12:50:34,filled,copy #962741250,Sheet11,2026.07.07 23:59
2026.07.07 12:50:33,548602805,buy,0.03 / 0.03,XAUUSD-STDc,market,0,0,2026.07.07 12:50:34,filled,copy #962741357,Sheet11,2026.07.07 23:59
2026.07.07 12:50:34,548603467,buy,0.04 / 0.04,XAUUSD-STDc,market,0,0,2026.07.07 12:50:35,filled,copy #962741402,Sheet11,2026.07.07 23:59
2026.07.07 12:50:34,548603615,buy,0.02 / 0.02,XAUUSD-STDc,market,0,0,2026.07.07 12:50:35,filled,copy #962741570,Sheet11,2026.07.07 23:59
2026.07.07 12:51:14,548619944,buy,0.02 / 0.02,XAUUSD-STDc,market,0,0,2026.07.07 12:51:15,filled,copy #962749002,Sheet11,2026.07.07 23:59
2026.07.07 12:54:52,548637717,sell,0.02 / 0.02,XAUUSD-STDc,market,0,0,2026.07.07 12:54:52,filled,copy #962760302,Sheet11,2026.07.07 23:59
2026.07.07 13:01:13,548666236,sell,0.02 / 0.02,XAUUSD-STDc,market,0,0,2026.07.07 13:01:14,filled,copy #962778634,Sheet11,2026.07.07 23:59
2026.07.07 13:14:36,548685279,sell,0.02 / 0.02,XAUUSD-STDc,market,0,0,2026.07.07 13:14:36,filled,copy #962796397,Sheet11,2026.07.07 23:59
2026.07.07 13:20:02,548705928,sell,0.03 / 0.03,XAUUSD-STDc,market,0,0,2026.07.07 13:20:03,filled,copy #962812121,Sheet11,2026.07.07 23:59
2026.07.07 13:27:31,548725119,sell,0.04 / 0.04,XAUUSD-STDc,market,0,0,2026.07.07 13:27:31,filled,copy #962828007,Sheet11,2026.07.07 23:59
2026.07.07 14:04:01,548767020,buy,0.04 / 0.04,XAUUSD-STDc,market,0,0,2026.07.07 14:04:02,filled,copy #962874293,Sheet11,2026.07.07 23:59
2026.07.07 14:04:02,548767211,buy,0.03 / 0.03,XAUUSD-STDc,market,0,0,2026.07.07 14:04:03,filled,copy #962874355,Sheet11,2026.07.07 23:59
2026.07.07 14:04:03,548767394,buy,0.02 / 0.02,XAUUSD-STDc,market,0,0,2026.07.07 14:04:04,filled,copy #962874410,Sheet11,2026.07.07 23:59
2026.07.07 14:04:05,548767585,buy,0.02 / 0.02,XAUUSD-STDc,market,0,0,2026.07.07 14:04:05,filled,copy #962874552,Sheet11,2026.07.07 23:59
2026.07.07 14:19:37,548834684,sell,0.02 / 0.02,XAUUSD-STDc,market,0,0,2026.07.07 14:19:38,filled,copy #962921987,Sheet11,2026.07.07 23:59
2026.07.07 14:26:13,548857968,sell,0.02 / 0.02,XAUUSD-STDc,market,0,0,2026.07.07 14:26:14,filled,copy #962945619,Sheet11,2026.07.07 23:59
2026.07.07 14:36:24,548911650,sell,0.03 / 0.03,XAUUSD-STDc,market,0,0,2026.07.07 14:36:25,filled,copy #962978845,Sheet11,2026.07.07 23:59
2026.07.07 14:45:05,548928937,sell,0.04 / 0.04,XAUUSD-STDc,market,0,0,2026.07.07 14:45:06,filled,copy #962994657,Sheet11,2026.07.07 23:59
2026.07.07 14:45:56,548941639,sell,0.05 / 0.05,XAUUSD-STDc,market,0,0,2026.07.07 14:45:56,filled,copy #963003747,Sheet11,2026.07.07 23:59
2026.07.07 14:51:44,548955610,sell,0.06 / 0.06,XAUUSD-STDc,market,0,0,2026.07.07 14:51:45,filled,copy #963022408,Sheet11,2026.07.07 23:59
2026.07.07 14:59:49,548995433,buy,0.02 / 0.02,XAUUSD-STDc,market,0,0,2026.07.07 14:59:49,filled,copy #963054331,Sheet11,2026.07.07 23:59
2026.07.07 14:59:54,548999680,sell,0.08 / 0.08,XAUUSD-STDc,market,0,0,2026.07.07 14:59:54,filled,copy #963059068,Sheet11,2026.07.07 23:59
2026.07.07 15:00:02,549003623,sell,0.02 / 0.02,XAUUSD-STDc,market,0,0,2026.07.07 15:00:02,filled,copy #963062787,Sheet11,2026.07.07 23:59
2026.07.07 15:05:04,549033486,sell,0.11 / 0.11,XAUUSD-STDc,market,0,0,2026.07.07 15:05:05,filled,copy #963091695,Sheet11,2026.07.07 23:59
2026.07.07 15:07:15,549050335,sell,0.14 / 0.14,XAUUSD-STDc,market,0,0,2026.07.07 15:07:16,filled,copy #963106131,Sheet11,2026.07.07 23:59
2026.07.07 15:07:37,549057249,sell,0.18 / 0.18,XAUUSD-STDc,market,0,0,2026.07.07 15:07:38,filled,copy #963112177,Sheet11,2026.07.07 23:59
2026.07.07 15:09:46,549071530,buy,0.02 / 0.02,XAUUSD-STDc,market,0,0,2026.07.07 15:09:46,filled,copy #963122603,Sheet11,2026.07.07 23:59
2026.07.07 15:09:48,549074172,sell,0.23 / 0.23,XAUUSD-STDc,market,0,0,2026.07.07 15:09:49,filled,copy #963126652,Sheet11,2026.07.07 23:59
2026.07.07 15:09:52,549076651,buy,0.02 / 0.02,XAUUSD-STDc,market,0,0,2026.07.07 15:09:52,filled,copy #963133056,Sheet11,2026.07.07 23:59
2026.07.07 15:09:56,549079267,sell,0.3 / 0.3,XAUUSD-STDc,market,0,0,2026.07.07 15:09:56,filled,copy #963135590,Sheet11,2026.07.07 23:59
2026.07.07 15:09:57,549080047,sell,0.02 / 0.02,XAUUSD-STDc,market,0,0,2026.07.07 15:09:57,filled,copy #963136115,Sheet11,2026.07.07 23:59
2026.07.07 15:10:14,549082010,buy,0.02 / 0.02,XAUUSD-STDc,market,0,0,2026.07.07 15:10:14,filled,copy #963139858,Sheet11,2026.07.07 23:59
2026.07.07 15:11:28,549087536,buy,0.02 / 0.02,XAUUSD-STDc,market,0,0,2026.07.07 15:11:29,filled,copy #963146672,Sheet11,2026.07.07 23:59
2026.07.07 15:12:58,549096011,sell,0.02 / 0.02,XAUUSD-STDc,market,0,0,2026.07.07 15:12:59,filled,copy #963153449,Sheet11,2026.07.07 23:59
2026.07.07 15:12:58,549096203,sell,0.02 / 0.02,XAUUSD-STDc,market,0,0,2026.07.07 15:12:59,filled,copy #963153458,Sheet11,2026.07.07 23:59
2026.07.07 15:12:58,549096391,sell,0.02 / 0.02,XAUUSD-STDc,market,0,0,2026.07.07 15:12:59,filled,copy #963153472,Sheet11,2026.07.07 23:59
2026.07.07 15:14:36,549122726,sell,0.39 / 0.39,XAUUSD-STDc,market,0,0,2026.07.07 15:14:36,filled,copy #963169067,Sheet11,2026.07.07 23:59
2026.07.07 15:18:55,549134458,buy,0.02 / 0.02,XAUUSD-STDc,market,0,0,2026.07.07 15:18:56,filled,copy #963187185,Sheet11,2026.07.07 23:59
2026.07.07 15:20:26,549149931,buy,0.02 / 0.02,XAUUSD-STDc,market,0,0,2026.07.07 15:20:26,filled,copy #963200066,Sheet11,2026.07.07 23:59
2026.07.07 15:23:41,549163994,sell,0.02 / 0.02,XAUUSD-STDc,market,0,0,2026.07.07 15:23:41,filled,copy #963214078,Sheet11,2026.07.07 23:59
2026.07.07 15:23:41,549164207,sell,0.02 / 0.02,XAUUSD-STDc,market,0,0,2026.07.07 15:23:41,filled,copy #963214113,Sheet11,2026.07.07 23:59
2026.07.07 15:23:42,549164731,buy,0.3 / 0.3,XAUUSD-STDc,market,0,0,2026.07.07 15:23:42,filled,copy #963214359,Sheet11,2026.07.07 23:59
2026.07.07 15:23:42,549165027,buy,0.39 / 0.39,XAUUSD-STDc,market,0,0,2026.07.07 15:23:43,filled,copy #963214394,Sheet11,2026.07.07 23:59
2026.07.07 15:23:44,549165873,buy,0.23 / 0.23,XAUUSD-STDc,market,0,0,2026.07.07 15:23:44,filled,copy #963214920,Sheet11,2026.07.07 23:59
2026.07.07 15:23:44,549166068,buy,0.18 / 0.18,XAUUSD-STDc,market,0,0,2026.07.07 15:23:45,filled,copy #963215159,Sheet11,2026.07.07 23:59
2026.07.07 15:23:44,549166306,buy,0.14 / 0.14,XAUUSD-STDc,market,0,0,2026.07.07 15:23:45,filled,copy #963215932,Sheet11,2026.07.07 23:59
2026.07.07 15:23:44,549166503,buy,0.11 / 0.11,XAUUSD-STDc,market,0,0,2026.07.07 15:23:45,filled,copy #963215972,Sheet11,2026.07.07 23:59
2026.07.07 15:23:45,549166882,buy,0.06 / 0.06,XAUUSD-STDc,market,0,0,2026.07.07 15:23:45,filled,copy #963216225,Sheet11,2026.07.07 23:59
2026.07.07 15:23:45,549167074,buy,0.05 / 0.05,XAUUSD-STDc,market,0,0,2026.07.07 15:23:45,filled,copy #963216310,Sheet11,2026.07.07 23:59
2026.07.07 15:23:45,549166694,buy,0.08 / 0.08,XAUUSD-STDc,market,0,0,2026.07.07 15:23:45,filled,copy #963215983,Sheet11,2026.07.07 23:59
2026.07.07 15:23:45,549167340,buy,0.04 / 0.04,XAUUSD-STDc,market,0,0,2026.07.07 15:23:46,filled,copy #963216665,Sheet11,2026.07.07 23:59
2026.07.07 15:23:51,549168456,buy,0.03 / 0.03,XAUUSD-STDc,market,0,0,2026.07.07 15:23:51,filled,copy #963217732,Sheet11,2026.07.07 23:59
2026.07.07 15:23:53,549168762,buy,0.02 / 0.02,XAUUSD-STDc,market,0,0,2026.07.07 15:23:54,filled,copy #963217993,Sheet11,2026.07.07 23:59
2026.07.07 15:23:54,549168956,buy,0.02 / 0.02,XAUUSD-STDc,market,0,0,2026.07.07 15:23:54,filled,copy #963218035,Sheet11,2026.07.07 23:59
2026.07.07 15:37:35,549207205,buy,0.02 / 0.02,XAUUSD-STDc,market,0,0,2026.07.07 15:37:36,filled,copy #963267981,Sheet11,2026.07.07 23:59
2026.07.07 15:39:51,549213172,sell,0.02 / 0.02,XAUUSD-STDc,market,0,0,2026.07.07 15:39:51,filled,copy #963274788,Sheet11,2026.07.07 23:59
2026.07.07 15:42:18,549227792,buy,0.02 / 0.02,XAUUSD-STDc,market,0,0,2026.07.07 15:42:19,filled,copy #963286429,Sheet11,2026.07.07 23:59
2026.07.07 15:43:12,549231863,sell,0.02 / 0.02,XAUUSD-STDc,market,0,0,2026.07.07 15:43:12,filled,copy #963290568,Sheet11,2026.07.07 23:59
2026.07.07 15:45:53,549245283,sell,0.02 / 0.02,XAUUSD-STDc,market,0,0,2026.07.07 15:45:53,filled,copy #963301161,Sheet11,2026.07.07 23:59
2026.07.07 15:48:52,549250432,buy,0.02 / 0.02,XAUUSD-STDc,market,0,0,2026.07.07 15:48:52,filled,copy #963307315,Sheet11,2026.07.07 23:59
2026.07.07 15:59:18,549287289,sell,0.02 / 0.02,XAUUSD-STDc,market,0,0,2026.07.07 15:59:18,filled,copy #963340664,Sheet11,2026.07.07 23:59
2026.07.07 16:00:17,549303823,sell,0.02 / 0.02,XAUUSD-STDc,market,0,0,2026.07.07 16:00:17,filled,copy #963355378,Sheet11,2026.07.07 23:59
2026.07.07 16:01:17,549331709,buy,0.02 / 0.02,XAUUSD-STDc,market,0,0,2026.07.07 16:01:17,filled,copy #963367993,Sheet11,2026.07.07 23:59
2026.07.07 16:01:17,549331519,buy,0.02 / 0.02,XAUUSD-STDc,market,0,0,2026.07.07 16:01:18,filled,copy #963367969,Sheet11,2026.07.07 23:59
2026.07.07 16:02:17,549345407,buy,0.02 / 0.02,XAUUSD-STDc,market,0,0,2026.07.07 16:02:18,filled,copy #963376829,Sheet11,2026.07.07 23:59
2026.07.07 16:04:50,549355824,buy,0.02 / 0.02,XAUUSD-STDc,market,0,0,2026.07.07 16:04:51,filled,copy #963388382,Sheet11,2026.07.07 23:59
2026.07.07 16:07:02,549368558,buy,0.03 / 0.03,XAUUSD-STDc,market,0,0,2026.07.07 16:07:03,filled,copy #963398362,Sheet11,2026.07.07 23:59
2026.07.07 16:11:16,549398154,buy,0.04 / 0.04,XAUUSD-STDc,market,0,0,2026.07.07 16:11:17,filled,copy #963418723,Sheet11,2026.07.07 23:59
2026.07.07 16:12:05,549410168,sell,0.02 / 0.02,XAUUSD-STDc,market,0,0,2026.07.07 16:12:05,filled,copy #963426006,Sheet11,2026.07.07 23:59
2026.07.07 16:12:05,549410385,sell,0.02 / 0.02,XAUUSD-STDc,market,0,0,2026.07.07 16:12:06,filled,copy #963426153,Sheet11,2026.07.07 23:59
2026.07.07 16:12:05,549410797,sell,0.04 / 0.04,XAUUSD-STDc,market,0,0,2026.07.07 16:12:06,filled,copy #963426212,Sheet11,2026.07.07 23:59
2026.07.07 16:12:05,549410600,sell,0.03 / 0.03,XAUUSD-STDc,market,0,0,2026.07.07 16:12:06,filled,copy #963426195,Sheet11,2026.07.07 23:59
2026.07.07 16:15:12,549447213,sell,0.02 / 0.02,XAUUSD-STDc,market,0,0,2026.07.07 16:15:12,filled,copy #963445721,Sheet11,2026.07.07 23:59
2026.07.07 16:24:54,549479458,buy,0.02 / 0.02,XAUUSD-STDc,market,0,0,2026.07.07 16:24:55,filled,copy #963473430,Sheet11,2026.07.07 23:59
2026.07.07 16:31:49,549527597,sell,0.02 / 0.02,XAUUSD-STDc,market,0,0,2026.07.07 16:31:49,filled,copy #963506520,Sheet11,2026.07.07 23:59
2026.07.07 16:36:18,549555398,sell,0.02 / 0.02,XAUUSD-STDc,market,0,0,2026.07.07 16:36:19,filled,copy #963527825,Sheet11,2026.07.07 23:59
2026.07.07 16:36:57,549569438,sell,0.03 / 0.03,XAUUSD-STDc,market,0,0,2026.07.07 16:36:57,filled,copy #963537786,Sheet11,2026.07.07 23:59
2026.07.07 16:38:19,549593278,buy,0.02 / 0.02,XAUUSD-STDc,market,0,0,2026.07.07 16:38:19,filled,copy #963550763,Sheet11,2026.07.07 23:59
2026.07.07 16:38:23,549597502,buy,0.02 / 0.02,XAUUSD-STDc,market,0,0,2026.07.07 16:38:24,filled,copy #963551579,Sheet11,2026.07.07 23:59
2026.07.07 16:38:24,549598190,buy,0.03 / 0.03,XAUUSD-STDc,market,0,0,2026.07.07 16:38:24,filled,copy #963551646,Sheet11,2026.07.07 23:59
2026.07.07 16:38:24,549598374,buy,0.02 / 0.02,XAUUSD-STDc,market,0,0,2026.07.07 16:38:24,filled,copy #963551659,Sheet11,2026.07.07 23:59
2026.07.07 16:39:06,549611624,buy,0.02 / 0.02,XAUUSD-STDc,market,0,0,2026.07.07 16:39:07,filled,copy #963559948,Sheet11,2026.07.07 23:59
2026.07.07 16:40:48,549625652,sell,0.02 / 0.02,XAUUSD-STDc,market,0,0,2026.07.07 16:40:49,filled,copy #963570547,Sheet11,2026.07.07 23:59
2026.07.07 16:40:48,549625840,sell,0.02 / 0.02,XAUUSD-STDc,market,0,0,2026.07.07 16:40:49,filled,copy #963570568,Sheet11,2026.07.07 23:59
2026.07.07 16:41:04,549628794,sell,0.02 / 0.02,XAUUSD-STDc,market,0,0,2026.07.07 16:41:05,filled,copy #963573381,Sheet11,2026.07.07 23:59
2026.07.07 16:41:24,549637881,sell,0.02 / 0.02,XAUUSD-STDc,market,0,0,2026.07.07 16:41:25,filled,copy #963577055,Sheet11,2026.07.07 23:59
2026.07.07 16:41:40,549647103,sell,0.03 / 0.03,XAUUSD-STDc,market,0,0,2026.07.07 16:41:40,filled,copy #963580330,Sheet11,2026.07.07 23:59
2026.07.07 16:42:48,549657688,sell,0.04 / 0.04,XAUUSD-STDc,market,0,0,2026.07.07 16:42:48,filled,copy #963587271,Sheet11,2026.07.07 23:59
2026.07.07 16:46:48,549683837,buy,0.02 / 0.02,XAUUSD-STDc,market,0,0,2026.07.07 16:46:49,filled,copy #963604923,Sheet11,2026.07.07 23:59
2026.07.07 16:46:48,549684029,buy,0.02 / 0.02,XAUUSD-STDc,market,0,0,2026.07.07 16:46:49,filled,copy #963604929,Sheet11,2026.07.07 23:59
2026.07.07 16:46:48,549684447,buy,0.04 / 0.04,XAUUSD-STDc,market,0,0,2026.07.07 16:46:49,filled,copy #963605089,Sheet11,2026.07.07 23:59
2026.07.07 16:46:48,549684747,buy,0.03 / 0.03,XAUUSD-STDc,market,0,0,2026.07.07 16:46:49,filled,copy #963605191,Sheet11,2026.07.07 23:59
2026.07.07 16:51:59,549717585,buy,0.02 / 0.02,XAUUSD-STDc,market,0,0,2026.07.07 16:51:59,filled,copy #963631507,Sheet11,2026.07.07 23:59
2026.07.07 16:53:38,549729351,buy,0.02 / 0.02,XAUUSD-STDc,market,0,0,2026.07.07 16:53:39,filled,copy #963643055,Sheet11,2026.07.07 23:59
2026.07.07 16:54:40,549734960,buy,0.03 / 0.03,XAUUSD-STDc,market,0,0,2026.07.07 16:54:40,filled,copy #963649423,Sheet11,2026.07.07 23:59
2026.07.07 16:56:35,549743988,buy,0.04 / 0.04,XAUUSD-STDc,market,0,0,2026.07.07 16:56:35,filled,copy #963661428,Sheet11,2026.07.07 23:59
2026.07.07 16:57:05,549753109,buy,0.05 / 0.05,XAUUSD-STDc,market,0,0,2026.07.07 16:57:06,filled,copy #963667604,Sheet11,2026.07.07 23:59
2026.07.07 16:57:57,549766367,buy,0.06 / 0.06,XAUUSD-STDc,market,0,0,2026.07.07 16:57:58,filled,copy #963679299,Sheet11,2026.07.07 23:59
2026.07.07 16:59:11,549777398,buy,0.08 / 0.08,XAUUSD-STDc,market,0,0,2026.07.07 16:59:12,filled,copy #963695638,Sheet11,2026.07.07 23:59
2026.07.07 17:00:04,549783222,sell,0.02 / 0.02,XAUUSD-STDc,market,0,0,2026.07.07 17:00:05,filled,copy #963702922,Sheet11,2026.07.07 23:59
2026.07.07 17:00:25,549788193,buy,0.02 / 0.02,XAUUSD-STDc,market,0,0,2026.07.07 17:00:25,filled,copy #963706013,Sheet11,2026.07.07 23:59
2026.07.07 17:02:57,549805581,sell,0.02 / 0.02,XAUUSD-STDc,market,0,0,2026.07.07 17:02:58,filled,copy #963722697,Sheet11,2026.07.07 23:59
2026.07.07 17:03:24,549806063,buy,0.02 / 0.02,XAUUSD-STDc,market,0,0,2026.07.07 17:03:25,filled,copy #963723630,Sheet11,2026.07.07 23:59
2026.07.07 17:03:43,549811320,sell,0.02 / 0.02,XAUUSD-STDc,market,0,0,2026.07.07 17:03:44,filled,copy #963726905,Sheet11,2026.07.07 23:59
2026.07.07 17:03:53,549817481,buy,0.02 / 0.02,XAUUSD-STDc,market,0,0,2026.07.07 17:03:53,filled,copy #963729699,Sheet11,2026.07.07 23:59
2026.07.07 17:03:55,549818967,buy,0.11 / 0.11,XAUUSD-STDc,market,0,0,2026.07.07 17:03:56,filled,copy #963732342,Sheet11,2026.07.07 23:59
2026.07.07 17:04:54,549828436,buy,0.14 / 0.14,XAUUSD-STDc,market,0,0,2026.07.07 17:04:55,filled,copy #963741645,Sheet11,2026.07.07 23:59
2026.07.07 17:08:11,549839826,sell,0.02 / 0.02,XAUUSD-STDc,market,0,0,2026.07.07 17:08:12,filled,copy #963755051,Sheet11,2026.07.07 23:59
2026.07.07 17:09:22,549850436,sell,0.02 / 0.02,XAUUSD-STDc,market,0,0,2026.07.07 17:09:22,filled,copy #963762945,Sheet11,2026.07.07 23:59
2026.07.07 17:09:28,549853763,sell,0.02 / 0.02,XAUUSD-STDc,market,0,0,2026.07.07 17:09:29,filled,copy #963765174,Sheet11,2026.07.07 23:59
2026.07.07 17:10:12,549856642,buy,0.02 / 0.02,XAUUSD-STDc,market,0,0,2026.07.07 17:10:13,filled,copy #963768638,Sheet11,2026.07.07 23:59
2026.07.07 17:10:12,549856838,buy,0.02 / 0.02,XAUUSD-STDc,market,0,0,2026.07.07 17:10:13,filled,copy #963768643,Sheet11,2026.07.07 23:59
2026.07.07 17:10:13,549857540,buy,0.02 / 0.02,XAUUSD-STDc,market,0,0,2026.07.07 17:10:13,filled,copy #963768738,Sheet11,2026.07.07 23:59
2026.07.07 17:11:16,549866303,sell,0.02 / 0.02,XAUUSD-STDc,market,0,0,2026.07.07 17:11:17,filled,copy #963774425,Sheet11,2026.07.07 23:59
2026.07.07 17:14:22,549875592,sell,0.02 / 0.02,XAUUSD-STDc,market,0,0,2026.07.07 17:14:22,filled,copy #963785097,Sheet11,2026.07.07 23:59
2026.07.07 17:14:22,549876029,buy,0.02 / 0.02,XAUUSD-STDc,market,0,0,2026.07.07 17:14:22,filled,copy #963785153,Sheet11,2026.07.07 23:59
2026.07.07 17:14:28,549880071,buy,0.18 / 0.18,XAUUSD-STDc,market,0,0,2026.07.07 17:14:29,filled,copy #963788182,Sheet11,2026.07.07 23:59
2026.07.07 17:17:13,549895508,sell,0.02 / 0.02,XAUUSD-STDc,market,0,0,2026.07.07 17:17:13,filled,copy #963803245,Sheet11,2026.07.07 23:59
2026.07.07 17:18:04,549898297,sell,0.18 / 0.18,XAUUSD-STDc,market,0,0,2026.07.07 17:18:05,filled,copy #963806540,Sheet11,2026.07.07 23:59
2026.07.07 17:18:04,549898106,buy,0.02 / 0.02,XAUUSD-STDc,market,0,0,2026.07.07 17:18:05,filled,copy #963806536,Sheet11,2026.07.07 23:59
2026.07.07 17:18:05,549898554,buy,0.02 / 0.02,XAUUSD-STDc,market,0,0,2026.07.07 17:18:06,filled,copy #963806691,Sheet11,2026.07.07 23:59
2026.07.07 17:18:05,549898739,sell,0.14 / 0.14,XAUUSD-STDc,market,0,0,2026.07.07 17:18:06,filled,copy #963806704,Sheet11,2026.07.07 23:59
2026.07.07 17:18:06,549899144,sell,0.11 / 0.11,XAUUSD-STDc,market,0,0,2026.07.07 17:18:06,filled,copy #963806829,Sheet11,2026.07.07 23:59
2026.07.07 17:18:06,549898957,sell,0.08 / 0.08,XAUUSD-STDc,market,0,0,2026.07.07 17:18:06,filled,copy #963806814,Sheet11,2026.07.07 23:59
2026.07.07 17:18:07,549899346,sell,0.06 / 0.06,XAUUSD-STDc,market,0,0,2026.07.07 17:18:07,filled,copy #963806907,Sheet11,2026.07.07 23:59
2026.07.07 17:18:07,549899719,sell,0.04 / 0.04,XAUUSD-STDc,market,0,0,2026.07.07 17:18:07,filled,copy #963806983,Sheet11,2026.07.07 23:59
2026.07.07 17:18:07,549899534,sell,0.05 / 0.05,XAUUSD-STDc,market,0,0,2026.07.07 17:18:07,filled,copy #963806966,Sheet11,2026.07.07 23:59
2026.07.07 17:18:07,549899910,sell,0.03 / 0.03,XAUUSD-STDc,market,0,0,2026.07.07 17:18:08,filled,copy #963807083,Sheet11,2026.07.07 23:59
2026.07.07 17:18:08,549900106,sell,0.02 / 0.02,XAUUSD-STDc,market,0,0,2026.07.07 17:18:08,filled,copy #963807186,Sheet11,2026.07.07 23:59
2026.07.07 17:18:08,549900291,sell,0.02 / 0.02,XAUUSD-STDc,market,0,0,2026.07.07 17:18:08,filled,copy #963807187,Sheet11,2026.07.07 23:59
2026.07.07 17:21:41,549918083,buy,0.02 / 0.02,XAUUSD-STDc,market,0,0,2026.07.07 17:21:42,filled,copy #963824121,Sheet11,2026.07.07 23:59
2026.07.07 17:23:23,549927349,buy,0.02 / 0.02,XAUUSD-STDc,market,0,0,2026.07.07 17:23:24,filled,copy #963831124,Sheet11,2026.07.07 23:59
2026.07.07 17:28:05,549943758,sell,0.02 / 0.02,XAUUSD-STDc,market,0,0,2026.07.07 17:28:05,filled,copy #963848042,Sheet11,2026.07.07 23:59
2026.07.07 17:28:05,549943965,sell,0.02 / 0.02,XAUUSD-STDc,market,0,0,2026.07.07 17:28:05,filled,copy #963848090,Sheet11,2026.07.07 23:59
2026.07.07 17:30:10,549952093,sell,0.02 / 0.02,XAUUSD-STDc,market,0,0,2026.07.07 17:30:10,filled,copy #963856971,Sheet11,2026.07.07 23:59
2026.07.07 17:32:28,549960385,buy,0.02 / 0.02,XAUUSD-STDc,market,0,0,2026.07.07 17:32:28,filled,copy #963865246,Sheet11,2026.07.07 23:59
2026.07.07 17:32:44,549963942,buy,0.02 / 0.02,XAUUSD-STDc,market,0,0,2026.07.07 17:32:44,filled,copy #963868320,Sheet11,2026.07.07 23:59
2026.07.07 17:34:44,549972051,buy,0.02 / 0.02,XAUUSD-STDc,market,0,0,2026.07.07 17:34:44,filled,copy #963876611,Sheet11,2026.07.07 23:59
2026.07.07 17:35:37,549989244,buy,0.03 / 0.03,XAUUSD-STDc,market,0,0,2026.07.07 17:35:37,filled,copy #963890522,Sheet11,2026.07.07 23:59
2026.07.07 17:41:25,550009377,buy,0.04 / 0.04,XAUUSD-STDc,market,0,0,2026.07.07 17:41:25,filled,copy #963914548,Sheet11,2026.07.07 23:59
2026.07.07 17:42:15,550021468,buy,0.05 / 0.05,XAUUSD-STDc,market,0,0,2026.07.07 17:42:16,filled,copy #963924293,Sheet11,2026.07.07 23:59
2026.07.07 17:43:23,550032367,sell,0.05 / 0.05,XAUUSD-STDc,market,0,0,2026.07.07 17:43:23,filled,copy #963932523,Sheet11,2026.07.07 23:59
2026.07.07 17:43:23,550033028,sell,0.04 / 0.04,XAUUSD-STDc,market,0,0,2026.07.07 17:43:23,filled,copy #963932664,Sheet11,2026.07.07 23:59
2026.07.07 17:43:23,550032624,sell,0.02 / 0.02,XAUUSD-STDc,market,0,0,2026.07.07 17:43:23,filled,copy #963932538,Sheet11,2026.07.07 23:59
2026.07.07 17:43:23,550033424,sell,0.03 / 0.03,XAUUSD-STDc,market,0,0,2026.07.07 17:43:23,filled,copy #963932755,Sheet11,2026.07.07 23:59
2026.07.07 17:43:23,550033186,sell,0.02 / 0.02,XAUUSD-STDc,market,0,0,2026.07.07 17:43:23,filled,copy #963932688,Sheet11,2026.07.07 23:59
2026.07.07 17:46:36,550072072,sell,0.02 / 0.02,XAUUSD-STDc,market,0,0,2026.07.07 17:46:36,filled,copy #963958340,Sheet11,2026.07.07 23:59
2026.07.07 18:00:05,550098326,buy,0.02 / 0.02,XAUUSD-STDc,market,0,0,2026.07.07 18:00:05,filled,copy #963990557,Sheet11,2026.07.07 23:59
2026.07.07 18:00:36,550106164,buy,0.02 / 0.02,XAUUSD-STDc,market,0,0,2026.07.07 18:00:36,filled,copy #963997152,Sheet11,2026.07.07 23:59
2026.07.07 18:03:05,550118213,buy,0.02 / 0.02,XAUUSD-STDc,market,0,0,2026.07.07 18:03:05,filled,copy #964006580,Sheet11,2026.07.07 23:59
2026.07.07 18:05:49,550125322,buy,0.03 / 0.03,XAUUSD-STDc,market,0,0,2026.07.07 18:05:50,filled,copy #964014808,Sheet11,2026.07.07 23:59
2026.07.07 18:08:00,550132111,sell,0.03 / 0.03,XAUUSD-STDc,market,0,0,2026.07.07 18:08:01,filled,copy #964020001,Sheet11,2026.07.07 23:59
2026.07.07 18:08:00,550132262,sell,0.02 / 0.02,XAUUSD-STDc,market,0,0,2026.07.07 18:08:01,filled,copy #964020048,Sheet11,2026.07.07 23:59
2026.07.07 18:08:00,550132549,sell,0.02 / 0.02,XAUUSD-STDc,market,0,0,2026.07.07 18:08:01,filled,copy #964020099,Sheet11,2026.07.07 23:59
2026.07.07 18:14:00,550164795,buy,0.02 / 0.02,XAUUSD-STDc,market,0,0,2026.07.07 18:14:01,filled,copy #964042946,Sheet11,2026.07.07 23:59
2026.07.07 18:15:43,550178307,buy,0.02 / 0.02,XAUUSD-STDc,market,0,0,2026.07.07 18:15:44,filled,copy #964053608,Sheet11,2026.07.07 23:59
2026.07.07 18:18:33,550194738,buy,0.03 / 0.03,XAUUSD-STDc,market,0,0,2026.07.07 18:18:33,filled,copy #964067472,Sheet11,2026.07.07 23:59
2026.07.07 18:41:49,550241422,sell,0.02 / 0.02,XAUUSD-STDc,market,0,0,2026.07.07 18:41:49,filled,copy #964121289,Sheet11,2026.07.07 23:59
2026.07.07 18:49:49,550258745,buy,0.02 / 0.02,XAUUSD-STDc,market,0,0,2026.07.07 18:49:50,filled,copy #964137757,Sheet11,2026.07.07 23:59
2026.07.07 18:52:05,550278118,buy,0.04 / 0.04,XAUUSD-STDc,market,0,0,2026.07.07 18:52:05,filled,copy #964149282,Sheet11,2026.07.07 23:59
2026.07.07 18:54:44,550295871,buy,0.05 / 0.05,XAUUSD-STDc,market,0,0,2026.07.07 18:54:45,filled,copy #964162667,Sheet11,2026.07.07 23:59
2026.07.07 18:55:43,550303132,buy,0.06 / 0.06,XAUUSD-STDc,market,0,0,2026.07.07 18:55:44,filled,copy #964171535,Sheet11,2026.07.07 23:59
2026.07.07 19:00:08,550311610,sell,0.02 / 0.02,XAUUSD-STDc,market,0,0,2026.07.07 19:00:08,filled,copy #964180373,Sheet11,2026.07.07 23:59
2026.07.07 19:06:20,550333814,sell,0.02 / 0.02,XAUUSD-STDc,market,0,0,2026.07.07 19:06:20,filled,copy #964196710,Sheet11,2026.07.07 23:59
2026.07.07 19:06:20,550334194,sell,0.02 / 0.02,XAUUSD-STDc,market,0,0,2026.07.07 19:06:20,filled,copy #964196771,Sheet11,2026.07.07 23:59
2026.07.07 19:06:20,550333994,sell,0.06 / 0.06,XAUUSD-STDc,market,0,0,2026.07.07 19:06:20,filled,copy #964196724,Sheet11,2026.07.07 23:59
2026.07.07 19:06:20,550334385,sell,0.05 / 0.05,XAUUSD-STDc,market,0,0,2026.07.07 19:06:21,filled,copy #964196780,Sheet11,2026.07.07 23:59
2026.07.07 19:06:20,550334593,sell,0.03 / 0.03,XAUUSD-STDc,market,0,0,2026.07.07 19:06:21,filled,copy #964196901,Sheet11,2026.07.07 23:59
2026.07.07 19:06:20,550334805,sell,0.04 / 0.04,XAUUSD-STDc,market,0,0,2026.07.07 19:06:21,filled,copy #964196903,Sheet11,2026.07.07 23:59
2026.07.07 19:07:14,550337153,sell,0.02 / 0.02,XAUUSD-STDc,market,0,0,2026.07.07 19:07:15,filled,copy #964200703,Sheet11,2026.07.07 23:59
2026.07.07 19:20:25,550360490,sell,0.03 / 0.03,XAUUSD-STDc,market,0,0,2026.07.07 19:20:26,filled,copy #964225256,Sheet11,2026.07.07 23:59
2026.07.07 19:30:00,550376663,sell,0.04 / 0.04,XAUUSD-STDc,market,0,0,2026.07.07 19:30:01,filled,copy #964244483,Sheet11,2026.07.07 23:59
2026.07.07 19:36:43,550387396,buy,0.02 / 0.02,XAUUSD-STDc,market,0,0,2026.07.07 19:36:43,filled,copy #964255692,Sheet11,2026.07.07 23:59
2026.07.07 19:46:17,550400740,buy,0.03 / 0.03,XAUUSD-STDc,market,0,0,2026.07.07 19:46:18,filled,copy #964269249,Sheet11,2026.07.07 23:59
2026.07.07 19:46:18,550400950,buy,0.02 / 0.02,XAUUSD-STDc,market,0,0,2026.07.07 19:46:18,filled,copy #964269270,Sheet11,2026.07.07 23:59
2026.07.07 19:46:18,550401154,buy,0.04 / 0.04,XAUUSD-STDc,market,0,0,2026.07.07 19:46:18,filled,copy #964269279,Sheet11,2026.07.07 23:59
2026.07.07 19:46:18,550401358,buy,0.02 / 0.02,XAUUSD-STDc,market,0,0,2026.07.07 19:46:18,filled,copy #964269295,Sheet11,2026.07.07 23:59
2026.07.07 19:46:57,550402029,buy,0.02 / 0.02,XAUUSD-STDc,market,0,0,2026.07.07 19:46:57,filled,copy #964270656,Sheet11,2026.07.07 23:59
2026.07.07 19:49:50,550405387,sell,0.02 / 0.02,XAUUSD-STDc,market,0,0,2026.07.07 19:49:51,filled,copy #964274008,Sheet11,2026.07.07 23:59
2026.07.07 19:49:51,550405580,sell,0.02 / 0.02,XAUUSD-STDc,market,0,0,2026.07.07 19:49:52,filled,copy #964274056,Sheet11,2026.07.07 23:59
2026.07.03 04:31:43,538598514,sell,0.67 / 0.67,XAUUSD-STDc,market,0,0,2026.07.03 04:31:44,filled,copy #954820073,Sheet12,2026.07.03 23:59
2026.07.03 04:31:44,538598691,sell,0.52 / 0.52,XAUUSD-STDc,market,0,0,2026.07.03 04:31:44,filled,copy #954820090,Sheet12,2026.07.03 23:59
2026.07.03 04:31:49,538599435,sell,0.4 / 0.4,XAUUSD-STDc,market,0,0,2026.07.03 04:31:49,filled,copy #954820475,Sheet12,2026.07.03 23:59
2026.07.03 04:31:57,538604092,sell,0.31 / 0.31,XAUUSD-STDc,market,0,0,2026.07.03 04:31:58,filled,copy #954822463,Sheet12,2026.07.03 23:59
2026.07.03 04:32:11,538609481,sell,0.18 / 0.18,XAUUSD-STDc,market,0,0,2026.07.03 04:32:11,filled,copy #954826225,Sheet12,2026.07.03 23:59
2026.07.03 04:32:11,538609669,sell,0.23 / 0.23,XAUUSD-STDc,market,0,0,2026.07.03 04:32:11,filled,copy #954826359,Sheet12,2026.07.03 23:59
2026.07.03 04:32:12,538609900,sell,0.14 / 0.14,XAUUSD-STDc,market,0,0,2026.07.03 04:32:12,filled,copy #954826503,Sheet12,2026.07.03 23:59
2026.07.03 04:32:12,538610099,sell,0.02 / 0.02,XAUUSD-STDc,market,0,0,2026.07.03 04:32:12,filled,copy #954826543,Sheet12,2026.07.03 23:59
2026.07.03 04:32:12,538610279,sell,0.11 / 0.11,XAUUSD-STDc,market,0,0,2026.07.03 04:32:13,filled,copy #954826546,Sheet12,2026.07.03 23:59
2026.07.03 04:32:12,538610455,sell,0.05 / 0.05,XAUUSD-STDc,market,0,0,2026.07.03 04:32:13,filled,copy #954826564,Sheet12,2026.07.03 23:59
2026.07.03 04:32:12,538610810,sell,0.03 / 0.03,XAUUSD-STDc,market,0,0,2026.07.03 04:32:13,filled,copy #954826589,Sheet12,2026.07.03 23:59
2026.07.03 04:32:12,538610632,sell,0.08 / 0.08,XAUUSD-STDc,market,0,0,2026.07.03 04:32:13,filled,copy #954826574,Sheet12,2026.07.03 23:59
2026.07.03 04:32:12,538610993,sell,0.07 / 0.07,XAUUSD-STDc,market,0,0,2026.07.03 04:32:13,filled,copy #954826592,Sheet12,2026.07.03 23:59
2026.07.03 04:32:13,538611198,sell,0.04 / 0.04,XAUUSD-STDc,market,0,0,2026.07.03 04:32:13,filled,copy #954826594,Sheet12,2026.07.03 23:59
2026.07.03 04:32:13,538611376,sell,0.02 / 0.02,XAUUSD-STDc,market,0,0,2026.07.03 04:32:13,filled,copy #954826606,Sheet12,2026.07.03 23:59
2026.07.03 04:39:56,538641825,buy,0.67 / 0.67,XAUUSD-STDc,market,0,0,2026.07.03 04:39:57,filled,copy #954854795,Sheet12,2026.07.03 23:59
2026.07.03 04:39:56,538641996,buy,0.23 / 0.23,XAUUSD-STDc,market,0,0,2026.07.03 04:39:57,filled,copy #954854799,Sheet12,2026.07.03 23:59
2026.07.03 04:39:56,538642344,buy,0.31 / 0.31,XAUUSD-STDc,market,0,0,2026.07.03 04:39:57,filled,copy #954854803,Sheet12,2026.07.03 23:59
2026.07.03 04:39:56,538642526,buy,0.4 / 0.4,XAUUSD-STDc,market,0,0,2026.07.03 04:39:57,filled,copy #954854804,Sheet12,2026.07.03 23:59
2026.07.03 04:39:56,538642172,buy,0.52 / 0.52,XAUUSD-STDc,market,0,0,2026.07.03 04:39:57,filled,copy #954854800,Sheet12,2026.07.03 23:59
2026.07.03 04:39:56,538642697,buy,0.05 / 0.05,XAUUSD-STDc,market,0,0,2026.07.03 04:39:58,filled,copy #954854807,Sheet12,2026.07.03 23:59
2026.07.03 04:39:56,538642873,buy,0.08 / 0.08,XAUUSD-STDc,market,0,0,2026.07.03 04:39:58,filled,copy #954854808,Sheet12,2026.07.03 23:59
2026.07.03 04:39:57,538643048,buy,0.02 / 0.02,XAUUSD-STDc,market,0,0,2026.07.03 04:39:58,filled,copy #954854809,Sheet12,2026.07.03 23:59
2026.07.03 04:39:57,538643397,buy,0.11 / 0.11,XAUUSD-STDc,market,0,0,2026.07.03 04:39:58,filled,copy #954854811,Sheet12,2026.07.03 23:59
2026.07.03 04:39:57,538643217,buy,0.04 / 0.04,XAUUSD-STDc,market,0,0,2026.07.03 04:39:58,filled,copy #954854810,Sheet12,2026.07.03 23:59
2026.07.03 04:39:57,538643573,buy,0.14 / 0.14,XAUUSD-STDc,market,0,0,2026.07.03 04:39:58,filled,copy #954854812,Sheet12,2026.07.03 23:59
2026.07.03 04:39:57,538644103,buy,0.07 / 0.07,XAUUSD-STDc,market,0,0,2026.07.03 04:39:58,filled,copy #954854847,Sheet12,2026.07.03 23:59
2026.07.03 04:39:57,538643924,buy,0.18 / 0.18,XAUUSD-STDc,market,0,0,2026.07.03 04:39:58,filled,copy #954854816,Sheet12,2026.07.03 23:59
2026.07.03 04:39:57,538644279,buy,0.03 / 0.03,XAUUSD-STDc,market,0,0,2026.07.03 04:39:58,filled,copy #954854869,Sheet12,2026.07.03 23:59
2026.07.03 04:39:57,538643757,buy,0.02 / 0.02,XAUUSD-STDc,market,0,0,2026.07.03 04:39:58,filled,copy #954854813,Sheet12,2026.07.03 23:59
2026.07.03 04:49:21,538685080,buy,0.2 / 0.2,XAUUSD-STDc,market,0,0,2026.07.03 04:49:21,filled,copy #954887514,Sheet12,2026.07.03 23:59
2026.07.03 04:53:34,538700667,sell,0.2 / 0.2,XAUUSD-STDc,market,0,0,2026.07.03 04:53:35,filled,copy #954897876,Sheet12,2026.07.03 23:59
2026.07.03 04:55:06,538704976,buy,0.2 / 0.2,XAUUSD-STDc,market,0,0,2026.07.03 04:55:06,filled,copy #954901051,Sheet12,2026.07.03 23:59
2026.07.03 04:55:30,538708564,sell,0.2 / 0.2,XAUUSD-STDc,market,0,0,2026.07.03 04:55:31,filled,copy #954902289,Sheet12,2026.07.03 23:59
2026.07.03 10:46:01,539626796,sell,0.02 / 0.02,XAUUSD-STDc,market,0,0,2026.07.03 10:46:02,filled,copy #955661637,Sheet12,2026.07.03 23:59
2026.07.03 10:57:08,539643294,buy,0.02 / 0.02,XAUUSD-STDc,market,0,0,2026.07.03 10:57:08,filled,copy #955685655,Sheet12,2026.07.03 23:59
2026.07.03 10:59:21,539657875,buy,0.02 / 0.02,XAUUSD-STDc,market,0,0,2026.07.03 10:59:22,filled,copy #955695860,Sheet12,2026.07.03 23:59
2026.07.03 11:00:04,539663672,sell,0.02 / 0.02,XAUUSD-STDc,market,0,0,2026.07.03 11:00:04,filled,copy #955698637,Sheet12,2026.07.03 23:59
2026.07.03 11:00:57,539672528,sell,0.02 / 0.02,XAUUSD-STDc,market,0,0,2026.07.03 11:00:58,filled,copy #955708880,Sheet12,2026.07.03 23:59
2026.07.03 11:03:06,539683721,sell,0.02 / 0.02,XAUUSD-STDc,market,0,0,2026.07.03 11:03:07,filled,copy #955721565,Sheet12,2026.07.03 23:59
2026.07.03 11:31:53,539720847,buy,0.02 / 0.02,XAUUSD-STDc,market,0,0,2026.07.03 11:31:54,filled,copy #955772078,Sheet12,2026.07.03 23:59
2026.07.03 11:33:46,539724269,sell,0.02 / 0.02,XAUUSD-STDc,market,0,0,2026.07.03 11:33:47,filled,copy #955775855,Sheet12,2026.07.03 23:59
2026.07.03 11:35:07,539730415,sell,0.03 / 0.03,XAUUSD-STDc,market,0,0,2026.07.03 11:35:08,filled,copy #955783293,Sheet12,2026.07.03 23:59
2026.07.03 11:46:58,539757685,buy,0.02 / 0.02,XAUUSD-STDc,market,0,0,2026.07.03 11:46:59,filled,copy #955811916,Sheet12,2026.07.03 23:59
2026.07.03 11:46:58,539757838,buy,0.02 / 0.02,XAUUSD-STDc,market,0,0,2026.07.03 11:46:59,filled,copy #955811937,Sheet12,2026.07.03 23:59
2026.07.03 11:46:58,539757795,buy,0.03 / 0.03,XAUUSD-STDc,market,0,0,2026.07.03 11:46:59,filled,copy #955811919,Sheet12,2026.07.03 23:59
2026.07.03 11:50:32,539773420,buy,0.02 / 0.02,XAUUSD-STDc,market,0,0,2026.07.03 11:50:33,filled,copy #955827068,Sheet12,2026.07.03 23:59
2026.07.03 11:58:06,539783967,sell,0.02 / 0.02,XAUUSD-STDc,market,0,0,2026.07.03 11:58:06,filled,copy #955841139,Sheet12,2026.07.03 23:59
2026.07.03 11:58:38,539786649,sell,0.02 / 0.02,XAUUSD-STDc,market,0,0,2026.07.03 11:58:38,filled,copy #955843874,Sheet12,2026.07.03 23:59
2026.07.03 12:09:15,539795555,buy,0.02 / 0.02,XAUUSD-STDc,market,0,0,2026.07.03 12:09:16,filled,copy #955856787,Sheet12,2026.07.03 23:59
2026.07.03 12:11:12,539805713,buy,0.02 / 0.02,XAUUSD-STDc,market,0,0,2026.07.03 12:11:12,filled,copy #955865663,Sheet12,2026.07.03 23:59
2026.07.03 12:15:00,539811674,sell,0.02 / 0.02,XAUUSD-STDc,market,0,0,2026.07.03 12:15:01,filled,copy #955872422,Sheet12,2026.07.03 23:59
2026.07.03 12:25:30,539832729,buy,0.02 / 0.02,XAUUSD-STDc,market,0,0,2026.07.03 12:25:31,filled,copy #955896967,Sheet12,2026.07.03 23:59
2026.07.03 12:27:26,539838360,buy,0.02 / 0.02,XAUUSD-STDc,market,0,0,2026.07.03 12:27:26,filled,copy #955902897,Sheet12,2026.07.03 23:59
2026.07.03 12:34:31,539853375,buy,0.03 / 0.03,XAUUSD-STDc,market,0,0,2026.07.03 12:34:31,filled,copy #955920857,Sheet12,2026.07.03 23:59
2026.07.03 12:54:59,539873703,sell,0.02 / 0.02,XAUUSD-STDc,market,0,0,2026.07.03 12:55:00,filled,copy #955954314,Sheet12,2026.07.03 23:59
2026.07.03 12:54:59,539874019,sell,0.03 / 0.03,XAUUSD-STDc,market,0,0,2026.07.03 12:55:00,filled,copy #955954399,Sheet12,2026.07.03 23:59
2026.07.03 12:54:59,539873984,sell,0.02 / 0.02,XAUUSD-STDc,market,0,0,2026.07.03 12:55:00,filled,copy #955954386,Sheet12,2026.07.03 23:59
2026.07.03 12:56:36,539876495,sell,0.02 / 0.02,XAUUSD-STDc,market,0,0,2026.07.03 12:56:36,filled,copy #955957733,Sheet12,2026.07.03 23:59
2026.07.03 13:00:02,539880525,buy,0.02 / 0.02,XAUUSD-STDc,market,0,0,2026.07.03 13:00:03,filled,copy #955963159,Sheet12,2026.07.03 23:59
2026.07.03 13:09:24,539902639,sell,0.02 / 0.02,XAUUSD-STDc,market,0,0,2026.07.03 13:09:25,filled,copy #955993682,Sheet12,2026.07.03 23:59
2026.07.03 13:38:01,539920485,buy,0.02 / 0.02,XAUUSD-STDc,market,0,0,2026.07.03 13:38:01,filled,copy #956032303,Sheet12,2026.07.03 23:59
2026.07.03 13:48:47,539926127,buy,0.02 / 0.02,XAUUSD-STDc,market,0,0,2026.07.03 13:48:48,filled,copy #956043172,Sheet12,2026.07.03 23:59
2026.07.03 14:05:11,539935670,sell,0.02 / 0.02,XAUUSD-STDc,market,0,0,2026.07.03 14:05:11,filled,copy #956063783,Sheet12,2026.07.03 23:59
2026.07.03 14:17:31,539949193,sell,0.02 / 0.02,XAUUSD-STDc,market,0,0,2026.07.03 14:17:32,filled,copy #956094810,Sheet12,2026.07.03 23:59
2026.07.03 14:46:00,539960643,sell,0.02 / 0.02,XAUUSD-STDc,market,0,0,2026.07.03 14:46:01,filled,copy #956131946,Sheet12,2026.07.03 23:59
2026.07.03 14:57:17,539971606,buy,0.02 / 0.02,XAUUSD-STDc,market,0,0,2026.07.03 14:57:17,filled,copy #956152293,Sheet12,2026.07.03 23:59
2026.07.03 14:57:17,539971799,buy,0.02 / 0.02,XAUUSD-STDc,market,0,0,2026.07.03 14:57:17,filled,copy #956152325,Sheet12,2026.07.03 23:59
2026.07.03 14:59:16,539975083,buy,0.02 / 0.02,XAUUSD-STDc,market,0,0,2026.07.03 14:59:17,filled,copy #956159752,Sheet12,2026.07.03 23:59
2026.07.03 15:08:42,539983368,sell,0.02 / 0.02,XAUUSD-STDc,market,0,0,2026.07.03 15:08:43,filled,copy #956181883,Sheet12,2026.07.03 23:59
2026.07.03 15:19:06,539994753,buy,0.02 / 0.02,XAUUSD-STDc,market,0,0,2026.07.03 15:19:07,filled,copy #956206357,Sheet12,2026.07.03 23:59
2026.07.03 15:20:19,539997795,buy,0.02 / 0.02,XAUUSD-STDc,market,0,0,2026.07.03 15:20:19,filled,copy #956212044,Sheet12,2026.07.03 23:59
2026.07.03 15:27:36,540000638,buy,0.03 / 0.03,XAUUSD-STDc,market,0,0,2026.07.03 15:27:36,filled,copy #956223236,Sheet12,2026.07.03 23:59
2026.07.03 15:34:01,540003622,sell,0.02 / 0.02,XAUUSD-STDc,market,0,0,2026.07.03 15:34:01,filled,copy #956232406,Sheet12,2026.07.03 23:59
2026.07.03 15:34:57,540005786,sell,0.02 / 0.02,XAUUSD-STDc,market,0,0,2026.07.03 15:34:57,filled,copy #956235390,Sheet12,2026.07.03 23:59
2026.07.03 15:34:57,540005958,sell,0.02 / 0.02,XAUUSD-STDc,market,0,0,2026.07.03 15:34:57,filled,copy #956235454,Sheet12,2026.07.03 23:59
2026.07.03 15:34:57,540006141,sell,0.03 / 0.03,XAUUSD-STDc,market,0,0,2026.07.03 15:34:57,filled,copy #956235537,Sheet12,2026.07.03 23:59
2026.07.03 15:36:34,540008634,sell,0.02 / 0.02,XAUUSD-STDc,market,0,0,2026.07.03 15:36:34,filled,copy #956240220,Sheet12,2026.07.03 23:59
2026.07.03 15:37:36,540011014,buy,0.02 / 0.02,XAUUSD-STDc,market,0,0,2026.07.03 15:37:36,filled,copy #956244184,Sheet12,2026.07.03 23:59
2026.07.03 15:37:36,540011258,buy,0.02 / 0.02,XAUUSD-STDc,market,0,0,2026.07.03 15:37:36,filled,copy #956244257,Sheet12,2026.07.03 23:59
2026.07.03 15:49:36,540014998,sell,0.02 / 0.02,XAUUSD-STDc,market,0,0,2026.07.03 15:49:36,filled,copy #956259077,Sheet12,2026.07.03 23:59
2026.07.03 15:56:47,540017621,buy,0.02 / 0.02,XAUUSD-STDc,market,0,0,2026.07.03 15:56:47,filled,copy #956268515,Sheet12,2026.07.03 23:59
2026.07.03 15:59:02,540019869,buy,0.02 / 0.02,XAUUSD-STDc,market,0,0,2026.07.03 15:59:02,filled,copy #956273079,Sheet12,2026.07.03 23:59
2026.07.03 15:59:59,540021657,sell,0.02 / 0.02,XAUUSD-STDc,market,0,0,2026.07.03 15:59:59,filled,copy #956275766,Sheet12,2026.07.03 23:59
2026.07.03 16:00:23,540026867,sell,0.02 / 0.02,XAUUSD-STDc,market,0,0,2026.07.03 16:00:23,filled,copy #956283545,Sheet12,2026.07.03 23:59
2026.07.03 16:00:34,540028340,buy,0.02 / 0.02,XAUUSD-STDc,market,0,0,2026.07.03 16:00:34,filled,copy #956285050,Sheet12,2026.07.03 23:59
2026.07.03 16:01:54,540032684,buy,0.02 / 0.02,XAUUSD-STDc,market,0,0,2026.07.03 16:01:55,filled,copy #956290532,Sheet12,2026.07.03 23:59
2026.07.03 16:06:47,540038142,buy,0.02 / 0.02,XAUUSD-STDc,market,0,0,2026.07.03 16:06:47,filled,copy #956305266,Sheet12,2026.07.03 23:59
2026.07.03 16:10:11,540044464,buy,0.03 / 0.03,XAUUSD-STDc,market,0,0,2026.07.03 16:10:12,filled,copy #956321458,Sheet12,2026.07.03 23:59
2026.07.03 16:13:24,540049032,buy,0.04 / 0.04,XAUUSD-STDc,market,0,0,2026.07.03 16:13:25,filled,copy #956334436,Sheet12,2026.07.03 23:59
2026.07.03 16:16:56,540054460,sell,0.02 / 0.02,XAUUSD-STDc,market,0,0,2026.07.03 16:16:57,filled,copy #956346951,Sheet12,2026.07.03 23:59
2026.07.03 16:16:56,540054635,sell,0.02 / 0.02,XAUUSD-STDc,market,0,0,2026.07.03 16:16:57,filled,copy #956346953,Sheet12,2026.07.03 23:59
2026.07.03 16:16:56,540054983,sell,0.04 / 0.04,XAUUSD-STDc,market,0,0,2026.07.03 16:16:57,filled,copy #956346957,Sheet12,2026.07.03 23:59
2026.07.03 16:16:56,540054806,sell,0.03 / 0.03,XAUUSD-STDc,market,0,0,2026.07.03 16:16:57,filled,copy #956346954,Sheet12,2026.07.03 23:59
2026.07.03 16:17:48,540055378,sell,0.02 / 0.02,XAUUSD-STDc,market,0,0,2026.07.03 16:17:48,filled,copy #956348500,Sheet12,2026.07.03 23:59
2026.07.03 16:18:06,540056479,buy,0.02 / 0.02,XAUUSD-STDc,market,0,0,2026.07.03 16:18:06,filled,copy #956351278,Sheet12,2026.07.03 23:59
2026.07.03 16:30:03,540065019,sell,0.02 / 0.02,XAUUSD-STDc,market,0,0,2026.07.03 16:30:03,filled,copy #956374446,Sheet12,2026.07.03 23:59
2026.07.03 16:30:58,540067758,buy,0.02 / 0.02,XAUUSD-STDc,market,0,0,2026.07.03 16:30:58,filled,copy #956378794,Sheet12,2026.07.03 23:59
2026.07.03 16:30:58,540068004,buy,0.02 / 0.02,XAUUSD-STDc,market,0,0,2026.07.03 16:30:58,filled,copy #956378809,Sheet12,2026.07.03 23:59
2026.07.03 16:37:49,540073276,buy,0.02 / 0.02,XAUUSD-STDc,market,0,0,2026.07.03 16:37:49,filled,copy #956391622,Sheet12,2026.07.03 23:59
2026.07.03 16:49:02,540079820,buy,0.03 / 0.03,XAUUSD-STDc,market,0,0,2026.07.03 16:49:03,filled,copy #956412865,Sheet12,2026.07.03 23:59
2026.07.03 17:09:12,540103277,buy,0.04 / 0.04,XAUUSD-STDc,market,0,0,2026.07.03 17:09:13,filled,copy #956485645,Sheet12,2026.07.03 23:59
2026.07.03 17:15:46,540115120,sell,0.04 / 0.04,XAUUSD-STDc,market,0,0,2026.07.03 17:15:46,filled,copy #956509391,Sheet12,2026.07.03 23:59
2026.07.03 17:15:46,540115299,sell,0.03 / 0.03,XAUUSD-STDc,market,0,0,2026.07.03 17:15:46,filled,copy #956509477,Sheet12,2026.07.03 23:59
2026.07.03 17:15:46,540115474,sell,0.02 / 0.02,XAUUSD-STDc,market,0,0,2026.07.03 17:15:47,filled,copy #956509708,Sheet12,2026.07.03 23:59
2026.07.03 17:15:47,540115657,sell,0.02 / 0.02,XAUUSD-STDc,market,0,0,2026.07.03 17:15:47,filled,copy #956509742,Sheet12,2026.07.03 23:59
2026.07.02 09:01:02,536312523,sell,0.02 / 0.02,XAUUSD-STDc,market,0,0,2026.07.02 09:01:03,filled,copy #951731113,Sheet13,2026.07.02 23:59
2026.07.02 09:02:37,536336924,sell,0.02 / 0.02,XAUUSD-STDc,market,0,0,2026.07.02 09:02:37,filled,copy #951747005,Sheet13,2026.07.02 23:59
2026.07.02 09:05:34,536359480,buy,0.02 / 0.02,XAUUSD-STDc,market,0,0,2026.07.02 09:05:35,filled,copy #951761635,Sheet13,2026.07.02 23:59
2026.07.02 09:05:34,536359775,buy,0.02 / 0.02,XAUUSD-STDc,market,0,0,2026.07.02 09:05:35,filled,copy #951761782,Sheet13,2026.07.02 23:59
2026.07.02 09:15:19,536397567,buy,0.02 / 0.02,XAUUSD-STDc,market,0,0,2026.07.02 09:15:19,filled,copy #951791673,Sheet13,2026.07.02 23:59
2026.07.02 09:17:00,536405804,sell,0.02 / 0.02,XAUUSD-STDc,market,0,0,2026.07.02 09:17:00,filled,copy #951796081,Sheet13,2026.07.02 23:59
2026.07.02 09:21:19,536439469,sell,0.02 / 0.02,XAUUSD-STDc,market,0,0,2026.07.02 09:21:20,filled,copy #951814680,Sheet13,2026.07.02 23:59
2026.07.02 09:22:56,536460563,sell,0.02 / 0.02,XAUUSD-STDc,market,0,0,2026.07.02 09:22:57,filled,copy #951825451,Sheet13,2026.07.02 23:59
2026.07.02 09:30:02,536486009,buy,0.02 / 0.02,XAUUSD-STDc,market,0,0,2026.07.02 09:30:03,filled,copy #951843406,Sheet13,2026.07.02 23:59
2026.07.02 09:30:03,536486257,buy,0.02 / 0.02,XAUUSD-STDc,market,0,0,2026.07.02 09:30:03,filled,copy #951843433,Sheet13,2026.07.02 23:59
2026.07.02 09:30:03,536486754,buy,0.02 / 0.02,XAUUSD-STDc,market,0,0,2026.07.02 09:30:03,filled,copy #951843685,Sheet13,2026.07.02 23:59
2026.07.02 09:39:48,536501337,buy,0.02 / 0.02,XAUUSD-STDc,market,0,0,2026.07.02 09:39:48,filled,copy #951859995,Sheet13,2026.07.02 23:59
2026.07.02 09:43:23,536529404,buy,0.03 / 0.03,XAUUSD-STDc,market,0,0,2026.07.02 09:43:23,filled,copy #951878348,Sheet13,2026.07.02 23:59
2026.07.02 09:50:04,536561608,sell,0.03 / 0.03,XAUUSD-STDc,market,0,0,2026.07.02 09:50:05,filled,copy #951907405,Sheet13,2026.07.02 23:59
2026.07.02 09:50:05,536562241,sell,0.02 / 0.02,XAUUSD-STDc,market,0,0,2026.07.02 09:50:06,filled,copy #951907510,Sheet13,2026.07.02 23:59
2026.07.02 09:50:05,536562150,sell,0.02 / 0.02,XAUUSD-STDc,market,0,0,2026.07.02 09:50:06,filled,copy #951907503,Sheet13,2026.07.02 23:59
2026.07.02 09:50:09,536568083,sell,0.02 / 0.02,XAUUSD-STDc,market,0,0,2026.07.02 09:50:10,filled,copy #951910723,Sheet13,2026.07.02 23:59
2026.07.02 09:57:39,536609923,sell,0.02 / 0.02,XAUUSD-STDc,market,0,0,2026.07.02 09:57:39,filled,copy #951934194,Sheet13,2026.07.02 23:59
2026.07.02 10:00:16,536622443,buy,0.02 / 0.02,XAUUSD-STDc,market,0,0,2026.07.02 10:00:17,filled,copy #951943828,Sheet13,2026.07.02 23:59
2026.07.02 10:00:16,536622745,buy,0.02 / 0.02,XAUUSD-STDc,market,0,0,2026.07.02 10:00:17,filled,copy #951944030,Sheet13,2026.07.02 23:59
2026.07.02 10:04:06,536640463,buy,0.02 / 0.02,XAUUSD-STDc,market,0,0,2026.07.02 10:04:06,filled,copy #951957479,Sheet13,2026.07.02 23:59
2026.07.02 10:08:12,536650892,sell,0.02 / 0.02,XAUUSD-STDc,market,0,0,2026.07.02 10:08:13,filled,copy #951968869,Sheet13,2026.07.02 23:59
2026.07.02 10:10:46,536670759,sell,0.02 / 0.02,XAUUSD-STDc,market,0,0,2026.07.02 10:10:46,filled,copy #951978953,Sheet13,2026.07.02 23:59
2026.07.02 10:12:46,536680657,buy,0.02 / 0.02,XAUUSD-STDc,market,0,0,2026.07.02 10:12:46,filled,copy #951984009,Sheet13,2026.07.02 23:59
2026.07.02 10:13:22,536687830,buy,0.02 / 0.02,XAUUSD-STDc,market,0,0,2026.07.02 10:13:22,filled,copy #951988057,Sheet13,2026.07.02 23:59
2026.07.02 10:17:15,536697096,buy,0.02 / 0.02,XAUUSD-STDc,market,0,0,2026.07.02 10:17:15,filled,copy #951997271,Sheet13,2026.07.02 23:59
2026.07.02 10:20:22,536706175,buy,0.03 / 0.03,XAUUSD-STDc,market,0,0,2026.07.02 10:20:23,filled,copy #952005227,Sheet13,2026.07.02 23:59
2026.07.02 10:24:01,536719689,buy,0.04 / 0.04,XAUUSD-STDc,market,0,0,2026.07.02 10:24:02,filled,copy #952017084,Sheet13,2026.07.02 23:59
2026.07.02 10:38:47,536758120,sell,0.04 / 0.04,XAUUSD-STDc,market,0,0,2026.07.02 10:38:48,filled,copy #952054053,Sheet13,2026.07.02 23:59
2026.07.02 10:38:47,536758671,sell,0.03 / 0.03,XAUUSD-STDc,market,0,0,2026.07.02 10:38:48,filled,copy #952054103,Sheet13,2026.07.02 23:59
2026.07.02 10:38:47,536758349,sell,0.02 / 0.02,XAUUSD-STDc,market,0,0,2026.07.02 10:38:48,filled,copy #952054058,Sheet13,2026.07.02 23:59
2026.07.02 10:38:47,536758474,sell,0.02 / 0.02,XAUUSD-STDc,market,0,0,2026.07.02 10:38:48,filled,copy #952054082,Sheet13,2026.07.02 23:59
2026.07.02 10:40:31,536781530,sell,0.02 / 0.02,XAUUSD-STDc,market,0,0,2026.07.02 10:40:31,filled,copy #952068981,Sheet13,2026.07.02 23:59
2026.07.02 10:42:48,536803541,sell,0.02 / 0.02,XAUUSD-STDc,market,0,0,2026.07.02 10:42:49,filled,copy #952085279,Sheet13,2026.07.02 23:59
2026.07.02 10:48:01,536827096,buy,0.02 / 0.02,XAUUSD-STDc,market,0,0,2026.07.02 10:48:01,filled,copy #952107004,Sheet13,2026.07.02 23:59
2026.07.02 10:48:01,536827351,buy,0.02 / 0.02,XAUUSD-STDc,market,0,0,2026.07.02 10:48:02,filled,copy #952107054,Sheet13,2026.07.02 23:59
2026.07.02 10:48:25,536831119,buy,0.02 / 0.02,XAUUSD-STDc,market,0,0,2026.07.02 10:48:26,filled,copy #952109674,Sheet13,2026.07.02 23:59
2026.07.02 10:54:58,536846545,buy,0.02 / 0.02,XAUUSD-STDc,market,0,0,2026.07.02 10:54:58,filled,copy #952125753,Sheet13,2026.07.02 23:59
2026.07.02 10:55:45,536852380,buy,0.03 / 0.03,XAUUSD-STDc,market,0,0,2026.07.02 10:55:46,filled,copy #952132122,Sheet13,2026.07.02 23:59
2026.07.02 11:00:38,536862561,buy,0.04 / 0.04,XAUUSD-STDc,market,0,0,2026.07.02 11:00:39,filled,copy #952147884,Sheet13,2026.07.02 23:59
2026.07.02 11:05:25,536886132,sell,0.02 / 0.02,XAUUSD-STDc,market,0,0,2026.07.02 11:05:25,filled,copy #952167545,Sheet13,2026.07.02 23:59
2026.07.02 11:05:25,536886372,sell,0.04 / 0.04,XAUUSD-STDc,market,0,0,2026.07.02 11:05:25,filled,copy #952167609,Sheet13,2026.07.02 23:59
2026.07.02 11:05:25,536886562,sell,0.03 / 0.03,XAUUSD-STDc,market,0,0,2026.07.02 11:05:25,filled,copy #952167632,Sheet13,2026.07.02 23:59
2026.07.02 11:05:25,536886834,sell,0.02 / 0.02,XAUUSD-STDc,market,0,0,2026.07.02 11:05:26,filled,copy #952167707,Sheet13,2026.07.02 23:59
2026.07.02 11:06:15,536898249,sell,0.02 / 0.02,XAUUSD-STDc,market,0,0,2026.07.02 11:06:15,filled,copy #952175311,Sheet13,2026.07.02 23:59
2026.07.02 11:10:59,536924869,sell,0.02 / 0.02,XAUUSD-STDc,market,0,0,2026.07.02 11:10:59,filled,copy #952196856,Sheet13,2026.07.02 23:59
2026.07.02 11:14:48,536936833,buy,0.02 / 0.02,XAUUSD-STDc,market,0,0,2026.07.02 11:14:49,filled,copy #952208241,Sheet13,2026.07.02 23:59
2026.07.02 11:19:59,536947733,sell,0.02 / 0.02,XAUUSD-STDc,market,0,0,2026.07.02 11:19:59,filled,copy #952220213,Sheet13,2026.07.02 23:59
2026.07.02 11:23:21,536968061,sell,0.03 / 0.03,XAUUSD-STDc,market,0,0,2026.07.02 11:23:22,filled,copy #952238579,Sheet13,2026.07.02 23:59
2026.07.02 11:33:06,536980616,buy,0.02 / 0.02,XAUUSD-STDc,market,0,0,2026.07.02 11:33:07,filled,copy #952255461,Sheet13,2026.07.02 23:59
2026.07.02 11:41:23,536991623,sell,0.02 / 0.02,XAUUSD-STDc,market,0,0,2026.07.02 11:41:24,filled,copy #952270902,Sheet13,2026.07.02 23:59
2026.07.02 11:49:38,537017526,sell,0.04 / 0.04,XAUUSD-STDc,market,0,0,2026.07.02 11:49:39,filled,copy #952296129,Sheet13,2026.07.02 23:59
2026.07.02 11:52:17,537024904,buy,0.02 / 0.02,XAUUSD-STDc,market,0,0,2026.07.02 11:52:17,filled,copy #952304904,Sheet13,2026.07.02 23:59
2026.07.02 11:53:58,537033351,sell,0.02 / 0.02,XAUUSD-STDc,market,0,0,2026.07.02 11:53:58,filled,copy #952310390,Sheet13,2026.07.02 23:59
2026.07.02 12:06:05,537053043,buy,0.02 / 0.02,XAUUSD-STDc,market,0,0,2026.07.02 12:06:06,filled,copy #952335751,Sheet13,2026.07.02 23:59
2026.07.02 12:06:46,537060121,buy,0.03 / 0.03,XAUUSD-STDc,market,0,0,2026.07.02 12:06:47,filled,copy #952340652,Sheet13,2026.07.02 23:59
2026.07.02 12:06:46,537060299,buy,0.04 / 0.04,XAUUSD-STDc,market,0,0,2026.07.02 12:06:47,filled,copy #952340684,Sheet13,2026.07.02 23:59
2026.07.02 12:06:46,537060517,buy,0.02 / 0.02,XAUUSD-STDc,market,0,0,2026.07.02 12:06:47,filled,copy #952340720,Sheet13,2026.07.02 23:59
2026.07.02 12:06:47,537060708,buy,0.02 / 0.02,XAUUSD-STDc,market,0,0,2026.07.02 12:06:47,filled,copy #952340749,Sheet13,2026.07.02 23:59
2026.07.02 12:07:22,537066233,buy,0.02 / 0.02,XAUUSD-STDc,market,0,0,2026.07.02 12:07:23,filled,copy #952346905,Sheet13,2026.07.02 23:59
2026.07.02 12:17:21,537077727,buy,0.03 / 0.03,XAUUSD-STDc,market,0,0,2026.07.02 12:17:22,filled,copy #952368286,Sheet13,2026.07.02 23:59
2026.07.02 12:25:40,537095302,buy,0.04 / 0.04,XAUUSD-STDc,market,0,0,2026.07.02 12:25:41,filled,copy #952390584,Sheet13,2026.07.02 23:59
2026.07.02 12:31:30,537102167,buy,0.05 / 0.05,XAUUSD-STDc,market,0,0,2026.07.02 12:31:30,filled,copy #952404585,Sheet13,2026.07.02 23:59
2026.07.02 12:42:48,537126490,sell,0.02 / 0.02,XAUUSD-STDc,market,0,0,2026.07.02 12:42:49,filled,copy #952431560,Sheet13,2026.07.02 23:59
2026.07.02 12:42:48,537126993,sell,0.02 / 0.02,XAUUSD-STDc,market,0,0,2026.07.02 12:42:49,filled,copy #952431763,Sheet13,2026.07.02 23:59
2026.07.02 12:42:48,537126717,sell,0.04 / 0.04,XAUUSD-STDc,market,0,0,2026.07.02 12:42:49,filled,copy #952431742,Sheet13,2026.07.02 23:59
2026.07.02 12:42:48,537126548,sell,0.05 / 0.05,XAUUSD-STDc,market,0,0,2026.07.02 12:42:49,filled,copy #952431618,Sheet13,2026.07.02 23:59
2026.07.02 12:42:48,537126862,sell,0.03 / 0.03,XAUUSD-STDc,market,0,0,2026.07.02 12:42:49,filled,copy #952431743,Sheet13,2026.07.02 23:59
2026.07.02 12:43:35,537130716,sell,0.02 / 0.02,XAUUSD-STDc,market,0,0,2026.07.02 12:43:35,filled,copy #952436895,Sheet13,2026.07.02 23:59
2026.07.02 12:54:08,537142592,buy,0.02 / 0.02,XAUUSD-STDc,market,0,0,2026.07.02 12:54:08,filled,copy #952455539,Sheet13,2026.07.02 23:59
2026.07.02 12:56:01,537147804,buy,0.02 / 0.02,XAUUSD-STDc,market,0,0,2026.07.02 12:56:01,filled,copy #952463084,Sheet13,2026.07.02 23:59
2026.07.02 13:04:13,537154665,buy,0.02 / 0.02,XAUUSD-STDc,market,0,0,2026.07.02 13:04:13,filled,copy #952480814,Sheet13,2026.07.02 23:59
2026.07.02 13:22:45,537169478,sell,0.02 / 0.02,XAUUSD-STDc,market,0,0,2026.07.02 13:22:46,filled,copy #952512798,Sheet13,2026.07.02 23:59
2026.07.02 13:33:01,537173360,buy,0.02 / 0.02,XAUUSD-STDc,market,0,0,2026.07.02 13:33:01,filled,copy #952523467,Sheet13,2026.07.02 23:59
2026.07.02 13:42:05,537179352,sell,0.02 / 0.02,XAUUSD-STDc,market,0,0,2026.07.02 13:42:05,filled,copy #952536628,Sheet13,2026.07.02 23:59
2026.07.02 13:42:05,537179569,sell,0.02 / 0.02,XAUUSD-STDc,market,0,0,2026.07.02 13:42:05,filled,copy #952536753,Sheet13,2026.07.02 23:59
2026.07.02 13:59:22,537193517,sell,0.02 / 0.02,XAUUSD-STDc,market,0,0,2026.07.02 13:59:22,filled,copy #952566965,Sheet13,2026.07.02 23:59
2026.07.02 14:00:40,537196046,buy,0.02 / 0.02,XAUUSD-STDc,market,0,0,2026.07.02 14:00:41,filled,copy #952572467,Sheet13,2026.07.02 23:59
2026.07.02 14:04:28,537201295,buy,0.02 / 0.02,XAUUSD-STDc,market,0,0,2026.07.02 14:04:29,filled,copy #952584754,Sheet13,2026.07.02 23:59
2026.07.02 14:06:24,537204205,buy,0.02 / 0.02,XAUUSD-STDc,market,0,0,2026.07.02 14:06:25,filled,copy #952591791,Sheet13,2026.07.02 23:59
2026.07.02 14:12:34,537210564,sell,0.02 / 0.02,XAUUSD-STDc,market,0,0,2026.07.02 14:12:35,filled,copy #952606643,Sheet13,2026.07.02 23:59
2026.07.02 14:12:34,537210744,sell,0.02 / 0.02,XAUUSD-STDc,market,0,0,2026.07.02 14:12:35,filled,copy #952606751,Sheet13,2026.07.02 23:59
2026.07.02 14:12:45,537211108,sell,0.02 / 0.02,XAUUSD-STDc,market,0,0,2026.07.02 14:12:45,filled,copy #952608735,Sheet13,2026.07.02 23:59
2026.07.02 14:17:05,537215344,sell,0.02 / 0.02,XAUUSD-STDc,market,0,0,2026.07.02 14:17:06,filled,copy #952618699,Sheet13,2026.07.02 23:59
2026.07.02 14:20:01,537218589,sell,0.03 / 0.03,XAUUSD-STDc,market,0,0,2026.07.02 14:20:01,filled,copy #952626074,Sheet13,2026.07.02 23:59
2026.07.02 14:43:35,537227274,sell,0.04 / 0.04,XAUUSD-STDc,market,0,0,2026.07.02 14:43:36,filled,copy #952663541,Sheet13,2026.07.02 23:59
2026.07.02 14:45:13,537229571,sell,0.05 / 0.05,XAUUSD-STDc,market,0,0,2026.07.02 14:45:14,filled,copy #952669961,Sheet13,2026.07.02 23:59
2026.07.02 14:58:09,537237813,buy,0.02 / 0.02,XAUUSD-STDc,market,0,0,2026.07.02 14:58:09,filled,copy #952693192,Sheet13,2026.07.02 23:59
2026.07.02 14:58:10,537237987,buy,0.02 / 0.02,XAUUSD-STDc,market,0,0,2026.07.02 14:58:10,filled,copy #952693272,Sheet13,2026.07.02 23:59
2026.07.02 14:58:10,537238169,buy,0.03 / 0.03,XAUUSD-STDc,market,0,0,2026.07.02 14:58:10,filled,copy #952693303,Sheet13,2026.07.02 23:59
2026.07.02 14:58:10,537238342,buy,0.04 / 0.04,XAUUSD-STDc,market,0,0,2026.07.02 14:58:11,filled,copy #952693327,Sheet13,2026.07.02 23:59
2026.07.02 14:58:11,537238516,buy,0.05 / 0.05,XAUUSD-STDc,market,0,0,2026.07.02 14:58:11,filled,copy #952693389,Sheet13,2026.07.02 23:59
2026.07.02 16:08:06,537386016,buy,0.02 / 0.02,XAUUSD-STDc,market,0,0,2026.07.02 16:08:07,filled,copy #953127908,Sheet13,2026.07.02 23:59
2026.07.02 16:09:09,537388053,buy,0.02 / 0.02,XAUUSD-STDc,market,0,0,2026.07.02 16:09:09,filled,copy #953132481,Sheet13,2026.07.02 23:59
2026.07.02 16:10:27,537389542,sell,0.02 / 0.02,XAUUSD-STDc,market,0,0,2026.07.02 16:10:27,filled,copy #953137015,Sheet13,2026.07.02 23:59
2026.07.02 16:10:27,537389725,sell,0.02 / 0.02,XAUUSD-STDc,market,0,0,2026.07.02 16:10:28,filled,copy #953137083,Sheet13,2026.07.02 23:59
2026.07.02 16:10:29,537389973,sell,0.02 / 0.02,XAUUSD-STDc,market,0,0,2026.07.02 16:10:29,filled,copy #953137473,Sheet13,2026.07.02 23:59
2026.07.02 16:11:18,537391625,sell,0.02 / 0.02,XAUUSD-STDc,market,0,0,2026.07.02 16:11:18,filled,copy #953140985,Sheet13,2026.07.02 23:59
2026.07.02 16:11:56,537393793,sell,0.03 / 0.03,XAUUSD-STDc,market,0,0,2026.07.02 16:11:57,filled,copy #953144888,Sheet13,2026.07.02 23:59
2026.07.02 16:16:12,537400714,buy,0.02 / 0.02,XAUUSD-STDc,market,0,0,2026.07.02 16:16:12,filled,copy #953160973,Sheet13,2026.07.02 23:59
2026.07.02 16:17:30,537401811,buy,0.02 / 0.02,XAUUSD-STDc,market,0,0,2026.07.02 16:17:30,filled,copy #953163224,Sheet13,2026.07.02 23:59
2026.07.02 16:17:30,537401993,buy,0.02 / 0.02,XAUUSD-STDc,market,0,0,2026.07.02 16:17:30,filled,copy #953163246,Sheet13,2026.07.02 23:59
2026.07.02 16:17:30,537402177,buy,0.03 / 0.03,XAUUSD-STDc,market,0,0,2026.07.02 16:17:30,filled,copy #953163519,Sheet13,2026.07.02 23:59
2026.07.02 16:18:32,537405033,buy,0.02 / 0.02,XAUUSD-STDc,market,0,0,2026.07.02 16:18:33,filled,copy #953169605,Sheet13,2026.07.02 23:59
2026.07.02 16:22:17,537410246,buy,0.03 / 0.03,XAUUSD-STDc,market,0,0,2026.07.02 16:22:17,filled,copy #953184052,Sheet13,2026.07.02 23:59
2026.07.02 16:23:26,537412127,sell,0.02 / 0.02,XAUUSD-STDc,market,0,0,2026.07.02 16:23:26,filled,copy #953187996,Sheet13,2026.07.02 23:59
2026.07.02 16:23:26,537412315,sell,0.03 / 0.03,XAUUSD-STDc,market,0,0,2026.07.02 16:23:26,filled,copy #953188003,Sheet13,2026.07.02 23:59
2026.07.02 16:23:26,537412497,sell,0.02 / 0.02,XAUUSD-STDc,market,0,0,2026.07.02 16:23:26,filled,copy #953188046,Sheet13,2026.07.02 23:59
2026.07.02 16:24:56,537415837,buy,0.02 / 0.02,XAUUSD-STDc,market,0,0,2026.07.02 16:24:57,filled,copy #953194789,Sheet13,2026.07.02 23:59
2026.07.02 16:25:39,537417421,buy,0.02 / 0.02,XAUUSD-STDc,market,0,0,2026.07.02 16:25:40,filled,copy #953200157,Sheet13,2026.07.02 23:59
2026.07.02 16:25:54,537418920,buy,0.03 / 0.03,XAUUSD-STDc,market,0,0,2026.07.02 16:25:54,filled,copy #953203706,Sheet13,2026.07.02 23:59
2026.07.02 16:27:05,537420481,sell,0.03 / 0.03,XAUUSD-STDc,market,0,0,2026.07.02 16:27:05,filled,copy #953209742,Sheet13,2026.07.02 23:59
2026.07.02 16:27:05,537420668,sell,0.02 / 0.02,XAUUSD-STDc,market,0,0,2026.07.02 16:27:05,filled,copy #953209757,Sheet13,2026.07.02 23:59
2026.07.02 16:27:05,537420846,sell,0.02 / 0.02,XAUUSD-STDc,market,0,0,2026.07.02 16:27:06,filled,copy #953209790,Sheet13,2026.07.02 23:59
2026.07.02 16:30:06,537424819,buy,0.02 / 0.02,XAUUSD-STDc,market,0,0,2026.07.02 16:30:06,filled,copy #953221058,Sheet13,2026.07.02 23:59
2026.07.02 16:30:24,537426067,buy,0.02 / 0.02,XAUUSD-STDc,market,0,0,2026.07.02 16:30:24,filled,copy #953223485,Sheet13,2026.07.02 23:59
2026.07.02 16:30:45,537427367,sell,0.02 / 0.02,XAUUSD-STDc,market,0,0,2026.07.02 16:30:46,filled,copy #953225296,Sheet13,2026.07.02 23:59
2026.07.02 16:30:45,537427580,sell,0.02 / 0.02,XAUUSD-STDc,market,0,0,2026.07.02 16:30:46,filled,copy #953225376,Sheet13,2026.07.02 23:59
2026.07.02 16:30:57,537430147,sell,0.02 / 0.02,XAUUSD-STDc,market,0,0,2026.07.02 16:30:57,filled,copy #953228301,Sheet13,2026.07.02 23:59
2026.07.02 16:31:15,537432827,sell,0.02 / 0.02,XAUUSD-STDc,market,0,0,2026.07.02 16:31:15,filled,copy #953233395,Sheet13,2026.07.02 23:59
2026.07.02 16:32:43,537437467,sell,0.03 / 0.03,XAUUSD-STDc,market,0,0,2026.07.02 16:32:43,filled,copy #953242675,Sheet13,2026.07.02 23:59
2026.07.02 16:33:08,537439323,sell,0.04 / 0.04,XAUUSD-STDc,market,0,0,2026.07.02 16:33:08,filled,copy #953247194,Sheet13,2026.07.02 23:59
2026.07.02 16:34:06,537443276,sell,0.05 / 0.05,XAUUSD-STDc,market,0,0,2026.07.02 16:34:06,filled,copy #953257343,Sheet13,2026.07.02 23:59
2026.07.02 16:35:20,537445917,sell,0.06 / 0.06,XAUUSD-STDc,market,0,0,2026.07.02 16:35:21,filled,copy #953265042,Sheet13,2026.07.02 23:59
2026.07.02 16:35:38,537448066,sell,0.08 / 0.08,XAUUSD-STDc,market,0,0,2026.07.02 16:35:38,filled,copy #953269886,Sheet13,2026.07.02 23:59
2026.07.02 16:35:56,537450213,sell,0.11 / 0.11,XAUUSD-STDc,market,0,0,2026.07.02 16:35:57,filled,copy #953274732,Sheet13,2026.07.02 23:59
2026.07.02 16:38:19,537458335,buy,0.02 / 0.02,XAUUSD-STDc,market,0,0,2026.07.02 16:38:20,filled,copy #953290410,Sheet13,2026.07.02 23:59
2026.07.02 16:39:31,537460348,sell,0.02 / 0.02,XAUUSD-STDc,market,0,0,2026.07.02 16:39:32,filled,copy #953294367,Sheet13,2026.07.02 23:59
2026.07.02 16:41:55,537468202,buy,0.11 / 0.11,XAUUSD-STDc,market,0,0,2026.07.02 16:41:56,filled,copy #953308119,Sheet13,2026.07.02 23:59
2026.07.02 16:41:55,537468385,buy,0.08 / 0.08,XAUUSD-STDc,market,0,0,2026.07.02 16:41:56,filled,copy #953308136,Sheet13,2026.07.02 23:59
2026.07.02 16:41:56,537468596,buy,0.06 / 0.06,XAUUSD-STDc,market,0,0,2026.07.02 16:41:56,filled,copy #953308210,Sheet13,2026.07.02 23:59
2026.07.02 16:41:56,537468772,buy,0.05 / 0.05,XAUUSD-STDc,market,0,0,2026.07.02 16:41:57,filled,copy #953308216,Sheet13,2026.07.02 23:59
2026.07.02 16:41:57,537468959,buy,0.04 / 0.04,XAUUSD-STDc,market,0,0,2026.07.02 16:41:57,filled,copy #953308310,Sheet13,2026.07.02 23:59
2026.07.02 16:41:57,537469169,buy,0.03 / 0.03,XAUUSD-STDc,market,0,0,2026.07.02 16:41:57,filled,copy #953308343,Sheet13,2026.07.02 23:59
2026.07.02 16:41:57,537469355,buy,0.02 / 0.02,XAUUSD-STDc,market,0,0,2026.07.02 16:41:58,filled,copy #953308511,Sheet13,2026.07.02 23:59
2026.07.02 16:41:57,537469530,buy,0.02 / 0.02,XAUUSD-STDc,market,0,0,2026.07.02 16:41:58,filled,copy #953308524,Sheet13,2026.07.02 23:59
2026.07.02 16:47:13,537488131,sell,0.02 / 0.02,XAUUSD-STDc,market,0,0,2026.07.02 16:47:14,filled,copy #953335161,Sheet13,2026.07.02 23:59
2026.07.02 16:48:07,537491026,buy,0.02 / 0.02,XAUUSD-STDc,market,0,0,2026.07.02 16:48:07,filled,copy #953340967,Sheet13,2026.07.02 23:59
2026.07.02 16:48:35,537492697,sell,0.02 / 0.02,XAUUSD-STDc,market,0,0,2026.07.02 16:48:35,filled,copy #953343134,Sheet13,2026.07.02 23:59
2026.07.02 16:48:41,537493020,buy,0.02 / 0.02,XAUUSD-STDc,market,0,0,2026.07.02 16:48:42,filled,copy #953343530,Sheet13,2026.07.02 23:59
2026.07.02 16:54:48,537509315,buy,0.02 / 0.02,XAUUSD-STDc,market,0,0,2026.07.02 16:54:49,filled,copy #953372778,Sheet13,2026.07.02 23:59
2026.07.02 16:55:46,537510983,sell,0.02 / 0.02,XAUUSD-STDc,market,0,0,2026.07.02 16:55:46,filled,copy #953377441,Sheet13,2026.07.02 23:59
2026.07.02 16:56:02,537511585,buy,0.02 / 0.02,XAUUSD-STDc,market,0,0,2026.07.02 16:56:03,filled,copy #953378563,Sheet13,2026.07.02 23:59
2026.07.02 16:56:16,537513117,sell,0.02 / 0.02,XAUUSD-STDc,market,0,0,2026.07.02 16:56:16,filled,copy #953380577,Sheet13,2026.07.02 23:59
2026.07.02 16:56:26,537513429,buy,0.02 / 0.02,XAUUSD-STDc,market,0,0,2026.07.02 16:56:26,filled,copy #953381260,Sheet13,2026.07.02 23:59
2026.07.02 16:56:27,537513605,sell,0.02 / 0.02,XAUUSD-STDc,market,0,0,2026.07.02 16:56:27,filled,copy #953381322,Sheet13,2026.07.02 23:59
2026.07.02 16:59:28,537520262,buy,0.02 / 0.02,XAUUSD-STDc,market,0,0,2026.07.02 16:59:28,filled,copy #953390202,Sheet13,2026.07.02 23:59
2026.07.02 17:00:34,537522977,buy,0.02 / 0.02,XAUUSD-STDc,market,0,0,2026.07.02 17:00:35,filled,copy #953397417,Sheet13,2026.07.02 23:59
2026.07.02 17:01:47,537526023,buy,0.03 / 0.03,XAUUSD-STDc,market,0,0,2026.07.02 17:01:47,filled,copy #953404109,Sheet13,2026.07.02 23:59
2026.07.02 17:04:35,537531816,buy,0.04 / 0.04,XAUUSD-STDc,market,0,0,2026.07.02 17:04:35,filled,copy #953416305,Sheet13,2026.07.02 23:59
2026.07.02 17:06:56,537535351,sell,0.02 / 0.02,XAUUSD-STDc,market,0,0,2026.07.02 17:06:56,filled,copy #953424418,Sheet13,2026.07.02 23:59
2026.07.02 17:07:49,537536141,buy,0.02 / 0.02,XAUUSD-STDc,market,0,0,2026.07.02 17:07:49,filled,copy #953426355,Sheet13,2026.07.02 23:59
2026.07.02 17:08:32,537538831,sell,0.02 / 0.02,XAUUSD-STDc,market,0,0,2026.07.02 17:08:33,filled,copy #953428988,Sheet13,2026.07.02 23:59
2026.07.02 17:08:33,537539131,sell,0.03 / 0.03,XAUUSD-STDc,market,0,0,2026.07.02 17:08:33,filled,copy #953429412,Sheet13,2026.07.02 23:59
2026.07.02 17:08:33,537539315,sell,0.04 / 0.04,XAUUSD-STDc,market,0,0,2026.07.02 17:08:33,filled,copy #953429444,Sheet13,2026.07.02 23:59
2026.07.02 17:08:33,537539520,sell,0.02 / 0.02,XAUUSD-STDc,market,0,0,2026.07.02 17:08:33,filled,copy #953429468,Sheet13,2026.07.02 23:59
2026.07.02 17:10:48,537546516,buy,0.02 / 0.02,XAUUSD-STDc,market,0,0,2026.07.02 17:10:48,filled,copy #953442456,Sheet13,2026.07.02 23:59
2026.07.02 17:12:43,537549821,sell,0.02 / 0.02,XAUUSD-STDc,market,0,0,2026.07.02 17:12:44,filled,copy #953449856,Sheet13,2026.07.02 23:59
2026.07.02 17:13:04,537552147,sell,0.02 / 0.02,XAUUSD-STDc,market,0,0,2026.07.02 17:13:04,filled,copy #953452493,Sheet13,2026.07.02 23:59
2026.07.02 17:16:34,537559365,sell,0.02 / 0.02,XAUUSD-STDc,market,0,0,2026.07.02 17:16:34,filled,copy #953462649,Sheet13,2026.07.02 23:59
2026.07.02 17:17:06,537561853,sell,0.03 / 0.03,XAUUSD-STDc,market,0,0,2026.07.02 17:17:07,filled,copy #953466104,Sheet13,2026.07.02 23:59
2026.07.02 17:17:22,537564389,buy,0.02 / 0.02,XAUUSD-STDc,market,0,0,2026.07.02 17:17:22,filled,copy #953468088,Sheet13,2026.07.02 23:59
2026.07.02 17:17:22,537564184,buy,0.03 / 0.03,XAUUSD-STDc,market,0,0,2026.07.02 17:17:22,filled,copy #953468086,Sheet13,2026.07.02 23:59
2026.07.02 17:17:22,537564584,buy,0.02 / 0.02,XAUUSD-STDc,market,0,0,2026.07.02 17:17:22,filled,copy #953468153,Sheet13,2026.07.02 23:59
2026.07.02 17:19:23,537569014,buy,0.02 / 0.02,XAUUSD-STDc,market,0,0,2026.07.02 17:19:23,filled,copy #953477300,Sheet13,2026.07.02 23:59
2026.07.02 17:20:59,537575199,buy,0.02 / 0.02,XAUUSD-STDc,market,0,0,2026.07.02 17:20:59,filled,copy #953486980,Sheet13,2026.07.02 23:59
2026.07.02 17:21:34,537577470,buy,0.03 / 0.03,XAUUSD-STDc,market,0,0,2026.07.02 17:21:34,filled,copy #953491951,Sheet13,2026.07.02 23:59
2026.07.02 17:26:51,537585796,buy,0.04 / 0.04,XAUUSD-STDc,market,0,0,2026.07.02 17:26:51,filled,copy #953507978,Sheet13,2026.07.02 23:59
2026.07.02 17:28:08,537590079,buy,0.05 / 0.05,XAUUSD-STDc,market,0,0,2026.07.02 17:28:08,filled,copy #953517701,Sheet13,2026.07.02 23:59
2026.07.02 17:29:28,537593297,buy,0.06 / 0.06,XAUUSD-STDc,market,0,0,2026.07.02 17:29:28,filled,copy #953523870,Sheet13,2026.07.02 23:59
2026.07.02 17:30:28,537596967,sell,0.02 / 0.02,XAUUSD-STDc,market,0,0,2026.07.02 17:30:29,filled,copy #953529439,Sheet13,2026.07.02 23:59
2026.07.02 17:31:23,537602021,sell,0.05 / 0.05,XAUUSD-STDc,market,0,0,2026.07.02 17:31:24,filled,copy #953535427,Sheet13,2026.07.02 23:59
2026.07.02 17:31:24,537602209,sell,0.04 / 0.04,XAUUSD-STDc,market,0,0,2026.07.02 17:31:24,filled,copy #953535430,Sheet13,2026.07.02 23:59
2026.07.02 17:31:24,537602561,sell,0.02 / 0.02,XAUUSD-STDc,market,0,0,2026.07.02 17:31:24,filled,copy #953535517,Sheet13,2026.07.02 23:59
2026.07.02 17:31:24,537602386,sell,0.06 / 0.06,XAUUSD-STDc,market,0,0,2026.07.02 17:31:24,filled,copy #953535457,Sheet13,2026.07.02 23:59
2026.07.02 17:31:24,537602734,sell,0.03 / 0.03,XAUUSD-STDc,market,0,0,2026.07.02 17:31:24,filled,copy #953535524,Sheet13,2026.07.02 23:59
2026.07.02 17:31:24,537602918,sell,0.02 / 0.02,XAUUSD-STDc,market,0,0,2026.07.02 17:31:24,filled,copy #953535558,Sheet13,2026.07.02 23:59
2026.07.02 17:31:43,537605401,sell,0.02 / 0.02,XAUUSD-STDc,market,0,0,2026.07.02 17:31:43,filled,copy #953539171,Sheet13,2026.07.02 23:59
2026.07.02 17:31:55,537608981,sell,0.03 / 0.03,XAUUSD-STDc,market,0,0,2026.07.02 17:31:56,filled,copy #953542736,Sheet13,2026.07.02 23:59
2026.07.02 17:34:50,537617588,buy,0.03 / 0.03,XAUUSD-STDc,market,0,0,2026.07.02 17:34:50,filled,copy #953555066,Sheet13,2026.07.02 23:59
2026.07.02 17:34:50,537617828,buy,0.02 / 0.02,XAUUSD-STDc,market,0,0,2026.07.02 17:34:50,filled,copy #953555190,Sheet13,2026.07.02 23:59
2026.07.02 17:34:50,537618021,buy,0.02 / 0.02,XAUUSD-STDc,market,0,0,2026.07.02 17:34:50,filled,copy #953555247,Sheet13,2026.07.02 23:59
2026.07.02 17:48:41,537641924,buy,0.02 / 0.02,XAUUSD-STDc,market,0,0,2026.07.02 17:48:41,filled,copy #953603051,Sheet13,2026.07.02 23:59
2026.07.02 17:49:11,537642965,sell,0.02 / 0.02,XAUUSD-STDc,market,0,0,2026.07.02 17:49:11,filled,copy #953604666,Sheet13,2026.07.02 23:59
2026.07.02 17:51:55,537652970,sell,0.02 / 0.02,XAUUSD-STDc,market,0,0,2026.07.02 17:51:55,filled,copy #953618865,Sheet13,2026.07.02 23:59
2026.07.02 17:52:39,537655176,buy,0.02 / 0.02,XAUUSD-STDc,market,0,0,2026.07.02 17:52:39,filled,copy #953622694,Sheet13,2026.07.02 23:59
2026.07.02 17:56:26,537664987,sell,0.02 / 0.02,XAUUSD-STDc,market,0,0,2026.07.02 17:56:27,filled,copy #953636389,Sheet13,2026.07.02 23:59
2026.07.02 17:58:31,537667217,sell,0.02 / 0.02,XAUUSD-STDc,market,0,0,2026.07.02 17:58:32,filled,copy #953641883,Sheet13,2026.07.02 23:59
2026.07.02 18:01:44,537673044,sell,0.03 / 0.03,XAUUSD-STDc,market,0,0,2026.07.02 18:01:44,filled,copy #953655622,Sheet13,2026.07.02 23:59
2026.07.02 18:05:03,537677979,buy,0.02 / 0.02,XAUUSD-STDc,market,0,0,2026.07.02 18:05:04,filled,copy #953665816,Sheet13,2026.07.02 23:59
2026.07.02 18:05:37,537681100,buy,0.02 / 0.02,XAUUSD-STDc,market,0,0,2026.07.02 18:05:38,filled,copy #953667852,Sheet13,2026.07.02 23:59
2026.07.02 18:05:37,537681321,buy,0.03 / 0.03,XAUUSD-STDc,market,0,0,2026.07.02 18:05:38,filled,copy #953668023,Sheet13,2026.07.02 23:59
2026.07.02 18:05:37,537681533,buy,0.02 / 0.02,XAUUSD-STDc,market,0,0,2026.07.02 18:05:38,filled,copy #953668176,Sheet13,2026.07.02 23:59
2026.07.02 18:06:07,537688282,buy,0.02 / 0.02,XAUUSD-STDc,market,0,0,2026.07.02 18:06:08,filled,copy #953674926,Sheet13,2026.07.02 23:59
2026.07.02 18:07:41,537695920,buy,0.03 / 0.03,XAUUSD-STDc,market,0,0,2026.07.02 18:07:41,filled,copy #953685363,Sheet13,2026.07.02 23:59
2026.07.02 18:10:08,537704312,sell,0.02 / 0.02,XAUUSD-STDc,market,0,0,2026.07.02 18:10:08,filled,copy #953696765,Sheet13,2026.07.02 23:59
2026.07.02 18:10:42,537708730,sell,0.02 / 0.02,XAUUSD-STDc,market,0,0,2026.07.02 18:10:42,filled,copy #953700472,Sheet13,2026.07.02 23:59
2026.07.02 18:11:09,537710194,sell,0.02 / 0.02,XAUUSD-STDc,market,0,0,2026.07.02 18:11:10,filled,copy #953702106,Sheet13,2026.07.02 23:59
2026.07.02 18:11:09,537710382,sell,0.02 / 0.02,XAUUSD-STDc,market,0,0,2026.07.02 18:11:10,filled,copy #953702114,Sheet13,2026.07.02 23:59
2026.07.02 18:11:09,537710552,sell,0.03 / 0.03,XAUUSD-STDc,market,0,0,2026.07.02 18:11:10,filled,copy #953702155,Sheet13,2026.07.02 23:59
2026.07.02 18:12:27,537717863,sell,0.03 / 0.03,XAUUSD-STDc,market,0,0,2026.07.02 18:12:28,filled,copy #953712532,Sheet13,2026.07.02 23:59
2026.07.02 18:16:18,537726606,buy,0.02 / 0.02,XAUUSD-STDc,market,0,0,2026.07.02 18:16:18,filled,copy #953726229,Sheet13,2026.07.02 23:59
2026.07.02 18:17:43,537732026,buy,0.02 / 0.02,XAUUSD-STDc,market,0,0,2026.07.02 18:17:44,filled,copy #953731513,Sheet13,2026.07.02 23:59
2026.07.02 18:17:43,537732286,buy,0.03 / 0.03,XAUUSD-STDc,market,0,0,2026.07.02 18:17:44,filled,copy #953731552,Sheet13,2026.07.02 23:59
2026.07.02 18:17:44,537732521,buy,0.02 / 0.02,XAUUSD-STDc,market,0,0,2026.07.02 18:17:44,filled,copy #953731579,Sheet13,2026.07.02 23:59
2026.07.02 18:18:17,537734293,buy,0.02 / 0.02,XAUUSD-STDc,market,0,0,2026.07.02 18:18:18,filled,copy #953734440,Sheet13,2026.07.02 23:59
2026.07.02 18:21:44,537738971,sell,0.02 / 0.02,XAUUSD-STDc,market,0,0,2026.07.02 18:21:45,filled,copy #953743462,Sheet13,2026.07.02 23:59
2026.07.02 18:21:45,537739251,sell,0.02 / 0.02,XAUUSD-STDc,market,0,0,2026.07.02 18:21:45,filled,copy #953743626,Sheet13,2026.07.02 23:59
2026.07.02 18:22:21,537740223,sell,0.02 / 0.02,XAUUSD-STDc,market,0,0,2026.07.02 18:22:22,filled,copy #953745529,Sheet13,2026.07.02 23:59
2026.07.02 18:24:33,537748413,sell,0.02 / 0.02,XAUUSD-STDc,market,0,0,2026.07.02 18:24:34,filled,copy #953754848,Sheet13,2026.07.02 23:59
2026.07.02 18:28:07,537755789,buy,0.02 / 0.02,XAUUSD-STDc,market,0,0,2026.07.02 18:28:07,filled,copy #953765583,Sheet13,2026.07.02 23:59
2026.07.02 18:29:47,537761885,buy,0.02 / 0.02,XAUUSD-STDc,market,0,0,2026.07.02 18:29:48,filled,copy #953772104,Sheet13,2026.07.02 23:59
2026.07.02 18:30:05,537762700,buy,0.02 / 0.02,XAUUSD-STDc,market,0,0,2026.07.02 18:30:05,filled,copy #953773951,Sheet13,2026.07.02 23:59
2026.07.02 18:30:58,537765024,buy,0.02 / 0.02,XAUUSD-STDc,market,0,0,2026.07.02 18:30:58,filled,copy #953777188,Sheet13,2026.07.02 23:59
2026.07.02 18:31:47,537768779,sell,0.02 / 0.02,XAUUSD-STDc,market,0,0,2026.07.02 18:31:47,filled,copy #953779850,Sheet13,2026.07.02 23:59
2026.07.02 18:31:47,537769001,sell,0.02 / 0.02,XAUUSD-STDc,market,0,0,2026.07.02 18:31:47,filled,copy #953779906,Sheet13,2026.07.02 23:59
2026.07.02 18:41:19,537783365,buy,0.02 / 0.02,XAUUSD-STDc,market,0,0,2026.07.02 18:41:20,filled,copy #953805319,Sheet13,2026.07.02 23:59
2026.07.02 18:47:48,537791667,sell,0.02 / 0.02,XAUUSD-STDc,market,0,0,2026.07.02 18:47:48,filled,copy #953817785,Sheet13,2026.07.02 23:59
2026.07.02 18:49:19,537794431,sell,0.02 / 0.02,XAUUSD-STDc,market,0,0,2026.07.02 18:49:20,filled,copy #953820712,Sheet13,2026.07.02 23:59
2026.07.02 18:51:18,537796814,buy,0.02 / 0.02,XAUUSD-STDc,market,0,0,2026.07.02 18:51:19,filled,copy #953824659,Sheet13,2026.07.02 23:59
2026.07.01 14:26:59,534005641,sell,0.7 / 0.7,XAUUSD-STDc,market,0,0,2026.07.01 14:26:59,filled,copy #949007463,Sheet14,2026.07.01 23:59
2026.07.01 14:26:59,534005815,sell,0.54 / 0.54,XAUUSD-STDc,market,0,0,2026.07.01 14:26:59,filled,copy #949007469,Sheet14,2026.07.01 23:59
2026.07.01 14:27:00,534006027,sell,0.41 / 0.41,XAUUSD-STDc,market,0,0,2026.07.01 14:27:00,filled,copy #949007536,Sheet14,2026.07.01 23:59
2026.07.01 14:27:02,534006306,sell,0.31 / 0.31,XAUUSD-STDc,market,0,0,2026.07.01 14:27:03,filled,copy #949007986,Sheet14,2026.07.01 23:59
2026.07.01 14:27:11,534006594,sell,0.24 / 0.24,XAUUSD-STDc,market,0,0,2026.07.01 14:27:12,filled,copy #949008471,Sheet14,2026.07.01 23:59
2026.07.01 14:27:23,534006787,sell,0.18 / 0.18,XAUUSD-STDc,market,0,0,2026.07.01 14:27:23,filled,copy #949008705,Sheet14,2026.07.01 23:59
2026.07.01 14:27:25,534007137,sell,0.09 / 0.09,XAUUSD-STDc,market,0,0,2026.07.01 14:27:25,filled,copy #949008770,Sheet14,2026.07.01 23:59
2026.07.01 14:27:25,534006964,sell,0.14 / 0.14,XAUUSD-STDc,market,0,0,2026.07.01 14:27:25,filled,copy #949008753,Sheet14,2026.07.01 23:59
2026.07.01 14:27:25,534007311,sell,0.11 / 0.11,XAUUSD-STDc,market,0,0,2026.07.01 14:27:25,filled,copy #949008772,Sheet14,2026.07.01 23:59
2026.07.01 14:29:48,534016043,sell,0.9 / 0.9,XAUUSD-STDc,market,0,0,2026.07.01 14:29:48,filled,copy #949017503,Sheet14,2026.07.01 23:59
2026.07.01 14:43:47,534035730,sell,1.17 / 1.17,XAUUSD-STDc,market,0,0,2026.07.01 14:43:47,filled,copy #949051066,Sheet14,2026.07.01 23:59
2026.07.01 14:44:04,534039271,sell,1.52 / 1.52,XAUUSD-STDc,market,0,0,2026.07.01 14:44:05,filled,copy #949056413,Sheet14,2026.07.01 23:59
2026.07.01 14:47:26,534046101,sell,1.98 / 1.98,XAUUSD-STDc,market,0,0,2026.07.01 14:47:26,filled,copy #949070405,Sheet14,2026.07.01 23:59
2026.07.01 14:48:24,534049497,sell,2.57 / 2.57,XAUUSD-STDc,market,0,0,2026.07.01 14:48:25,filled,copy #949075703,Sheet14,2026.07.01 23:59
2026.07.01 14:50:38,534054858,sell,3.34 / 3.34,XAUUSD-STDc,market,0,0,2026.07.01 14:50:39,filled,copy #949085383,Sheet14,2026.07.01 23:59
2026.07.01 15:02:00,534063818,buy,3.34 / 3.34,XAUUSD-STDc,market,0,0,2026.07.01 15:02:01,filled,copy #949108681,Sheet14,2026.07.01 23:59
2026.07.01 15:02:01,534064014,buy,2.57 / 2.57,XAUUSD-STDc,market,0,0,2026.07.01 15:02:01,filled,copy #949108824,Sheet14,2026.07.01 23:59
2026.07.01 15:02:01,534064203,buy,1.52 / 1.52,XAUUSD-STDc,market,0,0,2026.07.01 15:02:02,filled,copy #949109025,Sheet14,2026.07.01 23:59
2026.07.01 15:02:02,534064397,buy,1.98 / 1.98,XAUUSD-STDc,market,0,0,2026.07.01 15:02:02,filled,copy #949109210,Sheet14,2026.07.01 23:59
2026.07.01 15:02:02,534064570,buy,1.17 / 1.17,XAUUSD-STDc,market,0,0,2026.07.01 15:02:03,filled,copy #949109255,Sheet14,2026.07.01 23:59
2026.07.01 15:02:03,534064736,buy,0.9 / 0.9,XAUUSD-STDc,market,0,0,2026.07.01 15:02:03,filled,copy #949109396,Sheet14,2026.07.01 23:59
2026.07.01 15:02:03,534064913,buy,0.7 / 0.7,XAUUSD-STDc,market,0,0,2026.07.01 15:02:03,filled,copy #949109414,Sheet14,2026.07.01 23:59
2026.07.01 15:02:04,534065098,buy,0.31 / 0.31,XAUUSD-STDc,market,0,0,2026.07.01 15:02:04,filled,copy #949109556,Sheet14,2026.07.01 23:59
2026.07.01 15:02:04,534065275,buy,0.41 / 0.41,XAUUSD-STDc,market,0,0,2026.07.01 15:02:05,filled,copy #949109645,Sheet14,2026.07.01 23:59
2026.07.01 15:02:05,534065443,buy,0.54 / 0.54,XAUUSD-STDc,market,0,0,2026.07.01 15:02:05,filled,copy #949109685,Sheet14,2026.07.01 23:59
2026.07.01 15:02:05,534065632,buy,0.14 / 0.14,XAUUSD-STDc,market,0,0,2026.07.01 15:02:05,filled,copy #949109750,Sheet14,2026.07.01 23:59
2026.07.01 15:02:05,534065814,buy,0.18 / 0.18,XAUUSD-STDc,market,0,0,2026.07.01 15:02:06,filled,copy #949109826,Sheet14,2026.07.01 23:59
2026.07.01 15:02:06,534065987,buy,0.24 / 0.24,XAUUSD-STDc,market,0,0,2026.07.01 15:02:06,filled,copy #949109842,Sheet14,2026.07.01 23:59
2026.07.01 15:02:06,534066160,buy,0.09 / 0.09,XAUUSD-STDc,market,0,0,2026.07.01 15:02:06,filled,copy #949109917,Sheet14,2026.07.01 23:59
2026.07.01 15:02:06,534066337,buy,0.11 / 0.11,XAUUSD-STDc,market,0,0,2026.07.01 15:02:07,filled,copy #949109968,Sheet14,2026.07.01 23:59
2026.06.29 12:23:35,522406683,buy,0.02 / 0.02,XAUUSD-STDc,market,0,0,2026.06.29 12:23:35,filled,copy #940513292,Sheet15,2026.06.30 23:59
2026.06.29 12:26:28,522426135,buy,0.02 / 0.02,XAUUSD-STDc,market,0,0,2026.06.29 12:26:29,filled,copy #940525016,Sheet15,2026.06.30 23:59
2026.06.29 12:30:27,522452378,sell,0.02 / 0.02,XAUUSD-STDc,market,0,0,2026.06.29 12:30:27,filled,copy #940541725,Sheet15,2026.06.30 23:59
2026.06.29 12:30:27,522452861,sell,0.02 / 0.02,XAUUSD-STDc,market,0,0,2026.06.29 12:30:28,filled,copy #940541937,Sheet15,2026.06.30 23:59
2026.06.29 12:37:54,522517864,buy,0.02 / 0.02,XAUUSD-STDc,market,0,0,2026.06.29 12:37:55,filled,copy #940580469,Sheet15,2026.06.30 23:59
2026.06.29 12:40:37,522537142,buy,0.02 / 0.02,XAUUSD-STDc,market,0,0,2026.06.29 12:40:38,filled,copy #940590655,Sheet15,2026.06.30 23:59
2026.06.29 12:48:33,522566376,buy,0.03 / 0.03,XAUUSD-STDc,market,0,0,2026.06.29 12:48:33,filled,copy #940613081,Sheet15,2026.06.30 23:59
2026.06.29 12:50:25,522588627,buy,0.04 / 0.04,XAUUSD-STDc,market,0,0,2026.06.29 12:50:26,filled,copy #940625606,Sheet15,2026.06.30 23:59
2026.06.29 12:51:54,522610867,buy,0.05 / 0.05,XAUUSD-STDc,market,0,0,2026.06.29 12:51:54,filled,copy #940643937,Sheet15,2026.06.30 23:59
2026.06.29 12:57:00,522636878,buy,0.06 / 0.06,XAUUSD-STDc,market,0,0,2026.06.29 12:57:00,filled,copy #940665961,Sheet15,2026.06.30 23:59
2026.06.29 12:57:39,522654708,buy,0.08 / 0.08,XAUUSD-STDc,market,0,0,2026.06.29 12:57:39,filled,copy #940676092,Sheet15,2026.06.30 23:59
2026.06.29 12:57:44,522658566,buy,0.11 / 0.11,XAUUSD-STDc,market,0,0,2026.06.29 12:57:45,filled,copy #940681269,Sheet15,2026.06.30 23:59
2026.06.29 12:59:27,522671974,sell,0.02 / 0.02,XAUUSD-STDc,market,0,0,2026.06.29 12:59:27,filled,copy #940698709,Sheet15,2026.06.30 23:59
2026.06.29 13:00:55,522679260,sell,0.02 / 0.02,XAUUSD-STDc,market,0,0,2026.06.29 13:00:56,filled,copy #940707753,Sheet15,2026.06.30 23:59
2026.06.29 13:03:40,522689522,buy,0.02 / 0.02,XAUUSD-STDc,market,0,0,2026.06.29 13:03:40,filled,copy #940718253,Sheet15,2026.06.30 23:59
2026.06.29 13:03:40,522689474,buy,0.02 / 0.02,XAUUSD-STDc,market,0,0,2026.06.29 13:03:41,filled,copy #940718223,Sheet15,2026.06.30 23:59
2026.06.29 13:10:08,522707084,sell,0.11 / 0.11,XAUUSD-STDc,market,0,0,2026.06.29 13:10:08,filled,copy #940734866,Sheet15,2026.06.30 23:59
2026.06.29 13:10:08,522707259,sell,0.08 / 0.08,XAUUSD-STDc,market,0,0,2026.06.29 13:10:08,filled,copy #940734880,Sheet15,2026.06.30 23:59
2026.06.29 13:10:08,522707581,sell,0.04 / 0.04,XAUUSD-STDc,market,0,0,2026.06.29 13:10:09,filled,copy #940735024,Sheet15,2026.06.30 23:59
2026.06.29 13:10:09,522707948,sell,0.06 / 0.06,XAUUSD-STDc,market,0,0,2026.06.29 13:10:09,filled,copy #940735031,Sheet15,2026.06.30 23:59
2026.06.29 13:10:08,522707756,sell,0.05 / 0.05,XAUUSD-STDc,market,0,0,2026.06.29 13:10:09,filled,copy #940735026,Sheet15,2026.06.30 23:59
2026.06.29 13:10:09,522708189,sell,0.03 / 0.03,XAUUSD-STDc,market,0,0,2026.06.29 13:10:09,filled,copy #940735123,Sheet15,2026.06.30 23:59
2026.06.29 13:10:09,522708441,sell,0.02 / 0.02,XAUUSD-STDc,market,0,0,2026.06.29 13:10:10,filled,copy #940735179,Sheet15,2026.06.30 23:59
2026.06.29 13:10:10,522709900,sell,0.02 / 0.02,XAUUSD-STDc,market,0,0,2026.06.29 13:10:10,filled,copy #940735311,Sheet15,2026.06.30 23:59
2026.06.29 14:23:35,522921367,buy,0.02 / 0.02,XAUUSD-STDc,market,0,0,2026.06.29 14:23:35,filled,copy #940919989,Sheet15,2026.06.30 23:59
2026.06.29 14:27:01,522934487,buy,0.02 / 0.02,XAUUSD-STDc,market,0,0,2026.06.29 14:27:01,filled,copy #940932429,Sheet15,2026.06.30 23:59
2026.06.29 14:30:32,522952046,sell,0.02 / 0.02,XAUUSD-STDc,market,0,0,2026.06.29 14:30:32,filled,copy #940946812,Sheet15,2026.06.30 23:59
2026.06.29 14:30:32,522952221,sell,0.02 / 0.02,XAUUSD-STDc,market,0,0,2026.06.29 14:30:32,filled,copy #940946822,Sheet15,2026.06.30 23:59
2026.06.29 14:31:17,522964746,sell,0.02 / 0.02,XAUUSD-STDc,market,0,0,2026.06.29 14:31:18,filled,copy #940954983,Sheet15,2026.06.30 23:59
2026.06.29 14:31:43,522973311,sell,0.02 / 0.02,XAUUSD-STDc,market,0,0,2026.06.29 14:31:44,filled,copy #940962635,Sheet15,2026.06.30 23:59
2026.06.29 14:33:02,522981133,buy,0.02 / 0.02,XAUUSD-STDc,market,0,0,2026.06.29 14:33:03,filled,copy #940968421,Sheet15,2026.06.30 23:59
2026.06.29 14:33:03,522981438,buy,0.02 / 0.02,XAUUSD-STDc,market,0,0,2026.06.29 14:33:03,filled,copy #940968490,Sheet15,2026.06.30 23:59
2026.06.29 14:34:25,522982741,buy,0.02 / 0.02,XAUUSD-STDc,market,0,0,2026.06.29 14:34:25,filled,copy #940970399,Sheet15,2026.06.30 23:59
2026.06.29 14:45:48,523002334,sell,0.02 / 0.02,XAUUSD-STDc,market,0,0,2026.06.29 14:45:48,filled,copy #940993039,Sheet15,2026.06.30 23:59
2026.06.29 14:48:33,523006500,sell,0.02 / 0.02,XAUUSD-STDc,market,0,0,2026.06.29 14:48:33,filled,copy #940997249,Sheet15,2026.06.30 23:59
2026.06.29 14:57:15,523035942,sell,0.02 / 0.02,XAUUSD-STDc,market,0,0,2026.06.29 14:57:15,filled,copy #941025581,Sheet15,2026.06.30 23:59
2026.06.29 15:03:23,523069779,sell,0.03 / 0.03,XAUUSD-STDc,market,0,0,2026.06.29 15:03:23,filled,copy #941053368,Sheet15,2026.06.30 23:59
2026.06.29 15:04:02,523083519,sell,0.04 / 0.04,XAUUSD-STDc,market,0,0,2026.06.29 15:04:02,filled,copy #941063381,Sheet15,2026.06.30 23:59
2026.06.29 15:10:15,523106601,sell,0.05 / 0.05,XAUUSD-STDc,market,0,0,2026.06.29 15:10:16,filled,copy #941088157,Sheet15,2026.06.30 23:59
2026.06.29 15:11:01,523113204,sell,0.06 / 0.06,XAUUSD-STDc,market,0,0,2026.06.29 15:11:01,filled,copy #941093409,Sheet15,2026.06.30 23:59
2026.06.29 15:13:14,523123374,sell,0.08 / 0.08,XAUUSD-STDc,market,0,0,2026.06.29 15:13:15,filled,copy #941105332,Sheet15,2026.06.30 23:59
2026.06.29 15:16:54,523145028,buy,0.08 / 0.08,XAUUSD-STDc,market,0,0,2026.06.29 15:16:54,filled,copy #941122534,Sheet15,2026.06.30 23:59
2026.06.29 15:16:55,523145556,buy,0.06 / 0.06,XAUUSD-STDc,market,0,0,2026.06.29 15:16:55,filled,copy #941122761,Sheet15,2026.06.30 23:59
2026.06.29 15:16:55,523145749,buy,0.05 / 0.05,XAUUSD-STDc,market,0,0,2026.06.29 15:16:55,filled,copy #941122800,Sheet15,2026.06.30 23:59
2026.06.29 15:16:55,523145909,buy,0.04 / 0.04,XAUUSD-STDc,market,0,0,2026.06.29 15:16:55,filled,copy #941122871,Sheet15,2026.06.30 23:59
2026.06.29 15:16:55,523146169,buy,0.03 / 0.03,XAUUSD-STDc,market,0,0,2026.06.29 15:16:56,filled,copy #941122946,Sheet15,2026.06.30 23:59
2026.06.29 15:16:56,523146495,buy,0.02 / 0.02,XAUUSD-STDc,market,0,0,2026.06.29 15:16:56,filled,copy #941123141,Sheet15,2026.06.30 23:59
2026.06.29 15:16:56,523146813,buy,0.02 / 0.02,XAUUSD-STDc,market,0,0,2026.06.29 15:16:56,filled,copy #941123191,Sheet15,2026.06.30 23:59
2026.06.29 15:22:43,523184771,buy,0.02 / 0.02,XAUUSD-STDc,market,0,0,2026.06.29 15:22:43,filled,copy #941149539,Sheet15,2026.06.30 23:59
2026.06.29 15:24:03,523199928,buy,0.02 / 0.02,XAUUSD-STDc,market,0,0,2026.06.29 15:24:04,filled,copy #941159397,Sheet15,2026.06.30 23:59
2026.06.29 15:26:50,523214575,buy,0.03 / 0.03,XAUUSD-STDc,market,0,0,2026.06.29 15:26:51,filled,copy #941171332,Sheet15,2026.06.30 23:59
2026.06.29 15:33:22,523230873,sell,0.02 / 0.02,XAUUSD-STDc,market,0,0,2026.06.29 15:33:22,filled,copy #941187870,Sheet15,2026.06.30 23:59
2026.06.29 15:33:22,523231034,sell,0.02 / 0.02,XAUUSD-STDc,market,0,0,2026.06.29 15:33:22,filled,copy #941187890,Sheet15,2026.06.30 23:59
2026.06.29 15:33:22,523231223,sell,0.03 / 0.03,XAUUSD-STDc,market,0,0,2026.06.29 15:33:22,filled,copy #941187916,Sheet15,2026.06.30 23:59
2026.06.29 15:34:17,523236275,sell,0.02 / 0.02,XAUUSD-STDc,market,0,0,2026.06.29 15:34:18,filled,copy #941192863,Sheet15,2026.06.30 23:59
2026.06.29 15:37:23,523257745,sell,0.02 / 0.02,XAUUSD-STDc,market,0,0,2026.06.29 15:37:23,filled,copy #941207145,Sheet15,2026.06.30 23:59
2026.06.29 15:42:05,523277380,buy,0.02 / 0.02,XAUUSD-STDc,market,0,0,2026.06.29 15:42:06,filled,copy #941222531,Sheet15,2026.06.30 23:59
2026.06.29 15:45:09,523282729,sell,0.02 / 0.02,XAUUSD-STDc,market,0,0,2026.06.29 15:45:09,filled,copy #941227869,Sheet15,2026.06.30 23:59
2026.06.29 16:00:27,523345250,sell,0.03 / 0.03,XAUUSD-STDc,market,0,0,2026.06.29 16:00:27,filled,copy #941269320,Sheet15,2026.06.30 23:59
2026.06.29 16:04:57,523371039,sell,0.04 / 0.04,XAUUSD-STDc,market,0,0,2026.06.29 16:04:57,filled,copy #941288703,Sheet15,2026.06.30 23:59
2026.06.29 16:11:06,523394851,buy,0.04 / 0.04,XAUUSD-STDc,market,0,0,2026.06.29 16:11:07,filled,copy #941305849,Sheet15,2026.06.30 23:59
2026.06.29 16:11:06,523394768,buy,0.02 / 0.02,XAUUSD-STDc,market,0,0,2026.06.29 16:11:07,filled,copy #941305845,Sheet15,2026.06.30 23:59
2026.06.29 16:11:06,523395144,buy,0.03 / 0.03,XAUUSD-STDc,market,0,0,2026.06.29 16:11:07,filled,copy #941306046,Sheet15,2026.06.30 23:59
2026.06.29 16:11:07,523395481,buy,0.02 / 0.02,XAUUSD-STDc,market,0,0,2026.06.29 16:11:07,filled,copy #941306139,Sheet15,2026.06.30 23:59
2026.06.29 16:11:18,523397355,buy,0.02 / 0.02,XAUUSD-STDc,market,0,0,2026.06.29 16:11:19,filled,copy #941308196,Sheet15,2026.06.30 23:59
2026.06.29 16:12:32,523403211,sell,0.02 / 0.02,XAUUSD-STDc,market,0,0,2026.06.29 16:12:33,filled,copy #941312499,Sheet15,2026.06.30 23:59
2026.06.29 16:22:05,523437636,buy,0.02 / 0.02,XAUUSD-STDc,market,0,0,2026.06.29 16:22:05,filled,copy #941338854,Sheet15,2026.06.30 23:59
2026.06.29 16:25:43,523453401,buy,0.02 / 0.02,XAUUSD-STDc,market,0,0,2026.06.29 16:25:44,filled,copy #941351943,Sheet15,2026.06.30 23:59
2026.06.29 16:27:37,523461030,buy,0.03 / 0.03,XAUUSD-STDc,market,0,0,2026.06.29 16:27:37,filled,copy #941360059,Sheet15,2026.06.30 23:59
2026.06.29 16:30:16,523473398,buy,0.04 / 0.04,XAUUSD-STDc,market,0,0,2026.06.29 16:30:16,filled,copy #941369954,Sheet15,2026.06.30 23:59
2026.06.29 16:31:32,523488212,sell,0.02 / 0.02,XAUUSD-STDc,market,0,0,2026.06.29 16:31:33,filled,copy #941381724,Sheet15,2026.06.30 23:59
2026.06.29 16:31:32,523488018,sell,0.04 / 0.04,XAUUSD-STDc,market,0,0,2026.06.29 16:31:33,filled,copy #941381702,Sheet15,2026.06.30 23:59
2026.06.29 16:31:33,523488801,sell,0.03 / 0.03,XAUUSD-STDc,market,0,0,2026.06.29 16:31:34,filled,copy #941381908,Sheet15,2026.06.30 23:59
2026.06.29 16:31:33,523489003,sell,0.02 / 0.02,XAUUSD-STDc,market,0,0,2026.06.29 16:31:34,filled,copy #941381956,Sheet15,2026.06.30 23:59
2026.06.29 16:32:07,523493675,sell,0.02 / 0.02,XAUUSD-STDc,market,0,0,2026.06.29 16:32:07,filled,copy #941387612,Sheet15,2026.06.30 23:59
2026.06.29 16:33:29,523498365,buy,0.02 / 0.02,XAUUSD-STDc,market,0,0,2026.06.29 16:33:29,filled,copy #941392724,Sheet15,2026.06.30 23:59
2026.06.29 16:36:26,523526723,buy,0.02 / 0.02,XAUUSD-STDc,market,0,0,2026.06.29 16:36:26,filled,copy #941410610,Sheet15,2026.06.30 23:59
2026.06.29 16:37:50,523548085,buy,0.02 / 0.02,XAUUSD-STDc,market,0,0,2026.06.29 16:37:50,filled,copy #941425011,Sheet15,2026.06.30 23:59
2026.06.29 16:40:43,523562818,sell,0.02 / 0.02,XAUUSD-STDc,market,0,0,2026.06.29 16:40:44,filled,copy #941437698,Sheet15,2026.06.30 23:59
2026.06.29 16:42:10,523572441,sell,0.02 / 0.02,XAUUSD-STDc,market,0,0,2026.06.29 16:42:10,filled,copy #941444815,Sheet15,2026.06.30 23:59
2026.06.29 16:42:49,523575653,sell,0.02 / 0.02,XAUUSD-STDc,market,0,0,2026.06.29 16:42:50,filled,copy #941446434,Sheet15,2026.06.30 23:59
2026.06.29 16:42:49,523575905,sell,0.02 / 0.02,XAUUSD-STDc,market,0,0,2026.06.29 16:42:50,filled,copy #941446528,Sheet15,2026.06.30 23:59
2026.06.29 16:43:14,523579247,sell,0.03 / 0.03,XAUUSD-STDc,market,0,0,2026.06.29 16:43:14,filled,copy #941450023,Sheet15,2026.06.30 23:59
2026.06.29 16:46:04,523590775,buy,0.02 / 0.02,XAUUSD-STDc,market,0,0,2026.06.29 16:46:04,filled,copy #941459599,Sheet15,2026.06.30 23:59
2026.06.29 16:46:04,523591581,buy,0.02 / 0.02,XAUUSD-STDc,market,0,0,2026.06.29 16:46:05,filled,copy #941459636,Sheet15,2026.06.30 23:59
2026.06.29 16:46:04,523591630,buy,0.03 / 0.03,XAUUSD-STDc,market,0,0,2026.06.29 16:46:05,filled,copy #941459641,Sheet15,2026.06.30 23:59
2026.06.29 16:46:42,523602392,buy,0.02 / 0.02,XAUUSD-STDc,market,0,0,2026.06.29 16:46:42,filled,copy #941466043,Sheet15,2026.06.30 23:59
2026.06.29 16:49:11,523614777,buy,0.02 / 0.02,XAUUSD-STDc,market,0,0,2026.06.29 16:49:11,filled,copy #941476598,Sheet15,2026.06.30 23:59
2026.06.29 16:54:23,523632720,buy,0.03 / 0.03,XAUUSD-STDc,market,0,0,2026.06.29 16:54:24,filled,copy #941492909,Sheet15,2026.06.30 23:59
2026.06.29 16:54:56,523638143,buy,0.04 / 0.04,XAUUSD-STDc,market,0,0,2026.06.29 16:54:56,filled,copy #941498606,Sheet15,2026.06.30 23:59
2026.06.29 16:56:43,523653292,buy,0.05 / 0.05,XAUUSD-STDc,market,0,0,2026.06.29 16:56:44,filled,copy #941511580,Sheet15,2026.06.30 23:59
2026.06.29 17:01:01,523677581,sell,0.03 / 0.03,XAUUSD-STDc,market,0,0,2026.06.29 17:01:02,filled,copy #941534541,Sheet15,2026.06.30 23:59
2026.06.29 17:01:01,523677274,sell,0.02 / 0.02,XAUUSD-STDc,market,0,0,2026.06.29 17:01:02,filled,copy #941534363,Sheet15,2026.06.30 23:59
2026.06.29 17:01:01,523677750,sell,0.05 / 0.05,XAUUSD-STDc,market,0,0,2026.06.29 17:01:02,filled,copy #941534626,Sheet15,2026.06.30 23:59
2026.06.29 17:01:01,523678337,sell,0.04 / 0.04,XAUUSD-STDc,market,0,0,2026.06.29 17:01:02,filled,copy #941534636,Sheet15,2026.06.30 23:59
2026.06.29 17:01:01,523677653,sell,0.02 / 0.02,XAUUSD-STDc,market,0,0,2026.06.29 17:01:02,filled,copy #941534590,Sheet15,2026.06.30 23:59
2026.06.29 17:01:41,523687967,sell,0.02 / 0.02,XAUUSD-STDc,market,0,0,2026.06.29 17:01:42,filled,copy #941542387,Sheet15,2026.06.30 23:59
2026.06.29 17:02:09,523694712,buy,0.02 / 0.02,XAUUSD-STDc,market,0,0,2026.06.29 17:02:09,filled,copy #941545160,Sheet15,2026.06.30 23:59
2026.06.29 17:02:44,523703517,buy,0.02 / 0.02,XAUUSD-STDc,market,0,0,2026.06.29 17:02:44,filled,copy #941549701,Sheet15,2026.06.30 23:59
2026.06.29 17:03:28,523715412,buy,0.02 / 0.02,XAUUSD-STDc,market,0,0,2026.06.29 17:03:28,filled,copy #941557781,Sheet15,2026.06.30 23:59
2026.06.29 17:03:40,523724886,buy,0.03 / 0.03,XAUUSD-STDc,market,0,0,2026.06.29 17:03:41,filled,copy #941564125,Sheet15,2026.06.30 23:59
2026.06.29 17:06:29,523764227,buy,0.04 / 0.04,XAUUSD-STDc,market,0,0,2026.06.29 17:06:29,filled,copy #941594998,Sheet15,2026.06.30 23:59
2026.06.29 17:06:50,523773309,buy,0.05 / 0.05,XAUUSD-STDc,market,0,0,2026.06.29 17:06:51,filled,copy #941601645,Sheet15,2026.06.30 23:59
2026.06.29 17:09:11,523782728,sell,0.02 / 0.02,XAUUSD-STDc,market,0,0,2026.06.29 17:09:12,filled,copy #941615472,Sheet15,2026.06.30 23:59
2026.06.29 17:09:26,523784121,buy,0.02 / 0.02,XAUUSD-STDc,market,0,0,2026.06.29 17:09:27,filled,copy #941617204,Sheet15,2026.06.30 23:59
2026.06.29 17:11:11,523802174,buy,0.06 / 0.06,XAUUSD-STDc,market,0,0,2026.06.29 17:11:12,filled,copy #941631574,Sheet15,2026.06.30 23:59
2026.06.29 17:11:43,523810323,buy,0.08 / 0.08,XAUUSD-STDc,market,0,0,2026.06.29 17:11:43,filled,copy #941638209,Sheet15,2026.06.30 23:59
2026.06.29 17:12:29,523816657,buy,0.11 / 0.11,XAUUSD-STDc,market,0,0,2026.06.29 17:12:30,filled,copy #941646138,Sheet15,2026.06.30 23:59
2026.06.29 17:13:10,523824446,buy,0.14 / 0.14,XAUUSD-STDc,market,0,0,2026.06.29 17:13:11,filled,copy #941651911,Sheet15,2026.06.30 23:59
2026.06.29 17:13:51,523833702,sell,0.14 / 0.14,XAUUSD-STDc,market,0,0,2026.06.29 17:13:52,filled,copy #941660168,Sheet15,2026.06.30 23:59
2026.06.29 17:13:52,523834146,sell,0.11 / 0.11,XAUUSD-STDc,market,0,0,2026.06.29 17:13:52,filled,copy #941660231,Sheet15,2026.06.30 23:59
2026.06.29 17:13:52,523834383,sell,0.08 / 0.08,XAUUSD-STDc,market,0,0,2026.06.29 17:13:52,filled,copy #941660295,Sheet15,2026.06.30 23:59
2026.06.29 17:13:52,523834734,sell,0.06 / 0.06,XAUUSD-STDc,market,0,0,2026.06.29 17:13:53,filled,copy #941660465,Sheet15,2026.06.30 23:59
2026.06.29 17:13:53,523835220,sell,0.05 / 0.05,XAUUSD-STDc,market,0,0,2026.06.29 17:13:53,filled,copy #941660684,Sheet15,2026.06.30 23:59
2026.06.29 17:13:53,523835047,sell,0.04 / 0.04,XAUUSD-STDc,market,0,0,2026.06.29 17:13:53,filled,copy #941660678,Sheet15,2026.06.30 23:59
2026.06.29 17:13:53,523835409,sell,0.03 / 0.03,XAUUSD-STDc,market,0,0,2026.06.29 17:13:54,filled,copy #941660716,Sheet15,2026.06.30 23:59
2026.06.29 17:13:54,523835712,sell,0.02 / 0.02,XAUUSD-STDc,market,0,0,2026.06.29 17:13:54,filled,copy #941660975,Sheet15,2026.06.30 23:59
2026.06.29 17:13:54,523835931,sell,0.02 / 0.02,XAUUSD-STDc,market,0,0,2026.06.29 17:13:55,filled,copy #941661038,Sheet15,2026.06.30 23:59
2026.06.29 17:15:37,523866069,buy,0.02 / 0.02,XAUUSD-STDc,market,0,0,2026.06.29 17:15:37,filled,copy #941688630,Sheet15,2026.06.30 23:59
2026.06.29 17:16:30,523881847,sell,0.02 / 0.02,XAUUSD-STDc,market,0,0,2026.06.29 17:16:31,filled,copy #941704247,Sheet15,2026.06.30 23:59
2026.06.29 17:16:52,523886685,sell,0.02 / 0.02,XAUUSD-STDc,market,0,0,2026.06.29 17:16:53,filled,copy #941709779,Sheet15,2026.06.30 23:59
2026.06.29 17:17:01,523888289,buy,0.02 / 0.02,XAUUSD-STDc,market,0,0,2026.06.29 17:17:02,filled,copy #941711504,Sheet15,2026.06.30 23:59
2026.06.29 17:18:47,523931389,sell,0.02 / 0.02,XAUUSD-STDc,market,0,0,2026.06.29 17:18:47,filled,copy #941734640,Sheet15,2026.06.30 23:59
2026.06.29 17:18:57,523942584,sell,0.02 / 0.02,XAUUSD-STDc,market,0,0,2026.06.29 17:18:58,filled,copy #941740366,Sheet15,2026.06.30 23:59
2026.06.29 17:21:16,523968293,sell,0.03 / 0.03,XAUUSD-STDc,market,0,0,2026.06.29 17:21:16,filled,copy #941760076,Sheet15,2026.06.30 23:59
2026.06.29 17:25:16,523990880,sell,0.04 / 0.04,XAUUSD-STDc,market,0,0,2026.06.29 17:25:16,filled,copy #941783924,Sheet15,2026.06.30 23:59
2026.06.29 17:25:48,523996789,sell,0.05 / 0.05,XAUUSD-STDc,market,0,0,2026.06.29 17:25:48,filled,copy #941789107,Sheet15,2026.06.30 23:59
2026.06.29 17:26:35,524002797,sell,0.06 / 0.06,XAUUSD-STDc,market,0,0,2026.06.29 17:26:35,filled,copy #941795375,Sheet15,2026.06.30 23:59
2026.06.29 17:26:48,524008674,sell,0.08 / 0.08,XAUUSD-STDc,market,0,0,2026.06.29 17:26:49,filled,copy #941799261,Sheet15,2026.06.30 23:59
2026.06.29 17:29:48,524023758,buy,0.02 / 0.02,XAUUSD-STDc,market,0,0,2026.06.29 17:29:49,filled,copy #941816844,Sheet15,2026.06.30 23:59
2026.06.29 17:30:08,524026659,sell,0.02 / 0.02,XAUUSD-STDc,market,0,0,2026.06.29 17:30:08,filled,copy #941819688,Sheet15,2026.06.30 23:59
2026.06.29 17:34:39,524038239,buy,0.02 / 0.02,XAUUSD-STDc,market,0,0,2026.06.29 17:34:40,filled,copy #941832906,Sheet15,2026.06.30 23:59
2026.06.29 17:39:15,524053290,buy,0.02 / 0.02,XAUUSD-STDc,market,0,0,2026.06.29 17:39:16,filled,copy #941848100,Sheet15,2026.06.30 23:59
2026.06.29 17:44:18,524063239,buy,0.02 / 0.02,XAUUSD-STDc,market,0,0,2026.06.29 17:44:19,filled,copy #941860017,Sheet15,2026.06.30 23:59
2026.06.29 17:44:18,524063431,buy,0.08 / 0.08,XAUUSD-STDc,market,0,0,2026.06.29 17:44:20,filled,copy #941860032,Sheet15,2026.06.30 23:59
2026.06.29 17:44:19,524063799,buy,0.03 / 0.03,XAUUSD-STDc,market,0,0,2026.06.29 17:44:20,filled,copy #941860063,Sheet15,2026.06.30 23:59
2026.06.29 17:44:19,524064448,sell,0.02 / 0.02,XAUUSD-STDc,market,0,0,2026.06.29 17:44:20,filled,copy #941860097,Sheet15,2026.06.30 23:59
2026.06.29 17:44:19,524064326,buy,0.02 / 0.02,XAUUSD-STDc,market,0,0,2026.06.29 17:44:20,filled,copy #941860094,Sheet15,2026.06.30 23:59
2026.06.29 17:44:19,524064095,buy,0.05 / 0.05,XAUUSD-STDc,market,0,0,2026.06.29 17:44:20,filled,copy #941860067,Sheet15,2026.06.30 23:59
2026.06.29 17:44:19,524064989,buy,0.06 / 0.06,XAUUSD-STDc,market,0,0,2026.06.29 17:44:21,filled,copy #941860112,Sheet15,2026.06.30 23:59
2026.06.29 17:44:20,524065110,buy,0.04 / 0.04,XAUUSD-STDc,market,0,0,2026.06.29 17:44:21,filled,copy #941860117,Sheet15,2026.06.30 23:59
2026.06.29 17:44:20,524065258,sell,0.02 / 0.02,XAUUSD-STDc,market,0,0,2026.06.29 17:44:21,filled,copy #941860180,Sheet15,2026.06.30 23:59
2026.06.29 17:48:10,524091890,buy,0.02 / 0.02,XAUUSD-STDc,market,0,0,2026.06.29 17:48:11,filled,copy #941880306,Sheet15,2026.06.30 23:59
2026.06.29 17:50:32,524101316,sell,0.02 / 0.02,XAUUSD-STDc,market,0,0,2026.06.29 17:50:32,filled,copy #941889637,Sheet15,2026.06.30 23:59
2026.06.29 17:53:01,524118742,sell,0.02 / 0.02,XAUUSD-STDc,market,0,0,2026.06.29 17:53:01,filled,copy #941902706,Sheet15,2026.06.30 23:59
2026.06.29 17:56:33,524136888,sell,0.02 / 0.02,XAUUSD-STDc,market,0,0,2026.06.29 17:56:33,filled,copy #941922130,Sheet15,2026.06.30 23:59
2026.06.29 17:59:25,524152510,buy,0.02 / 0.02,XAUUSD-STDc,market,0,0,2026.06.29 17:59:26,filled,copy #941934942,Sheet15,2026.06.30 23:59
2026.06.29 18:01:03,524158880,buy,0.02 / 0.02,XAUUSD-STDc,market,0,0,2026.06.29 18:01:03,filled,copy #941941923,Sheet15,2026.06.30 23:59
2026.06.29 18:01:03,524158820,buy,0.02 / 0.02,XAUUSD-STDc,market,0,0,2026.06.29 18:01:03,filled,copy #941941878,Sheet15,2026.06.30 23:59
2026.06.29 18:03:21,524172388,buy,0.02 / 0.02,XAUUSD-STDc,market,0,0,2026.06.29 18:03:21,filled,copy #941952645,Sheet15,2026.06.30 23:59
2026.06.29 18:13:48,524199232,buy,0.03 / 0.03,XAUUSD-STDc,market,0,0,2026.06.29 18:13:48,filled,copy #941981450,Sheet15,2026.06.30 23:59
2026.06.29 18:15:44,524212881,sell,0.02 / 0.02,XAUUSD-STDc,market,0,0,2026.06.29 18:15:45,filled,copy #941991317,Sheet15,2026.06.30 23:59
2026.06.29 18:15:44,524212791,sell,0.02 / 0.02,XAUUSD-STDc,market,0,0,2026.06.29 18:15:45,filled,copy #941991310,Sheet15,2026.06.30 23:59
2026.06.29 18:15:44,524212682,sell,0.03 / 0.03,XAUUSD-STDc,market,0,0,2026.06.29 18:15:45,filled,copy #941991196,Sheet15,2026.06.30 23:59
2026.06.29 18:21:30,524246960,buy,0.02 / 0.02,XAUUSD-STDc,market,0,0,2026.06.29 18:21:30,filled,copy #942016249,Sheet15,2026.06.30 23:59
2026.06.29 18:24:10,524264340,buy,0.02 / 0.02,XAUUSD-STDc,market,0,0,2026.06.29 18:24:10,filled,copy #942027179,Sheet15,2026.06.30 23:59
2026.06.29 18:29:06,524281251,sell,0.02 / 0.02,XAUUSD-STDc,market,0,0,2026.06.29 18:29:07,filled,copy #942042262,Sheet15,2026.06.30 23:59
2026.06.29 18:29:06,524281330,sell,0.02 / 0.02,XAUUSD-STDc,market,0,0,2026.06.29 18:29:07,filled,copy #942042268,Sheet15,2026.06.30 23:59
2026.06.29 18:29:19,524285167,sell,0.02 / 0.02,XAUUSD-STDc,market,0,0,2026.06.29 18:29:19,filled,copy #942044368,Sheet15,2026.06.30 23:59
2026.06.29 18:30:04,524294072,sell,0.02 / 0.02,XAUUSD-STDc,market,0,0,2026.06.29 18:30:04,filled,copy #942049863,Sheet15,2026.06.30 23:59
2026.06.29 18:31:10,524300516,sell,0.03 / 0.03,XAUUSD-STDc,market,0,0,2026.06.29 18:31:11,filled,copy #942055624,Sheet15,2026.06.30 23:59
2026.06.29 18:35:17,524316187,buy,0.02 / 0.02,XAUUSD-STDc,market,0,0,2026.06.29 18:35:17,filled,copy #942067420,Sheet15,2026.06.30 23:59
2026.06.29 18:35:17,524316267,buy,0.03 / 0.03,XAUUSD-STDc,market,0,0,2026.06.29 18:35:17,filled,copy #942067427,Sheet15,2026.06.30 23:59
2026.06.29 18:35:17,524316472,buy,0.02 / 0.02,XAUUSD-STDc,market,0,0,2026.06.29 18:35:17,filled,copy #942067452,Sheet15,2026.06.30 23:59
2026.06.29 18:38:06,524333595,buy,0.02 / 0.02,XAUUSD-STDc,market,0,0,2026.06.29 18:38:07,filled,copy #942079194,Sheet15,2026.06.30 23:59
2026.06.29 18:39:15,524340692,sell,0.02 / 0.02,XAUUSD-STDc,market,0,0,2026.06.29 18:39:16,filled,copy #942084116,Sheet15,2026.06.30 23:59
2026.06.29 18:47:47,524366646,sell,0.02 / 0.02,XAUUSD-STDc,market,0,0,2026.06.29 18:47:48,filled,copy #942102109,Sheet15,2026.06.30 23:59
2026.06.29 18:49:13,524372938,sell,0.02 / 0.02,XAUUSD-STDc,market,0,0,2026.06.29 18:49:13,filled,copy #942108109,Sheet15,2026.06.30 23:59
2026.06.29 18:53:37,524383917,sell,0.03 / 0.03,XAUUSD-STDc,market,0,0,2026.06.29 18:53:37,filled,copy #942118240,Sheet15,2026.06.30 23:59
2026.06.29 19:00:58,524399149,buy,0.02 / 0.02,XAUUSD-STDc,market,0,0,2026.06.29 19:00:59,filled,copy #942134094,Sheet15,2026.06.30 23:59
2026.06.29 19:05:59,524409653,buy,0.02 / 0.02,XAUUSD-STDc,market,0,0,2026.06.29 19:05:59,filled,copy #942144166,Sheet15,2026.06.30 23:59
2026.06.29 19:05:59,524409936,buy,0.02 / 0.02,XAUUSD-STDc,market,0,0,2026.06.29 19:06:00,filled,copy #942144206,Sheet15,2026.06.30 23:59
2026.06.29 19:05:59,524409756,buy,0.03 / 0.03,XAUUSD-STDc,market,0,0,2026.06.29 19:06:00,filled,copy #942144179,Sheet15,2026.06.30 23:59
2026.06.29 19:15:25,524427516,buy,0.02 / 0.02,XAUUSD-STDc,market,0,0,2026.06.29 19:15:25,filled,copy #942160759,Sheet15,2026.06.30 23:59
2026.06.29 19:16:08,524437082,buy,0.03 / 0.03,XAUUSD-STDc,market,0,0,2026.06.29 19:16:08,filled,copy #942165690,Sheet15,2026.06.30 23:59
2026.06.29 19:33:09,524469067,buy,0.04 / 0.04,XAUUSD-STDc,market,0,0,2026.06.29 19:33:09,filled,copy #942192767,Sheet15,2026.06.30 23:59
2026.06.29 19:48:37,524489567,sell,0.02 / 0.02,XAUUSD-STDc,market,0,0,2026.06.29 19:48:38,filled,copy #942215421,Sheet15,2026.06.30 23:59
2026.06.29 19:49:41,524493106,sell,0.04 / 0.04,XAUUSD-STDc,market,0,0,2026.06.29 19:49:41,filled,copy #942216839,Sheet15,2026.06.30 23:59
2026.06.29 19:49:41,524493626,sell,0.02 / 0.02,XAUUSD-STDc,market,0,0,2026.06.29 19:49:42,filled,copy #942216922,Sheet15,2026.06.30 23:59
2026.06.29 19:49:41,524493858,sell,0.02 / 0.02,XAUUSD-STDc,market,0,0,2026.06.29 19:49:42,filled,copy #942216976,Sheet15,2026.06.30 23:59
2026.06.29 19:49:41,524493350,sell,0.03 / 0.03,XAUUSD-STDc,market,0,0,2026.06.29 19:49:42,filled,copy #942216906,Sheet15,2026.06.30 23:59
2026.06.29 19:50:51,524506538,sell,0.02 / 0.02,XAUUSD-STDc,market,0,0,2026.06.29 19:50:51,filled,copy #942225597,Sheet15,2026.06.30 23:59
2026.06.29 20:00:30,524517302,buy,0.02 / 0.02,XAUUSD-STDc,market,0,0,2026.06.29 20:00:30,filled,copy #942238364,Sheet15,2026.06.30 23:59
2026.06.29 20:05:19,524523951,sell,0.02 / 0.02,XAUUSD-STDc,market,0,0,2026.06.29 20:05:19,filled,copy #942244154,Sheet15,2026.06.30 23:59
2026.06.29 20:08:39,524541012,sell,0.03 / 0.03,XAUUSD-STDc,market,0,0,2026.06.29 20:08:39,filled,copy #942255996,Sheet15,2026.06.30 23:59
2026.06.29 20:24:31,524568455,buy,0.02 / 0.02,XAUUSD-STDc,market,0,0,2026.06.29 20:24:31,filled,copy #942282171,Sheet15,2026.06.30 23:59
2026.06.29 20:26:01,524580831,buy,0.02 / 0.02,XAUUSD-STDc,market,0,0,2026.06.29 20:26:02,filled,copy #942288234,Sheet15,2026.06.30 23:59
2026.06.29 20:26:02,524581088,buy,0.02 / 0.02,XAUUSD-STDc,market,0,0,2026.06.29 20:26:02,filled,copy #942288341,Sheet15,2026.06.30 23:59
2026.06.29 20:26:02,524581267,buy,0.03 / 0.03,XAUUSD-STDc,market,0,0,2026.06.29 20:26:02,filled,copy #942288351,Sheet15,2026.06.30 23:59
2026.06.29 20:26:31,524587136,buy,0.02 / 0.02,XAUUSD-STDc,market,0,0,2026.06.29 20:26:31,filled,copy #942292153,Sheet15,2026.06.30 23:59
2026.06.29 20:32:31,524609657,buy,0.03 / 0.03,XAUUSD-STDc,market,0,0,2026.06.29 20:32:31,filled,copy #942310607,Sheet15,2026.06.30 23:59
2026.06.29 20:59:03,524635601,buy,0.04 / 0.04,XAUUSD-STDc,market,0,0,2026.06.29 20:59:03,filled,copy #942343570,Sheet15,2026.06.30 23:59
2026.06.29 21:13:20,524645481,sell,0.02 / 0.02,XAUUSD-STDc,market,0,0,2026.06.29 21:13:20,filled,copy #942356010,Sheet15,2026.06.30 23:59
2026.06.29 21:13:20,524645651,sell,0.02 / 0.02,XAUUSD-STDc,market,0,0,2026.06.29 21:13:20,filled,copy #942356011,Sheet15,2026.06.30 23:59
2026.06.29 21:13:20,524645824,sell,0.03 / 0.03,XAUUSD-STDc,market,0,0,2026.06.29 21:13:20,filled,copy #942356012,Sheet15,2026.06.30 23:59
2026.06.29 21:13:20,524645998,sell,0.04 / 0.04,XAUUSD-STDc,market,0,0,2026.06.29 21:13:20,filled,copy #942356014,Sheet15,2026.06.30 23:59
2026.06.30 09:30:46,528655602,sell,0.14 / 0.14,XAUUSD-STDc,market,0,0,2026.06.30 09:30:46,filled,copy #944419909,Sheet15,2026.06.30 23:59
2026.06.30 09:30:46,528655651,sell,0.09 / 0.09,XAUUSD-STDc,market,0,0,2026.06.30 09:30:46,filled,copy #944419929,Sheet15,2026.06.30 23:59
2026.06.30 09:30:46,528655326,sell,0.11 / 0.11,XAUUSD-STDc,market,0,0,2026.06.30 09:30:46,filled,copy #944419908,Sheet15,2026.06.30 23:59
2026.06.30 09:30:46,528657813,sell,0.06 / 0.06,XAUUSD-STDc,market,0,0,2026.06.30 09:30:47,filled,copy #944420325,Sheet15,2026.06.30 23:59
2026.06.30 09:31:11,528679419,sell,0.05 / 0.05,XAUUSD-STDc,market,0,0,2026.06.30 09:31:11,filled,copy #944427961,Sheet15,2026.06.30 23:59
2026.06.30 09:31:19,528686974,sell,0.04 / 0.04,XAUUSD-STDc,market,0,0,2026.06.30 09:31:19,filled,copy #944431912,Sheet15,2026.06.30 23:59
2026.06.30 09:31:25,528689797,sell,0.03 / 0.03,XAUUSD-STDc,market,0,0,2026.06.30 09:31:26,filled,copy #944434285,Sheet15,2026.06.30 23:59
2026.06.30 09:31:25,528690111,sell,0.02 / 0.02,XAUUSD-STDc,market,0,0,2026.06.30 09:31:26,filled,copy #944434394,Sheet15,2026.06.30 23:59
2026.06.30 09:31:26,528690528,sell,0.02 / 0.02,XAUUSD-STDc,market,0,0,2026.06.30 09:31:26,filled,copy #944434473,Sheet15,2026.06.30 23:59
2026.06.30 09:31:26,528690899,sell,0.03 / 0.03,XAUUSD-STDc,market,0,0,2026.06.30 09:31:27,filled,copy #944434587,Sheet15,2026.06.30 23:59
2026.06.30 09:31:27,528691239,sell,0.02 / 0.02,XAUUSD-STDc,market,0,0,2026.06.30 09:31:28,filled,copy #944434757,Sheet15,2026.06.30 23:59
2026.06.30 09:31:40,528695954,sell,0.18 / 0.18,XAUUSD-STDc,market,0,0,2026.06.30 09:31:41,filled,copy #944436094,Sheet15,2026.06.30 23:59
2026.06.30 09:31:51,528698887,sell,0.24 / 0.24,XAUUSD-STDc,market,0,0,2026.06.30 09:31:51,filled,copy #944437093,Sheet15,2026.06.30 23:59
2026.06.30 09:33:24,528749495,sell,0.31 / 0.31,XAUUSD-STDc,market,0,0,2026.06.30 09:33:24,filled,copy #944466758,Sheet15,2026.06.30 23:59
2026.06.30 09:35:09,528808711,sell,0.41 / 0.41,XAUUSD-STDc,market,0,0,2026.06.30 09:35:09,filled,copy #944488304,Sheet15,2026.06.30 23:59
2026.06.30 09:35:59,528835703,buy,0.02 / 0.02,XAUUSD-STDc,market,0,0,2026.06.30 09:36:00,filled,copy #944499178,Sheet15,2026.06.30 23:59
2026.06.30 09:36:00,528836095,sell,0.54 / 0.54,XAUUSD-STDc,market,0,0,2026.06.30 09:36:00,filled,copy #944499293,Sheet15,2026.06.30 23:59
2026.06.30 09:37:46,528854214,buy,0.02 / 0.02,XAUUSD-STDc,market,0,0,2026.06.30 09:37:46,filled,copy #944512808,Sheet15,2026.06.30 23:59
2026.06.30 09:39:34,528863697,buy,0.02 / 0.02,XAUUSD-STDc,market,0,0,2026.06.30 09:39:35,filled,copy #944520644,Sheet15,2026.06.30 23:59
2026.06.30 09:40:09,528864352,buy,0.02 / 0.02,XAUUSD-STDc,market,0,0,2026.06.30 09:40:10,filled,copy #944522634,Sheet15,2026.06.30 23:59
2026.06.30 09:40:10,528864532,buy,0.02 / 0.02,XAUUSD-STDc,market,0,0,2026.06.30 09:40:10,filled,copy #944522666,Sheet15,2026.06.30 23:59
2026.06.30 09:40:10,528864705,buy,0.02 / 0.02,XAUUSD-STDc,market,0,0,2026.06.30 09:40:11,filled,copy #944522707,Sheet15,2026.06.30 23:59
2026.06.30 09:40:11,528864877,buy,0.18 / 0.18,XAUUSD-STDc,market,0,0,2026.06.30 09:40:11,filled,copy #944522738,Sheet15,2026.06.30 23:59
2026.06.30 09:40:12,528865052,buy,0.24 / 0.24,XAUUSD-STDc,market,0,0,2026.06.30 09:40:12,filled,copy #944522798,Sheet15,2026.06.30 23:59
2026.06.30 09:40:13,528865229,buy,0.31 / 0.31,XAUUSD-STDc,market,0,0,2026.06.30 09:40:13,filled,copy #944522864,Sheet15,2026.06.30 23:59
2026.06.30 09:40:13,528865402,buy,0.41 / 0.41,XAUUSD-STDc,market,0,0,2026.06.30 09:40:13,filled,copy #944522944,Sheet15,2026.06.30 23:59
2026.06.30 09:40:14,528865570,sell,0.02 / 0.02,XAUUSD-STDc,market,0,0,2026.06.30 09:40:14,filled,copy #944523013,Sheet15,2026.06.30 23:59
2026.06.30 09:40:14,528865743,buy,0.54 / 0.54,XAUUSD-STDc,market,0,0,2026.06.30 09:40:15,filled,copy #944523085,Sheet15,2026.06.30 23:59
2026.06.30 09:40:15,528865907,sell,0.02 / 0.02,XAUUSD-STDc,market,0,0,2026.06.30 09:40:15,filled,copy #944523151,Sheet15,2026.06.30 23:59
2026.06.30 09:40:15,528866091,sell,0.02 / 0.02,XAUUSD-STDc,market,0,0,2026.06.30 09:40:16,filled,copy #944523202,Sheet15,2026.06.30 23:59
2026.06.30 09:41:30,528871266,buy,0.11 / 0.11,XAUUSD-STDc,market,0,0,2026.06.30 09:41:30,filled,copy #944529817,Sheet15,2026.06.30 23:59
2026.06.30 09:41:31,528871447,buy,0.14 / 0.14,XAUUSD-STDc,market,0,0,2026.06.30 09:41:31,filled,copy #944529844,Sheet15,2026.06.30 23:59
2026.06.30 09:41:31,528871622,buy,0.09 / 0.09,XAUUSD-STDc,market,0,0,2026.06.30 09:41:31,filled,copy #944529855,Sheet15,2026.06.30 23:59
2026.06.30 09:41:32,528871788,buy,0.06 / 0.06,XAUUSD-STDc,market,0,0,2026.06.30 09:41:32,filled,copy #944529914,Sheet15,2026.06.30 23:59
2026.06.30 09:41:32,528871966,buy,0.05 / 0.05,XAUUSD-STDc,market,0,0,2026.06.30 09:41:33,filled,copy #944529985,Sheet15,2026.06.30 23:59
2026.06.30 09:41:33,528872146,buy,0.04 / 0.04,XAUUSD-STDc,market,0,0,2026.06.30 09:41:33,filled,copy #944530058,Sheet15,2026.06.30 23:59
2026.06.30 09:41:33,528872310,buy,0.03 / 0.03,XAUUSD-STDc,market,0,0,2026.06.30 09:41:34,filled,copy #944530181,Sheet15,2026.06.30 23:59
2026.06.30 09:41:34,528872521,buy,0.03 / 0.03,XAUUSD-STDc,market,0,0,2026.06.30 09:41:34,filled,copy #944530245,Sheet15,2026.06.30 23:59
2026.06.30 10:00:07,528979048,buy,0.02 / 0.02,XAUUSD-STDc,market,0,0,2026.06.30 10:00:07,filled,copy #944598481,Sheet15,2026.06.30 23:59
2026.06.30 10:00:09,528979319,sell,0.02 / 0.02,XAUUSD-STDc,market,0,0,2026.06.30 10:00:09,filled,copy #944599000,Sheet15,2026.06.30 23:59
2026.06.30 10:03:23,528989526,buy,0.02 / 0.02,XAUUSD-STDc,market,0,0,2026.06.30 10:03:24,filled,copy #944609565,Sheet15,2026.06.30 23:59
2026.06.30 10:03:25,528989743,buy,0.02 / 0.02,XAUUSD-STDc,market,0,0,2026.06.30 10:03:26,filled,copy #944609687,Sheet15,2026.06.30 23:59
2026.06.30 10:03:25,528989920,sell,0.54 / 0.54,XAUUSD-STDc,market,0,0,2026.06.30 10:03:26,filled,copy #944609691,Sheet15,2026.06.30 23:59
2026.06.30 10:03:27,528990115,sell,0.41 / 0.41,XAUUSD-STDc,market,0,0,2026.06.30 10:03:27,filled,copy #944609754,Sheet15,2026.06.30 23:59
2026.06.30 10:03:27,528990282,sell,0.31 / 0.31,XAUUSD-STDc,market,0,0,2026.06.30 10:03:27,filled,copy #944609756,Sheet15,2026.06.30 23:59
2026.06.30 10:03:32,528990521,sell,0.24 / 0.24,XAUUSD-STDc,market,0,0,2026.06.30 10:03:33,filled,copy #944610036,Sheet15,2026.06.30 23:59
2026.06.30 10:03:34,528990701,sell,0.18 / 0.18,XAUUSD-STDc,market,0,0,2026.06.30 10:03:34,filled,copy #944610075,Sheet15,2026.06.30 23:59
2026.06.30 10:03:36,528990940,sell,0.02 / 0.02,XAUUSD-STDc,market,0,0,2026.06.30 10:03:37,filled,copy #944610232,Sheet15,2026.06.30 23:59
2026.06.30 10:03:43,528991465,sell,0.02 / 0.02,XAUUSD-STDc,market,0,0,2026.06.30 10:03:44,filled,copy #944610809,Sheet15,2026.06.30 23:59
2026.06.30 10:03:44,528991633,sell,0.06 / 0.06,XAUUSD-STDc,market,0,0,2026.06.30 10:03:44,filled,copy #944610840,Sheet15,2026.06.30 23:59
2026.06.30 10:03:44,528992145,sell,0.02 / 0.02,XAUUSD-STDc,market,0,0,2026.06.30 10:03:44,filled,copy #944610844,Sheet15,2026.06.30 23:59
2026.06.30 10:03:44,528991967,sell,0.03 / 0.03,XAUUSD-STDc,market,0,0,2026.06.30 10:03:44,filled,copy #944610843,Sheet15,2026.06.30 23:59
2026.06.30 10:03:44,528991897,sell,0.02 / 0.02,XAUUSD-STDc,market,0,0,2026.06.30 10:03:44,filled,copy #944610849,Sheet15,2026.06.30 23:59
2026.06.30 10:03:44,528992480,sell,0.04 / 0.04,XAUUSD-STDc,market,0,0,2026.06.30 10:03:45,filled,copy #944610846,Sheet15,2026.06.30 23:59
2026.06.30 10:03:44,528992311,sell,0.02 / 0.02,XAUUSD-STDc,market,0,0,2026.06.30 10:03:45,filled,copy #944610845,Sheet15,2026.06.30 23:59
2026.06.30 10:03:46,528993003,sell,0.09 / 0.09,XAUUSD-STDc,market,0,0,2026.06.30 10:03:46,filled,copy #944611064,Sheet15,2026.06.30 23:59
2026.06.30 10:03:46,528992668,sell,0.05 / 0.05,XAUUSD-STDc,market,0,0,2026.06.30 10:03:46,filled,copy #944611058,Sheet15,2026.06.30 23:59
2026.06.30 10:03:46,528992836,sell,0.11 / 0.11,XAUUSD-STDc,market,0,0,2026.06.30 10:03:46,filled,copy #944611063,Sheet15,2026.06.30 23:59
2026.06.30 10:03:46,528993341,sell,0.14 / 0.14,XAUUSD-STDc,market,0,0,2026.06.30 10:03:46,filled,copy #944611081,Sheet15,2026.06.30 23:59
2026.06.30 10:03:46,528993174,buy,0.24 / 0.24,XAUUSD-STDc,market,0,0,2026.06.30 10:03:46,filled,copy #944611080,Sheet15,2026.06.30 23:59
2026.06.30 10:04:58,528993991,buy,0.02 / 0.02,XAUUSD-STDc,market,0,0,2026.06.30 10:04:59,filled,copy #944612941,Sheet15,2026.06.30 23:59
2026.06.30 10:04:59,528994164,buy,0.02 / 0.02,XAUUSD-STDc,market,0,0,2026.06.30 10:04:59,filled,copy #944612958,Sheet15,2026.06.30 23:59
2026.06.30 10:04:59,528994330,sell,0.24 / 0.24,XAUUSD-STDc,market,0,0,2026.06.30 10:04:59,filled,copy #944612963,Sheet15,2026.06.30 23:59
2026.06.30 10:05:05,528994638,sell,0.02 / 0.02,XAUUSD-STDc,market,0,0,2026.06.30 10:05:05,filled,copy #944613585,Sheet15,2026.06.30 23:59
2026.06.30 10:05:07,528994806,sell,0.02 / 0.02,XAUUSD-STDc,market,0,0,2026.06.30 10:05:07,filled,copy #944613681,Sheet15,2026.06.30 23:59
2026.06.30 10:07:17,529008415,buy,0.02 / 0.02,XAUUSD-STDc,market,0,0,2026.06.30 10:07:17,filled,copy #944621806,Sheet15,2026.06.30 23:59
2026.06.30 10:12:53,529017680,sell,0.02 / 0.02,XAUUSD-STDc,market,0,0,2026.06.30 10:12:54,filled,copy #944631372,Sheet15,2026.06.30 23:59
2026.06.30 10:12:54,529017847,buy,0.24 / 0.24,XAUUSD-STDc,market,0,0,2026.06.30 10:12:54,filled,copy #944631390,Sheet15,2026.06.30 23:59
2026.06.30 10:12:54,529018074,buy,0.02 / 0.02,XAUUSD-STDc,market,0,0,2026.06.30 10:12:55,filled,copy #944631468,Sheet15,2026.06.30 23:59
2026.06.30 10:12:55,529018411,buy,0.02 / 0.02,XAUUSD-STDc,market,0,0,2026.06.30 10:12:55,filled,copy #944631479,Sheet15,2026.06.30 23:59
2026.06.30 10:12:54,529018240,buy,0.02 / 0.02,XAUUSD-STDc,market,0,0,2026.06.30 10:12:55,filled,copy #944631472,Sheet15,2026.06.30 23:59
2026.06.30 10:12:55,529018613,buy,0.03 / 0.03,XAUUSD-STDc,market,0,0,2026.06.30 10:12:56,filled,copy #944631566,Sheet15,2026.06.30 23:59
2026.06.30 10:12:55,529018781,buy,0.04 / 0.04,XAUUSD-STDc,market,0,0,2026.06.30 10:12:56,filled,copy #944631619,Sheet15,2026.06.30 23:59
2026.06.30 10:12:56,529018951,buy,0.05 / 0.05,XAUUSD-STDc,market,0,0,2026.06.30 10:12:56,filled,copy #944631643,Sheet15,2026.06.30 23:59
2026.06.30 10:12:56,529019134,buy,0.09 / 0.09,XAUUSD-STDc,market,0,0,2026.06.30 10:12:56,filled,copy #944631715,Sheet15,2026.06.30 23:59
2026.06.30 10:12:56,529019306,buy,0.06 / 0.06,XAUUSD-STDc,market,0,0,2026.06.30 10:12:57,filled,copy #944631729,Sheet15,2026.06.30 23:59
2026.06.30 10:12:56,529019470,buy,0.11 / 0.11,XAUUSD-STDc,market,0,0,2026.06.30 10:12:57,filled,copy #944631748,Sheet15,2026.06.30 23:59
2026.06.30 10:12:57,529019656,buy,0.14 / 0.14,XAUUSD-STDc,market,0,0,2026.06.30 10:12:57,filled,copy #944631855,Sheet15,2026.06.30 23:59
2026.06.30 10:12:57,529019825,buy,0.18 / 0.18,XAUUSD-STDc,market,0,0,2026.06.30 10:12:57,filled,copy #944631861,Sheet15,2026.06.30 23:59
2026.06.30 10:12:57,529020003,buy,0.31 / 0.31,XAUUSD-STDc,market,0,0,2026.06.30 10:12:58,filled,copy #944631884,Sheet15,2026.06.30 23:59
2026.06.30 10:12:58,529020172,buy,0.54 / 0.54,XAUUSD-STDc,market,0,0,2026.06.30 10:12:58,filled,copy #944631905,Sheet15,2026.06.30 23:59
2026.06.30 10:12:58,529020339,buy,0.41 / 0.41,XAUUSD-STDc,market,0,0,2026.06.30 10:12:58,filled,copy #944631968,Sheet15,2026.06.30 23:59
2026.06.30 10:21:34,529054492,sell,0.41 / 0.41,XAUUSD-STDc,market,0,0,2026.06.30 10:21:35,filled,copy #944656232,Sheet15,2026.06.30 23:59
2026.06.30 10:21:35,529054704,sell,0.54 / 0.54,XAUUSD-STDc,market,0,0,2026.06.30 10:21:35,filled,copy #944656251,Sheet15,2026.06.30 23:59
2026.06.30 10:21:41,529055116,sell,0.31 / 0.31,XAUUSD-STDc,market,0,0,2026.06.30 10:21:41,filled,copy #944656564,Sheet15,2026.06.30 23:59
2026.06.30 10:21:41,529055288,sell,0.24 / 0.24,XAUUSD-STDc,market,0,0,2026.06.30 10:21:41,filled,copy #944656569,Sheet15,2026.06.30 23:59
2026.06.30 10:21:41,529055455,sell,0.02 / 0.02,XAUUSD-STDc,market,0,0,2026.06.30 10:21:42,filled,copy #944656580,Sheet15,2026.06.30 23:59
2026.06.30 10:21:41,529055623,sell,0.11 / 0.11,XAUUSD-STDc,market,0,0,2026.06.30 10:21:42,filled,copy #944656600,Sheet15,2026.06.30 23:59
2026.06.30 10:21:41,529055794,sell,0.09 / 0.09,XAUUSD-STDc,market,0,0,2026.06.30 10:21:42,filled,copy #944656626,Sheet15,2026.06.30 23:59
2026.06.30 10:21:42,529055963,sell,0.02 / 0.02,XAUUSD-STDc,market,0,0,2026.06.30 10:21:42,filled,copy #944656632,Sheet15,2026.06.30 23:59
2026.06.30 10:21:42,529056133,sell,0.02 / 0.02,XAUUSD-STDc,market,0,0,2026.06.30 10:21:42,filled,copy #944656642,Sheet15,2026.06.30 23:59
2026.06.30 10:21:42,529056302,sell,0.14 / 0.14,XAUUSD-STDc,market,0,0,2026.06.30 10:21:42,filled,copy #944656646,Sheet15,2026.06.30 23:59
2026.06.30 10:21:42,529056478,sell,0.18 / 0.18,XAUUSD-STDc,market,0,0,2026.06.30 10:21:43,filled,copy #944656657,Sheet15,2026.06.30 23:59
2026.06.30 10:21:44,529056659,sell,0.06 / 0.06,XAUUSD-STDc,market,0,0,2026.06.30 10:21:45,filled,copy #944656994,Sheet15,2026.06.30 23:59
2026.06.30 10:21:45,529056832,sell,0.03 / 0.03,XAUUSD-STDc,market,0,0,2026.06.30 10:21:45,filled,copy #944657002,Sheet15,2026.06.30 23:59
2026.06.30 10:21:45,529056998,sell,0.05 / 0.05,XAUUSD-STDc,market,0,0,2026.06.30 10:21:45,filled,copy #944657003,Sheet15,2026.06.30 23:59
2026.06.30 10:21:45,529057169,sell,0.04 / 0.04,XAUUSD-STDc,market,0,0,2026.06.30 10:21:45,filled,copy #944657017,Sheet15,2026.06.30 23:59
2026.06.30 10:22:41,529059968,buy,0.02 / 0.02,XAUUSD-STDc,market,0,0,2026.06.30 10:22:41,filled,copy #944659656,Sheet15,2026.06.30 23:59
2026.06.30 10:22:41,529060134,buy,0.02 / 0.02,XAUUSD-STDc,market,0,0,2026.06.30 10:22:41,filled,copy #944659657,Sheet15,2026.06.30 23:59
2026.06.30 10:22:41,529060308,buy,0.02 / 0.02,XAUUSD-STDc,market,0,0,2026.06.30 10:22:41,filled,copy #944659686,Sheet15,2026.06.30 23:59
2026.06.30 10:22:42,529060482,buy,0.03 / 0.03,XAUUSD-STDc,market,0,0,2026.06.30 10:22:42,filled,copy #944659716,Sheet15,2026.06.30 23:59
2026.06.30 10:22:42,529060830,buy,0.05 / 0.05,XAUUSD-STDc,market,0,0,2026.06.30 10:22:42,filled,copy #944659737,Sheet15,2026.06.30 23:59
2026.06.30 10:22:42,529060654,buy,0.04 / 0.04,XAUUSD-STDc,market,0,0,2026.06.30 10:22:42,filled,copy #944659735,Sheet15,2026.06.30 23:59
2026.06.30 10:22:42,529060994,buy,0.06 / 0.06,XAUUSD-STDc,market,0,0,2026.06.30 10:22:43,filled,copy #944659753,Sheet15,2026.06.30 23:59
2026.06.30 10:22:43,529061177,buy,0.09 / 0.09,XAUUSD-STDc,market,0,0,2026.06.30 10:22:43,filled,copy #944659859,Sheet15,2026.06.30 23:59
2026.06.30 10:22:43,529061355,buy,0.11 / 0.11,XAUUSD-STDc,market,0,0,2026.06.30 10:22:43,filled,copy #944659900,Sheet15,2026.06.30 23:59
2026.06.30 10:22:43,529061519,buy,0.14 / 0.14,XAUUSD-STDc,market,0,0,2026.06.30 10:22:44,filled,copy #944659918,Sheet15,2026.06.30 23:59
2026.06.30 10:22:43,529061692,buy,0.18 / 0.18,XAUUSD-STDc,market,0,0,2026.06.30 10:22:44,filled,copy #944659921,Sheet15,2026.06.30 23:59
2026.06.30 10:22:43,529061859,buy,0.24 / 0.24,XAUUSD-STDc,market,0,0,2026.06.30 10:22:44,filled,copy #944659982,Sheet15,2026.06.30 23:59
2026.06.30 10:22:44,529062029,buy,0.31 / 0.31,XAUUSD-STDc,market,0,0,2026.06.30 10:22:44,filled,copy #944660039,Sheet15,2026.06.30 23:59
2026.06.30 10:22:44,529062196,buy,0.41 / 0.41,XAUUSD-STDc,market,0,0,2026.06.30 10:22:45,filled,copy #944660049,Sheet15,2026.06.30 23:59
2026.06.30 10:22:45,529062370,buy,0.54 / 0.54,XAUUSD-STDc,market,0,0,2026.06.30 10:22:45,filled,copy #944660132,Sheet15,2026.06.30 23:59
2026.06.30 10:40:33,529130848,sell,0.54 / 0.54,XAUUSD-STDc,market,0,0,2026.06.30 10:40:34,filled,copy #944713779,Sheet15,2026.06.30 23:59
2026.06.30 10:40:34,529131057,sell,0.41 / 0.41,XAUUSD-STDc,market,0,0,2026.06.30 10:40:34,filled,copy #944713798,Sheet15,2026.06.30 23:59
2026.06.30 10:40:34,529131229,sell,0.31 / 0.31,XAUUSD-STDc,market,0,0,2026.06.30 10:40:35,filled,copy #944713809,Sheet15,2026.06.30 23:59
2026.06.30 10:40:35,529131398,sell,0.24 / 0.24,XAUUSD-STDc,market,0,0,2026.06.30 10:40:35,filled,copy #944713825,Sheet15,2026.06.30 23:59
2026.06.30 10:40:35,529131572,sell,0.18 / 0.18,XAUUSD-STDc,market,0,0,2026.06.30 10:40:36,filled,copy #944713849,Sheet15,2026.06.30 23:59
2026.06.30 10:40:36,529131750,sell,0.09 / 0.09,XAUUSD-STDc,market,0,0,2026.06.30 10:40:36,filled,copy #944713926,Sheet15,2026.06.30 23:59
2026.06.30 10:40:36,529131921,sell,0.11 / 0.11,XAUUSD-STDc,market,0,0,2026.06.30 10:40:36,filled,copy #944713929,Sheet15,2026.06.30 23:59
2026.06.30 10:40:36,529132088,sell,0.14 / 0.14,XAUUSD-STDc,market,0,0,2026.06.30 10:40:36,filled,copy #944713930,Sheet15,2026.06.30 23:59
2026.06.30 10:40:43,529132278,sell,0.03 / 0.03,XAUUSD-STDc,market,0,0,2026.06.30 10:40:43,filled,copy #944714310,Sheet15,2026.06.30 23:59
2026.06.30 10:40:43,529132449,sell,0.04 / 0.04,XAUUSD-STDc,market,0,0,2026.06.30 10:40:43,filled,copy #944714311,Sheet15,2026.06.30 23:59
2026.06.30 10:40:43,529132633,sell,0.05 / 0.05,XAUUSD-STDc,market,0,0,2026.06.30 10:40:44,filled,copy #944714334,Sheet15,2026.06.30 23:59
2026.06.30 10:40:43,529132807,sell,0.06 / 0.06,XAUUSD-STDc,market,0,0,2026.06.30 10:40:44,filled,copy #944714345,Sheet15,2026.06.30 23:59
2026.06.30 10:40:49,529132982,sell,0.02 / 0.02,XAUUSD-STDc,market,0,0,2026.06.30 10:40:49,filled,copy #944714574,Sheet15,2026.06.30 23:59
2026.06.30 10:40:50,529133158,sell,0.02 / 0.02,XAUUSD-STDc,market,0,0,2026.06.30 10:40:50,filled,copy #944714596,Sheet15,2026.06.30 23:59
2026.06.30 10:40:50,529133323,sell,0.02 / 0.02,XAUUSD-STDc,market,0,0,2026.06.30 10:40:51,filled,copy #944714648,Sheet15,2026.06.30 23:59
2026.06.30 10:50:32,529143581,buy,0.02 / 0.02,XAUUSD-STDc,market,0,0,2026.06.30 10:50:32,filled,copy #944727731,Sheet15,2026.06.30 23:59
2026.06.30 10:50:32,529143764,buy,0.02 / 0.02,XAUUSD-STDc,market,0,0,2026.06.30 10:50:32,filled,copy #944727737,Sheet15,2026.06.30 23:59
2026.06.30 10:50:32,529144021,buy,0.02 / 0.02,XAUUSD-STDc,market,0,0,2026.06.30 10:50:33,filled,copy #944727877,Sheet15,2026.06.30 23:59
2026.06.30 10:50:33,529144201,buy,0.04 / 0.04,XAUUSD-STDc,market,0,0,2026.06.30 10:50:33,filled,copy #944727895,Sheet15,2026.06.30 23:59
2026.06.30 10:50:33,529144381,buy,0.03 / 0.03,XAUUSD-STDc,market,0,0,2026.06.30 10:50:33,filled,copy #944727958,Sheet15,2026.06.30 23:59
2026.06.30 10:50:33,529144556,buy,0.05 / 0.05,XAUUSD-STDc,market,0,0,2026.06.30 10:50:33,filled,copy #944728061,Sheet15,2026.06.30 23:59
2026.06.30 10:50:33,529144731,buy,0.06 / 0.06,XAUUSD-STDc,market,0,0,2026.06.30 10:50:34,filled,copy #944728107,Sheet15,2026.06.30 23:59
2026.06.30 10:50:33,529144910,buy,0.09 / 0.09,XAUUSD-STDc,market,0,0,2026.06.30 10:50:34,filled,copy #944728219,Sheet15,2026.06.30 23:59
2026.06.30 10:50:34,529145098,buy,0.11 / 0.11,XAUUSD-STDc,market,0,0,2026.06.30 10:50:34,filled,copy #944728297,Sheet15,2026.06.30 23:59
2026.06.30 10:50:34,529145459,buy,0.14 / 0.14,XAUUSD-STDc,market,0,0,2026.06.30 10:50:34,filled,copy #944728353,Sheet15,2026.06.30 23:59
2026.06.30 10:50:35,529146044,buy,0.18 / 0.18,XAUUSD-STDc,market,0,0,2026.06.30 10:50:35,filled,copy #944728467,Sheet15,2026.06.30 23:59
2026.06.30 10:50:35,529146334,buy,0.24 / 0.24,XAUUSD-STDc,market,0,0,2026.06.30 10:50:35,filled,copy #944728538,Sheet15,2026.06.30 23:59
2026.06.30 10:50:35,529146599,buy,0.41 / 0.41,XAUUSD-STDc,market,0,0,2026.06.30 10:50:35,filled,copy #944728744,Sheet15,2026.06.30 23:59
2026.06.30 10:50:35,529146806,buy,0.31 / 0.31,XAUUSD-STDc,market,0,0,2026.06.30 10:50:36,filled,copy #944728820,Sheet15,2026.06.30 23:59
2026.06.30 10:50:36,529147014,buy,0.54 / 0.54,XAUUSD-STDc,market,0,0,2026.06.30 10:50:36,filled,copy #944728979,Sheet15,2026.06.30 23:59
2026.06.29 12:23:35,522406683,buy,0.02 / 0.02,XAUUSD-STDc,market,0,0,2026.06.29 12:23:35,filled,copy #940513292,Sheet16,2026.06.29 23:59
2026.06.29 12:26:28,522426135,buy,0.02 / 0.02,XAUUSD-STDc,market,0,0,2026.06.29 12:26:29,filled,copy #940525016,Sheet16,2026.06.29 23:59
2026.06.29 12:30:27,522452378,sell,0.02 / 0.02,XAUUSD-STDc,market,0,0,2026.06.29 12:30:27,filled,copy #940541725,Sheet16,2026.06.29 23:59
2026.06.29 12:30:27,522452861,sell,0.02 / 0.02,XAUUSD-STDc,market,0,0,2026.06.29 12:30:28,filled,copy #940541937,Sheet16,2026.06.29 23:59
2026.06.29 12:37:54,522517864,buy,0.02 / 0.02,XAUUSD-STDc,market,0,0,2026.06.29 12:37:55,filled,copy #940580469,Sheet16,2026.06.29 23:59
2026.06.29 12:40:37,522537142,buy,0.02 / 0.02,XAUUSD-STDc,market,0,0,2026.06.29 12:40:38,filled,copy #940590655,Sheet16,2026.06.29 23:59
2026.06.29 12:48:33,522566376,buy,0.03 / 0.03,XAUUSD-STDc,market,0,0,2026.06.29 12:48:33,filled,copy #940613081,Sheet16,2026.06.29 23:59
2026.06.29 12:50:25,522588627,buy,0.04 / 0.04,XAUUSD-STDc,market,0,0,2026.06.29 12:50:26,filled,copy #940625606,Sheet16,2026.06.29 23:59
2026.06.29 12:51:54,522610867,buy,0.05 / 0.05,XAUUSD-STDc,market,0,0,2026.06.29 12:51:54,filled,copy #940643937,Sheet16,2026.06.29 23:59
2026.06.29 12:57:00,522636878,buy,0.06 / 0.06,XAUUSD-STDc,market,0,0,2026.06.29 12:57:00,filled,copy #940665961,Sheet16,2026.06.29 23:59
2026.06.29 12:57:39,522654708,buy,0.08 / 0.08,XAUUSD-STDc,market,0,0,2026.06.29 12:57:39,filled,copy #940676092,Sheet16,2026.06.29 23:59
2026.06.29 12:57:44,522658566,buy,0.11 / 0.11,XAUUSD-STDc,market,0,0,2026.06.29 12:57:45,filled,copy #940681269,Sheet16,2026.06.29 23:59
2026.06.29 12:59:27,522671974,sell,0.02 / 0.02,XAUUSD-STDc,market,0,0,2026.06.29 12:59:27,filled,copy #940698709,Sheet16,2026.06.29 23:59
2026.06.29 13:00:55,522679260,sell,0.02 / 0.02,XAUUSD-STDc,market,0,0,2026.06.29 13:00:56,filled,copy #940707753,Sheet16,2026.06.29 23:59
2026.06.29 13:03:40,522689522,buy,0.02 / 0.02,XAUUSD-STDc,market,0,0,2026.06.29 13:03:40,filled,copy #940718253,Sheet16,2026.06.29 23:59
2026.06.29 13:03:40,522689474,buy,0.02 / 0.02,XAUUSD-STDc,market,0,0,2026.06.29 13:03:41,filled,copy #940718223,Sheet16,2026.06.29 23:59
2026.06.29 13:10:08,522707084,sell,0.11 / 0.11,XAUUSD-STDc,market,0,0,2026.06.29 13:10:08,filled,copy #940734866,Sheet16,2026.06.29 23:59
2026.06.29 13:10:08,522707259,sell,0.08 / 0.08,XAUUSD-STDc,market,0,0,2026.06.29 13:10:08,filled,copy #940734880,Sheet16,2026.06.29 23:59
2026.06.29 13:10:08,522707581,sell,0.04 / 0.04,XAUUSD-STDc,market,0,0,2026.06.29 13:10:09,filled,copy #940735024,Sheet16,2026.06.29 23:59
2026.06.29 13:10:09,522707948,sell,0.06 / 0.06,XAUUSD-STDc,market,0,0,2026.06.29 13:10:09,filled,copy #940735031,Sheet16,2026.06.29 23:59
2026.06.29 13:10:08,522707756,sell,0.05 / 0.05,XAUUSD-STDc,market,0,0,2026.06.29 13:10:09,filled,copy #940735026,Sheet16,2026.06.29 23:59
2026.06.29 13:10:09,522708189,sell,0.03 / 0.03,XAUUSD-STDc,market,0,0,2026.06.29 13:10:09,filled,copy #940735123,Sheet16,2026.06.29 23:59
2026.06.29 13:10:09,522708441,sell,0.02 / 0.02,XAUUSD-STDc,market,0,0,2026.06.29 13:10:10,filled,copy #940735179,Sheet16,2026.06.29 23:59
2026.06.29 13:10:10,522709900,sell,0.02 / 0.02,XAUUSD-STDc,market,0,0,2026.06.29 13:10:10,filled,copy #940735311,Sheet16,2026.06.29 23:59
2026.06.29 14:23:35,522921367,buy,0.02 / 0.02,XAUUSD-STDc,market,0,0,2026.06.29 14:23:35,filled,copy #940919989,Sheet16,2026.06.29 23:59
2026.06.29 14:27:01,522934487,buy,0.02 / 0.02,XAUUSD-STDc,market,0,0,2026.06.29 14:27:01,filled,copy #940932429,Sheet16,2026.06.29 23:59
2026.06.29 14:30:32,522952046,sell,0.02 / 0.02,XAUUSD-STDc,market,0,0,2026.06.29 14:30:32,filled,copy #940946812,Sheet16,2026.06.29 23:59
2026.06.29 14:30:32,522952221,sell,0.02 / 0.02,XAUUSD-STDc,market,0,0,2026.06.29 14:30:32,filled,copy #940946822,Sheet16,2026.06.29 23:59
2026.06.29 14:31:17,522964746,sell,0.02 / 0.02,XAUUSD-STDc,market,0,0,2026.06.29 14:31:18,filled,copy #940954983,Sheet16,2026.06.29 23:59
2026.06.29 14:31:43,522973311,sell,0.02 / 0.02,XAUUSD-STDc,market,0,0,2026.06.29 14:31:44,filled,copy #940962635,Sheet16,2026.06.29 23:59
2026.06.29 14:33:02,522981133,buy,0.02 / 0.02,XAUUSD-STDc,market,0,0,2026.06.29 14:33:03,filled,copy #940968421,Sheet16,2026.06.29 23:59
2026.06.29 14:33:03,522981438,buy,0.02 / 0.02,XAUUSD-STDc,market,0,0,2026.06.29 14:33:03,filled,copy #940968490,Sheet16,2026.06.29 23:59
2026.06.29 14:34:25,522982741,buy,0.02 / 0.02,XAUUSD-STDc,market,0,0,2026.06.29 14:34:25,filled,copy #940970399,Sheet16,2026.06.29 23:59
2026.06.29 14:45:48,523002334,sell,0.02 / 0.02,XAUUSD-STDc,market,0,0,2026.06.29 14:45:48,filled,copy #940993039,Sheet16,2026.06.29 23:59
2026.06.29 14:48:33,523006500,sell,0.02 / 0.02,XAUUSD-STDc,market,0,0,2026.06.29 14:48:33,filled,copy #940997249,Sheet16,2026.06.29 23:59
2026.06.29 14:57:15,523035942,sell,0.02 / 0.02,XAUUSD-STDc,market,0,0,2026.06.29 14:57:15,filled,copy #941025581,Sheet16,2026.06.29 23:59
2026.06.29 15:03:23,523069779,sell,0.03 / 0.03,XAUUSD-STDc,market,0,0,2026.06.29 15:03:23,filled,copy #941053368,Sheet16,2026.06.29 23:59
2026.06.29 15:04:02,523083519,sell,0.04 / 0.04,XAUUSD-STDc,market,0,0,2026.06.29 15:04:02,filled,copy #941063381,Sheet16,2026.06.29 23:59
2026.06.29 15:10:15,523106601,sell,0.05 / 0.05,XAUUSD-STDc,market,0,0,2026.06.29 15:10:16,filled,copy #941088157,Sheet16,2026.06.29 23:59
2026.06.29 15:11:01,523113204,sell,0.06 / 0.06,XAUUSD-STDc,market,0,0,2026.06.29 15:11:01,filled,copy #941093409,Sheet16,2026.06.29 23:59
2026.06.29 15:13:14,523123374,sell,0.08 / 0.08,XAUUSD-STDc,market,0,0,2026.06.29 15:13:15,filled,copy #941105332,Sheet16,2026.06.29 23:59
2026.06.29 15:16:54,523145028,buy,0.08 / 0.08,XAUUSD-STDc,market,0,0,2026.06.29 15:16:54,filled,copy #941122534,Sheet16,2026.06.29 23:59
2026.06.29 15:16:55,523145556,buy,0.06 / 0.06,XAUUSD-STDc,market,0,0,2026.06.29 15:16:55,filled,copy #941122761,Sheet16,2026.06.29 23:59
2026.06.29 15:16:55,523145749,buy,0.05 / 0.05,XAUUSD-STDc,market,0,0,2026.06.29 15:16:55,filled,copy #941122800,Sheet16,2026.06.29 23:59
2026.06.29 15:16:55,523145909,buy,0.04 / 0.04,XAUUSD-STDc,market,0,0,2026.06.29 15:16:55,filled,copy #941122871,Sheet16,2026.06.29 23:59
2026.06.29 15:16:55,523146169,buy,0.03 / 0.03,XAUUSD-STDc,market,0,0,2026.06.29 15:16:56,filled,copy #941122946,Sheet16,2026.06.29 23:59
2026.06.29 15:16:56,523146495,buy,0.02 / 0.02,XAUUSD-STDc,market,0,0,2026.06.29 15:16:56,filled,copy #941123141,Sheet16,2026.06.29 23:59
2026.06.29 15:16:56,523146813,buy,0.02 / 0.02,XAUUSD-STDc,market,0,0,2026.06.29 15:16:56,filled,copy #941123191,Sheet16,2026.06.29 23:59
2026.06.29 15:22:43,523184771,buy,0.02 / 0.02,XAUUSD-STDc,market,0,0,2026.06.29 15:22:43,filled,copy #941149539,Sheet16,2026.06.29 23:59
2026.06.29 15:24:03,523199928,buy,0.02 / 0.02,XAUUSD-STDc,market,0,0,2026.06.29 15:24:04,filled,copy #941159397,Sheet16,2026.06.29 23:59
2026.06.29 15:26:50,523214575,buy,0.03 / 0.03,XAUUSD-STDc,market,0,0,2026.06.29 15:26:51,filled,copy #941171332,Sheet16,2026.06.29 23:59
2026.06.29 15:33:22,523230873,sell,0.02 / 0.02,XAUUSD-STDc,market,0,0,2026.06.29 15:33:22,filled,copy #941187870,Sheet16,2026.06.29 23:59
2026.06.29 15:33:22,523231034,sell,0.02 / 0.02,XAUUSD-STDc,market,0,0,2026.06.29 15:33:22,filled,copy #941187890,Sheet16,2026.06.29 23:59
2026.06.29 15:33:22,523231223,sell,0.03 / 0.03,XAUUSD-STDc,market,0,0,2026.06.29 15:33:22,filled,copy #941187916,Sheet16,2026.06.29 23:59
2026.06.29 15:34:17,523236275,sell,0.02 / 0.02,XAUUSD-STDc,market,0,0,2026.06.29 15:34:18,filled,copy #941192863,Sheet16,2026.06.29 23:59
2026.06.29 15:37:23,523257745,sell,0.02 / 0.02,XAUUSD-STDc,market,0,0,2026.06.29 15:37:23,filled,copy #941207145,Sheet16,2026.06.29 23:59
2026.06.29 15:42:05,523277380,buy,0.02 / 0.02,XAUUSD-STDc,market,0,0,2026.06.29 15:42:06,filled,copy #941222531,Sheet16,2026.06.29 23:59
2026.06.29 15:45:09,523282729,sell,0.02 / 0.02,XAUUSD-STDc,market,0,0,2026.06.29 15:45:09,filled,copy #941227869,Sheet16,2026.06.29 23:59
2026.06.29 16:00:27,523345250,sell,0.03 / 0.03,XAUUSD-STDc,market,0,0,2026.06.29 16:00:27,filled,copy #941269320,Sheet16,2026.06.29 23:59
2026.06.29 16:04:57,523371039,sell,0.04 / 0.04,XAUUSD-STDc,market,0,0,2026.06.29 16:04:57,filled,copy #941288703,Sheet16,2026.06.29 23:59
2026.06.29 16:11:06,523394851,buy,0.04 / 0.04,XAUUSD-STDc,market,0,0,2026.06.29 16:11:07,filled,copy #941305849,Sheet16,2026.06.29 23:59
2026.06.29 16:11:06,523394768,buy,0.02 / 0.02,XAUUSD-STDc,market,0,0,2026.06.29 16:11:07,filled,copy #941305845,Sheet16,2026.06.29 23:59
2026.06.29 16:11:06,523395144,buy,0.03 / 0.03,XAUUSD-STDc,market,0,0,2026.06.29 16:11:07,filled,copy #941306046,Sheet16,2026.06.29 23:59
2026.06.29 16:11:07,523395481,buy,0.02 / 0.02,XAUUSD-STDc,market,0,0,2026.06.29 16:11:07,filled,copy #941306139,Sheet16,2026.06.29 23:59
2026.06.29 16:11:18,523397355,buy,0.02 / 0.02,XAUUSD-STDc,market,0,0,2026.06.29 16:11:19,filled,copy #941308196,Sheet16,2026.06.29 23:59
2026.06.29 16:12:32,523403211,sell,0.02 / 0.02,XAUUSD-STDc,market,0,0,2026.06.29 16:12:33,filled,copy #941312499,Sheet16,2026.06.29 23:59
2026.06.29 16:22:05,523437636,buy,0.02 / 0.02,XAUUSD-STDc,market,0,0,2026.06.29 16:22:05,filled,copy #941338854,Sheet16,2026.06.29 23:59
2026.06.29 16:25:43,523453401,buy,0.02 / 0.02,XAUUSD-STDc,market,0,0,2026.06.29 16:25:44,filled,copy #941351943,Sheet16,2026.06.29 23:59
2026.06.29 16:27:37,523461030,buy,0.03 / 0.03,XAUUSD-STDc,market,0,0,2026.06.29 16:27:37,filled,copy #941360059,Sheet16,2026.06.29 23:59
2026.06.29 16:30:16,523473398,buy,0.04 / 0.04,XAUUSD-STDc,market,0,0,2026.06.29 16:30:16,filled,copy #941369954,Sheet16,2026.06.29 23:59
2026.06.29 16:31:32,523488212,sell,0.02 / 0.02,XAUUSD-STDc,market,0,0,2026.06.29 16:31:33,filled,copy #941381724,Sheet16,2026.06.29 23:59
2026.06.29 16:31:32,523488018,sell,0.04 / 0.04,XAUUSD-STDc,market,0,0,2026.06.29 16:31:33,filled,copy #941381702,Sheet16,2026.06.29 23:59
2026.06.29 16:31:33,523488801,sell,0.03 / 0.03,XAUUSD-STDc,market,0,0,2026.06.29 16:31:34,filled,copy #941381908,Sheet16,2026.06.29 23:59
2026.06.29 16:31:33,523489003,sell,0.02 / 0.02,XAUUSD-STDc,market,0,0,2026.06.29 16:31:34,filled,copy #941381956,Sheet16,2026.06.29 23:59
2026.06.29 16:32:07,523493675,sell,0.02 / 0.02,XAUUSD-STDc,market,0,0,2026.06.29 16:32:07,filled,copy #941387612,Sheet16,2026.06.29 23:59
2026.06.29 16:33:29,523498365,buy,0.02 / 0.02,XAUUSD-STDc,market,0,0,2026.06.29 16:33:29,filled,copy #941392724,Sheet16,2026.06.29 23:59
2026.06.29 16:36:26,523526723,buy,0.02 / 0.02,XAUUSD-STDc,market,0,0,2026.06.29 16:36:26,filled,copy #941410610,Sheet16,2026.06.29 23:59
2026.06.29 16:37:50,523548085,buy,0.02 / 0.02,XAUUSD-STDc,market,0,0,2026.06.29 16:37:50,filled,copy #941425011,Sheet16,2026.06.29 23:59
2026.06.29 16:40:43,523562818,sell,0.02 / 0.02,XAUUSD-STDc,market,0,0,2026.06.29 16:40:44,filled,copy #941437698,Sheet16,2026.06.29 23:59
2026.06.29 16:42:10,523572441,sell,0.02 / 0.02,XAUUSD-STDc,market,0,0,2026.06.29 16:42:10,filled,copy #941444815,Sheet16,2026.06.29 23:59
2026.06.29 16:42:49,523575653,sell,0.02 / 0.02,XAUUSD-STDc,market,0,0,2026.06.29 16:42:50,filled,copy #941446434,Sheet16,2026.06.29 23:59
2026.06.29 16:42:49,523575905,sell,0.02 / 0.02,XAUUSD-STDc,market,0,0,2026.06.29 16:42:50,filled,copy #941446528,Sheet16,2026.06.29 23:59
2026.06.29 16:43:14,523579247,sell,0.03 / 0.03,XAUUSD-STDc,market,0,0,2026.06.29 16:43:14,filled,copy #941450023,Sheet16,2026.06.29 23:59
2026.06.29 16:46:04,523590775,buy,0.02 / 0.02,XAUUSD-STDc,market,0,0,2026.06.29 16:46:04,filled,copy #941459599,Sheet16,2026.06.29 23:59
2026.06.29 16:46:04,523591581,buy,0.02 / 0.02,XAUUSD-STDc,market,0,0,2026.06.29 16:46:05,filled,copy #941459636,Sheet16,2026.06.29 23:59
2026.06.29 16:46:04,523591630,buy,0.03 / 0.03,XAUUSD-STDc,market,0,0,2026.06.29 16:46:05,filled,copy #941459641,Sheet16,2026.06.29 23:59
2026.06.29 16:46:42,523602392,buy,0.02 / 0.02,XAUUSD-STDc,market,0,0,2026.06.29 16:46:42,filled,copy #941466043,Sheet16,2026.06.29 23:59
2026.06.29 16:49:11,523614777,buy,0.02 / 0.02,XAUUSD-STDc,market,0,0,2026.06.29 16:49:11,filled,copy #941476598,Sheet16,2026.06.29 23:59
2026.06.29 16:54:23,523632720,buy,0.03 / 0.03,XAUUSD-STDc,market,0,0,2026.06.29 16:54:24,filled,copy #941492909,Sheet16,2026.06.29 23:59
2026.06.29 16:54:56,523638143,buy,0.04 / 0.04,XAUUSD-STDc,market,0,0,2026.06.29 16:54:56,filled,copy #941498606,Sheet16,2026.06.29 23:59
2026.06.29 16:56:43,523653292,buy,0.05 / 0.05,XAUUSD-STDc,market,0,0,2026.06.29 16:56:44,filled,copy #941511580,Sheet16,2026.06.29 23:59
2026.06.29 17:01:01,523677581,sell,0.03 / 0.03,XAUUSD-STDc,market,0,0,2026.06.29 17:01:02,filled,copy #941534541,Sheet16,2026.06.29 23:59
2026.06.29 17:01:01,523677274,sell,0.02 / 0.02,XAUUSD-STDc,market,0,0,2026.06.29 17:01:02,filled,copy #941534363,Sheet16,2026.06.29 23:59
2026.06.29 17:01:01,523677750,sell,0.05 / 0.05,XAUUSD-STDc,market,0,0,2026.06.29 17:01:02,filled,copy #941534626,Sheet16,2026.06.29 23:59
2026.06.29 17:01:01,523678337,sell,0.04 / 0.04,XAUUSD-STDc,market,0,0,2026.06.29 17:01:02,filled,copy #941534636,Sheet16,2026.06.29 23:59
2026.06.29 17:01:01,523677653,sell,0.02 / 0.02,XAUUSD-STDc,market,0,0,2026.06.29 17:01:02,filled,copy #941534590,Sheet16,2026.06.29 23:59
2026.06.29 17:01:41,523687967,sell,0.02 / 0.02,XAUUSD-STDc,market,0,0,2026.06.29 17:01:42,filled,copy #941542387,Sheet16,2026.06.29 23:59
2026.06.29 17:02:09,523694712,buy,0.02 / 0.02,XAUUSD-STDc,market,0,0,2026.06.29 17:02:09,filled,copy #941545160,Sheet16,2026.06.29 23:59
2026.06.29 17:02:44,523703517,buy,0.02 / 0.02,XAUUSD-STDc,market,0,0,2026.06.29 17:02:44,filled,copy #941549701,Sheet16,2026.06.29 23:59
2026.06.29 17:03:28,523715412,buy,0.02 / 0.02,XAUUSD-STDc,market,0,0,2026.06.29 17:03:28,filled,copy #941557781,Sheet16,2026.06.29 23:59
2026.06.29 17:03:40,523724886,buy,0.03 / 0.03,XAUUSD-STDc,market,0,0,2026.06.29 17:03:41,filled,copy #941564125,Sheet16,2026.06.29 23:59
2026.06.29 17:06:29,523764227,buy,0.04 / 0.04,XAUUSD-STDc,market,0,0,2026.06.29 17:06:29,filled,copy #941594998,Sheet16,2026.06.29 23:59
2026.06.29 17:06:50,523773309,buy,0.05 / 0.05,XAUUSD-STDc,market,0,0,2026.06.29 17:06:51,filled,copy #941601645,Sheet16,2026.06.29 23:59
2026.06.29 17:09:11,523782728,sell,0.02 / 0.02,XAUUSD-STDc,market,0,0,2026.06.29 17:09:12,filled,copy #941615472,Sheet16,2026.06.29 23:59
2026.06.29 17:09:26,523784121,buy,0.02 / 0.02,XAUUSD-STDc,market,0,0,2026.06.29 17:09:27,filled,copy #941617204,Sheet16,2026.06.29 23:59
2026.06.29 17:11:11,523802174,buy,0.06 / 0.06,XAUUSD-STDc,market,0,0,2026.06.29 17:11:12,filled,copy #941631574,Sheet16,2026.06.29 23:59
2026.06.29 17:11:43,523810323,buy,0.08 / 0.08,XAUUSD-STDc,market,0,0,2026.06.29 17:11:43,filled,copy #941638209,Sheet16,2026.06.29 23:59
2026.06.29 17:12:29,523816657,buy,0.11 / 0.11,XAUUSD-STDc,market,0,0,2026.06.29 17:12:30,filled,copy #941646138,Sheet16,2026.06.29 23:59
2026.06.29 17:13:10,523824446,buy,0.14 / 0.14,XAUUSD-STDc,market,0,0,2026.06.29 17:13:11,filled,copy #941651911,Sheet16,2026.06.29 23:59
2026.06.29 17:13:51,523833702,sell,0.14 / 0.14,XAUUSD-STDc,market,0,0,2026.06.29 17:13:52,filled,copy #941660168,Sheet16,2026.06.29 23:59
2026.06.29 17:13:52,523834146,sell,0.11 / 0.11,XAUUSD-STDc,market,0,0,2026.06.29 17:13:52,filled,copy #941660231,Sheet16,2026.06.29 23:59
2026.06.29 17:13:52,523834383,sell,0.08 / 0.08,XAUUSD-STDc,market,0,0,2026.06.29 17:13:52,filled,copy #941660295,Sheet16,2026.06.29 23:59
2026.06.29 17:13:52,523834734,sell,0.06 / 0.06,XAUUSD-STDc,market,0,0,2026.06.29 17:13:53,filled,copy #941660465,Sheet16,2026.06.29 23:59
2026.06.29 17:13:53,523835220,sell,0.05 / 0.05,XAUUSD-STDc,market,0,0,2026.06.29 17:13:53,filled,copy #941660684,Sheet16,2026.06.29 23:59
2026.06.29 17:13:53,523835047,sell,0.04 / 0.04,XAUUSD-STDc,market,0,0,2026.06.29 17:13:53,filled,copy #941660678,Sheet16,2026.06.29 23:59
2026.06.29 17:13:53,523835409,sell,0.03 / 0.03,XAUUSD-STDc,market,0,0,2026.06.29 17:13:54,filled,copy #941660716,Sheet16,2026.06.29 23:59
2026.06.29 17:13:54,523835712,sell,0.02 / 0.02,XAUUSD-STDc,market,0,0,2026.06.29 17:13:54,filled,copy #941660975,Sheet16,2026.06.29 23:59
2026.06.29 17:13:54,523835931,sell,0.02 / 0.02,XAUUSD-STDc,market,0,0,2026.06.29 17:13:55,filled,copy #941661038,Sheet16,2026.06.29 23:59
2026.06.29 17:15:37,523866069,buy,0.02 / 0.02,XAUUSD-STDc,market,0,0,2026.06.29 17:15:37,filled,copy #941688630,Sheet16,2026.06.29 23:59
2026.06.29 17:16:30,523881847,sell,0.02 / 0.02,XAUUSD-STDc,market,0,0,2026.06.29 17:16:31,filled,copy #941704247,Sheet16,2026.06.29 23:59
2026.06.29 17:16:52,523886685,sell,0.02 / 0.02,XAUUSD-STDc,market,0,0,2026.06.29 17:16:53,filled,copy #941709779,Sheet16,2026.06.29 23:59
2026.06.29 17:17:01,523888289,buy,0.02 / 0.02,XAUUSD-STDc,market,0,0,2026.06.29 17:17:02,filled,copy #941711504,Sheet16,2026.06.29 23:59
2026.06.29 17:18:47,523931389,sell,0.02 / 0.02,XAUUSD-STDc,market,0,0,2026.06.29 17:18:47,filled,copy #941734640,Sheet16,2026.06.29 23:59
2026.06.29 17:18:57,523942584,sell,0.02 / 0.02,XAUUSD-STDc,market,0,0,2026.06.29 17:18:58,filled,copy #941740366,Sheet16,2026.06.29 23:59
2026.06.29 17:21:16,523968293,sell,0.03 / 0.03,XAUUSD-STDc,market,0,0,2026.06.29 17:21:16,filled,copy #941760076,Sheet16,2026.06.29 23:59
2026.06.29 17:25:16,523990880,sell,0.04 / 0.04,XAUUSD-STDc,market,0,0,2026.06.29 17:25:16,filled,copy #941783924,Sheet16,2026.06.29 23:59
2026.06.29 17:25:48,523996789,sell,0.05 / 0.05,XAUUSD-STDc,market,0,0,2026.06.29 17:25:48,filled,copy #941789107,Sheet16,2026.06.29 23:59
2026.06.29 17:26:35,524002797,sell,0.06 / 0.06,XAUUSD-STDc,market,0,0,2026.06.29 17:26:35,filled,copy #941795375,Sheet16,2026.06.29 23:59
2026.06.29 17:26:48,524008674,sell,0.08 / 0.08,XAUUSD-STDc,market,0,0,2026.06.29 17:26:49,filled,copy #941799261,Sheet16,2026.06.29 23:59
2026.06.29 17:29:48,524023758,buy,0.02 / 0.02,XAUUSD-STDc,market,0,0,2026.06.29 17:29:49,filled,copy #941816844,Sheet16,2026.06.29 23:59
2026.06.29 17:30:08,524026659,sell,0.02 / 0.02,XAUUSD-STDc,market,0,0,2026.06.29 17:30:08,filled,copy #941819688,Sheet16,2026.06.29 23:59
2026.06.29 17:34:39,524038239,buy,0.02 / 0.02,XAUUSD-STDc,market,0,0,2026.06.29 17:34:40,filled,copy #941832906,Sheet16,2026.06.29 23:59
2026.06.29 17:39:15,524053290,buy,0.02 / 0.02,XAUUSD-STDc,market,0,0,2026.06.29 17:39:16,filled,copy #941848100,Sheet16,2026.06.29 23:59
2026.06.29 17:44:18,524063239,buy,0.02 / 0.02,XAUUSD-STDc,market,0,0,2026.06.29 17:44:19,filled,copy #941860017,Sheet16,2026.06.29 23:59
2026.06.29 17:44:18,524063431,buy,0.08 / 0.08,XAUUSD-STDc,market,0,0,2026.06.29 17:44:20,filled,copy #941860032,Sheet16,2026.06.29 23:59
2026.06.29 17:44:19,524063799,buy,0.03 / 0.03,XAUUSD-STDc,market,0,0,2026.06.29 17:44:20,filled,copy #941860063,Sheet16,2026.06.29 23:59
2026.06.29 17:44:19,524064448,sell,0.02 / 0.02,XAUUSD-STDc,market,0,0,2026.06.29 17:44:20,filled,copy #941860097,Sheet16,2026.06.29 23:59
2026.06.29 17:44:19,524064326,buy,0.02 / 0.02,XAUUSD-STDc,market,0,0,2026.06.29 17:44:20,filled,copy #941860094,Sheet16,2026.06.29 23:59
2026.06.29 17:44:19,524064095,buy,0.05 / 0.05,XAUUSD-STDc,market,0,0,2026.06.29 17:44:20,filled,copy #941860067,Sheet16,2026.06.29 23:59
2026.06.29 17:44:19,524064989,buy,0.06 / 0.06,XAUUSD-STDc,market,0,0,2026.06.29 17:44:21,filled,copy #941860112,Sheet16,2026.06.29 23:59
2026.06.29 17:44:20,524065110,buy,0.04 / 0.04,XAUUSD-STDc,market,0,0,2026.06.29 17:44:21,filled,copy #941860117,Sheet16,2026.06.29 23:59
2026.06.29 17:44:20,524065258,sell,0.02 / 0.02,XAUUSD-STDc,market,0,0,2026.06.29 17:44:21,filled,copy #941860180,Sheet16,2026.06.29 23:59
2026.06.29 17:48:10,524091890,buy,0.02 / 0.02,XAUUSD-STDc,market,0,0,2026.06.29 17:48:11,filled,copy #941880306,Sheet16,2026.06.29 23:59
2026.06.29 17:50:32,524101316,sell,0.02 / 0.02,XAUUSD-STDc,market,0,0,2026.06.29 17:50:32,filled,copy #941889637,Sheet16,2026.06.29 23:59
2026.06.29 17:53:01,524118742,sell,0.02 / 0.02,XAUUSD-STDc,market,0,0,2026.06.29 17:53:01,filled,copy #941902706,Sheet16,2026.06.29 23:59
2026.06.29 17:56:33,524136888,sell,0.02 / 0.02,XAUUSD-STDc,market,0,0,2026.06.29 17:56:33,filled,copy #941922130,Sheet16,2026.06.29 23:59
2026.06.29 17:59:25,524152510,buy,0.02 / 0.02,XAUUSD-STDc,market,0,0,2026.06.29 17:59:26,filled,copy #941934942,Sheet16,2026.06.29 23:59
2026.06.29 18:01:03,524158880,buy,0.02 / 0.02,XAUUSD-STDc,market,0,0,2026.06.29 18:01:03,filled,copy #941941923,Sheet16,2026.06.29 23:59
2026.06.29 18:01:03,524158820,buy,0.02 / 0.02,XAUUSD-STDc,market,0,0,2026.06.29 18:01:03,filled,copy #941941878,Sheet16,2026.06.29 23:59
2026.06.29 18:03:21,524172388,buy,0.02 / 0.02,XAUUSD-STDc,market,0,0,2026.06.29 18:03:21,filled,copy #941952645,Sheet16,2026.06.29 23:59
2026.06.29 18:13:48,524199232,buy,0.03 / 0.03,XAUUSD-STDc,market,0,0,2026.06.29 18:13:48,filled,copy #941981450,Sheet16,2026.06.29 23:59
2026.06.29 18:15:44,524212881,sell,0.02 / 0.02,XAUUSD-STDc,market,0,0,2026.06.29 18:15:45,filled,copy #941991317,Sheet16,2026.06.29 23:59
2026.06.29 18:15:44,524212791,sell,0.02 / 0.02,XAUUSD-STDc,market,0,0,2026.06.29 18:15:45,filled,copy #941991310,Sheet16,2026.06.29 23:59
2026.06.29 18:15:44,524212682,sell,0.03 / 0.03,XAUUSD-STDc,market,0,0,2026.06.29 18:15:45,filled,copy #941991196,Sheet16,2026.06.29 23:59
2026.06.29 18:21:30,524246960,buy,0.02 / 0.02,XAUUSD-STDc,market,0,0,2026.06.29 18:21:30,filled,copy #942016249,Sheet16,2026.06.29 23:59
2026.06.29 18:24:10,524264340,buy,0.02 / 0.02,XAUUSD-STDc,market,0,0,2026.06.29 18:24:10,filled,copy #942027179,Sheet16,2026.06.29 23:59
2026.06.29 18:29:06,524281251,sell,0.02 / 0.02,XAUUSD-STDc,market,0,0,2026.06.29 18:29:07,filled,copy #942042262,Sheet16,2026.06.29 23:59
2026.06.29 18:29:06,524281330,sell,0.02 / 0.02,XAUUSD-STDc,market,0,0,2026.06.29 18:29:07,filled,copy #942042268,Sheet16,2026.06.29 23:59
2026.06.29 18:29:19,524285167,sell,0.02 / 0.02,XAUUSD-STDc,market,0,0,2026.06.29 18:29:19,filled,copy #942044368,Sheet16,2026.06.29 23:59
2026.06.29 18:30:04,524294072,sell,0.02 / 0.02,XAUUSD-STDc,market,0,0,2026.06.29 18:30:04,filled,copy #942049863,Sheet16,2026.06.29 23:59
2026.06.29 18:31:10,524300516,sell,0.03 / 0.03,XAUUSD-STDc,market,0,0,2026.06.29 18:31:11,filled,copy #942055624,Sheet16,2026.06.29 23:59
2026.06.29 18:35:17,524316187,buy,0.02 / 0.02,XAUUSD-STDc,market,0,0,2026.06.29 18:35:17,filled,copy #942067420,Sheet16,2026.06.29 23:59
2026.06.29 18:35:17,524316267,buy,0.03 / 0.03,XAUUSD-STDc,market,0,0,2026.06.29 18:35:17,filled,copy #942067427,Sheet16,2026.06.29 23:59
2026.06.29 18:35:17,524316472,buy,0.02 / 0.02,XAUUSD-STDc,market,0,0,2026.06.29 18:35:17,filled,copy #942067452,Sheet16,2026.06.29 23:59
2026.06.29 18:38:06,524333595,buy,0.02 / 0.02,XAUUSD-STDc,market,0,0,2026.06.29 18:38:07,filled,copy #942079194,Sheet16,2026.06.29 23:59
2026.06.29 18:39:15,524340692,sell,0.02 / 0.02,XAUUSD-STDc,market,0,0,2026.06.29 18:39:16,filled,copy #942084116,Sheet16,2026.06.29 23:59
2026.06.29 18:47:47,524366646,sell,0.02 / 0.02,XAUUSD-STDc,market,0,0,2026.06.29 18:47:48,filled,copy #942102109,Sheet16,2026.06.29 23:59
2026.06.29 18:49:13,524372938,sell,0.02 / 0.02,XAUUSD-STDc,market,0,0,2026.06.29 18:49:13,filled,copy #942108109,Sheet16,2026.06.29 23:59
2026.06.29 18:53:37,524383917,sell,0.03 / 0.03,XAUUSD-STDc,market,0,0,2026.06.29 18:53:37,filled,copy #942118240,Sheet16,2026.06.29 23:59
2026.06.29 19:00:58,524399149,buy,0.02 / 0.02,XAUUSD-STDc,market,0,0,2026.06.29 19:00:59,filled,copy #942134094,Sheet16,2026.06.29 23:59
2026.06.29 19:05:59,524409653,buy,0.02 / 0.02,XAUUSD-STDc,market,0,0,2026.06.29 19:05:59,filled,copy #942144166,Sheet16,2026.06.29 23:59
2026.06.29 19:05:59,524409936,buy,0.02 / 0.02,XAUUSD-STDc,market,0,0,2026.06.29 19:06:00,filled,copy #942144206,Sheet16,2026.06.29 23:59
2026.06.29 19:05:59,524409756,buy,0.03 / 0.03,XAUUSD-STDc,market,0,0,2026.06.29 19:06:00,filled,copy #942144179,Sheet16,2026.06.29 23:59
2026.06.29 19:15:25,524427516,buy,0.02 / 0.02,XAUUSD-STDc,market,0,0,2026.06.29 19:15:25,filled,copy #942160759,Sheet16,2026.06.29 23:59
2026.06.29 19:16:08,524437082,buy,0.03 / 0.03,XAUUSD-STDc,market,0,0,2026.06.29 19:16:08,filled,copy #942165690,Sheet16,2026.06.29 23:59
2026.06.29 19:33:09,524469067,buy,0.04 / 0.04,XAUUSD-STDc,market,0,0,2026.06.29 19:33:09,filled,copy #942192767,Sheet16,2026.06.29 23:59
2026.06.29 19:48:37,524489567,sell,0.02 / 0.02,XAUUSD-STDc,market,0,0,2026.06.29 19:48:38,filled,copy #942215421,Sheet16,2026.06.29 23:59
2026.06.29 19:49:41,524493106,sell,0.04 / 0.04,XAUUSD-STDc,market,0,0,2026.06.29 19:49:41,filled,copy #942216839,Sheet16,2026.06.29 23:59
2026.06.29 19:49:41,524493626,sell,0.02 / 0.02,XAUUSD-STDc,market,0,0,2026.06.29 19:49:42,filled,copy #942216922,Sheet16,2026.06.29 23:59
2026.06.29 19:49:41,524493858,sell,0.02 / 0.02,XAUUSD-STDc,market,0,0,2026.06.29 19:49:42,filled,copy #942216976,Sheet16,2026.06.29 23:59
2026.06.29 19:49:41,524493350,sell,0.03 / 0.03,XAUUSD-STDc,market,0,0,2026.06.29 19:49:42,filled,copy #942216906,Sheet16,2026.06.29 23:59
2026.06.29 19:50:51,524506538,sell,0.02 / 0.02,XAUUSD-STDc,market,0,0,2026.06.29 19:50:51,filled,copy #942225597,Sheet16,2026.06.29 23:59
2026.06.29 20:00:30,524517302,buy,0.02 / 0.02,XAUUSD-STDc,market,0,0,2026.06.29 20:00:30,filled,copy #942238364,Sheet16,2026.06.29 23:59
2026.06.29 20:05:19,524523951,sell,0.02 / 0.02,XAUUSD-STDc,market,0,0,2026.06.29 20:05:19,filled,copy #942244154,Sheet16,2026.06.29 23:59
2026.06.29 20:08:39,524541012,sell,0.03 / 0.03,XAUUSD-STDc,market,0,0,2026.06.29 20:08:39,filled,copy #942255996,Sheet16,2026.06.29 23:59
2026.06.29 20:24:31,524568455,buy,0.02 / 0.02,XAUUSD-STDc,market,0,0,2026.06.29 20:24:31,filled,copy #942282171,Sheet16,2026.06.29 23:59
2026.06.29 20:26:01,524580831,buy,0.02 / 0.02,XAUUSD-STDc,market,0,0,2026.06.29 20:26:02,filled,copy #942288234,Sheet16,2026.06.29 23:59
2026.06.29 20:26:02,524581088,buy,0.02 / 0.02,XAUUSD-STDc,market,0,0,2026.06.29 20:26:02,filled,copy #942288341,Sheet16,2026.06.29 23:59
2026.06.29 20:26:02,524581267,buy,0.03 / 0.03,XAUUSD-STDc,market,0,0,2026.06.29 20:26:02,filled,copy #942288351,Sheet16,2026.06.29 23:59
2026.06.29 20:26:31,524587136,buy,0.02 / 0.02,XAUUSD-STDc,market,0,0,2026.06.29 20:26:31,filled,copy #942292153,Sheet16,2026.06.29 23:59
2026.06.29 20:32:31,524609657,buy,0.03 / 0.03,XAUUSD-STDc,market,0,0,2026.06.29 20:32:31,filled,copy #942310607,Sheet16,2026.06.29 23:59
2026.06.29 20:59:03,524635601,buy,0.04 / 0.04,XAUUSD-STDc,market,0,0,2026.06.29 20:59:03,filled,copy #942343570,Sheet16,2026.06.29 23:59
2026.06.29 21:13:20,524645481,sell,0.02 / 0.02,XAUUSD-STDc,market,0,0,2026.06.29 21:13:20,filled,copy #942356010,Sheet16,2026.06.29 23:59
2026.06.29 21:13:20,524645651,sell,0.02 / 0.02,XAUUSD-STDc,market,0,0,2026.06.29 21:13:20,filled,copy #942356011,Sheet16,2026.06.29 23:59
2026.06.29 21:13:20,524645824,sell,0.03 / 0.03,XAUUSD-STDc,market,0,0,2026.06.29 21:13:20,filled,copy #942356012,Sheet16,2026.06.29 23:59
2026.06.29 21:13:20,524645998,sell,0.04 / 0.04,XAUUSD-STDc,market,0,0,2026.06.29 21:13:20,filled,copy #942356014,Sheet16,2026.06.29 23:59
