Open Time,Ticket,Type,Size,Item,Price,Order,Comment,Entry,Commission,Fee,Swap,Profit,_sheet,_stmt
2026.07.23 01:59:33,481141972,buy,0.55,XAUUSD-STDc,4122.14,619782053,copy #1007969300,out,0,0,44.52,1 641.20,Sheet1,2026.07.23 23:59
2026.07.23 01:59:34,481142122,buy,0.02,XAUUSD-STDc,4122.2,619782289,copy #1007969305,out,0,0,1.62,-9.56,Sheet1,2026.07.23 23:59
2026.07.23 01:59:34,481142383,buy,0.03,XAUUSD-STDc,4122.21,619782517,copy #1007969332,out,0,0,2.43,-14.43,Sheet1,2026.07.23 23:59
2026.07.23 01:59:34,481142516,buy,0.05,XAUUSD-STDc,4122.21,619782740,copy #1007969377,out,0,0,4.05,-23.95,Sheet1,2026.07.23 23:59
2026.07.23 01:59:34,481142760,buy,0.08,XAUUSD-STDc,4122.4,619782970,copy #1007969405,out,0,0,6.48,-40,Sheet1,2026.07.23 23:59
2026.07.23 01:59:35,481142942,buy,0.13,XAUUSD-STDc,4122.25,619783187,copy #1007969427,out,0,0,10.52,-62.4,Sheet1,2026.07.23 23:59
2026.07.23 01:59:35,481143203,buy,0.21,XAUUSD-STDc,4122.03,619783422,copy #1007969449,out,0,0,17,-95.97,Sheet1,2026.07.23 23:59
2026.07.23 01:59:35,481143605,buy,0.34,XAUUSD-STDc,4121.89,619783805,copy #1007969491,out,0,0,27.52,-149.94,Sheet1,2026.07.23 23:59
2026.07.23 01:59:40,481145667,buy,0.03,XAUUSD-STDc,4121.45,619786136,copy #1007969903,out,0,0,2.43,33.6,Sheet1,2026.07.23 23:59
2026.07.23 01:59:41,481145972,buy,0.55,XAUUSD-STDc,4121.52,619786351,copy #1007969904,out,0,0,44.52,1 675.30,Sheet1,2026.07.23 23:59
2026.07.23 01:59:41,481146314,buy,0.05,XAUUSD-STDc,4121.52,619786559,copy #1007969905,out,0,0,4.05,55.35,Sheet1,2026.07.23 23:59
2026.07.23 01:59:41,481146486,buy,0.21,XAUUSD-STDc,4121.66,619786982,copy #1007969908,out,0,0,17,217.35,Sheet1,2026.07.23 23:59
2026.07.23 01:59:41,481146689,buy,0.08,XAUUSD-STDc,4121.66,619786772,copy #1007969907,out,0,0,6.48,87.52,Sheet1,2026.07.23 23:59
2026.07.23 01:59:41,481146900,buy,0.13,XAUUSD-STDc,4121.64,619787400,copy #1007969910,out,0,0,10.52,138.19,Sheet1,2026.07.23 23:59
2026.07.23 01:59:41,481146981,buy,0.34,XAUUSD-STDc,4121.64,619787183,copy #1007969909,out,0,0,27.52,354.28,Sheet1,2026.07.23 23:59
2026.07.23 02:27:51,481241798,buy,0.02,XAUUSD-STDc,4120.48,619886277,copy #1008023690,in,0,0,0,0,Sheet1,2026.07.23 23:59
2026.07.23 02:27:51,481241945,buy,0.03,XAUUSD-STDc,4120.43,619886505,copy #1008023699,in,0,0,0,0,Sheet1,2026.07.23 23:59
2026.07.23 02:27:51,481242110,buy,0.04,XAUUSD-STDc,4120.39,619886735,copy #1008023726,in,0,0,0,0,Sheet1,2026.07.23 23:59
2026.07.23 02:28:11,481244446,buy,0.05,XAUUSD-STDc,4119.6,619889176,copy #1008024604,in,0,0,0,0,Sheet1,2026.07.23 23:59
2026.07.23 02:28:31,481245573,buy,0.07,XAUUSD-STDc,4119.6,619890384,copy #1008024913,in,0,0,0,0,Sheet1,2026.07.23 23:59
2026.07.23 02:28:36,481246171,buy,0.08,XAUUSD-STDc,4120.04,619890841,copy #1008025052,in,0,0,0,0,Sheet1,2026.07.23 23:59
2026.07.23 02:28:36,481246193,buy,0.11,XAUUSD-STDc,4120.04,619891060,copy #1008025053,in,0,0,0,0,Sheet1,2026.07.23 23:59
2026.07.23 02:28:36,481246325,buy,0.18,XAUUSD-STDc,4120.04,619891280,copy #1008025054,in,0,0,0,0,Sheet1,2026.07.23 23:59
2026.07.23 02:28:36,481246704,buy,0.23,XAUUSD-STDc,4120.04,619891713,copy #1008025058,in,0,0,0,0,Sheet1,2026.07.23 23:59
2026.07.23 02:28:37,481246871,buy,0.14,XAUUSD-STDc,4120.04,619891497,copy #1008025055,in,0,0,0,0,Sheet1,2026.07.23 23:59
2026.07.23 02:28:37,481247385,buy,0.31,XAUUSD-STDc,4120.2,619891940,copy #1008025176,in,0,0,0,0,Sheet1,2026.07.23 23:59
2026.07.23 02:28:37,481247470,buy,0.02,XAUUSD-STDc,4120.23,619892159,copy #1008025177,in,0,0,0,0,Sheet1,2026.07.23 23:59
2026.07.23 02:33:19,481252293,sell,0.02,XAUUSD-STDc,4122.24,619897760,copy #1008028901,out,0,0,0,4.02,Sheet1,2026.07.23 23:59
2026.07.23 02:33:20,481252450,sell,0.31,XAUUSD-STDc,4122.26,619897985,copy #1008028906,out,0,0,0,63.86,Sheet1,2026.07.23 23:59
2026.07.23 02:33:20,481252678,sell,0.23,XAUUSD-STDc,4122.26,619898204,copy #1008028937,out,0,0,0,51.06,Sheet1,2026.07.23 23:59
2026.07.23 02:33:20,481252876,sell,0.18,XAUUSD-STDc,4122.26,619898418,copy #1008028972,out,0,0,0,39.96,Sheet1,2026.07.23 23:59
2026.07.23 02:33:21,481253110,sell,0.14,XAUUSD-STDc,4122.26,619898642,copy #1008028999,out,0,0,0,31.08,Sheet1,2026.07.23 23:59
2026.07.23 02:33:21,481253213,sell,0.11,XAUUSD-STDc,4122.26,619898864,copy #1008029006,out,0,0,0,24.42,Sheet1,2026.07.23 23:59
2026.07.23 02:33:21,481253580,sell,0.08,XAUUSD-STDc,4122.26,619899087,copy #1008029062,out,0,0,0,17.76,Sheet1,2026.07.23 23:59
2026.07.23 02:33:21,481253686,sell,0.07,XAUUSD-STDc,4122.26,619899314,copy #1008029117,out,0,0,0,18.62,Sheet1,2026.07.23 23:59
2026.07.23 02:33:21,481253970,sell,0.05,XAUUSD-STDc,4122.26,619899526,copy #1008029138,out,0,0,0,13.3,Sheet1,2026.07.23 23:59
2026.07.23 02:33:22,481254189,sell,0.04,XAUUSD-STDc,4122.26,619899748,copy #1008029198,out,0,0,0,7.48,Sheet1,2026.07.23 23:59
2026.07.23 02:33:22,481254403,sell,0.03,XAUUSD-STDc,4122.26,619899967,copy #1008029235,out,0,0,0,5.49,Sheet1,2026.07.23 23:59
2026.07.23 02:33:22,481254662,sell,0.02,XAUUSD-STDc,4122.26,619900187,copy #1008029297,out,0,0,0,3.56,Sheet1,2026.07.23 23:59
2026.07.23 10:48:11,484232506,buy,0.11,XAUUSD-STDc,4093.18,623054994,copy #1009614674,in,0,0,0,0,Sheet1,2026.07.23 23:59
2026.07.23 10:48:12,484232829,buy,0.08,XAUUSD-STDc,4093.15,623055281,copy #1009614727,in,0,0,0,0,Sheet1,2026.07.23 23:59
2026.07.23 10:48:12,484233016,buy,0.06,XAUUSD-STDc,4093.15,623055526,copy #1009614805,in,0,0,0,0,Sheet1,2026.07.23 23:59
2026.07.23 10:48:14,484234349,buy,0.05,XAUUSD-STDc,4093.87,623057107,copy #1009614863,in,0,0,0,0,Sheet1,2026.07.23 23:59
2026.07.23 10:48:14,484234734,buy,0.04,XAUUSD-STDc,4093.87,623057284,copy #1009614864,in,0,0,0,0,Sheet1,2026.07.23 23:59
2026.07.23 10:48:14,484234874,buy,0.03,XAUUSD-STDc,4093.87,623057519,copy #1009615105,in,0,0,0,0,Sheet1,2026.07.23 23:59
2026.07.23 10:48:47,484239221,sell,0.03,XAUUSD-STDc,4094.74,623063061,copy #1009617586,out,0,0,0,2.61,Sheet1,2026.07.23 23:59
2026.07.23 10:48:47,484239291,sell,0.04,XAUUSD-STDc,4094.76,623063343,copy #1009617593,out,0,0,0,3.56,Sheet1,2026.07.23 23:59
2026.07.23 10:48:47,484239539,sell,0.05,XAUUSD-STDc,4094.74,623063605,copy #1009617620,out,0,0,0,4.35,Sheet1,2026.07.23 23:59
2026.07.23 10:48:48,484239733,sell,0.06,XAUUSD-STDc,4094.73,623063823,copy #1009617656,out,0,0,0,9.48,Sheet1,2026.07.23 23:59
2026.07.23 10:48:48,484239999,sell,0.08,XAUUSD-STDc,4094.78,623064059,copy #1009617692,out,0,0,0,13.04,Sheet1,2026.07.23 23:59
2026.07.23 10:48:48,484240344,sell,0.11,XAUUSD-STDc,4094.79,623064559,copy #1009617723,out,0,0,0,17.71,Sheet1,2026.07.23 23:59
2026.07.23 11:22:20,484474267,buy,0.14,XAUUSD-STDc,4091.11,623320049,copy #1009750018,in,0,0,0,0,Sheet1,2026.07.23 23:59
2026.07.23 11:22:23,484474578,buy,0.11,XAUUSD-STDc,4091.29,623320438,copy #1009750212,in,0,0,0,0,Sheet1,2026.07.23 23:59
2026.07.23 11:22:25,484474777,buy,0.08,XAUUSD-STDc,4091.28,623320694,copy #1009750275,in,0,0,0,0,Sheet1,2026.07.23 23:59
2026.07.23 11:22:26,484475001,buy,0.06,XAUUSD-STDc,4091.31,623320933,copy #1009750389,in,0,0,0,0,Sheet1,2026.07.23 23:59
2026.07.23 11:22:26,484475238,buy,0.05,XAUUSD-STDc,4091.3,623321157,copy #1009750415,in,0,0,0,0,Sheet1,2026.07.23 23:59
2026.07.23 11:22:38,484475496,buy,0.04,XAUUSD-STDc,4091.05,623321488,copy #1009750894,in,0,0,0,0,Sheet1,2026.07.23 23:59
2026.07.23 11:22:46,484477610,buy,0.03,XAUUSD-STDc,4091.42,623323825,copy #1009751796,in,0,0,0,0,Sheet1,2026.07.23 23:59
2026.07.23 11:42:17,484529113,buy,0.18,XAUUSD-STDc,4090.11,623383634,copy #1009792423,in,0,0,0,0,Sheet1,2026.07.23 23:59
2026.07.23 11:43:41,484538881,sell,0.18,XAUUSD-STDc,4092.31,623394321,copy #1009797551,out,0,0,0,39.6,Sheet1,2026.07.23 23:59
2026.07.23 11:43:41,484539016,sell,0.03,XAUUSD-STDc,4092.2,623394636,copy #1009797571,out,0,0,0,2.34,Sheet1,2026.07.23 23:59
2026.07.23 11:43:41,484539339,sell,0.04,XAUUSD-STDc,4092.14,623395029,copy #1009797617,out,0,0,0,4.36,Sheet1,2026.07.23 23:59
2026.07.23 11:43:42,484539615,sell,0.05,XAUUSD-STDc,4092.14,623395362,copy #1009797673,out,0,0,0,4.2,Sheet1,2026.07.23 23:59
2026.07.23 11:43:42,484539907,sell,0.06,XAUUSD-STDc,4092.1,623395607,copy #1009797724,out,0,0,0,4.74,Sheet1,2026.07.23 23:59
2026.07.23 11:43:42,484540007,sell,0.08,XAUUSD-STDc,4092.06,623395836,copy #1009797754,out,0,0,0,6.24,Sheet1,2026.07.23 23:59
2026.07.23 11:43:43,484540293,sell,0.11,XAUUSD-STDc,4092.07,623396069,copy #1009797821,out,0,0,0,8.58,Sheet1,2026.07.23 23:59
2026.07.23 11:43:43,484540479,sell,0.14,XAUUSD-STDc,4092.08,623396288,copy #1009797894,out,0,0,0,13.58,Sheet1,2026.07.23 23:59
2026.07.23 16:12:46,486123670,buy,0.4,XAUUSD-STDc,4044.04,625041004,copy #1010776019,in,0,0,0,0,Sheet1,2026.07.23 23:59
2026.07.23 16:12:46,486123912,buy,0.31,XAUUSD-STDc,4044.03,625041231,copy #1010776075,in,0,0,0,0,Sheet1,2026.07.23 23:59
2026.07.23 16:12:47,486124105,buy,0.23,XAUUSD-STDc,4044.19,625041460,copy #1010776121,in,0,0,0,0,Sheet1,2026.07.23 23:59
2026.07.23 16:12:47,486124341,buy,0.18,XAUUSD-STDc,4044.43,625041693,copy #1010776199,in,0,0,0,0,Sheet1,2026.07.23 23:59
2026.07.23 16:12:48,486124608,buy,0.14,XAUUSD-STDc,4044.37,625042053,copy #1010776276,in,0,0,0,0,Sheet1,2026.07.23 23:59
2026.07.23 16:12:48,486124826,buy,0.11,XAUUSD-STDc,4044.11,625042294,copy #1010776370,in,0,0,0,0,Sheet1,2026.07.23 23:59
2026.07.23 16:12:49,486125071,buy,0.08,XAUUSD-STDc,4044.15,625042576,copy #1010776481,in,0,0,0,0,Sheet1,2026.07.23 23:59
2026.07.23 16:12:49,486125362,buy,0.07,XAUUSD-STDc,4044.32,625042806,copy #1010776530,in,0,0,0,0,Sheet1,2026.07.23 23:59
2026.07.23 16:12:50,486125524,buy,0.05,XAUUSD-STDc,4044.32,625043043,copy #1010776618,in,0,0,0,0,Sheet1,2026.07.23 23:59
2026.07.23 16:12:51,486125755,buy,0.04,XAUUSD-STDc,4044.35,625043275,copy #1010776727,in,0,0,0,0,Sheet1,2026.07.23 23:59
2026.07.23 16:12:51,486125993,buy,0.03,XAUUSD-STDc,4044.24,625043508,copy #1010776773,in,0,0,0,0,Sheet1,2026.07.23 23:59
2026.07.23 16:12:52,486126254,buy,0.02,XAUUSD-STDc,4044.32,625043732,copy #1010776846,in,0,0,0,0,Sheet1,2026.07.23 23:59
2026.07.23 16:12:52,486126508,buy,0.02,XAUUSD-STDc,4044.41,625043961,copy #1010776925,in,0,0,0,0,Sheet1,2026.07.23 23:59
2026.07.23 16:18:59,486157868,sell,0.02,XAUUSD-STDc,4046.15,625078226,copy #1010799725,out,0,0,0,3.48,Sheet1,2026.07.23 23:59
2026.07.23 16:18:59,486158194,sell,0.02,XAUUSD-STDc,4046.17,625078508,copy #1010799762,out,0,0,0,3.7,Sheet1,2026.07.23 23:59
2026.07.23 16:18:59,486158614,sell,0.03,XAUUSD-STDc,4046.3,625078830,copy #1010799826,out,0,0,0,6.18,Sheet1,2026.07.23 23:59
2026.07.23 16:19:00,486158962,sell,0.04,XAUUSD-STDc,4046.25,625079125,copy #1010799886,out,0,0,0,7.6,Sheet1,2026.07.23 23:59
2026.07.23 16:19:00,486159152,sell,0.05,XAUUSD-STDc,4046.27,625079487,copy #1010799980,out,0,0,0,9.75,Sheet1,2026.07.23 23:59
2026.07.23 16:19:00,486159390,sell,0.07,XAUUSD-STDc,4046.22,625079755,copy #1010800023,out,0,0,0,13.3,Sheet1,2026.07.23 23:59
2026.07.23 16:19:00,486159775,sell,0.08,XAUUSD-STDc,4046.43,625080072,copy #1010800086,out,0,0,0,18.24,Sheet1,2026.07.23 23:59
2026.07.23 16:19:01,486160030,sell,0.11,XAUUSD-STDc,4046.86,625080373,copy #1010800175,out,0,0,0,30.25,Sheet1,2026.07.23 23:59
2026.07.23 16:19:01,486160141,sell,0.14,XAUUSD-STDc,4046.89,625080797,copy #1010800266,out,0,0,0,35.28,Sheet1,2026.07.23 23:59
2026.07.23 16:19:01,486161104,sell,0.18,XAUUSD-STDc,4046.76,625081957,copy #1010800381,out,0,0,0,41.94,Sheet1,2026.07.23 23:59
2026.07.23 16:19:01,486161391,sell,0.23,XAUUSD-STDc,4046.76,625082207,copy #1010800525,out,0,0,0,59.11,Sheet1,2026.07.23 23:59
2026.07.23 16:19:02,486162627,sell,0.4,XAUUSD-STDc,4046.85,625082920,copy #1010800913,out,0,0,0,112.4,Sheet1,2026.07.23 23:59
2026.07.23 16:19:02,486162675,sell,0.31,XAUUSD-STDc,4046.85,625082537,copy #1010800784,out,0,0,0,87.42,Sheet1,2026.07.23 23:59
2026.07.22 07:41:27,476857047,sell,0.34,XAUUSD-STDc,4126.74,615241418,copy #1005228772,in,0,0,0,0,Sheet2,2026.07.22 23:59
2026.07.22 07:41:27,476857102,sell,0.21,XAUUSD-STDc,4126.74,615241635,copy #1005228776,in,0,0,0,0,Sheet2,2026.07.22 23:59
2026.07.22 07:41:27,476857400,sell,0.13,XAUUSD-STDc,4126.76,615241860,copy #1005228801,in,0,0,0,0,Sheet2,2026.07.22 23:59
2026.07.22 07:41:28,476857604,sell,0.08,XAUUSD-STDc,4126.76,615242082,copy #1005228827,in,0,0,0,0,Sheet2,2026.07.22 23:59
2026.07.22 07:41:28,476857922,sell,0.05,XAUUSD-STDc,4126.76,615242305,copy #1005228880,in,0,0,0,0,Sheet2,2026.07.22 23:59
2026.07.22 07:41:28,476857973,sell,0.03,XAUUSD-STDc,4126.76,615242523,copy #1005228881,in,0,0,0,0,Sheet2,2026.07.22 23:59
2026.07.22 07:41:28,476858274,sell,0.02,XAUUSD-STDc,4126.76,615242741,copy #1005228887,in,0,0,0,0,Sheet2,2026.07.22 23:59
2026.07.22 10:11:11,477539910,buy,0.02,XAUUSD-STDc,4113.36,616000602,copy #1005650849,out,0,0,0,26.8,Sheet2,2026.07.22 23:59
2026.07.22 10:11:11,477540108,buy,0.03,XAUUSD-STDc,4113.38,616000840,copy #1005650922,out,0,0,0,40.14,Sheet2,2026.07.22 23:59
2026.07.22 10:11:12,477540408,buy,0.05,XAUUSD-STDc,4113.38,616001064,copy #1005650988,out,0,0,0,66.9,Sheet2,2026.07.22 23:59
2026.07.22 10:11:12,477540593,buy,0.08,XAUUSD-STDc,4113.37,616001289,copy #1005651021,out,0,0,0,107.12,Sheet2,2026.07.22 23:59
2026.07.22 10:11:13,477540786,buy,0.13,XAUUSD-STDc,4113.36,616001498,copy #1005651062,out,0,0,0,174.2,Sheet2,2026.07.22 23:59
2026.07.22 10:11:13,477541096,buy,0.21,XAUUSD-STDc,4113.31,616001728,copy #1005651088,out,0,0,0,282.03,Sheet2,2026.07.22 23:59
2026.07.22 10:11:13,477541310,buy,0.34,XAUUSD-STDc,4113.3,616001939,copy #1005651119,out,0,0,0,456.96,Sheet2,2026.07.22 23:59
2026.07.22 15:02:53,478860754,sell,0.34,XAUUSD-STDc,4124.67,617385315,copy #1006417560,in,0,0,0,0,Sheet2,2026.07.22 23:59
2026.07.22 15:02:54,478861134,sell,0.21,XAUUSD-STDc,4124.65,617385542,copy #1006417589,in,0,0,0,0,Sheet2,2026.07.22 23:59
2026.07.22 15:02:54,478861188,sell,0.13,XAUUSD-STDc,4124.65,617385761,copy #1006417595,in,0,0,0,0,Sheet2,2026.07.22 23:59
2026.07.22 15:02:54,478861502,sell,0.08,XAUUSD-STDc,4124.69,617385983,copy #1006417637,in,0,0,0,0,Sheet2,2026.07.22 23:59
2026.07.22 15:02:54,478861615,sell,0.05,XAUUSD-STDc,4124.69,617386205,copy #1006417657,in,0,0,0,0,Sheet2,2026.07.22 23:59
2026.07.22 15:03:11,478862433,sell,0.03,XAUUSD-STDc,4125.53,617386949,copy #1006418524,in,0,0,0,0,Sheet2,2026.07.22 23:59
2026.07.22 15:03:28,478863242,sell,0.02,XAUUSD-STDc,4125.88,617387835,copy #1006419443,in,0,0,0,0,Sheet2,2026.07.22 23:59
2026.07.22 15:49:49,479167071,buy,0.02,XAUUSD-STDc,4119.53,617702161,copy #1006609166,out,0,0,0,12.7,Sheet2,2026.07.22 23:59
2026.07.22 15:49:49,479167329,buy,0.03,XAUUSD-STDc,4119.53,617702385,copy #1006609237,out,0,0,0,18,Sheet2,2026.07.22 23:59
2026.07.22 15:49:49,479167503,buy,0.05,XAUUSD-STDc,4119.52,617702614,copy #1006609366,out,0,0,0,25.85,Sheet2,2026.07.22 23:59
2026.07.22 15:49:49,479167707,buy,0.08,XAUUSD-STDc,4119.53,617702832,copy #1006609426,out,0,0,0,41.28,Sheet2,2026.07.22 23:59
2026.07.22 15:49:50,479167993,buy,0.13,XAUUSD-STDc,4119.66,617703062,copy #1006609500,out,0,0,0,64.87,Sheet2,2026.07.22 23:59
2026.07.22 15:49:58,479169106,buy,0.21,XAUUSD-STDc,4119.28,617703695,copy #1006610541,out,0,0,0,112.77,Sheet2,2026.07.22 23:59
2026.07.22 15:49:59,479169344,buy,0.34,XAUUSD-STDc,4119.1,617703943,copy #1006610645,out,0,0,0,189.38,Sheet2,2026.07.22 23:59
2026.07.22 16:03:39,479280030,sell,0.34,XAUUSD-STDc,4117.48,617816198,copy #1006706241,in,0,0,0,0,Sheet2,2026.07.22 23:59
2026.07.22 16:03:39,479280174,sell,0.21,XAUUSD-STDc,4117.46,617816433,copy #1006706278,in,0,0,0,0,Sheet2,2026.07.22 23:59
2026.07.22 16:03:39,479280421,sell,0.13,XAUUSD-STDc,4117.45,617816670,copy #1006706314,in,0,0,0,0,Sheet2,2026.07.22 23:59
2026.07.22 16:03:40,479280688,sell,0.08,XAUUSD-STDc,4117.4,617816904,copy #1006706359,in,0,0,0,0,Sheet2,2026.07.22 23:59
2026.07.22 16:03:40,479280949,sell,0.05,XAUUSD-STDc,4117.42,617817135,copy #1006706385,in,0,0,0,0,Sheet2,2026.07.22 23:59
2026.07.22 16:03:40,479281304,sell,0.03,XAUUSD-STDc,4117.4,617817396,copy #1006706484,in,0,0,0,0,Sheet2,2026.07.22 23:59
2026.07.22 16:03:41,479281449,sell,0.02,XAUUSD-STDc,4117.42,617817617,copy #1006706489,in,0,0,0,0,Sheet2,2026.07.22 23:59
2026.07.22 16:25:10,479425710,sell,0.03,XAUUSD-STDc,4132.65,617967238,copy #1006807891,in,0,0,0,0,Sheet2,2026.07.22 23:59
2026.07.22 16:25:10,479425926,sell,0.05,XAUUSD-STDc,4132.59,617967464,copy #1006807919,in,0,0,0,0,Sheet2,2026.07.22 23:59
2026.07.22 16:25:10,479426074,sell,0.08,XAUUSD-STDc,4132.6,617967686,copy #1006807935,in,0,0,0,0,Sheet2,2026.07.22 23:59
2026.07.22 16:25:11,479426409,sell,0.13,XAUUSD-STDc,4132.27,617967911,copy #1006807977,in,0,0,0,0,Sheet2,2026.07.22 23:59
2026.07.22 16:25:11,479426829,sell,0.21,XAUUSD-STDc,4132.01,617968214,copy #1006808024,in,0,0,0,0,Sheet2,2026.07.22 23:59
2026.07.22 16:25:11,479427104,sell,0.34,XAUUSD-STDc,4132.06,617968457,copy #1006808041,in,0,0,0,0,Sheet2,2026.07.22 23:59
2026.07.22 16:58:08,479784176,sell,0.86,XAUUSD-STDc,4149.96,618338186,copy #1007003089,in,0,0,0,0,Sheet2,2026.07.22 23:59
2026.07.22 17:18:24,480026302,buy,0.86,XAUUSD-STDc,4150.1,618590930,copy #1007133994,out,0,0,0,-12.04,Sheet2,2026.07.22 23:59
2026.07.22 19:10:02,480422505,buy,0.03,XAUUSD-STDc,4157.16,619016021,copy #1007450732,in,0,0,0,0,Sheet2,2026.07.22 23:59
2026.07.22 19:11:39,480433106,sell,0.03,XAUUSD-STDc,4155.13,619026981,copy #1007459041,out,0,0,0,-6.09,Sheet2,2026.07.22 23:59
2026.07.22 19:25:01,480458816,sell,0.55,XAUUSD-STDc,4151.98,619054064,copy #1007486634,in,0,0,0,0,Sheet2,2026.07.22 23:59
2026.07.22 19:25:02,480459228,sell,0.55,XAUUSD-STDc,4151.98,619054396,copy #1007486909,in,0,0,0,0,Sheet2,2026.07.22 23:59
2026.07.22 23:34:02,480925296,buy,0.05,XAUUSD-STDc,4135.95,619552452,copy #1007846206,in,0,0,0,0,Sheet2,2026.07.22 23:59
2026.07.22 23:47:02,480955289,buy,0.08,XAUUSD-STDc,4129.72,619584604,copy #1007859923,in,0,0,0,0,Sheet2,2026.07.22 23:59
2026.07.22 23:57:40,480962151,sell,0.08,XAUUSD-STDc,4129.74,619592357,copy #1007863688,out,0,0,0,0.16,Sheet2,2026.07.22 23:59
2026.07.22 23:57:57,480962372,sell,0.05,XAUUSD-STDc,4129.75,619592621,copy #1007863790,out,0,0,0,-31,Sheet2,2026.07.22 23:59
2026.07.21 08:41:32,470272851,sell,0.04,XAUUSD-STDc,4064.28,608319064,copy #1001572845,in,0,0,0,0,Sheet3,2026.07.21 23:59
2026.07.21 08:41:33,470272960,sell,0.03,XAUUSD-STDc,4064.22,608319291,copy #1001572986,in,0,0,0,0,Sheet3,2026.07.21 23:59
2026.07.21 08:41:33,470273267,sell,0.02,XAUUSD-STDc,4064.14,608319520,copy #1001573075,in,0,0,0,0,Sheet3,2026.07.21 23:59
2026.07.21 08:41:34,470273527,sell,0.02,XAUUSD-STDc,4064.12,608319751,copy #1001573175,in,0,0,0,0,Sheet3,2026.07.21 23:59
2026.07.21 08:42:10,470275172,sell,0.05,XAUUSD-STDc,4063.64,608320906,copy #1001575783,in,0,0,0,0,Sheet3,2026.07.21 23:59
2026.07.21 08:43:35,470302784,sell,0.06,XAUUSD-STDc,4065.7,608351123,copy #1001588220,in,0,0,0,0,Sheet3,2026.07.21 23:59
2026.07.21 08:52:41,470357161,buy,0.02,XAUUSD-STDc,4063.58,608413665,copy #1001628361,in,0,0,0,0,Sheet3,2026.07.21 23:59
2026.07.21 09:03:51,470407078,sell,0.02,XAUUSD-STDc,4066.24,608468162,copy #1001658816,out,0,0,0,5.32,Sheet3,2026.07.21 23:59
2026.07.21 09:10:38,470450758,sell,0.08,XAUUSD-STDc,4066.78,608513308,copy #1001680038,in,0,0,0,0,Sheet3,2026.07.21 23:59
2026.07.21 09:11:30,470466019,sell,0.11,XAUUSD-STDc,4069.56,608536300,copy #1001692463,in,0,0,0,0,Sheet3,2026.07.21 23:59
2026.07.21 09:13:50,470500515,sell,0.14,XAUUSD-STDc,4071.08,608570772,copy #1001709374,in,0,0,0,0,Sheet3,2026.07.21 23:59
2026.07.21 09:20:50,470549213,buy,0.02,XAUUSD-STDc,4070.87,608630185,copy #1001737858,in,0,0,0,0,Sheet3,2026.07.21 23:59
2026.07.21 09:22:23,470553314,sell,0.02,XAUUSD-STDc,4072.19,608634590,copy #1001741067,out,0,0,0,2.64,Sheet3,2026.07.21 23:59
2026.07.21 09:24:24,470580548,sell,0.18,XAUUSD-STDc,4073.24,608667470,copy #1001756723,in,0,0,0,0,Sheet3,2026.07.21 23:59
2026.07.21 09:36:45,470647396,sell,0.23,XAUUSD-STDc,4074.54,608740613,copy #1001796317,in,0,0,0,0,Sheet3,2026.07.21 23:59
2026.07.21 09:42:01,470677149,sell,0.3,XAUUSD-STDc,4078.24,608777279,copy #1001821553,in,0,0,0,0,Sheet3,2026.07.21 23:59
2026.07.21 09:42:19,470693935,sell,0.39,XAUUSD-STDc,4079.65,608791618,copy #1001831290,in,0,0,0,0,Sheet3,2026.07.21 23:59
2026.07.21 09:49:43,470759227,sell,0.51,XAUUSD-STDc,4083.09,608861844,copy #1001877049,in,0,0,0,0,Sheet3,2026.07.21 23:59
2026.07.21 10:01:15,470785813,buy,0.02,XAUUSD-STDc,4079.35,608890949,copy #1001909057,in,0,0,0,0,Sheet3,2026.07.21 23:59
2026.07.21 10:09:31,470813734,sell,0.02,XAUUSD-STDc,4075.33,608920445,copy #1001929794,out,0,0,0,-8.04,Sheet3,2026.07.21 23:59
2026.07.21 10:09:31,470813924,buy,0.51,XAUUSD-STDc,4075.79,608920666,copy #1001929808,out,0,0,0,372.3,Sheet3,2026.07.21 23:59
2026.07.21 10:09:32,470814189,buy,0.39,XAUUSD-STDc,4075.9,608920892,copy #1001929836,out,0,0,0,146.25,Sheet3,2026.07.21 23:59
2026.07.21 10:09:32,470814343,buy,0.3,XAUUSD-STDc,4075.93,608921120,copy #1001929881,out,0,0,0,69.3,Sheet3,2026.07.21 23:59
2026.07.21 10:09:32,470814718,buy,0.23,XAUUSD-STDc,4075.96,608921345,copy #1001929913,out,0,0,0,-32.66,Sheet3,2026.07.21 23:59
2026.07.21 10:09:32,470814815,buy,0.18,XAUUSD-STDc,4075.95,608921564,copy #1001929940,out,0,0,0,-48.78,Sheet3,2026.07.21 23:59
2026.07.21 10:09:33,470815031,buy,0.14,XAUUSD-STDc,4075.96,608921801,copy #1001930006,out,0,0,0,-68.32,Sheet3,2026.07.21 23:59
2026.07.21 10:09:33,470815255,buy,0.11,XAUUSD-STDc,4076.01,608922020,copy #1001930065,out,0,0,0,-70.95,Sheet3,2026.07.21 23:59
2026.07.21 10:09:33,470815479,buy,0.08,XAUUSD-STDc,4076.11,608922250,copy #1001930144,out,0,0,0,-74.64,Sheet3,2026.07.21 23:59
2026.07.21 10:09:34,470815732,buy,0.06,XAUUSD-STDc,4076.12,608922482,copy #1001930175,out,0,0,0,-62.52,Sheet3,2026.07.21 23:59
2026.07.21 10:09:34,470815939,buy,0.05,XAUUSD-STDc,4076.12,608922703,copy #1001930213,out,0,0,0,-62.4,Sheet3,2026.07.21 23:59
2026.07.21 10:09:36,470816213,buy,0.02,XAUUSD-STDc,4076.26,608922988,copy #1001930537,out,0,0,0,-24.28,Sheet3,2026.07.21 23:59
2026.07.21 10:09:38,470816485,buy,0.02,XAUUSD-STDc,4076.08,608923249,copy #1001930828,out,0,0,0,-23.88,Sheet3,2026.07.21 23:59
2026.07.21 10:09:40,470816778,buy,0.03,XAUUSD-STDc,4075.92,608923492,copy #1001931059,out,0,0,0,-35.1,Sheet3,2026.07.21 23:59
2026.07.21 10:09:41,470817000,buy,0.04,XAUUSD-STDc,4075.93,608923698,copy #1001931061,out,0,0,0,-46.6,Sheet3,2026.07.21 23:59
2026.07.21 10:48:00,470997938,buy,0.02,XAUUSD-STDc,4071.66,609113419,copy #1002078139,in,0,0,0,0,Sheet3,2026.07.21 23:59
2026.07.21 11:02:02,471019848,buy,0.02,XAUUSD-STDc,4069.81,609138509,copy #1002103569,in,0,0,0,0,Sheet3,2026.07.21 23:59
2026.07.21 11:03:00,471037318,buy,0.03,XAUUSD-STDc,4067.55,609157599,copy #1002112214,in,0,0,0,0,Sheet3,2026.07.21 23:59
2026.07.21 11:23:49,471109098,buy,0.04,XAUUSD-STDc,4064.62,609235315,copy #1002172742,in,0,0,0,0,Sheet3,2026.07.21 23:59
2026.07.21 11:37:43,471152975,buy,0.05,XAUUSD-STDc,4062.42,609283081,copy #1002208663,in,0,0,0,0,Sheet3,2026.07.21 23:59
2026.07.21 11:50:07,471189306,buy,0.06,XAUUSD-STDc,4060.72,609322966,copy #1002236171,in,0,0,0,0,Sheet3,2026.07.21 23:59
2026.07.21 12:04:25,471251211,sell,0.06,XAUUSD-STDc,4066.11,609387876,copy #1002282549,out,0,0,0,32.34,Sheet3,2026.07.21 23:59
2026.07.21 12:04:25,471251506,sell,0.05,XAUUSD-STDc,4066.11,609388250,copy #1002282566,out,0,0,0,18.45,Sheet3,2026.07.21 23:59
2026.07.21 12:04:26,471251782,sell,0.04,XAUUSD-STDc,4066.1,609388513,copy #1002282611,out,0,0,0,5.92,Sheet3,2026.07.21 23:59
2026.07.21 12:04:26,471252163,sell,0.03,XAUUSD-STDc,4065.88,609388823,copy #1002282741,out,0,0,0,-5.01,Sheet3,2026.07.21 23:59
2026.07.21 12:04:26,471252295,sell,0.02,XAUUSD-STDc,4065.84,609389097,copy #1002282801,out,0,0,0,-7.94,Sheet3,2026.07.21 23:59
2026.07.21 12:04:27,471252591,sell,0.02,XAUUSD-STDc,4065.82,609389375,copy #1002282828,out,0,0,0,-11.68,Sheet3,2026.07.21 23:59
2026.07.21 12:05:46,471262040,sell,0.02,XAUUSD-STDc,4065.01,609398276,copy #1002290711,in,0,0,0,0,Sheet3,2026.07.21 23:59
2026.07.21 12:20:42,471289906,sell,0.02,XAUUSD-STDc,4066.88,609431451,copy #1002315215,in,0,0,0,0,Sheet3,2026.07.21 23:59
2026.07.21 12:29:47,471332184,buy,0.02,XAUUSD-STDc,4063.12,609479127,copy #1002343262,out,0,0,0,7.52,Sheet3,2026.07.21 23:59
2026.07.21 12:29:47,471332197,buy,0.02,XAUUSD-STDc,4063.12,609479254,copy #1002343304,out,0,0,0,3.78,Sheet3,2026.07.21 23:59
2026.07.21 12:43:55,471374120,buy,0.02,XAUUSD-STDc,4062.49,609522349,copy #1002377882,in,0,0,0,0,Sheet3,2026.07.21 23:59
2026.07.21 12:46:46,471381660,sell,0.02,XAUUSD-STDc,4064.62,609530522,copy #1002384480,out,0,0,0,4.26,Sheet3,2026.07.21 23:59
2026.07.21 12:50:03,471406385,sell,0.02,XAUUSD-STDc,4065.28,609555757,copy #1002398569,in,0,0,0,0,Sheet3,2026.07.21 23:59
2026.07.21 12:55:02,471439285,sell,0.02,XAUUSD-STDc,4068.34,609589633,copy #1002418681,in,0,0,0,0,Sheet3,2026.07.21 23:59
2026.07.21 13:04:36,471475210,buy,0.02,XAUUSD-STDc,4064.45,609628688,copy #1002444874,out,0,0,0,7.78,Sheet3,2026.07.21 23:59
2026.07.21 13:04:36,471475324,buy,0.02,XAUUSD-STDc,4064.45,609628914,copy #1002444877,out,0,0,0,1.66,Sheet3,2026.07.21 23:59
2026.07.21 13:10:33,471499910,buy,0.02,XAUUSD-STDc,4064.78,609656011,copy #1002462049,in,0,0,0,0,Sheet3,2026.07.21 23:59
2026.07.21 13:11:26,471521584,sell,0.02,XAUUSD-STDc,4066.57,609682784,copy #1002475736,out,0,0,0,3.58,Sheet3,2026.07.21 23:59
2026.07.21 13:11:29,471526886,sell,0.02,XAUUSD-STDc,4065.86,609683631,copy #1002476572,in,0,0,0,0,Sheet3,2026.07.21 23:59
2026.07.21 13:24:50,471564254,sell,0.02,XAUUSD-STDc,4067.47,609724156,copy #1002503455,in,0,0,0,0,Sheet3,2026.07.21 23:59
2026.07.21 13:47:33,471620055,buy,0.02,XAUUSD-STDc,4064.76,609787397,copy #1002546151,out,0,0,0,5.42,Sheet3,2026.07.21 23:59
2026.07.21 13:47:34,471620382,buy,0.02,XAUUSD-STDc,4064.74,609787687,copy #1002546188,out,0,0,0,2.24,Sheet3,2026.07.21 23:59
2026.07.21 14:02:01,471673496,buy,0.02,XAUUSD-STDc,4061.26,609842534,copy #1002586084,in,0,0,0,0,Sheet3,2026.07.21 23:59
2026.07.21 14:05:22,471715339,buy,0.02,XAUUSD-STDc,4058.64,609885589,copy #1002607983,in,0,0,0,0,Sheet3,2026.07.21 23:59
2026.07.21 14:37:24,471772895,sell,0.02,XAUUSD-STDc,4059.83,609947090,copy #1002665100,in,0,0,0,0,Sheet3,2026.07.21 23:59
2026.07.21 14:42:09,471789330,buy,0.02,XAUUSD-STDc,4057.25,609965313,copy #1002677494,out,0,0,0,5.16,Sheet3,2026.07.21 23:59
2026.07.21 14:47:23,471815077,buy,0.03,XAUUSD-STDc,4056.2,609992596,copy #1002696031,in,0,0,0,0,Sheet3,2026.07.21 23:59
2026.07.21 15:07:08,471850565,sell,0.02,XAUUSD-STDc,4060.71,610032297,copy #1002739825,out,0,0,0,-1.1,Sheet3,2026.07.21 23:59
2026.07.21 15:07:09,471851439,sell,0.02,XAUUSD-STDc,4060.49,610037395,copy #1002739918,out,0,0,0,3.7,Sheet3,2026.07.21 23:59
2026.07.21 15:07:09,471851636,sell,0.03,XAUUSD-STDc,4060.49,610039002,copy #1002740233,out,0,0,0,12.87,Sheet3,2026.07.21 23:59
2026.07.21 15:08:01,471860444,sell,0.02,XAUUSD-STDc,4059.96,610042093,copy #1002745160,in,0,0,0,0,Sheet3,2026.07.21 23:59
2026.07.21 15:10:40,471872438,buy,0.02,XAUUSD-STDc,4056.85,610055626,copy #1002755441,out,0,0,0,6.22,Sheet3,2026.07.21 23:59
2026.07.21 15:24:44,471950973,sell,0.02,XAUUSD-STDc,4064.74,610139809,copy #1002810480,in,0,0,0,0,Sheet3,2026.07.21 23:59
2026.07.21 15:34:33,472005863,buy,0.02,XAUUSD-STDc,4059.64,610195367,copy #1002843686,out,0,0,0,10.2,Sheet3,2026.07.21 23:59
2026.07.21 15:36:23,472037965,buy,0.02,XAUUSD-STDc,4057.31,610226809,copy #1002859697,in,0,0,0,0,Sheet3,2026.07.21 23:59
2026.07.21 15:37:51,472053086,buy,0.02,XAUUSD-STDc,4055.36,610242671,copy #1002869882,in,0,0,0,0,Sheet3,2026.07.21 23:59
2026.07.21 15:43:57,472087344,buy,0.03,XAUUSD-STDc,4053.49,610278272,copy #1002891399,in,0,0,0,0,Sheet3,2026.07.21 23:59
2026.07.21 15:48:11,472144354,sell,0.03,XAUUSD-STDc,4058.26,610339282,copy #1002918869,out,0,0,0,14.31,Sheet3,2026.07.21 23:59
2026.07.21 15:48:11,472144469,sell,0.02,XAUUSD-STDc,4058.58,610339403,copy #1002918871,out,0,0,0,6.44,Sheet3,2026.07.21 23:59
2026.07.21 15:48:11,472144771,sell,0.02,XAUUSD-STDc,4059.1,610339665,copy #1002918878,out,0,0,0,3.58,Sheet3,2026.07.21 23:59
2026.07.21 15:49:37,472179049,sell,0.02,XAUUSD-STDc,4061.05,610371592,copy #1002933632,in,0,0,0,0,Sheet3,2026.07.21 23:59
2026.07.21 15:53:11,472211172,buy,0.02,XAUUSD-STDc,4055.99,610405398,copy #1002948384,out,0,0,0,10.12,Sheet3,2026.07.21 23:59
2026.07.21 15:54:00,472216178,buy,0.02,XAUUSD-STDc,4056.78,610409909,copy #1002952241,in,0,0,0,0,Sheet3,2026.07.21 23:59
2026.07.21 15:57:21,472241329,buy,0.02,XAUUSD-STDc,4054.85,610436290,copy #1002964182,in,0,0,0,0,Sheet3,2026.07.21 23:59
2026.07.21 16:00:10,472256632,sell,0.02,XAUUSD-STDc,4058.5,610459827,copy #1002976075,out,0,0,0,7.3,Sheet3,2026.07.21 23:59
2026.07.21 16:00:10,472257052,sell,0.02,XAUUSD-STDc,4058.41,610460147,copy #1002976106,out,0,0,0,3.26,Sheet3,2026.07.21 23:59
2026.07.21 16:03:15,472296276,sell,0.02,XAUUSD-STDc,4059.87,610492265,copy #1002994066,in,0,0,0,0,Sheet3,2026.07.21 23:59
2026.07.21 16:04:12,472306602,buy,0.02,XAUUSD-STDc,4056.35,610503990,copy #1002999381,out,0,0,0,7.04,Sheet3,2026.07.21 23:59
2026.07.21 16:15:29,472363455,sell,0.02,XAUUSD-STDc,4061,610563512,copy #1003030810,in,0,0,0,0,Sheet3,2026.07.21 23:59
2026.07.21 16:16:55,472375153,buy,0.02,XAUUSD-STDc,4057.51,610579364,copy #1003036250,out,0,0,0,6.98,Sheet3,2026.07.21 23:59
2026.07.21 16:21:14,472422270,buy,0.02,XAUUSD-STDc,4054.31,610624638,copy #1003057991,in,0,0,0,0,Sheet3,2026.07.21 23:59
2026.07.21 16:29:24,472488407,buy,0.02,XAUUSD-STDc,4051.57,610692319,copy #1003092660,in,0,0,0,0,Sheet3,2026.07.21 23:59
2026.07.21 16:31:42,472516782,buy,0.03,XAUUSD-STDc,4049.14,610729196,copy #1003107904,in,0,0,0,0,Sheet3,2026.07.21 23:59
2026.07.21 16:33:05,472578423,sell,0.02,XAUUSD-STDc,4055.07,610794599,copy #1003125062,out,0,0,0,1.52,Sheet3,2026.07.21 23:59
2026.07.21 16:33:05,472578496,sell,0.02,XAUUSD-STDc,4055.07,610794239,copy #1003124926,out,0,0,0,7,Sheet3,2026.07.21 23:59
2026.07.21 16:33:05,472578619,sell,0.03,XAUUSD-STDc,4055.15,610794438,copy #1003124984,out,0,0,0,18.03,Sheet3,2026.07.21 23:59
2026.07.21 16:33:21,472592497,sell,0.02,XAUUSD-STDc,4054.16,610801235,copy #1003132979,in,0,0,0,0,Sheet3,2026.07.21 23:59
2026.07.21 16:34:56,472631016,sell,0.02,XAUUSD-STDc,4055.89,610836868,copy #1003144303,in,0,0,0,0,Sheet3,2026.07.21 23:59
2026.07.21 16:37:38,472651147,buy,0.02,XAUUSD-STDc,4053.24,610858310,copy #1003156791,out,0,0,0,5.3,Sheet3,2026.07.21 23:59
2026.07.21 16:37:39,472652127,buy,0.02,XAUUSD-STDc,4053.23,610858596,copy #1003156900,out,0,0,0,1.86,Sheet3,2026.07.21 23:59
2026.07.21 16:42:12,472709022,buy,0.02,XAUUSD-STDc,4051.06,610920623,copy #1003183292,in,0,0,0,0,Sheet3,2026.07.21 23:59
2026.07.21 16:43:29,472733611,buy,0.02,XAUUSD-STDc,4049.17,610941907,copy #1003191364,in,0,0,0,0,Sheet3,2026.07.21 23:59
2026.07.21 16:44:18,472753782,buy,0.03,XAUUSD-STDc,4046.26,610963660,copy #1003203429,in,0,0,0,0,Sheet3,2026.07.21 23:59
2026.07.21 16:49:33,472815476,sell,0.02,XAUUSD-STDc,4049.41,611025609,copy #1003233746,in,0,0,0,0,Sheet3,2026.07.21 23:59
2026.07.21 16:50:11,472819427,sell,0.02,XAUUSD-STDc,4050.59,611030505,copy #1003237131,out,0,0,0,-0.94,Sheet3,2026.07.21 23:59
2026.07.21 16:50:12,472821155,sell,0.03,XAUUSD-STDc,4050.6,611030930,copy #1003237292,out,0,0,0,13.02,Sheet3,2026.07.21 23:59
2026.07.21 16:50:12,472821330,sell,0.02,XAUUSD-STDc,4050.6,611031248,copy #1003237383,out,0,0,0,2.86,Sheet3,2026.07.21 23:59
2026.07.21 16:55:05,472894206,sell,0.02,XAUUSD-STDc,4051.56,611105474,copy #1003268237,in,0,0,0,0,Sheet3,2026.07.21 23:59
2026.07.21 17:00:11,472918625,sell,0.03,XAUUSD-STDc,4052.78,611132150,copy #1003286483,in,0,0,0,0,Sheet3,2026.07.21 23:59
2026.07.21 17:05:41,472959164,sell,0.04,XAUUSD-STDc,4055.94,611171986,copy #1003312789,in,0,0,0,0,Sheet3,2026.07.21 23:59
2026.07.21 17:06:45,472977913,sell,0.05,XAUUSD-STDc,4058.33,611191100,copy #1003323040,in,0,0,0,0,Sheet3,2026.07.21 23:59
2026.07.21 17:11:25,473022164,sell,0.06,XAUUSD-STDc,4059.69,611237291,copy #1003349579,in,0,0,0,0,Sheet3,2026.07.21 23:59
2026.07.21 17:12:33,473043586,sell,0.08,XAUUSD-STDc,4063.87,611263171,copy #1003366408,in,0,0,0,0,Sheet3,2026.07.21 23:59
2026.07.21 17:18:47,473149693,sell,0.11,XAUUSD-STDc,4066.49,611367823,copy #1003408393,in,0,0,0,0,Sheet3,2026.07.21 23:59
2026.07.21 17:22:53,473177837,buy,0.02,XAUUSD-STDc,4062.49,611397073,copy #1003426806,in,0,0,0,0,Sheet3,2026.07.21 23:59
2026.07.21 17:23:15,473180410,sell,0.02,XAUUSD-STDc,4062.79,611399002,copy #1003428608,out,0,0,0,0.6,Sheet3,2026.07.21 23:59
2026.07.21 17:25:34,473190978,buy,0.02,XAUUSD-STDc,4067.42,611413754,copy #1003437255,in,0,0,0,0,Sheet3,2026.07.21 23:59
2026.07.21 17:29:13,473222870,sell,0.02,XAUUSD-STDc,4068.67,611447503,copy #1003448366,out,0,0,0,2.5,Sheet3,2026.07.21 23:59
2026.07.21 17:31:01,473281569,sell,0.14,XAUUSD-STDc,4072.63,611504540,copy #1003474164,in,0,0,0,0,Sheet3,2026.07.21 23:59
2026.07.21 17:36:10,473341724,buy,0.02,XAUUSD-STDc,4065.66,611568641,copy #1003506779,in,0,0,0,0,Sheet3,2026.07.21 23:59
2026.07.21 17:38:31,473380665,buy,0.02,XAUUSD-STDc,4063.55,611608281,copy #1003522946,in,0,0,0,0,Sheet3,2026.07.21 23:59
2026.07.21 17:48:03,473414036,sell,0.02,XAUUSD-STDc,4068.47,611642586,copy #1003553739,out,0,0,0,9.84,Sheet3,2026.07.21 23:59
2026.07.21 17:48:03,473414054,sell,0.02,XAUUSD-STDc,4068.47,611642892,copy #1003553791,out,0,0,0,5.62,Sheet3,2026.07.21 23:59
2026.07.21 17:48:08,473418248,buy,0.02,XAUUSD-STDc,4070.48,611653253,copy #1003555686,in,0,0,0,0,Sheet3,2026.07.21 23:59
2026.07.21 17:48:09,473418899,sell,0.02,XAUUSD-STDc,4069.79,611655837,copy #1003557197,out,0,0,0,-1.38,Sheet3,2026.07.21 23:59
2026.07.21 18:18:04,473670971,sell,0.18,XAUUSD-STDc,4077.37,611909993,copy #1003669339,in,0,0,0,0,Sheet3,2026.07.21 23:59
2026.07.21 18:18:06,473671438,sell,0.23,XAUUSD-STDc,4077.51,611910299,copy #1003669585,in,0,0,0,0,Sheet3,2026.07.21 23:59
2026.07.21 18:21:47,473693867,buy,0.02,XAUUSD-STDc,4078.24,611933682,copy #1003679763,in,0,0,0,0,Sheet3,2026.07.21 23:59
2026.07.21 18:32:15,473714045,sell,0.02,XAUUSD-STDc,4079.43,611956769,copy #1003697434,out,0,0,0,2.38,Sheet3,2026.07.21 23:59
2026.07.21 18:33:10,473742237,sell,0.3,XAUUSD-STDc,4080.69,611987863,copy #1003713229,in,0,0,0,0,Sheet3,2026.07.21 23:59
2026.07.21 18:46:22,473864692,buy,0.02,XAUUSD-STDc,4075.82,612110351,copy #1003766243,in,0,0,0,0,Sheet3,2026.07.21 23:59
2026.07.21 18:49:59,473890953,buy,0.02,XAUUSD-STDc,4073.46,612137174,copy #1003779550,in,0,0,0,0,Sheet3,2026.07.21 23:59
2026.07.21 18:53:50,473912824,sell,0.02,XAUUSD-STDc,4077.94,612160297,copy #1003793165,out,0,0,0,4.24,Sheet3,2026.07.21 23:59
2026.07.21 18:53:50,473913173,sell,0.02,XAUUSD-STDc,4077.99,612160515,copy #1003793166,out,0,0,0,9.06,Sheet3,2026.07.21 23:59
2026.07.21 19:28:17,473988580,buy,0.02,XAUUSD-STDc,4075.5,612239844,copy #1003847124,in,0,0,0,0,Sheet3,2026.07.21 23:59
2026.07.21 19:37:33,474011418,buy,0.02,XAUUSD-STDc,4072.87,612263981,copy #1003861876,in,0,0,0,0,Sheet3,2026.07.21 23:59
2026.07.21 19:46:42,474028059,sell,0.02,XAUUSD-STDc,4071.12,612281847,copy #1003880144,out,0,0,0,-3.5,Sheet3,2026.07.21 23:59
2026.07.21 19:46:43,474028301,sell,0.02,XAUUSD-STDc,4071.13,612282065,copy #1003880153,out,0,0,0,-8.74,Sheet3,2026.07.21 23:59
2026.07.21 19:46:43,474028573,buy,0.3,XAUUSD-STDc,4071.56,612282282,copy #1003880180,out,0,0,0,273.9,Sheet3,2026.07.21 23:59
2026.07.21 19:46:43,474028759,buy,0.23,XAUUSD-STDc,4071.54,612282510,copy #1003880204,out,0,0,0,137.31,Sheet3,2026.07.21 23:59
2026.07.21 19:46:44,474029047,buy,0.18,XAUUSD-STDc,4071.53,612282727,copy #1003880229,out,0,0,0,105.12,Sheet3,2026.07.21 23:59
2026.07.21 19:46:44,474029225,buy,0.14,XAUUSD-STDc,4071.53,612282945,copy #1003880254,out,0,0,0,15.4,Sheet3,2026.07.21 23:59
2026.07.21 19:46:45,474029397,buy,0.11,XAUUSD-STDc,4071.58,612283183,copy #1003880380,out,0,0,0,-55.99,Sheet3,2026.07.21 23:59
2026.07.21 19:46:45,474029646,buy,0.08,XAUUSD-STDc,4071.6,612283408,copy #1003880431,out,0,0,0,-61.84,Sheet3,2026.07.21 23:59
2026.07.21 19:46:46,474029928,buy,0.06,XAUUSD-STDc,4071.65,612283645,copy #1003880531,out,0,0,0,-71.76,Sheet3,2026.07.21 23:59
2026.07.21 19:46:46,474030094,buy,0.05,XAUUSD-STDc,4071.61,612283857,copy #1003880535,out,0,0,0,-66.4,Sheet3,2026.07.21 23:59
2026.07.21 19:46:47,474030378,buy,0.04,XAUUSD-STDc,4071.6,612284082,copy #1003880614,out,0,0,0,-62.64,Sheet3,2026.07.21 23:59
2026.07.21 19:46:47,474030504,buy,0.03,XAUUSD-STDc,4071.59,612284312,copy #1003880724,out,0,0,0,-56.43,Sheet3,2026.07.21 23:59
2026.07.21 19:46:47,474030732,buy,0.02,XAUUSD-STDc,4071.59,612284531,copy #1003880740,out,0,0,0,-40.06,Sheet3,2026.07.21 23:59
2026.07.21 19:46:48,474030957,buy,0.02,XAUUSD-STDc,4071.52,612284751,copy #1003880782,out,0,0,0,-44.22,Sheet3,2026.07.21 23:59
2026.07.20 06:38:36,461428921,buy,0.02,XAUUSD-STDc,4024.41,599040889,copy #997288170,in,0,0,0,0,Sheet4,2026.07.20 23:59
2026.07.20 06:38:37,461429127,sell,0.11,XAUUSD-STDc,4023.98,599041109,copy #997288201,in,0,0,0,0,Sheet4,2026.07.20 23:59
2026.07.20 06:38:37,461429351,sell,0.08,XAUUSD-STDc,4023.9,599041333,copy #997288234,in,0,0,0,0,Sheet4,2026.07.20 23:59
2026.07.20 06:38:38,461429559,sell,0.06,XAUUSD-STDc,4023.87,599041579,copy #997288302,in,0,0,0,0,Sheet4,2026.07.20 23:59
2026.07.20 06:38:38,461429819,sell,0.05,XAUUSD-STDc,4023.86,599041864,copy #997288355,in,0,0,0,0,Sheet4,2026.07.20 23:59
2026.07.20 06:38:39,461430084,sell,0.04,XAUUSD-STDc,4023.84,599042100,copy #997288416,in,0,0,0,0,Sheet4,2026.07.20 23:59
2026.07.20 06:38:40,461430366,sell,0.03,XAUUSD-STDc,4023.85,599042322,copy #997288497,in,0,0,0,0,Sheet4,2026.07.20 23:59
2026.07.20 06:38:40,461430531,sell,0.02,XAUUSD-STDc,4023.84,599042547,copy #997288566,in,0,0,0,0,Sheet4,2026.07.20 23:59
2026.07.20 06:38:41,461430766,sell,0.02,XAUUSD-STDc,4023.84,599042771,copy #997288654,in,0,0,0,0,Sheet4,2026.07.20 23:59
2026.07.20 06:39:06,461432208,sell,0.02,XAUUSD-STDc,4023.63,599044501,copy #997289718,out,0,0,0,-1.56,Sheet4,2026.07.20 23:59
2026.07.20 07:15:03,461519291,buy,0.02,XAUUSD-STDc,4023.38,599142332,copy #997348603,in,0,0,0,0,Sheet4,2026.07.20 23:59
2026.07.20 07:27:21,461530696,sell,0.02,XAUUSD-STDc,4023.33,599155729,copy #997364270,out,0,0,0,-0.1,Sheet4,2026.07.20 23:59
2026.07.20 07:45:42,461559190,buy,0.02,XAUUSD-STDc,4021.59,599188665,copy #997390816,out,0,0,0,4.5,Sheet4,2026.07.20 23:59
2026.07.20 07:45:43,461559404,buy,0.02,XAUUSD-STDc,4021.59,599188887,copy #997390821,out,0,0,0,4.5,Sheet4,2026.07.20 23:59
2026.07.20 07:45:43,461559538,buy,0.03,XAUUSD-STDc,4021.61,599189104,copy #997390843,out,0,0,0,6.72,Sheet4,2026.07.20 23:59
2026.07.20 07:45:43,461559726,buy,0.04,XAUUSD-STDc,4021.61,599189330,copy #997390870,out,0,0,0,8.92,Sheet4,2026.07.20 23:59
2026.07.20 07:45:43,461559948,buy,0.05,XAUUSD-STDc,4021.61,599189546,copy #997390897,out,0,0,0,11.25,Sheet4,2026.07.20 23:59
2026.07.20 07:45:44,461560171,buy,0.06,XAUUSD-STDc,4021.61,599189771,copy #997390921,out,0,0,0,13.56,Sheet4,2026.07.20 23:59
2026.07.20 07:45:44,461560386,buy,0.08,XAUUSD-STDc,4021.68,599189991,copy #997390979,out,0,0,0,17.76,Sheet4,2026.07.20 23:59
2026.07.20 07:45:44,461560657,buy,0.11,XAUUSD-STDc,4021.77,599190220,copy #997391010,out,0,0,0,24.31,Sheet4,2026.07.20 23:59
2026.07.20 07:55:29,461587334,buy,0.02,XAUUSD-STDc,4022.05,599218310,copy #997409050,in,0,0,0,0,Sheet4,2026.07.20 23:59
2026.07.20 07:55:30,461587628,buy,0.02,XAUUSD-STDc,4022,599218535,copy #997409084,in,0,0,0,0,Sheet4,2026.07.20 23:59
2026.07.20 07:55:31,461587826,sell,0.11,XAUUSD-STDc,4021.51,599218758,copy #997409149,in,0,0,0,0,Sheet4,2026.07.20 23:59
2026.07.20 07:55:46,461589429,sell,0.08,XAUUSD-STDc,4019.39,599220346,copy #997409900,in,0,0,0,0,Sheet4,2026.07.20 23:59
2026.07.20 07:55:57,461596852,buy,0.11,XAUUSD-STDc,4019.36,599228861,copy #997413209,out,0,0,0,23.65,Sheet4,2026.07.20 23:59
2026.07.20 07:55:57,461597154,buy,0.08,XAUUSD-STDc,4019.36,599229079,copy #997413231,out,0,0,0,0.24,Sheet4,2026.07.20 23:59
2026.07.20 07:56:06,461598173,sell,0.06,XAUUSD-STDc,4019.15,599230169,copy #997414391,in,0,0,0,0,Sheet4,2026.07.20 23:59
2026.07.20 07:56:14,461598790,sell,0.05,XAUUSD-STDc,4019.24,599230864,copy #997414637,in,0,0,0,0,Sheet4,2026.07.20 23:59
2026.07.20 07:56:14,461598856,sell,0.02,XAUUSD-STDc,4019.24,599231079,copy #997414642,in,0,0,0,0,Sheet4,2026.07.20 23:59
2026.07.20 07:56:14,461599224,sell,0.02,XAUUSD-STDc,4019.24,599231299,copy #997414649,in,0,0,0,0,Sheet4,2026.07.20 23:59
2026.07.20 07:56:15,461599358,sell,0.03,XAUUSD-STDc,4019.24,599231516,copy #997414651,in,0,0,0,0,Sheet4,2026.07.20 23:59
2026.07.20 07:56:15,461599465,sell,0.04,XAUUSD-STDc,4019.24,599231730,copy #997414654,in,0,0,0,0,Sheet4,2026.07.20 23:59
2026.07.20 07:56:15,461599809,buy,0.02,XAUUSD-STDc,4019.68,599231968,copy #997414780,out,0,0,0,-0.88,Sheet4,2026.07.20 23:59
2026.07.20 07:56:16,461600210,buy,0.04,XAUUSD-STDc,4019.68,599232406,copy #997414847,out,0,0,0,-1.76,Sheet4,2026.07.20 23:59
2026.07.20 07:56:16,461600413,buy,0.02,XAUUSD-STDc,4019.67,599232192,copy #997414841,out,0,0,0,-0.86,Sheet4,2026.07.20 23:59
2026.07.20 07:56:17,461600604,buy,0.03,XAUUSD-STDc,4019.67,599232617,copy #997414856,out,0,0,0,-1.29,Sheet4,2026.07.20 23:59
2026.07.20 07:56:17,461600656,buy,0.06,XAUUSD-STDc,4019.67,599232835,copy #997414862,out,0,0,0,-3.12,Sheet4,2026.07.20 23:59
2026.07.20 07:56:17,461600852,buy,0.05,XAUUSD-STDc,4019.67,599233057,copy #997414863,out,0,0,0,-2.15,Sheet4,2026.07.20 23:59
2026.07.20 07:56:17,461601082,sell,0.02,XAUUSD-STDc,4019.25,599233273,copy #997414864,out,0,0,0,-5.5,Sheet4,2026.07.20 23:59
2026.07.20 07:56:17,461601330,sell,0.02,XAUUSD-STDc,4019.26,599233499,copy #997414903,out,0,0,0,-5.58,Sheet4,2026.07.20 23:59
2026.07.20 08:09:29,461668015,buy,0.03,XAUUSD-STDc,4016.73,599303031,copy #997456442,in,0,0,0,0,Sheet4,2026.07.20 23:59
2026.07.20 08:09:35,461668397,buy,0.02,XAUUSD-STDc,4016.58,599303494,copy #997456684,in,0,0,0,0,Sheet4,2026.07.20 23:59
2026.07.20 08:09:36,461668656,buy,0.02,XAUUSD-STDc,4016.58,599303731,copy #997456713,in,0,0,0,0,Sheet4,2026.07.20 23:59
2026.07.20 08:11:07,461704593,buy,0.04,XAUUSD-STDc,4015.1,599341826,copy #997468533,in,0,0,0,0,Sheet4,2026.07.20 23:59
2026.07.20 08:13:43,461753683,buy,0.05,XAUUSD-STDc,4013.57,599391826,copy #997487586,in,0,0,0,0,Sheet4,2026.07.20 23:59
2026.07.20 08:29:52,461815353,buy,0.06,XAUUSD-STDc,4011.06,599458770,copy #997522981,in,0,0,0,0,Sheet4,2026.07.20 23:59
2026.07.20 08:32:31,461856281,sell,0.02,XAUUSD-STDc,4011.01,599501286,copy #997538727,in,0,0,0,0,Sheet4,2026.07.20 23:59
2026.07.20 08:35:08,461867741,buy,0.02,XAUUSD-STDc,4009.85,599517378,copy #997544140,out,0,0,0,2.32,Sheet4,2026.07.20 23:59
2026.07.20 08:36:21,461900005,buy,0.08,XAUUSD-STDc,4009.51,599548630,copy #997555296,in,0,0,0,0,Sheet4,2026.07.20 23:59
2026.07.20 08:46:37,461941030,sell,0.02,XAUUSD-STDc,4008.65,599593853,copy #997578807,in,0,0,0,0,Sheet4,2026.07.20 23:59
2026.07.20 08:49:13,461947968,buy,0.02,XAUUSD-STDc,4007.12,599609839,copy #997584286,out,0,0,0,3.06,Sheet4,2026.07.20 23:59
2026.07.20 08:50:08,461975948,buy,0.11,XAUUSD-STDc,4006.56,599632269,copy #997596605,in,0,0,0,0,Sheet4,2026.07.20 23:59
2026.07.20 09:29:17,462157371,buy,0.14,XAUUSD-STDc,4005.76,599833039,copy #997693915,in,0,0,0,0,Sheet4,2026.07.20 23:59
2026.07.20 10:00:48,462258976,buy,0.18,XAUUSD-STDc,4003.28,599942583,copy #997760673,in,0,0,0,0,Sheet4,2026.07.20 23:59
2026.07.20 10:25:03,462344568,sell,0.02,XAUUSD-STDc,4005.79,600034087,copy #997814016,in,0,0,0,0,Sheet4,2026.07.20 23:59
2026.07.20 10:25:40,462352075,buy,0.02,XAUUSD-STDc,4005.32,600041955,copy #997818623,out,0,0,0,0.94,Sheet4,2026.07.20 23:59
2026.07.20 10:25:43,462354689,sell,0.02,XAUUSD-STDc,4004.63,600044594,copy #997819351,in,0,0,0,0,Sheet4,2026.07.20 23:59
2026.07.20 10:30:22,462395581,sell,0.14,XAUUSD-STDc,4010.54,600100388,copy #997840622,out,0,0,0,66.92,Sheet4,2026.07.20 23:59
2026.07.20 10:30:22,462395773,sell,0.06,XAUUSD-STDc,4010.62,600100606,copy #997840781,out,0,0,0,-2.64,Sheet4,2026.07.20 23:59
2026.07.20 10:30:23,462396201,sell,0.04,XAUUSD-STDc,4010.56,600101369,copy #997841023,out,0,0,0,-18.16,Sheet4,2026.07.20 23:59
2026.07.20 10:30:23,462396469,sell,0.03,XAUUSD-STDc,4010.56,600101654,copy #997841061,out,0,0,0,-18.51,Sheet4,2026.07.20 23:59
2026.07.20 10:30:23,462396514,sell,0.18,XAUUSD-STDc,4010.84,600101890,copy #997841167,out,0,0,0,136.08,Sheet4,2026.07.20 23:59
2026.07.20 10:30:23,462396824,sell,0.08,XAUUSD-STDc,4010.87,600102129,copy #997841177,out,0,0,0,10.88,Sheet4,2026.07.20 23:59
2026.07.20 10:30:23,462397396,sell,0.05,XAUUSD-STDc,4011.08,600102424,copy #997841206,out,0,0,0,-12.45,Sheet4,2026.07.20 23:59
2026.07.20 10:30:23,462397473,sell,0.02,XAUUSD-STDc,4011.38,600102660,copy #997841218,out,0,0,0,-10.4,Sheet4,2026.07.20 23:59
2026.07.20 10:30:25,462398575,sell,0.11,XAUUSD-STDc,4011.13,600103524,copy #997841225,out,0,0,0,50.27,Sheet4,2026.07.20 23:59
2026.07.20 10:30:25,462398998,sell,0.02,XAUUSD-STDc,4011.08,600103307,copy #997841221,out,0,0,0,-11,Sheet4,2026.07.20 23:59
2026.07.20 10:35:53,462541168,sell,0.02,XAUUSD-STDc,4014.12,600237344,copy #997898600,in,0,0,0,0,Sheet4,2026.07.20 23:59
2026.07.20 10:37:07,462584951,sell,0.02,XAUUSD-STDc,4016.63,600282521,copy #997912189,in,0,0,0,0,Sheet4,2026.07.20 23:59
2026.07.20 10:41:04,462642992,sell,0.03,XAUUSD-STDc,4018.4,600349964,copy #997937997,in,0,0,0,0,Sheet4,2026.07.20 23:59
2026.07.20 10:45:03,462710819,sell,0.04,XAUUSD-STDc,4019.81,600418538,copy #997962634,in,0,0,0,0,Sheet4,2026.07.20 23:59
2026.07.20 11:01:05,462828365,sell,0.05,XAUUSD-STDc,4022.05,600544118,copy #998016353,in,0,0,0,0,Sheet4,2026.07.20 23:59
2026.07.20 11:02:53,462873757,sell,0.06,XAUUSD-STDc,4023.67,600585281,copy #998032612,in,0,0,0,0,Sheet4,2026.07.20 23:59
2026.07.20 11:17:13,463016178,sell,0.08,XAUUSD-STDc,4027.03,600735832,copy #998093397,in,0,0,0,0,Sheet4,2026.07.20 23:59
2026.07.20 11:22:04,463039367,buy,0.02,XAUUSD-STDc,4025.22,600759553,copy #998107221,in,0,0,0,0,Sheet4,2026.07.20 23:59
2026.07.20 11:24:50,463046736,sell,0.02,XAUUSD-STDc,4027.37,600773642,copy #998113867,out,0,0,0,4.3,Sheet4,2026.07.20 23:59
2026.07.20 11:24:56,463052514,buy,0.02,XAUUSD-STDc,4030.99,600782491,copy #998116866,in,0,0,0,0,Sheet4,2026.07.20 23:59
2026.07.20 11:24:58,463053818,sell,0.02,XAUUSD-STDc,4029.41,600787693,copy #998119868,out,0,0,0,-3.16,Sheet4,2026.07.20 23:59
2026.07.20 11:25:01,463055708,sell,0.11,XAUUSD-STDc,4029.29,600788947,copy #998122331,in,0,0,0,0,Sheet4,2026.07.20 23:59
2026.07.20 11:30:04,463136011,buy,0.02,XAUUSD-STDc,4022.16,600863104,copy #998150273,out,0,0,0,-35.06,Sheet4,2026.07.20 23:59
2026.07.20 11:30:05,463136525,buy,0.02,XAUUSD-STDc,4022.16,600863540,copy #998150381,out,0,0,0,-11.06,Sheet4,2026.07.20 23:59
2026.07.20 11:30:05,463136620,buy,0.02,XAUUSD-STDc,4022.16,600863806,copy #998150403,out,0,0,0,-16.08,Sheet4,2026.07.20 23:59
2026.07.20 11:30:06,463137008,buy,0.04,XAUUSD-STDc,4022.19,600864105,copy #998150552,out,0,0,0,-9.52,Sheet4,2026.07.20 23:59
2026.07.20 11:30:07,463137227,buy,0.03,XAUUSD-STDc,4022.19,600864362,copy #998150654,out,0,0,0,-11.37,Sheet4,2026.07.20 23:59
2026.07.20 11:30:07,463137452,buy,0.08,XAUUSD-STDc,4022.22,600864607,copy #998150699,out,0,0,0,38.48,Sheet4,2026.07.20 23:59
2026.07.20 11:30:07,463137681,buy,0.06,XAUUSD-STDc,4022.29,600864832,copy #998150765,out,0,0,0,8.28,Sheet4,2026.07.20 23:59
2026.07.20 11:30:08,463137945,buy,0.05,XAUUSD-STDc,4022.31,600865070,copy #998150785,out,0,0,0,-1.3,Sheet4,2026.07.20 23:59
2026.07.20 11:30:08,463138194,buy,0.11,XAUUSD-STDc,4022.19,600865327,copy #998150969,out,0,0,0,78.1,Sheet4,2026.07.20 23:59
2026.07.20 11:39:23,463223758,sell,0.02,XAUUSD-STDc,4023.18,600950878,copy #998195021,in,0,0,0,0,Sheet4,2026.07.20 23:59
2026.07.20 11:46:03,463250043,buy,0.02,XAUUSD-STDc,4020.64,600980598,copy #998209786,out,0,0,0,5.08,Sheet4,2026.07.20 23:59
2026.07.20 11:53:47,463306911,buy,0.02,XAUUSD-STDc,4018.98,601038742,copy #998234367,in,0,0,0,0,Sheet4,2026.07.20 23:59
2026.07.20 12:07:03,463369778,buy,0.02,XAUUSD-STDc,4016.71,601104106,copy #998267496,in,0,0,0,0,Sheet4,2026.07.20 23:59
2026.07.20 12:14:56,463413469,sell,0.02,XAUUSD-STDc,4019.36,601148085,copy #998290317,in,0,0,0,0,Sheet4,2026.07.20 23:59
2026.07.20 12:17:23,463423388,sell,0.02,XAUUSD-STDc,4021.68,601158663,copy #998297141,out,0,0,0,9.94,Sheet4,2026.07.20 23:59
2026.07.20 12:17:23,463423455,sell,0.02,XAUUSD-STDc,4021.68,601158761,copy #998297153,out,0,0,0,5.4,Sheet4,2026.07.20 23:59
2026.07.20 12:18:47,463431626,sell,0.02,XAUUSD-STDc,4020.9,601166655,copy #998301430,in,0,0,0,0,Sheet4,2026.07.20 23:59
2026.07.20 12:27:36,463450919,buy,0.02,XAUUSD-STDc,4017.35,601192500,copy #998315156,out,0,0,0,7.1,Sheet4,2026.07.20 23:59
2026.07.20 12:27:37,463451082,buy,0.02,XAUUSD-STDc,4017.37,601193513,copy #998315172,out,0,0,0,3.98,Sheet4,2026.07.20 23:59
2026.07.20 12:30:04,463483957,buy,0.02,XAUUSD-STDc,4016.87,601221590,copy #998327146,in,0,0,0,0,Sheet4,2026.07.20 23:59
2026.07.20 12:36:05,463524919,sell,0.02,XAUUSD-STDc,4020.25,601268368,copy #998347744,out,0,0,0,6.76,Sheet4,2026.07.20 23:59
2026.07.20 12:36:10,463529314,sell,0.02,XAUUSD-STDc,4019.42,601270780,copy #998349108,in,0,0,0,0,Sheet4,2026.07.20 23:59
2026.07.20 12:50:04,463598574,sell,0.02,XAUUSD-STDc,4020.65,601344556,copy #998385895,in,0,0,0,0,Sheet4,2026.07.20 23:59
2026.07.20 13:24:56,463692929,sell,0.03,XAUUSD-STDc,4021.56,601441498,copy #998444584,in,0,0,0,0,Sheet4,2026.07.20 23:59
2026.07.20 13:54:51,463774303,sell,0.04,XAUUSD-STDc,4024.51,601529801,copy #998493449,in,0,0,0,0,Sheet4,2026.07.20 23:59
2026.07.20 14:01:44,463822769,sell,0.05,XAUUSD-STDc,4026.33,601580625,copy #998517615,in,0,0,0,0,Sheet4,2026.07.20 23:59
2026.07.20 14:11:51,463874389,buy,0.02,XAUUSD-STDc,4021.71,601634559,copy #998539884,out,0,0,0,-2.12,Sheet4,2026.07.20 23:59
2026.07.20 14:11:51,463874677,buy,0.02,XAUUSD-STDc,4021.73,601634803,copy #998539899,out,0,0,0,-4.62,Sheet4,2026.07.20 23:59
2026.07.20 14:11:51,463874864,buy,0.05,XAUUSD-STDc,4021.72,601635034,copy #998539938,out,0,0,0,23.05,Sheet4,2026.07.20 23:59
2026.07.20 14:11:52,463875139,buy,0.04,XAUUSD-STDc,4021.71,601635267,copy #998539960,out,0,0,0,11.2,Sheet4,2026.07.20 23:59
2026.07.20 14:11:52,463875270,buy,0.03,XAUUSD-STDc,4021.7,601635494,copy #998539999,out,0,0,0,-0.42,Sheet4,2026.07.20 23:59
2026.07.20 14:13:21,463901027,buy,0.02,XAUUSD-STDc,4021.3,601661037,copy #998548729,in,0,0,0,0,Sheet4,2026.07.20 23:59
2026.07.20 14:30:14,463947537,sell,0.02,XAUUSD-STDc,4025.6,601720986,copy #998577615,out,0,0,0,8.6,Sheet4,2026.07.20 23:59
2026.07.20 14:30:26,463957740,sell,0.02,XAUUSD-STDc,4029.48,601729434,copy #998585814,in,0,0,0,0,Sheet4,2026.07.20 23:59
2026.07.20 14:30:38,463968599,sell,0.02,XAUUSD-STDc,4031.26,601740239,copy #998595188,in,0,0,0,0,Sheet4,2026.07.20 23:59
2026.07.20 14:30:44,463976337,sell,0.03,XAUUSD-STDc,4030.11,601746131,copy #998600137,in,0,0,0,0,Sheet4,2026.07.20 23:59
2026.07.20 14:31:20,464009634,buy,0.03,XAUUSD-STDc,4028.19,601776913,copy #998611751,out,0,0,0,5.76,Sheet4,2026.07.20 23:59
2026.07.20 14:31:20,464009875,buy,0.02,XAUUSD-STDc,4028.08,601776524,copy #998611746,out,0,0,0,6.36,Sheet4,2026.07.20 23:59
2026.07.20 14:31:20,464009891,buy,0.02,XAUUSD-STDc,4028.08,601776852,copy #998611749,out,0,0,0,2.8,Sheet4,2026.07.20 23:59
2026.07.20 14:31:34,464022708,buy,0.02,XAUUSD-STDc,4035.82,601793718,copy #998618832,in,0,0,0,0,Sheet4,2026.07.20 23:59
2026.07.20 14:31:45,464033991,sell,0.02,XAUUSD-STDc,4032.56,601803096,copy #998623853,out,0,0,0,-6.52,Sheet4,2026.07.20 23:59
2026.07.20 14:32:07,464055204,buy,0.02,XAUUSD-STDc,4031.85,601821737,copy #998628620,in,0,0,0,0,Sheet4,2026.07.20 23:59
2026.07.20 14:32:30,464063849,sell,0.02,XAUUSD-STDc,4035.41,601835867,copy #998630920,out,0,0,0,7.12,Sheet4,2026.07.20 23:59
2026.07.20 14:34:26,464133053,sell,0.02,XAUUSD-STDc,4039.56,601908449,copy #998657687,in,0,0,0,0,Sheet4,2026.07.20 23:59
2026.07.20 14:34:44,464152199,sell,0.02,XAUUSD-STDc,4039.04,601920460,copy #998667216,in,0,0,0,0,Sheet4,2026.07.20 23:59
2026.07.20 14:35:13,464169210,buy,0.02,XAUUSD-STDc,4036.59,601937853,copy #998674107,out,0,0,0,4.9,Sheet4,2026.07.20 23:59
2026.07.20 14:35:14,464169856,buy,0.02,XAUUSD-STDc,4036.47,601938397,copy #998674144,out,0,0,0,6.18,Sheet4,2026.07.20 23:59
2026.07.20 14:37:07,464230633,buy,0.02,XAUUSD-STDc,4030.66,602003218,copy #998694849,in,0,0,0,0,Sheet4,2026.07.20 23:59
2026.07.20 14:39:28,464256809,sell,0.02,XAUUSD-STDc,4033.91,602029018,copy #998704649,out,0,0,0,6.5,Sheet4,2026.07.20 23:59
2026.07.20 14:49:09,464324097,buy,0.02,XAUUSD-STDc,4028.46,602097415,copy #998738365,in,0,0,0,0,Sheet4,2026.07.20 23:59
2026.07.20 14:51:34,464352821,buy,0.02,XAUUSD-STDc,4027.06,602126753,copy #998749748,in,0,0,0,0,Sheet4,2026.07.20 23:59
2026.07.20 15:01:02,464424463,buy,0.03,XAUUSD-STDc,4020.14,602203235,copy #998789311,in,0,0,0,0,Sheet4,2026.07.20 23:59
2026.07.20 15:02:36,464442498,buy,0.04,XAUUSD-STDc,4014.22,602226213,copy #998803568,in,0,0,0,0,Sheet4,2026.07.20 23:59
2026.07.20 15:03:37,464477085,sell,0.02,XAUUSD-STDc,4014.74,602253299,copy #998818016,in,0,0,0,0,Sheet4,2026.07.20 23:59
2026.07.20 15:03:51,464481880,buy,0.02,XAUUSD-STDc,4012.67,602259346,copy #998819793,out,0,0,0,4.14,Sheet4,2026.07.20 23:59
2026.07.20 15:15:31,464594453,buy,0.05,XAUUSD-STDc,4011.38,602380223,copy #998871659,in,0,0,0,0,Sheet4,2026.07.20 23:59
2026.07.20 15:22:27,464667812,buy,0.06,XAUUSD-STDc,4009.71,602452458,copy #998906068,in,0,0,0,0,Sheet4,2026.07.20 23:59
2026.07.20 15:27:16,464707438,sell,0.02,XAUUSD-STDc,4010.46,602492794,copy #998927062,in,0,0,0,0,Sheet4,2026.07.20 23:59
2026.07.20 15:27:47,464715037,sell,0.02,XAUUSD-STDc,4011.89,602500620,copy #998931407,in,0,0,0,0,Sheet4,2026.07.20 23:59
2026.07.20 15:36:24,464743275,sell,0.02,XAUUSD-STDc,4013.03,602529049,copy #998955867,in,0,0,0,0,Sheet4,2026.07.20 23:59
2026.07.20 15:41:05,464760572,buy,0.02,XAUUSD-STDc,4010.34,602547449,copy #998964609,out,0,0,0,0.24,Sheet4,2026.07.20 23:59
2026.07.20 15:41:06,464760783,buy,0.02,XAUUSD-STDc,4010.33,602547680,copy #998964651,out,0,0,0,5.4,Sheet4,2026.07.20 23:59
2026.07.20 15:41:06,464761016,buy,0.02,XAUUSD-STDc,4010.31,602547894,copy #998964664,out,0,0,0,3.16,Sheet4,2026.07.20 23:59
2026.07.20 15:43:33,464794967,buy,0.08,XAUUSD-STDc,4008.32,602582914,copy #998976708,in,0,0,0,0,Sheet4,2026.07.20 23:59
2026.07.20 15:45:26,464818164,sell,0.02,XAUUSD-STDc,4011.3,602607082,copy #998986147,in,0,0,0,0,Sheet4,2026.07.20 23:59
2026.07.20 15:46:36,464832591,sell,0.02,XAUUSD-STDc,4013.04,602621051,copy #998992352,in,0,0,0,0,Sheet4,2026.07.20 23:59
2026.07.20 15:48:10,464855519,sell,0.03,XAUUSD-STDc,4014.17,602643734,copy #999003192,in,0,0,0,0,Sheet4,2026.07.20 23:59
2026.07.20 15:50:39,464869454,buy,0.02,XAUUSD-STDc,4010.69,602659467,copy #999011425,out,0,0,0,1.22,Sheet4,2026.07.20 23:59
2026.07.20 15:50:39,464869603,buy,0.02,XAUUSD-STDc,4010.69,602660286,copy #999011427,out,0,0,0,4.7,Sheet4,2026.07.20 23:59
2026.07.20 15:50:39,464870454,buy,0.03,XAUUSD-STDc,4010.71,602659748,copy #999011426,out,0,0,0,10.38,Sheet4,2026.07.20 23:59
2026.07.20 15:50:47,464878174,sell,0.02,XAUUSD-STDc,4010.05,602668133,copy #999013476,in,0,0,0,0,Sheet4,2026.07.20 23:59
2026.07.20 15:56:08,464903194,buy,0.02,XAUUSD-STDc,4009.25,602693714,copy #999023862,out,0,0,0,1.6,Sheet4,2026.07.20 23:59
2026.07.20 16:07:43,464980093,sell,0.02,XAUUSD-STDc,4009.2,602772718,copy #999062348,in,0,0,0,0,Sheet4,2026.07.20 23:59
2026.07.20 16:10:57,464990809,buy,0.02,XAUUSD-STDc,4008.26,602784235,copy #999068177,out,0,0,0,1.88,Sheet4,2026.07.20 23:59
2026.07.20 16:15:22,465010524,sell,0.02,XAUUSD-STDc,4007.35,602807093,copy #999078343,in,0,0,0,0,Sheet4,2026.07.20 23:59
2026.07.20 16:31:40,465113089,sell,0.02,XAUUSD-STDc,4012.73,602911924,copy #999122977,in,0,0,0,0,Sheet4,2026.07.20 23:59
2026.07.20 16:32:30,465122533,sell,0.02,XAUUSD-STDc,4013.98,602921054,copy #999128915,in,0,0,0,0,Sheet4,2026.07.20 23:59
2026.07.20 16:35:23,465153871,buy,0.02,XAUUSD-STDc,4009.33,602955653,copy #999143540,out,0,0,0,6.8,Sheet4,2026.07.20 23:59
2026.07.20 16:35:23,465154007,buy,0.02,XAUUSD-STDc,4009.33,602955425,copy #999143527,out,0,0,0,9.3,Sheet4,2026.07.20 23:59
2026.07.20 16:35:24,465154183,buy,0.02,XAUUSD-STDc,4009.31,602956188,copy #999143592,out,0,0,0,-3.92,Sheet4,2026.07.20 23:59
2026.07.20 16:35:26,465155987,sell,0.02,XAUUSD-STDc,4008.79,602959529,copy #999145564,in,0,0,0,0,Sheet4,2026.07.20 23:59
2026.07.20 16:40:06,465199222,sell,0.02,XAUUSD-STDc,4015.88,603006757,copy #999163950,out,0,0,0,-22.36,Sheet4,2026.07.20 23:59
2026.07.20 16:40:06,465199234,sell,0.06,XAUUSD-STDc,4015.9,603006954,copy #999163958,out,0,0,0,37.14,Sheet4,2026.07.20 23:59
2026.07.20 16:40:07,465200966,sell,0.05,XAUUSD-STDc,4016.03,603007223,copy #999163991,out,0,0,0,23.25,Sheet4,2026.07.20 23:59
2026.07.20 16:40:07,465201050,sell,0.04,XAUUSD-STDc,4016.03,603007524,copy #999164031,out,0,0,0,7.24,Sheet4,2026.07.20 23:59
2026.07.20 16:40:07,465201289,sell,0.02,XAUUSD-STDc,4015.97,603008179,copy #999164147,out,0,0,0,-24.98,Sheet4,2026.07.20 23:59
2026.07.20 16:40:07,465201317,sell,0.08,XAUUSD-STDc,4015.99,603008000,copy #999164072,out,0,0,0,61.36,Sheet4,2026.07.20 23:59
2026.07.20 16:40:07,465201321,sell,0.03,XAUUSD-STDc,4015.99,603007695,copy #999164033,out,0,0,0,-12.45,Sheet4,2026.07.20 23:59
2026.07.20 16:40:20,465212551,sell,0.02,XAUUSD-STDc,4014.64,603012805,copy #999168627,in,0,0,0,0,Sheet4,2026.07.20 23:59
2026.07.20 16:46:02,465278227,buy,0.02,XAUUSD-STDc,4010.94,603080890,copy #999199897,out,0,0,0,-4.3,Sheet4,2026.07.20 23:59
2026.07.20 16:46:03,465279769,buy,0.02,XAUUSD-STDc,4010.91,603081750,copy #999200136,out,0,0,0,7.46,Sheet4,2026.07.20 23:59
2026.07.20 16:46:07,465283677,buy,0.02,XAUUSD-STDc,4011.69,603086378,copy #999201410,in,0,0,0,0,Sheet4,2026.07.20 23:59
2026.07.20 16:51:01,465328906,buy,0.02,XAUUSD-STDc,4009.72,603132587,copy #999221849,in,0,0,0,0,Sheet4,2026.07.20 23:59
2026.07.20 16:58:39,465406678,buy,0.03,XAUUSD-STDc,4007.23,603214026,copy #999253749,in,0,0,0,0,Sheet4,2026.07.20 23:59
2026.07.20 17:00:25,465433432,buy,0.04,XAUUSD-STDc,4006.5,603237498,copy #999268998,in,0,0,0,0,Sheet4,2026.07.20 23:59
2026.07.20 17:02:45,465493187,buy,0.05,XAUUSD-STDc,4002.84,603302063,copy #999291919,in,0,0,0,0,Sheet4,2026.07.20 23:59
2026.07.20 17:10:43,465597456,buy,0.06,XAUUSD-STDc,4000.87,603406043,copy #999331485,in,0,0,0,0,Sheet4,2026.07.20 23:59
2026.07.20 17:14:36,465615698,sell,0.02,XAUUSD-STDc,3998.83,603425897,copy #999343803,in,0,0,0,0,Sheet4,2026.07.20 23:59
2026.07.20 17:19:16,465639281,sell,0.02,XAUUSD-STDc,4001.3,603451482,copy #999359367,in,0,0,0,0,Sheet4,2026.07.20 23:59
2026.07.20 17:21:07,465655811,buy,0.02,XAUUSD-STDc,3999.21,603468907,copy #999367099,out,0,0,0,-0.76,Sheet4,2026.07.20 23:59
2026.07.20 17:21:08,465656034,buy,0.02,XAUUSD-STDc,3999.4,603469235,copy #999367274,out,0,0,0,3.8,Sheet4,2026.07.20 23:59
2026.07.20 17:21:14,465656977,sell,0.02,XAUUSD-STDc,3998.52,603470333,copy #999367764,in,0,0,0,0,Sheet4,2026.07.20 23:59
2026.07.20 17:29:11,465704855,buy,0.02,XAUUSD-STDc,4005.84,603519155,copy #999402095,out,0,0,0,-14.64,Sheet4,2026.07.20 23:59
2026.07.20 17:29:11,465705092,sell,0.06,XAUUSD-STDc,4005.4,603519382,copy #999402101,out,0,0,0,27.18,Sheet4,2026.07.20 23:59
2026.07.20 17:29:11,465705280,sell,0.05,XAUUSD-STDc,4005.42,603519600,copy #999402137,out,0,0,0,12.9,Sheet4,2026.07.20 23:59
2026.07.20 17:29:12,465705586,sell,0.04,XAUUSD-STDc,4005.41,603519821,copy #999402159,out,0,0,0,-4.36,Sheet4,2026.07.20 23:59
2026.07.20 17:29:12,465705678,sell,0.03,XAUUSD-STDc,4005.42,603520038,copy #999402182,out,0,0,0,-5.43,Sheet4,2026.07.20 23:59
2026.07.20 17:29:12,465705955,sell,0.02,XAUUSD-STDc,4005.45,603520262,copy #999402212,out,0,0,0,-8.54,Sheet4,2026.07.20 23:59
2026.07.20 17:29:12,465706229,sell,0.02,XAUUSD-STDc,4005.46,603520479,copy #999402249,out,0,0,0,-12.46,Sheet4,2026.07.20 23:59
2026.07.20 17:39:21,465754867,sell,0.02,XAUUSD-STDc,4009.88,603569811,copy #999446293,in,0,0,0,0,Sheet4,2026.07.20 23:59
2026.07.20 17:45:04,465770936,buy,0.02,XAUUSD-STDc,4007.49,603587012,copy #999464450,out,0,0,0,4.78,Sheet4,2026.07.20 23:59
2026.07.20 17:47:58,465806501,sell,0.02,XAUUSD-STDc,4011.35,603623064,copy #999484182,in,0,0,0,0,Sheet4,2026.07.20 23:59
2026.07.20 17:55:02,465829632,buy,0.02,XAUUSD-STDc,4008.05,603648319,copy #999506208,out,0,0,0,6.6,Sheet4,2026.07.20 23:59
2026.07.20 17:56:13,465847445,buy,0.02,XAUUSD-STDc,4008.27,603664976,copy #999515912,in,0,0,0,0,Sheet4,2026.07.20 23:59
2026.07.20 17:59:14,465882325,buy,0.02,XAUUSD-STDc,4006.64,603699838,copy #999532960,in,0,0,0,0,Sheet4,2026.07.20 23:59
2026.07.20 18:02:46,465921865,sell,0.02,XAUUSD-STDc,4010.03,603740327,copy #999554112,out,0,0,0,6.78,Sheet4,2026.07.20 23:59
2026.07.20 18:02:46,465921988,sell,0.02,XAUUSD-STDc,4010.03,603740550,copy #999554117,out,0,0,0,3.52,Sheet4,2026.07.20 23:59
2026.07.20 18:03:30,465928748,sell,0.02,XAUUSD-STDc,4009.09,603747261,copy #999558368,in,0,0,0,0,Sheet4,2026.07.20 23:59
2026.07.20 18:09:03,465954578,sell,0.02,XAUUSD-STDc,4013.03,603777513,copy #999580187,in,0,0,0,0,Sheet4,2026.07.20 23:59
2026.07.20 18:09:53,465977568,sell,0.03,XAUUSD-STDc,4016.68,603803911,copy #999593036,in,0,0,0,0,Sheet4,2026.07.20 23:59
2026.07.20 18:10:03,465988374,sell,0.04,XAUUSD-STDc,4017.62,603814136,copy #999601066,in,0,0,0,0,Sheet4,2026.07.20 23:59
2026.07.20 18:12:26,466056342,buy,0.02,XAUUSD-STDc,4012.83,603878214,copy #999619266,out,0,0,0,-7.48,Sheet4,2026.07.20 23:59
2026.07.20 18:12:26,466056596,buy,0.03,XAUUSD-STDc,4012.83,603878435,copy #999619282,out,0,0,0,11.55,Sheet4,2026.07.20 23:59
2026.07.20 18:12:27,466057133,buy,0.02,XAUUSD-STDc,4012.87,603878686,copy #999619298,out,0,0,0,0.32,Sheet4,2026.07.20 23:59
2026.07.20 18:12:27,466058643,buy,0.04,XAUUSD-STDc,4013.14,603878974,copy #999619308,out,0,0,0,17.92,Sheet4,2026.07.20 23:59
2026.07.20 18:26:24,466114889,sell,0.02,XAUUSD-STDc,4014.97,603936453,copy #999657479,in,0,0,0,0,Sheet4,2026.07.20 23:59
2026.07.20 18:35:05,466146633,buy,0.02,XAUUSD-STDc,4012.8,603969827,copy #999676402,out,0,0,0,4.34,Sheet4,2026.07.20 23:59
2026.07.20 18:39:02,466166799,buy,0.02,XAUUSD-STDc,4011.85,603991210,copy #999686866,in,0,0,0,0,Sheet4,2026.07.20 23:59
2026.07.20 18:46:41,466200496,sell,0.02,XAUUSD-STDc,4014.85,604026094,copy #999704235,out,0,0,0,6,Sheet4,2026.07.20 23:59
2026.07.20 19:25:25,466356624,buy,0.02,XAUUSD-STDc,4012.28,604188422,copy #999797348,in,0,0,0,0,Sheet4,2026.07.20 23:59
2026.07.20 19:35:47,466388905,buy,0.02,XAUUSD-STDc,4011.12,604222353,copy #999816409,in,0,0,0,0,Sheet4,2026.07.20 23:59
2026.07.20 19:41:35,466405185,buy,0.03,XAUUSD-STDc,4004.03,604246568,copy #999832058,in,0,0,0,0,Sheet4,2026.07.20 23:59
2026.07.20 19:41:54,466422451,sell,0.02,XAUUSD-STDc,4004.64,604260216,copy #999841661,in,0,0,0,0,Sheet4,2026.07.20 23:59
2026.07.20 19:42:30,466450308,sell,0.02,XAUUSD-STDc,4007.51,604285028,copy #999846746,in,0,0,0,0,Sheet4,2026.07.20 23:59
2026.07.20 19:42:58,466461378,sell,0.03,XAUUSD-STDc,4008.83,604296434,copy #999849907,in,0,0,0,0,Sheet4,2026.07.20 23:59
2026.07.20 20:00:17,466489028,sell,0.02,XAUUSD-STDc,4010.94,604329064,copy #999878319,out,0,0,0,-2.68,Sheet4,2026.07.20 23:59
2026.07.20 20:00:18,466489806,sell,0.03,XAUUSD-STDc,4010.45,604329719,copy #999878426,out,0,0,0,19.26,Sheet4,2026.07.20 23:59
2026.07.20 20:00:18,466489881,sell,0.02,XAUUSD-STDc,4010.45,604330046,copy #999878444,out,0,0,0,-1.34,Sheet4,2026.07.20 23:59
2026.07.20 20:01:05,466510808,sell,0.04,XAUUSD-STDc,4010.82,604348549,copy #999884921,in,0,0,0,0,Sheet4,2026.07.20 23:59
2026.07.20 20:44:57,466574706,buy,0.04,XAUUSD-STDc,4008.1,604418998,copy #999937807,out,0,0,0,10.88,Sheet4,2026.07.20 23:59
2026.07.20 20:44:57,466574887,buy,0.03,XAUUSD-STDc,4008.1,604419237,copy #999937826,out,0,0,0,2.19,Sheet4,2026.07.20 23:59
2026.07.20 20:44:57,466575379,buy,0.02,XAUUSD-STDc,4008.24,604419833,copy #999937855,out,0,0,0,-1.46,Sheet4,2026.07.20 23:59
2026.07.20 20:44:58,466575716,buy,0.02,XAUUSD-STDc,4008.36,604419994,copy #999937895,out,0,0,0,-7.44,Sheet4,2026.07.20 23:59
2026.07.17 06:28:12,455787939,sell,0.14,XAUUSD-STDc,4000.7,593001670,copy #993198364,in,0,0,0,0,Sheet5,2026.07.17 23:59
2026.07.17 06:28:13,455788059,sell,0.11,XAUUSD-STDc,4000.68,593001904,copy #993198398,in,0,0,0,0,Sheet5,2026.07.17 23:59
2026.07.17 06:28:13,455788318,sell,0.08,XAUUSD-STDc,4000.54,593002145,copy #993198445,in,0,0,0,0,Sheet5,2026.07.17 23:59
2026.07.17 06:28:14,455788746,sell,0.06,XAUUSD-STDc,4000.68,593002579,copy #993198540,in,0,0,0,0,Sheet5,2026.07.17 23:59
2026.07.17 06:28:15,455789030,sell,0.05,XAUUSD-STDc,4000.44,593002842,copy #993198674,in,0,0,0,0,Sheet5,2026.07.17 23:59
2026.07.17 06:28:16,455789302,sell,0.04,XAUUSD-STDc,4000.42,593003148,copy #993198914,in,0,0,0,0,Sheet5,2026.07.17 23:59
2026.07.17 06:28:22,455789644,sell,0.03,XAUUSD-STDc,4000.76,593003769,copy #993199339,in,0,0,0,0,Sheet5,2026.07.17 23:59
2026.07.17 06:34:05,455838782,buy,0.03,XAUUSD-STDc,3997.8,593055353,copy #993224034,out,0,0,0,8.88,Sheet5,2026.07.17 23:59
2026.07.17 06:34:05,455838828,buy,0.04,XAUUSD-STDc,3997.8,593055563,copy #993224047,out,0,0,0,10.48,Sheet5,2026.07.17 23:59
2026.07.17 06:34:06,455839041,buy,0.05,XAUUSD-STDc,3997.83,593055782,copy #993224090,out,0,0,0,13.05,Sheet5,2026.07.17 23:59
2026.07.17 06:34:06,455839366,buy,0.06,XAUUSD-STDc,3997.81,593055991,copy #993224111,out,0,0,0,17.22,Sheet5,2026.07.17 23:59
2026.07.17 06:34:06,455839534,buy,0.08,XAUUSD-STDc,3997.85,593056203,copy #993224142,out,0,0,0,21.52,Sheet5,2026.07.17 23:59
2026.07.17 06:34:07,455839746,buy,0.11,XAUUSD-STDc,3997.87,593056420,copy #993224179,out,0,0,0,30.91,Sheet5,2026.07.17 23:59
2026.07.17 06:34:07,455839942,buy,0.14,XAUUSD-STDc,3997.88,593056629,copy #993224241,out,0,0,0,39.48,Sheet5,2026.07.17 23:59
2026.07.17 07:23:15,456043489,buy,0.06,XAUUSD-STDc,3988.26,593272013,copy #993347617,in,0,0,0,0,Sheet5,2026.07.17 23:59
2026.07.17 07:23:15,456043597,buy,0.05,XAUUSD-STDc,3988.15,593272238,copy #993347646,in,0,0,0,0,Sheet5,2026.07.17 23:59
2026.07.17 07:23:16,456043931,buy,0.04,XAUUSD-STDc,3988.12,593272468,copy #993347701,in,0,0,0,0,Sheet5,2026.07.17 23:59
2026.07.17 07:23:17,456044031,buy,0.03,XAUUSD-STDc,3988.21,593272686,copy #993347765,in,0,0,0,0,Sheet5,2026.07.17 23:59
2026.07.17 07:24:21,456053707,buy,0.08,XAUUSD-STDc,3987.2,593283144,copy #993353327,in,0,0,0,0,Sheet5,2026.07.17 23:59
2026.07.17 07:34:59,456089936,buy,0.11,XAUUSD-STDc,3985.27,593323309,copy #993377723,in,0,0,0,0,Sheet5,2026.07.17 23:59
2026.07.17 07:38:56,456120744,buy,0.14,XAUUSD-STDc,3982.73,593357655,copy #993394295,in,0,0,0,0,Sheet5,2026.07.17 23:59
2026.07.17 08:07:30,456209474,buy,0.18,XAUUSD-STDc,3979.35,593452769,copy #993452051,in,0,0,0,0,Sheet5,2026.07.17 23:59
2026.07.17 08:17:04,456252372,buy,0.23,XAUUSD-STDc,3977.52,593500065,copy #993474468,in,0,0,0,0,Sheet5,2026.07.17 23:59
2026.07.17 08:30:46,456351330,sell,0.23,XAUUSD-STDc,3983.83,593610291,copy #993531999,out,0,0,0,145.13,Sheet5,2026.07.17 23:59
2026.07.17 08:30:46,456351622,sell,0.05,XAUUSD-STDc,3984.02,593610001,copy #993531983,out,0,0,0,-20.65,Sheet5,2026.07.17 23:59
2026.07.17 08:30:46,456351824,sell,0.11,XAUUSD-STDc,3984.02,593610146,copy #993531994,out,0,0,0,-13.75,Sheet5,2026.07.17 23:59
2026.07.17 08:30:46,456351890,sell,0.14,XAUUSD-STDc,3984.02,593610594,copy #993532005,out,0,0,0,18.06,Sheet5,2026.07.17 23:59
2026.07.17 08:30:46,456351914,sell,0.06,XAUUSD-STDc,3984.02,593608708,copy #993531969,out,0,0,0,-25.44,Sheet5,2026.07.17 23:59
2026.07.17 08:30:46,456351921,sell,0.08,XAUUSD-STDc,3984.02,593609834,copy #993531971,out,0,0,0,-25.44,Sheet5,2026.07.17 23:59
2026.07.17 08:30:46,456351939,sell,0.04,XAUUSD-STDc,3984.02,593609905,copy #993531980,out,0,0,0,-16.4,Sheet5,2026.07.17 23:59
2026.07.17 08:30:46,456352347,sell,0.03,XAUUSD-STDc,3984.02,593610092,copy #993531993,out,0,0,0,-12.57,Sheet5,2026.07.17 23:59
2026.07.17 08:30:46,456352561,sell,0.18,XAUUSD-STDc,3984.02,593610424,copy #993532002,out,0,0,0,84.06,Sheet5,2026.07.17 23:59
2026.07.17 08:30:47,456353919,buy,0.19,XAUUSD-STDc,3984.83,593612324,copy #993534505,in,0,0,0,0,Sheet5,2026.07.17 23:59
2026.07.17 08:30:47,456354696,sell,0.19,XAUUSD-STDc,3984.59,593613100,copy #993534916,out,0,0,0,-4.56,Sheet5,2026.07.17 23:59
2026.07.17 08:30:49,456356246,buy,0.16,XAUUSD-STDc,3985.53,593614454,copy #993535282,in,0,0,0,0,Sheet5,2026.07.17 23:59
2026.07.17 08:30:49,456357172,sell,0.16,XAUUSD-STDc,3984.35,593615580,copy #993535513,out,0,0,0,-18.88,Sheet5,2026.07.17 23:59
2026.07.17 09:11:36,456764685,sell,0.03,XAUUSD-STDc,3998.01,594058322,copy #993734781,in,0,0,0,0,Sheet5,2026.07.17 23:59
2026.07.17 09:18:36,456808634,sell,0.04,XAUUSD-STDc,4001.13,594121508,copy #993763144,in,0,0,0,0,Sheet5,2026.07.17 23:59
2026.07.17 09:20:47,456822905,sell,0.05,XAUUSD-STDc,4003.38,594143484,copy #993774023,in,0,0,0,0,Sheet5,2026.07.17 23:59
2026.07.17 09:23:16,456847112,sell,0.06,XAUUSD-STDc,4004.14,594171523,copy #993786577,in,0,0,0,0,Sheet5,2026.07.17 23:59
2026.07.17 09:30:32,456888466,sell,0.08,XAUUSD-STDc,4004.74,594217259,copy #993810597,in,0,0,0,0,Sheet5,2026.07.17 23:59
2026.07.17 09:37:08,456929950,buy,0.03,XAUUSD-STDc,4001.21,594269922,copy #993835338,out,0,0,0,-9.6,Sheet5,2026.07.17 23:59
2026.07.17 09:37:08,456930128,buy,0.06,XAUUSD-STDc,4001.22,594270351,copy #993835349,out,0,0,0,17.52,Sheet5,2026.07.17 23:59
2026.07.17 09:37:08,456930151,buy,0.08,XAUUSD-STDc,4001.22,594270139,copy #993835339,out,0,0,0,28.16,Sheet5,2026.07.17 23:59
2026.07.17 09:37:09,456930454,buy,0.04,XAUUSD-STDc,4001.22,594270573,copy #993835350,out,0,0,0,-0.36,Sheet5,2026.07.17 23:59
2026.07.17 09:37:09,456930533,buy,0.05,XAUUSD-STDc,4001.22,594270782,copy #993835353,out,0,0,0,10.8,Sheet5,2026.07.17 23:59
2026.07.17 11:28:24,457456763,buy,0.03,XAUUSD-STDc,3989.96,594820235,copy #994190238,in,0,0,0,0,Sheet5,2026.07.17 23:59
2026.07.17 11:47:19,457533070,sell,0.03,XAUUSD-STDc,3993.64,594898364,copy #994240851,out,0,0,0,11.04,Sheet5,2026.07.17 23:59
2026.07.17 13:52:51,457839282,buy,0.03,XAUUSD-STDc,3992.82,595218810,copy #994523845,in,0,0,0,0,Sheet5,2026.07.17 23:59
2026.07.17 14:54:23,457944213,sell,0.03,XAUUSD-STDc,3997.12,595337114,copy #994648118,out,0,0,0,12.9,Sheet5,2026.07.17 23:59
2026.07.17 15:20:59,458035452,buy,0.03,XAUUSD-STDc,3987.9,595433390,copy #994731533,in,0,0,0,0,Sheet5,2026.07.17 23:59
2026.07.17 15:22:27,458047611,buy,0.04,XAUUSD-STDc,3986.74,595446468,copy #994742221,in,0,0,0,0,Sheet5,2026.07.17 23:59
2026.07.17 15:33:03,458076779,buy,0.05,XAUUSD-STDc,3983.4,595478367,copy #994775341,in,0,0,0,0,Sheet5,2026.07.17 23:59
2026.07.17 15:38:03,458090707,buy,0.06,XAUUSD-STDc,3980.96,595493761,copy #994792711,in,0,0,0,0,Sheet5,2026.07.17 23:59
2026.07.17 15:41:43,458105763,buy,0.08,XAUUSD-STDc,3977.12,595510497,copy #994813644,in,0,0,0,0,Sheet5,2026.07.17 23:59
2026.07.17 15:42:52,458116492,buy,0.11,XAUUSD-STDc,3973.82,595521627,copy #994824015,in,0,0,0,0,Sheet5,2026.07.17 23:59
2026.07.17 15:43:13,458128531,buy,0.14,XAUUSD-STDc,3968.84,595533806,copy #994835792,in,0,0,0,0,Sheet5,2026.07.17 23:59
2026.07.17 15:50:47,458170674,buy,0.18,XAUUSD-STDc,3966.05,595578425,copy #994885321,in,0,0,0,0,Sheet5,2026.07.17 23:59
2026.07.17 16:00:11,458202813,buy,0.23,XAUUSD-STDc,3964.5,595612761,copy #994924990,in,0,0,0,0,Sheet5,2026.07.17 23:59
2026.07.17 16:01:48,458219041,buy,0.3,XAUUSD-STDc,3960.62,595630109,copy #994940448,in,0,0,0,0,Sheet5,2026.07.17 23:59
2026.07.17 16:03:55,458234516,sell,0.06,XAUUSD-STDc,3969.8,595645676,copy #994958007,out,0,0,0,-66.96,Sheet5,2026.07.17 23:59
2026.07.17 16:03:55,458234770,sell,0.03,XAUUSD-STDc,3969.8,595645890,copy #994958009,out,0,0,0,-54.3,Sheet5,2026.07.17 23:59
2026.07.17 16:03:55,458234841,sell,0.23,XAUUSD-STDc,3969.8,595646106,copy #994958011,out,0,0,0,121.9,Sheet5,2026.07.17 23:59
2026.07.17 16:03:56,458235197,sell,0.18,XAUUSD-STDc,3969.81,595646315,copy #994958013,out,0,0,0,67.68,Sheet5,2026.07.17 23:59
2026.07.17 16:03:56,458235492,sell,0.11,XAUUSD-STDc,3969.98,595646531,copy #994958014,out,0,0,0,-42.24,Sheet5,2026.07.17 23:59
2026.07.17 16:03:56,458235787,sell,0.05,XAUUSD-STDc,3970.02,595646741,copy #994958017,out,0,0,0,-66.9,Sheet5,2026.07.17 23:59
2026.07.17 16:03:56,458235857,sell,0.04,XAUUSD-STDc,3970.09,595647168,copy #994958021,out,0,0,0,-66.6,Sheet5,2026.07.17 23:59
2026.07.17 16:03:56,458235872,sell,0.14,XAUUSD-STDc,3970.09,595646960,copy #994958018,out,0,0,0,17.5,Sheet5,2026.07.17 23:59
2026.07.17 16:03:56,458236406,sell,0.3,XAUUSD-STDc,3970.51,595647602,copy #994958026,out,0,0,0,296.7,Sheet5,2026.07.17 23:59
2026.07.17 16:03:56,458236442,sell,0.08,XAUUSD-STDc,3970.51,595647390,copy #994958023,out,0,0,0,-52.88,Sheet5,2026.07.17 23:59
2026.07.17 16:04:42,458263966,sell,0.03,XAUUSD-STDc,3973.86,595674938,copy #994972774,in,0,0,0,0,Sheet5,2026.07.17 23:59
2026.07.17 16:11:04,458300671,buy,0.03,XAUUSD-STDc,3968.19,595714058,copy #995008647,out,0,0,0,17.01,Sheet5,2026.07.17 23:59
2026.07.17 16:38:14,458483445,sell,0.03,XAUUSD-STDc,3984.37,595905089,copy #995176192,in,0,0,0,0,Sheet5,2026.07.17 23:59
2026.07.17 16:38:20,458485616,sell,0.04,XAUUSD-STDc,3985.94,595907173,copy #995178388,in,0,0,0,0,Sheet5,2026.07.17 23:59
2026.07.17 16:38:36,458492383,sell,0.05,XAUUSD-STDc,3988.83,595914382,copy #995185805,in,0,0,0,0,Sheet5,2026.07.17 23:59
2026.07.17 16:39:03,458499758,sell,0.06,XAUUSD-STDc,3990.74,595922081,copy #995193934,in,0,0,0,0,Sheet5,2026.07.17 23:59
2026.07.17 16:39:25,458511585,sell,0.08,XAUUSD-STDc,4001.33,595934109,copy #995205136,in,0,0,0,0,Sheet5,2026.07.17 23:59
2026.07.17 16:39:34,458515725,sell,0.11,XAUUSD-STDc,3998.69,595938157,copy #995210927,in,0,0,0,0,Sheet5,2026.07.17 23:59
2026.07.17 16:40:04,458525190,buy,0.04,XAUUSD-STDc,3991.58,595947885,copy #995220857,out,0,0,0,-22.56,Sheet5,2026.07.17 23:59
2026.07.17 16:40:04,458525500,buy,0.03,XAUUSD-STDc,3992.05,595948036,copy #995220865,out,0,0,0,-23.04,Sheet5,2026.07.17 23:59
2026.07.17 16:40:04,458525592,buy,0.11,XAUUSD-STDc,3992.05,595948399,copy #995220886,out,0,0,0,73.04,Sheet5,2026.07.17 23:59
2026.07.17 16:40:04,458525990,buy,0.08,XAUUSD-STDc,3991.52,595948595,copy #995220911,out,0,0,0,78.48,Sheet5,2026.07.17 23:59
2026.07.17 16:40:05,458526457,buy,0.06,XAUUSD-STDc,3991.49,595948922,copy #995220939,out,0,0,0,-4.5,Sheet5,2026.07.17 23:59
2026.07.17 16:40:05,458526710,buy,0.05,XAUUSD-STDc,3991.27,595949110,copy #995220954,out,0,0,0,-12.2,Sheet5,2026.07.17 23:59
2026.07.17 16:41:14,458559559,buy,0.03,XAUUSD-STDc,3987.6,595981535,copy #995237298,in,0,0,0,0,Sheet5,2026.07.17 23:59
2026.07.17 16:42:46,458583740,buy,0.04,XAUUSD-STDc,3985.92,596005834,copy #995249785,in,0,0,0,0,Sheet5,2026.07.17 23:59
2026.07.17 16:44:18,458594387,buy,0.05,XAUUSD-STDc,3984.23,596016349,copy #995257491,in,0,0,0,0,Sheet5,2026.07.17 23:59
2026.07.17 16:49:00,458623399,sell,0.05,XAUUSD-STDc,3989.83,596048068,copy #995283367,out,0,0,0,28,Sheet5,2026.07.17 23:59
2026.07.17 16:49:00,458624538,sell,0.03,XAUUSD-STDc,3989.85,596048834,copy #995283392,out,0,0,0,6.75,Sheet5,2026.07.17 23:59
2026.07.17 16:49:00,458624597,sell,0.04,XAUUSD-STDc,3989.85,596048637,copy #995283378,out,0,0,0,15.72,Sheet5,2026.07.17 23:59
2026.07.17 16:50:47,458635891,sell,0.03,XAUUSD-STDc,3991.34,596059826,copy #995292662,in,0,0,0,0,Sheet5,2026.07.17 23:59
2026.07.17 16:53:44,458650298,sell,0.04,XAUUSD-STDc,3992.52,596074779,copy #995308282,in,0,0,0,0,Sheet5,2026.07.17 23:59
2026.07.17 16:54:50,458658627,buy,0.04,XAUUSD-STDc,3988.65,596083197,copy #995314012,out,0,0,0,15.48,Sheet5,2026.07.17 23:59
2026.07.17 16:54:50,458658774,buy,0.03,XAUUSD-STDc,3988.66,596083344,copy #995314027,out,0,0,0,8.04,Sheet5,2026.07.17 23:59
2026.07.17 17:00:11,458682120,sell,0.03,XAUUSD-STDc,3997.95,596108377,copy #995340682,in,0,0,0,0,Sheet5,2026.07.17 23:59
2026.07.17 17:01:33,458696593,buy,0.03,XAUUSD-STDc,3993.23,596123889,copy #995352138,out,0,0,0,14.16,Sheet5,2026.07.17 23:59
2026.07.17 18:08:24,459028930,buy,0.02,XAUUSD-STDc,4006.2,596473620,copy #995659103,in,0,0,0,0,Sheet5,2026.07.17 23:59
2026.07.17 18:08:26,459029547,sell,0.02,XAUUSD-STDc,4006.35,596474330,copy #995659345,in,0,0,0,0,Sheet5,2026.07.17 23:59
2026.07.17 18:08:30,459030047,sell,0.02,XAUUSD-STDc,4006.26,596474850,copy #995659834,in,0,0,0,0,Sheet5,2026.07.17 23:59
2026.07.17 18:08:52,459032971,sell,0.03,XAUUSD-STDc,4006.04,596477995,copy #995661958,in,0,0,0,0,Sheet5,2026.07.17 23:59
2026.07.17 18:10:13,459043121,sell,0.02,XAUUSD-STDc,4010.36,596488648,copy #995668908,out,0,0,0,8.32,Sheet5,2026.07.17 23:59
2026.07.17 18:10:56,459049295,sell,0.04,XAUUSD-STDc,4010.74,596495200,copy #995674319,in,0,0,0,0,Sheet5,2026.07.17 23:59
2026.07.17 18:12:31,459059276,buy,0.02,XAUUSD-STDc,4007.19,596505756,copy #995681786,in,0,0,0,0,Sheet5,2026.07.17 23:59
2026.07.17 18:13:56,459062425,buy,0.02,XAUUSD-STDc,4004.1,596509315,copy #995685046,out,0,0,0,4.32,Sheet5,2026.07.17 23:59
2026.07.17 18:13:56,459062868,buy,0.03,XAUUSD-STDc,4004,596509759,copy #995685053,out,0,0,0,6.12,Sheet5,2026.07.17 23:59
2026.07.17 18:13:56,459062913,buy,0.04,XAUUSD-STDc,4004,596509542,copy #995685049,out,0,0,0,26.96,Sheet5,2026.07.17 23:59
2026.07.17 18:13:57,459063074,buy,0.02,XAUUSD-STDc,4004,596509973,copy #995685054,out,0,0,0,4.7,Sheet5,2026.07.17 23:59
2026.07.17 18:14:21,459064902,buy,0.02,XAUUSD-STDc,4004.49,596511950,copy #995687462,in,0,0,0,0,Sheet5,2026.07.17 23:59
2026.07.17 18:18:15,459069680,sell,0.02,XAUUSD-STDc,4007.29,596517897,copy #995698026,in,0,0,0,0,Sheet5,2026.07.17 23:59
2026.07.17 18:21:00,459072947,sell,0.02,XAUUSD-STDc,4008.98,596522067,copy #995704344,out,0,0,0,3.58,Sheet5,2026.07.17 23:59
2026.07.17 18:21:00,459073150,sell,0.02,XAUUSD-STDc,4009.03,596522605,copy #995704355,out,0,0,0,9.08,Sheet5,2026.07.17 23:59
2026.07.17 18:21:23,459076336,sell,0.02,XAUUSD-STDc,4008.59,596525689,copy #995707872,in,0,0,0,0,Sheet5,2026.07.17 23:59
2026.07.17 18:22:35,459085111,sell,0.03,XAUUSD-STDc,4011.43,596535257,copy #995715900,in,0,0,0,0,Sheet5,2026.07.17 23:59
2026.07.17 18:23:55,459090126,buy,0.02,XAUUSD-STDc,4009.02,596540789,copy #995721019,in,0,0,0,0,Sheet5,2026.07.17 23:59
2026.07.17 18:25:25,459092331,buy,0.02,XAUUSD-STDc,4007.19,596543231,copy #995723616,out,0,0,0,2.8,Sheet5,2026.07.17 23:59
2026.07.17 18:25:25,459092528,buy,0.02,XAUUSD-STDc,4007.12,596543415,copy #995723621,out,0,0,0,0.34,Sheet5,2026.07.17 23:59
2026.07.17 18:25:25,459092576,buy,0.03,XAUUSD-STDc,4007.12,596543639,copy #995723634,out,0,0,0,12.93,Sheet5,2026.07.17 23:59
2026.07.17 18:27:26,459100055,sell,0.02,XAUUSD-STDc,4010.18,596551898,copy #995731293,out,0,0,0,2.32,Sheet5,2026.07.17 23:59
2026.07.16 04:41:08,447969551,sell,0.04,XAUUSD-STDc,4044.07,584826985,copy #988821186,in,0,0,0,0,Sheet6,2026.07.16 23:59
2026.07.16 04:41:08,447969747,sell,0.03,XAUUSD-STDc,4044.16,584827202,copy #988821254,in,0,0,0,0,Sheet6,2026.07.16 23:59
2026.07.16 04:41:09,447970078,sell,0.02,XAUUSD-STDc,4044.22,584827416,copy #988821284,in,0,0,0,0,Sheet6,2026.07.16 23:59
2026.07.16 04:41:10,447970642,sell,0.02,XAUUSD-STDc,4044.77,584828063,copy #988821318,in,0,0,0,0,Sheet6,2026.07.16 23:59
2026.07.16 04:46:14,448004639,buy,0.02,XAUUSD-STDc,4041.92,584865110,copy #988837162,in,0,0,0,0,Sheet6,2026.07.16 23:59
2026.07.16 04:50:08,448026266,buy,0.04,XAUUSD-STDc,4040.12,584888990,copy #988845989,out,0,0,0,15.8,Sheet6,2026.07.16 23:59
2026.07.16 04:50:09,448026401,buy,0.03,XAUUSD-STDc,4040.12,584889285,copy #988846003,out,0,0,0,12.12,Sheet6,2026.07.16 23:59
2026.07.16 04:50:09,448026589,buy,0.02,XAUUSD-STDc,4040.12,584889151,copy #988845992,out,0,0,0,9.3,Sheet6,2026.07.16 23:59
2026.07.16 04:50:09,448026604,buy,0.02,XAUUSD-STDc,4040.12,584888760,copy #988845976,out,0,0,0,8.2,Sheet6,2026.07.16 23:59
2026.07.16 04:53:26,448059047,buy,0.02,XAUUSD-STDc,4038.68,584925119,copy #988857561,in,0,0,0,0,Sheet6,2026.07.16 23:59
2026.07.16 05:06:43,448134434,buy,0.03,XAUUSD-STDc,4035.25,585002263,copy #988891255,in,0,0,0,0,Sheet6,2026.07.16 23:59
2026.07.16 05:11:43,448169111,buy,0.04,XAUUSD-STDc,4033.71,585040135,copy #988906433,in,0,0,0,0,Sheet6,2026.07.16 23:59
2026.07.16 05:16:24,448219760,buy,0.05,XAUUSD-STDc,4030.46,585094088,copy #988926811,in,0,0,0,0,Sheet6,2026.07.16 23:59
2026.07.16 05:23:24,448256304,sell,0.02,XAUUSD-STDc,4033.74,585132342,copy #988947874,in,0,0,0,0,Sheet6,2026.07.16 23:59
2026.07.16 05:32:17,448290522,buy,0.02,XAUUSD-STDc,4031.17,585173141,copy #988970473,out,0,0,0,5.14,Sheet6,2026.07.16 23:59
2026.07.16 05:39:21,448353511,buy,0.06,XAUUSD-STDc,4027.52,585239637,copy #988996900,in,0,0,0,0,Sheet6,2026.07.16 23:59
2026.07.16 05:41:52,448379868,buy,0.08,XAUUSD-STDc,4025.62,585270826,copy #989010363,in,0,0,0,0,Sheet6,2026.07.16 23:59
2026.07.16 05:50:24,448414281,sell,0.02,XAUUSD-STDc,4028.98,585307037,copy #989033989,in,0,0,0,0,Sheet6,2026.07.16 23:59
2026.07.16 05:51:58,448422119,buy,0.02,XAUUSD-STDc,4026.62,585315791,copy #989039205,out,0,0,0,4.72,Sheet6,2026.07.16 23:59
2026.07.16 05:52:02,448425471,sell,0.02,XAUUSD-STDc,4024.91,585323597,copy #989040696,in,0,0,0,0,Sheet6,2026.07.16 23:59
2026.07.16 06:06:02,448497518,sell,0.02,XAUUSD-STDc,4032.43,585394829,copy #989073186,out,0,0,0,-18.98,Sheet6,2026.07.16 23:59
2026.07.16 06:06:03,448497889,sell,0.02,XAUUSD-STDc,4032.34,585395225,copy #989073275,out,0,0,0,-12.68,Sheet6,2026.07.16 23:59
2026.07.16 06:06:04,448498227,sell,0.05,XAUUSD-STDc,4032.29,585395544,copy #989073333,out,0,0,0,9.15,Sheet6,2026.07.16 23:59
2026.07.16 06:06:04,448498532,sell,0.04,XAUUSD-STDc,4032.33,585395850,copy #989073352,out,0,0,0,-5.52,Sheet6,2026.07.16 23:59
2026.07.16 06:06:05,448499061,sell,0.03,XAUUSD-STDc,4032.51,585396275,copy #989073385,out,0,0,0,-8.22,Sheet6,2026.07.16 23:59
2026.07.16 06:06:06,448499295,sell,0.06,XAUUSD-STDc,4032.5,585396717,copy #989073526,out,0,0,0,29.88,Sheet6,2026.07.16 23:59
2026.07.16 06:06:06,448499328,sell,0.08,XAUUSD-STDc,4032.5,585396561,copy #989073490,out,0,0,0,55.04,Sheet6,2026.07.16 23:59
2026.07.16 06:22:00,448546589,buy,0.02,XAUUSD-STDc,4029.18,585447939,copy #989102517,in,0,0,0,0,Sheet6,2026.07.16 23:59
2026.07.16 06:26:13,448561605,sell,0.02,XAUUSD-STDc,4031.75,585464451,copy #989110027,out,0,0,0,5.14,Sheet6,2026.07.16 23:59
2026.07.16 06:30:03,448586757,sell,0.02,XAUUSD-STDc,4033.47,585491071,copy #989122381,in,0,0,0,0,Sheet6,2026.07.16 23:59
2026.07.16 06:45:20,448625126,sell,0.02,XAUUSD-STDc,4034.86,585533908,copy #989148011,in,0,0,0,0,Sheet6,2026.07.16 23:59
2026.07.16 07:15:02,448701437,sell,0.03,XAUUSD-STDc,4035.84,585617156,copy #989200395,in,0,0,0,0,Sheet6,2026.07.16 23:59
2026.07.16 08:02:05,448785368,buy,0.02,XAUUSD-STDc,4032.21,585712071,copy #989253796,out,0,0,0,-14.6,Sheet6,2026.07.16 23:59
2026.07.16 08:02:07,448787232,buy,0.02,XAUUSD-STDc,4032.07,585712490,copy #989253970,out,0,0,0,2.8,Sheet6,2026.07.16 23:59
2026.07.16 08:02:07,448788784,buy,0.03,XAUUSD-STDc,4032.19,585712929,copy #989254077,out,0,0,0,10.95,Sheet6,2026.07.16 23:59
2026.07.16 08:02:07,448788800,buy,0.02,XAUUSD-STDc,4032.19,585713509,copy #989254115,out,0,0,0,5.34,Sheet6,2026.07.16 23:59
2026.07.16 08:03:58,448804028,buy,0.02,XAUUSD-STDc,4032.38,585728431,copy #989260077,in,0,0,0,0,Sheet6,2026.07.16 23:59
2026.07.16 08:19:13,448863705,buy,0.02,XAUUSD-STDc,4030.71,585790891,copy #989290368,in,0,0,0,0,Sheet6,2026.07.16 23:59
2026.07.16 08:22:29,448900310,buy,0.03,XAUUSD-STDc,4028.53,585829466,copy #989304406,in,0,0,0,0,Sheet6,2026.07.16 23:59
2026.07.16 08:30:15,448929613,buy,0.04,XAUUSD-STDc,4027.75,585863729,copy #989323323,in,0,0,0,0,Sheet6,2026.07.16 23:59
2026.07.16 08:32:54,448965348,sell,0.02,XAUUSD-STDc,4031.5,585906805,copy #989335670,out,0,0,0,-1.76,Sheet6,2026.07.16 23:59
2026.07.16 08:32:54,448965556,sell,0.02,XAUUSD-STDc,4031.5,585908081,copy #989335754,out,0,0,0,1.58,Sheet6,2026.07.16 23:59
2026.07.16 08:32:54,448965768,sell,0.04,XAUUSD-STDc,4031.5,585907839,copy #989335677,out,0,0,0,15,Sheet6,2026.07.16 23:59
2026.07.16 08:32:54,448965853,sell,0.03,XAUUSD-STDc,4031.58,585907962,copy #989335751,out,0,0,0,9.15,Sheet6,2026.07.16 23:59
2026.07.16 08:44:52,449081741,sell,0.02,XAUUSD-STDc,4032.17,586019011,copy #989386420,in,0,0,0,0,Sheet6,2026.07.16 23:59
2026.07.16 08:46:42,449102956,buy,0.02,XAUUSD-STDc,4029.6,586043267,copy #989395294,out,0,0,0,5.14,Sheet6,2026.07.16 23:59
2026.07.16 08:54:12,449178588,buy,0.02,XAUUSD-STDc,4026.77,586119005,copy #989422299,in,0,0,0,0,Sheet6,2026.07.16 23:59
2026.07.16 09:00:35,449210938,sell,0.02,XAUUSD-STDc,4030.06,586152816,copy #989438963,out,0,0,0,6.58,Sheet6,2026.07.16 23:59
2026.07.16 09:01:03,449223962,sell,0.02,XAUUSD-STDc,4030.03,586165350,copy #989443389,in,0,0,0,0,Sheet6,2026.07.16 23:59
2026.07.16 09:03:13,449242656,sell,0.02,XAUUSD-STDc,4031.84,586184959,copy #989452585,in,0,0,0,0,Sheet6,2026.07.16 23:59
2026.07.16 09:05:44,449269270,sell,0.03,XAUUSD-STDc,4034.39,586212146,copy #989465391,in,0,0,0,0,Sheet6,2026.07.16 23:59
2026.07.16 09:12:55,449310581,buy,0.02,XAUUSD-STDc,4031.58,586261789,copy #989491037,out,0,0,0,-3.1,Sheet6,2026.07.16 23:59
2026.07.16 09:12:55,449310896,buy,0.02,XAUUSD-STDc,4031.61,586262119,copy #989491074,out,0,0,0,0.46,Sheet6,2026.07.16 23:59
2026.07.16 09:12:56,449311159,buy,0.03,XAUUSD-STDc,4031.65,586262390,copy #989491169,out,0,0,0,8.22,Sheet6,2026.07.16 23:59
2026.07.16 09:34:52,449431263,buy,0.02,XAUUSD-STDc,4027.52,586387630,copy #989552291,in,0,0,0,0,Sheet6,2026.07.16 23:59
2026.07.16 09:35:12,449439618,buy,0.02,XAUUSD-STDc,4025.38,586402264,copy #989560656,in,0,0,0,0,Sheet6,2026.07.16 23:59
2026.07.16 09:49:22,449512154,sell,0.02,XAUUSD-STDc,4027.86,586471848,copy #989605162,in,0,0,0,0,Sheet6,2026.07.16 23:59
2026.07.16 09:52:57,449518960,sell,0.02,XAUUSD-STDc,4029.21,586479058,copy #989611257,out,0,0,0,3.38,Sheet6,2026.07.16 23:59
2026.07.16 09:52:57,449519571,sell,0.02,XAUUSD-STDc,4029.15,586479563,copy #989611331,out,0,0,0,7.54,Sheet6,2026.07.16 23:59
2026.07.16 09:59:03,449551881,sell,0.02,XAUUSD-STDc,4030.52,586513674,copy #989628256,in,0,0,0,0,Sheet6,2026.07.16 23:59
2026.07.16 10:14:21,449581245,buy,0.02,XAUUSD-STDc,4027.39,586545376,copy #989659935,out,0,0,0,6.26,Sheet6,2026.07.16 23:59
2026.07.16 10:14:23,449581496,buy,0.02,XAUUSD-STDc,4027.41,586545603,copy #989660022,out,0,0,0,0.9,Sheet6,2026.07.16 23:59
2026.07.16 10:17:43,449624401,buy,0.02,XAUUSD-STDc,4025.65,586590158,copy #989676175,in,0,0,0,0,Sheet6,2026.07.16 23:59
2026.07.16 10:46:07,449716209,sell,0.02,XAUUSD-STDc,4028.97,586688079,copy #989742948,out,0,0,0,6.64,Sheet6,2026.07.16 23:59
2026.07.16 10:47:21,449725821,sell,0.02,XAUUSD-STDc,4028.84,586697023,copy #989748618,in,0,0,0,0,Sheet6,2026.07.16 23:59
2026.07.16 10:49:08,449745859,sell,0.02,XAUUSD-STDc,4030.4,586717959,copy #989758763,in,0,0,0,0,Sheet6,2026.07.16 23:59
2026.07.16 10:53:07,449769320,buy,0.02,XAUUSD-STDc,4027,586744570,copy #989774147,out,0,0,0,6.8,Sheet6,2026.07.16 23:59
2026.07.16 10:53:07,449769397,buy,0.02,XAUUSD-STDc,4027,586744803,copy #989774160,out,0,0,0,3.68,Sheet6,2026.07.16 23:59
2026.07.16 11:03:17,449824657,sell,0.02,XAUUSD-STDc,4032.87,586800286,copy #989807248,in,0,0,0,0,Sheet6,2026.07.16 23:59
2026.07.16 11:05:56,449844207,buy,0.02,XAUUSD-STDc,4029.43,586821117,copy #989819322,out,0,0,0,6.88,Sheet6,2026.07.16 23:59
2026.07.16 11:20:52,449967712,sell,0.02,XAUUSD-STDc,4030.57,586948731,copy #989878843,in,0,0,0,0,Sheet6,2026.07.16 23:59
2026.07.16 11:26:42,449989917,sell,0.02,XAUUSD-STDc,4032.59,586973811,copy #989894258,in,0,0,0,0,Sheet6,2026.07.16 23:59
2026.07.16 11:37:25,450026552,sell,0.03,XAUUSD-STDc,4034.54,587012628,copy #989918674,in,0,0,0,0,Sheet6,2026.07.16 23:59
2026.07.16 12:04:08,450084236,sell,0.04,XAUUSD-STDc,4036.09,587078926,copy #989969922,in,0,0,0,0,Sheet6,2026.07.16 23:59
2026.07.16 12:27:16,450124747,buy,0.02,XAUUSD-STDc,4031.7,587128219,copy #990013727,out,0,0,0,-2.26,Sheet6,2026.07.16 23:59
2026.07.16 12:27:16,450124998,buy,0.03,XAUUSD-STDc,4031.69,587129201,copy #990013748,out,0,0,0,8.55,Sheet6,2026.07.16 23:59
2026.07.16 12:27:16,450125146,buy,0.02,XAUUSD-STDc,4031.7,587129162,copy #990013746,out,0,0,0,1.78,Sheet6,2026.07.16 23:59
2026.07.16 12:27:16,450125158,buy,0.04,XAUUSD-STDc,4031.7,587129233,copy #990013773,out,0,0,0,17.56,Sheet6,2026.07.16 23:59
2026.07.16 12:32:16,450165037,buy,0.02,XAUUSD-STDc,4031.84,587163324,copy #990034515,in,0,0,0,0,Sheet6,2026.07.16 23:59
2026.07.16 12:43:58,450185630,sell,0.02,XAUUSD-STDc,4034.75,587185223,copy #990050764,out,0,0,0,5.82,Sheet6,2026.07.16 23:59
2026.07.16 12:55:03,450218095,sell,0.02,XAUUSD-STDc,4034.92,587219496,copy #990074804,in,0,0,0,0,Sheet6,2026.07.16 23:59
2026.07.16 12:57:24,450227804,buy,0.02,XAUUSD-STDc,4033.02,587231060,copy #990082073,out,0,0,0,3.8,Sheet6,2026.07.16 23:59
2026.07.16 13:59:55,450348886,buy,0.02,XAUUSD-STDc,4029.99,587360203,copy #990184977,in,0,0,0,0,Sheet6,2026.07.16 23:59
2026.07.16 14:14:21,450377028,buy,0.02,XAUUSD-STDc,4027.92,587390514,copy #990213661,in,0,0,0,0,Sheet6,2026.07.16 23:59
2026.07.16 14:25:50,450412289,buy,0.03,XAUUSD-STDc,4022.96,587431330,copy #990246276,in,0,0,0,0,Sheet6,2026.07.16 23:59
2026.07.16 14:33:59,450480369,sell,0.02,XAUUSD-STDc,4028.87,587500225,copy #990288992,out,0,0,0,1.9,Sheet6,2026.07.16 23:59
2026.07.16 14:33:59,450480400,sell,0.02,XAUUSD-STDc,4028.87,587499806,copy #990288986,out,0,0,0,-2.24,Sheet6,2026.07.16 23:59
2026.07.16 14:33:59,450480462,sell,0.03,XAUUSD-STDc,4028.87,587500020,copy #990288991,out,0,0,0,17.73,Sheet6,2026.07.16 23:59
2026.07.16 14:37:34,450504509,sell,0.02,XAUUSD-STDc,4031.17,587524442,copy #990308006,in,0,0,0,0,Sheet6,2026.07.16 23:59
2026.07.16 14:44:18,450532293,sell,0.02,XAUUSD-STDc,4034.39,587553466,copy #990335699,in,0,0,0,0,Sheet6,2026.07.16 23:59
2026.07.16 14:47:08,450560717,sell,0.03,XAUUSD-STDc,4038.95,587583421,copy #990359231,in,0,0,0,0,Sheet6,2026.07.16 23:59
2026.07.16 14:49:16,450581019,sell,0.04,XAUUSD-STDc,4041.1,587604653,copy #990374669,in,0,0,0,0,Sheet6,2026.07.16 23:59
2026.07.16 14:50:04,450589667,buy,0.04,XAUUSD-STDc,4032.75,587631749,copy #990379250,out,0,0,0,33.4,Sheet6,2026.07.16 23:59
2026.07.16 14:50:04,450589758,buy,0.02,XAUUSD-STDc,4032.75,587631534,copy #990379201,out,0,0,0,-3.16,Sheet6,2026.07.16 23:59
2026.07.16 14:50:05,450590741,buy,0.02,XAUUSD-STDc,4030.94,587632156,copy #990379331,out,0,0,0,6.9,Sheet6,2026.07.16 23:59
2026.07.16 14:50:06,450591032,buy,0.03,XAUUSD-STDc,4032.12,587632777,copy #990379556,out,0,0,0,20.49,Sheet6,2026.07.16 23:59
2026.07.16 14:50:16,450603197,buy,0.02,XAUUSD-STDc,4033.67,587635927,copy #990390523,in,0,0,0,0,Sheet6,2026.07.16 23:59
2026.07.16 14:50:19,450607507,buy,0.02,XAUUSD-STDc,4033.73,587639191,copy #990392261,in,0,0,0,0,Sheet6,2026.07.16 23:59
2026.07.16 14:51:12,450623485,sell,0.02,XAUUSD-STDc,4033.68,587655217,copy #990410613,in,0,0,0,0,Sheet6,2026.07.16 23:59
2026.07.16 14:52:00,450626562,sell,0.02,XAUUSD-STDc,4036.48,587659148,copy #990413128,out,0,0,0,5.5,Sheet6,2026.07.16 23:59
2026.07.16 14:52:00,450626581,sell,0.02,XAUUSD-STDc,4036.48,587658968,copy #990413122,out,0,0,0,5.62,Sheet6,2026.07.16 23:59
2026.07.16 14:52:04,450627558,sell,0.02,XAUUSD-STDc,4035.6,587659914,copy #990414073,in,0,0,0,0,Sheet6,2026.07.16 23:59
2026.07.16 14:54:54,450670540,sell,0.03,XAUUSD-STDc,4038.99,587704199,copy #990429066,in,0,0,0,0,Sheet6,2026.07.16 23:59
2026.07.16 15:03:57,450713044,sell,0.04,XAUUSD-STDc,4041.04,587748553,copy #990462293,in,0,0,0,0,Sheet6,2026.07.16 23:59
2026.07.16 15:06:33,450756148,buy,0.03,XAUUSD-STDc,4036.54,587794134,copy #990481399,out,0,0,0,7.35,Sheet6,2026.07.16 23:59
2026.07.16 15:06:33,450756161,buy,0.04,XAUUSD-STDc,4036.57,587794431,copy #990481434,out,0,0,0,17.88,Sheet6,2026.07.16 23:59
2026.07.16 15:06:33,450756164,buy,0.02,XAUUSD-STDc,4036.57,587794309,copy #990481424,out,0,0,0,-5.78,Sheet6,2026.07.16 23:59
2026.07.16 15:06:33,450756198,buy,0.02,XAUUSD-STDc,4036.57,587795594,copy #990482310,in,0,0,0,0,Sheet6,2026.07.16 23:59
2026.07.16 15:06:33,450756305,buy,0.02,XAUUSD-STDc,4036.57,587794230,copy #990481421,out,0,0,0,-1.94,Sheet6,2026.07.16 23:59
2026.07.16 15:07:32,450784750,buy,0.02,XAUUSD-STDc,4034.9,587822947,copy #990493778,in,0,0,0,0,Sheet6,2026.07.16 23:59
2026.07.16 15:11:07,450812918,buy,0.03,XAUUSD-STDc,4031.67,587849331,copy #990510197,in,0,0,0,0,Sheet6,2026.07.16 23:59
2026.07.16 15:11:18,450821245,buy,0.04,XAUUSD-STDc,4030.3,587857708,copy #990513916,in,0,0,0,0,Sheet6,2026.07.16 23:59
2026.07.16 15:15:28,450858642,buy,0.05,XAUUSD-STDc,4028.21,587896023,copy #990534418,in,0,0,0,0,Sheet6,2026.07.16 23:59
2026.07.16 15:16:22,450883361,buy,0.06,XAUUSD-STDc,4016.92,587923787,copy #990550153,in,0,0,0,0,Sheet6,2026.07.16 23:59
2026.07.16 15:16:26,450887494,buy,0.08,XAUUSD-STDc,4017.94,587925796,copy #990554328,in,0,0,0,0,Sheet6,2026.07.16 23:59
2026.07.16 15:16:39,450895944,buy,0.11,XAUUSD-STDc,4015.16,587934687,copy #990562545,in,0,0,0,0,Sheet6,2026.07.16 23:59
2026.07.16 15:16:47,450903084,buy,0.14,XAUUSD-STDc,4014.16,587942511,copy #990566001,in,0,0,0,0,Sheet6,2026.07.16 23:59
2026.07.16 15:17:35,450927664,sell,0.02,XAUUSD-STDc,4020.98,587964881,copy #990575427,in,0,0,0,0,Sheet6,2026.07.16 23:59
2026.07.16 15:17:52,450933124,sell,0.02,XAUUSD-STDc,4022,587971036,copy #990578269,out,0,0,0,-29.14,Sheet6,2026.07.16 23:59
2026.07.16 15:17:53,450933284,sell,0.03,XAUUSD-STDc,4022.07,587971584,copy #990578401,out,0,0,0,-28.8,Sheet6,2026.07.16 23:59
2026.07.16 15:17:53,450934447,sell,0.02,XAUUSD-STDc,4022.12,587971883,copy #990578447,out,0,0,0,-25.56,Sheet6,2026.07.16 23:59
2026.07.16 15:17:54,450935322,sell,0.06,XAUUSD-STDc,4022.37,587972211,copy #990578572,out,0,0,0,32.7,Sheet6,2026.07.16 23:59
2026.07.16 15:17:54,450935398,sell,0.04,XAUUSD-STDc,4022.36,587972753,copy #990578671,out,0,0,0,-31.76,Sheet6,2026.07.16 23:59
2026.07.16 15:17:54,450935475,sell,0.05,XAUUSD-STDc,4022.36,587972559,copy #990578589,out,0,0,0,-29.25,Sheet6,2026.07.16 23:59
2026.07.16 15:17:55,450936009,sell,0.14,XAUUSD-STDc,4022.59,587973251,copy #990578808,out,0,0,0,118.02,Sheet6,2026.07.16 23:59
2026.07.16 15:17:55,450936138,sell,0.11,XAUUSD-STDc,4022.59,587973466,copy #990578848,out,0,0,0,81.73,Sheet6,2026.07.16 23:59
2026.07.16 15:17:55,450936383,sell,0.08,XAUUSD-STDc,4022.61,587973701,copy #990578890,out,0,0,0,37.36,Sheet6,2026.07.16 23:59
2026.07.16 15:18:14,450952054,sell,0.02,XAUUSD-STDc,4023.99,587989591,copy #990583958,in,0,0,0,0,Sheet6,2026.07.16 23:59
2026.07.16 15:18:56,450972030,sell,0.03,XAUUSD-STDc,4027.14,588011395,copy #990591247,in,0,0,0,0,Sheet6,2026.07.16 23:59
2026.07.16 15:24:34,451025948,buy,0.02,XAUUSD-STDc,4021.41,588065006,copy #990615755,out,0,0,0,-0.86,Sheet6,2026.07.16 23:59
2026.07.16 15:24:35,451026463,buy,0.03,XAUUSD-STDc,4021.35,588065400,copy #990615826,out,0,0,0,17.37,Sheet6,2026.07.16 23:59
2026.07.16 15:24:35,451026641,buy,0.02,XAUUSD-STDc,4021.3,588065655,copy #990615856,out,0,0,0,5.38,Sheet6,2026.07.16 23:59
2026.07.16 15:24:54,451033401,buy,0.02,XAUUSD-STDc,4021.69,588072595,copy #990617465,in,0,0,0,0,Sheet6,2026.07.16 23:59
2026.07.16 15:25:25,451050488,buy,0.02,XAUUSD-STDc,4019.89,588090111,copy #990622144,in,0,0,0,0,Sheet6,2026.07.16 23:59
2026.07.16 15:26:02,451062832,buy,0.03,XAUUSD-STDc,4019.07,588102637,copy #990626661,in,0,0,0,0,Sheet6,2026.07.16 23:59
2026.07.16 15:26:48,451075089,sell,0.02,XAUUSD-STDc,4021.94,588114872,copy #990631025,out,0,0,0,4.1,Sheet6,2026.07.16 23:59
2026.07.16 15:26:48,451075174,sell,0.02,XAUUSD-STDc,4021.94,588115292,copy #990631164,out,0,0,0,0.5,Sheet6,2026.07.16 23:59
2026.07.16 15:26:49,451075887,sell,0.03,XAUUSD-STDc,4022.06,588115809,copy #990631319,out,0,0,0,8.97,Sheet6,2026.07.16 23:59
2026.07.16 15:30:06,451104946,sell,0.02,XAUUSD-STDc,4022.33,588147908,copy #990644134,in,0,0,0,0,Sheet6,2026.07.16 23:59
2026.07.16 15:30:21,451116846,buy,0.02,XAUUSD-STDc,4024.5,588156908,copy #990649262,out,0,0,0,-4.34,Sheet6,2026.07.16 23:59
2026.07.16 15:33:01,451153761,buy,0.02,XAUUSD-STDc,4023.69,588194892,copy #990667470,in,0,0,0,0,Sheet6,2026.07.16 23:59
2026.07.16 15:35:21,451177296,buy,0.02,XAUUSD-STDc,4022.62,588218732,copy #990674284,in,0,0,0,0,Sheet6,2026.07.16 23:59
2026.07.16 15:37:27,451201875,buy,0.03,XAUUSD-STDc,4017.44,588244446,copy #990687378,in,0,0,0,0,Sheet6,2026.07.16 23:59
2026.07.16 15:41:04,451256026,buy,0.04,XAUUSD-STDc,4009.8,588299452,copy #990718550,in,0,0,0,0,Sheet6,2026.07.16 23:59
2026.07.16 15:41:24,451263922,buy,0.05,XAUUSD-STDc,4009.23,588307687,copy #990724350,in,0,0,0,0,Sheet6,2026.07.16 23:59
2026.07.16 15:43:51,451289088,buy,0.06,XAUUSD-STDc,4005.59,588333933,copy #990740072,in,0,0,0,0,Sheet6,2026.07.16 23:59
2026.07.16 15:44:08,451302574,buy,0.08,XAUUSD-STDc,4003.97,588348173,copy #990749689,in,0,0,0,0,Sheet6,2026.07.16 23:59
2026.07.16 15:44:41,451315641,sell,0.02,XAUUSD-STDc,4001.18,588361955,copy #990756978,in,0,0,0,0,Sheet6,2026.07.16 23:59
2026.07.16 15:45:20,451329927,buy,0.02,XAUUSD-STDc,4001.38,588375582,copy #990764801,out,0,0,0,-0.4,Sheet6,2026.07.16 23:59
2026.07.16 15:45:29,451338015,buy,0.11,XAUUSD-STDc,4001.82,588383004,copy #990769206,in,0,0,0,0,Sheet6,2026.07.16 23:59
2026.07.16 15:47:05,451369210,sell,0.02,XAUUSD-STDc,4007.26,588414206,copy #990786745,in,0,0,0,0,Sheet6,2026.07.16 23:59
2026.07.16 15:47:50,451379340,buy,0.02,XAUUSD-STDc,4004.28,588424431,copy #990791223,out,0,0,0,5.96,Sheet6,2026.07.16 23:59
2026.07.16 15:47:53,451381607,sell,0.02,XAUUSD-STDc,4003.39,588426525,copy #990791731,in,0,0,0,0,Sheet6,2026.07.16 23:59
2026.07.16 15:47:55,451382766,buy,0.02,XAUUSD-STDc,4001.9,588431207,copy #990792215,out,0,0,0,2.98,Sheet6,2026.07.16 23:59
2026.07.16 15:48:01,451389743,sell,0.02,XAUUSD-STDc,4000.02,588437749,copy #990795970,in,0,0,0,0,Sheet6,2026.07.16 23:59
2026.07.16 15:50:02,451412289,buy,0.02,XAUUSD-STDc,3999.53,588458563,copy #990806577,out,0,0,0,0.98,Sheet6,2026.07.16 23:59
2026.07.16 15:50:05,451414294,sell,0.02,XAUUSD-STDc,3999.39,588460089,copy #990807544,in,0,0,0,0,Sheet6,2026.07.16 23:59
2026.07.16 15:50:11,451419132,buy,0.02,XAUUSD-STDc,3997.35,588468249,copy #990810212,out,0,0,0,4.08,Sheet6,2026.07.16 23:59
2026.07.16 15:50:16,451425060,buy,0.14,XAUUSD-STDc,3997.95,588472884,copy #990813864,in,0,0,0,0,Sheet6,2026.07.16 23:59
2026.07.16 15:50:20,451428767,sell,0.02,XAUUSD-STDc,3996.94,588475720,copy #990814481,in,0,0,0,0,Sheet6,2026.07.16 23:59
2026.07.16 15:52:39,451446953,sell,0.02,XAUUSD-STDc,4000.48,588493285,copy #990825866,in,0,0,0,0,Sheet6,2026.07.16 23:59
2026.07.16 15:54:31,451458301,buy,0.02,XAUUSD-STDc,3997.42,588505118,copy #990832819,out,0,0,0,-0.96,Sheet6,2026.07.16 23:59
2026.07.16 15:54:32,451458711,buy,0.02,XAUUSD-STDc,3997.18,588505383,copy #990832837,out,0,0,0,6.6,Sheet6,2026.07.16 23:59
2026.07.16 15:54:34,451460951,sell,0.02,XAUUSD-STDc,3995.59,588511904,copy #990834340,in,0,0,0,0,Sheet6,2026.07.16 23:59
2026.07.16 15:54:38,451464886,buy,0.02,XAUUSD-STDc,3996.19,588514266,copy #990837336,out,0,0,0,-1.2,Sheet6,2026.07.16 23:59
2026.07.16 15:54:39,451466605,buy,0.18,XAUUSD-STDc,3996.29,588515261,copy #990837627,in,0,0,0,0,Sheet6,2026.07.16 23:59
2026.07.16 15:55:19,451483635,sell,0.02,XAUUSD-STDc,3992.31,588534038,copy #990845623,in,0,0,0,0,Sheet6,2026.07.16 23:59
2026.07.16 15:55:22,451487328,buy,0.02,XAUUSD-STDc,3992.63,588537130,copy #990847356,out,0,0,0,-0.64,Sheet6,2026.07.16 23:59
2026.07.16 15:55:26,451492634,buy,0.23,XAUUSD-STDc,3993.28,588540067,copy #990849518,in,0,0,0,0,Sheet6,2026.07.16 23:59
2026.07.16 15:57:41,451509860,sell,0.02,XAUUSD-STDc,3994.13,588557761,copy #990861417,in,0,0,0,0,Sheet6,2026.07.16 23:59
2026.07.16 15:58:06,451510762,buy,0.02,XAUUSD-STDc,3992.93,588558801,copy #990862866,out,0,0,0,2.4,Sheet6,2026.07.16 23:59
2026.07.16 15:58:35,451530780,buy,0.3,XAUUSD-STDc,3991.79,588579244,copy #990869946,in,0,0,0,0,Sheet6,2026.07.16 23:59
2026.07.16 15:59:39,451546287,sell,0.02,XAUUSD-STDc,3992.22,588595093,copy #990875736,in,0,0,0,0,Sheet6,2026.07.16 23:59
2026.07.16 16:00:32,451556860,sell,0.02,XAUUSD-STDc,3994.15,588606023,copy #990884981,in,0,0,0,0,Sheet6,2026.07.16 23:59
2026.07.16 16:00:45,451560834,buy,0.02,XAUUSD-STDc,3993.57,588610401,copy #990886938,out,0,0,0,1.16,Sheet6,2026.07.16 23:59
2026.07.16 16:00:45,451561029,buy,0.02,XAUUSD-STDc,3993.57,588610932,copy #990886961,out,0,0,0,-2.7,Sheet6,2026.07.16 23:59
2026.07.16 16:00:48,451563258,sell,0.02,XAUUSD-STDc,3992.39,588613489,copy #990887331,in,0,0,0,0,Sheet6,2026.07.16 23:59
2026.07.16 16:00:50,451566051,buy,0.02,XAUUSD-STDc,3991.85,588615903,copy #990887984,out,0,0,0,1.08,Sheet6,2026.07.16 23:59
2026.07.16 16:01:56,451593078,buy,0.39,XAUUSD-STDc,3990.49,588643287,copy #990898060,in,0,0,0,0,Sheet6,2026.07.16 23:59
2026.07.16 16:02:54,451612998,buy,0.51,XAUUSD-STDc,3977.75,588666524,copy #990912020,in,0,0,0,0,Sheet6,2026.07.16 23:59
2026.07.16 16:02:59,451619487,sell,0.02,XAUUSD-STDc,3978.79,588670314,copy #990918402,in,0,0,0,0,Sheet6,2026.07.16 23:59
2026.07.16 16:03:01,451621169,buy,0.67,XAUUSD-STDc,3979.56,588672522,copy #990922945,in,0,0,0,0,Sheet6,2026.07.16 23:59
2026.07.16 16:03:06,451624143,buy,0.02,XAUUSD-STDc,3981.31,588676103,copy #990926747,out,0,0,0,-5.04,Sheet6,2026.07.16 23:59
2026.07.16 16:03:09,451627674,sell,0.02,XAUUSD-STDc,3979.9,588678156,copy #990927589,in,0,0,0,0,Sheet6,2026.07.16 23:59
2026.07.16 16:03:59,451644185,sell,0.02,XAUUSD-STDc,3985.09,588695095,copy #990937541,in,0,0,0,0,Sheet6,2026.07.16 23:59
2026.07.16 16:04:39,451652416,buy,0.02,XAUUSD-STDc,3980.58,588704931,copy #990942167,out,0,0,0,-1.36,Sheet6,2026.07.16 23:59
2026.07.16 16:04:39,451652445,buy,0.02,XAUUSD-STDc,3980.45,588705453,copy #990942176,out,0,0,0,9.28,Sheet6,2026.07.16 23:59
2026.07.16 16:04:42,451655333,sell,0.02,XAUUSD-STDc,3979.07,588707777,copy #990943349,in,0,0,0,0,Sheet6,2026.07.16 23:59
2026.07.16 16:04:46,451659533,buy,0.02,XAUUSD-STDc,3979.3,588712640,copy #990944843,out,0,0,0,-0.46,Sheet6,2026.07.16 23:59
2026.07.16 16:05:58,451708537,buy,0.87,XAUUSD-STDc,3983.91,588760719,copy #990965650,in,0,0,0,0,Sheet6,2026.07.16 23:59
2026.07.16 16:05:59,451709311,sell,0.02,XAUUSD-STDc,3983.36,588761542,copy #990965907,in,0,0,0,0,Sheet6,2026.07.16 23:59
2026.07.16 16:07:40,451742475,sell,0.02,XAUUSD-STDc,3985.84,588795335,copy #990979312,in,0,0,0,0,Sheet6,2026.07.16 23:59
2026.07.16 16:10:50,451750741,sell,0.02,XAUUSD-STDc,3986.73,588805351,copy #990993306,in,0,0,0,0,Sheet6,2026.07.16 23:59
2026.07.16 16:11:03,451752110,sell,0.87,XAUUSD-STDc,3986.09,588806498,copy #990994530,out,0,0,0,189.66,Sheet6,2026.07.16 23:59
2026.07.16 16:11:05,451752859,sell,0.67,XAUUSD-STDc,3985.09,588807299,copy #990994609,out,0,0,0,370.51,Sheet6,2026.07.16 23:59
2026.07.16 16:11:05,451753024,sell,0.39,XAUUSD-STDc,3985.19,588807560,copy #990994699,out,0,0,0,-206.7,Sheet6,2026.07.16 23:59
2026.07.16 16:11:05,451753286,sell,0.51,XAUUSD-STDc,3985.71,588807809,copy #990994822,out,0,0,0,405.96,Sheet6,2026.07.16 23:59
2026.07.16 16:11:07,451753626,sell,0.14,XAUUSD-STDc,3985.74,588808054,copy #990995199,out,0,0,0,-170.94,Sheet6,2026.07.16 23:59
2026.07.16 16:11:07,451753908,sell,0.18,XAUUSD-STDc,3985.69,588808270,copy #990995220,out,0,0,0,-190.8,Sheet6,2026.07.16 23:59
2026.07.16 16:11:07,451753939,sell,0.23,XAUUSD-STDc,3985.7,588808483,copy #990995263,out,0,0,0,-174.34,Sheet6,2026.07.16 23:59
2026.07.16 16:11:08,451754218,sell,0.3,XAUUSD-STDc,3985.6,588808695,copy #990995328,out,0,0,0,-185.7,Sheet6,2026.07.16 23:59
2026.07.16 16:11:10,451754412,sell,0.03,XAUUSD-STDc,3985.82,588808965,copy #990995572,out,0,0,0,-94.86,Sheet6,2026.07.16 23:59
2026.07.16 16:11:10,451754651,sell,0.04,XAUUSD-STDc,3985.44,588809185,copy #990995624,out,0,0,0,-97.44,Sheet6,2026.07.16 23:59
2026.07.16 16:11:10,451754824,sell,0.05,XAUUSD-STDc,3985.34,588809401,copy #990995680,out,0,0,0,-119.45,Sheet6,2026.07.16 23:59
2026.07.16 16:11:11,451755183,sell,0.06,XAUUSD-STDc,3985.46,588809610,copy #990995728,out,0,0,0,-120.78,Sheet6,2026.07.16 23:59
2026.07.16 16:11:11,451755356,sell,0.08,XAUUSD-STDc,3985.09,588809824,copy #990995788,out,0,0,0,-151.04,Sheet6,2026.07.16 23:59
2026.07.16 16:11:11,451755542,sell,0.11,XAUUSD-STDc,3985.04,588810040,copy #990995831,out,0,0,0,-184.58,Sheet6,2026.07.16 23:59
2026.07.16 16:11:12,451755718,sell,0.02,XAUUSD-STDc,3985.15,588810264,copy #990995934,out,0,0,0,-77.08,Sheet6,2026.07.16 23:59
2026.07.16 16:11:12,451755995,sell,0.02,XAUUSD-STDc,3985.19,588810483,copy #990995959,out,0,0,0,-74.86,Sheet6,2026.07.16 23:59
2026.07.16 16:11:32,451761756,sell,0.03,XAUUSD-STDc,3986.88,588816351,copy #990999067,in,0,0,0,0,Sheet6,2026.07.16 23:59
2026.07.16 16:12:43,451772088,sell,0.04,XAUUSD-STDc,3989.17,588826983,copy #991006680,in,0,0,0,0,Sheet6,2026.07.16 23:59
2026.07.16 16:13:44,451790013,sell,0.05,XAUUSD-STDc,3992.77,588852192,copy #991019652,in,0,0,0,0,Sheet6,2026.07.16 23:59
2026.07.16 16:16:29,451813751,sell,0.06,XAUUSD-STDc,3994.77,588872974,copy #991036407,in,0,0,0,0,Sheet6,2026.07.16 23:59
2026.07.16 16:20:03,451823990,buy,0.02,XAUUSD-STDc,3994.83,588882127,copy #991047004,in,0,0,0,0,Sheet6,2026.07.16 23:59
2026.07.16 16:24:20,451831823,sell,0.02,XAUUSD-STDc,3997.07,588893243,copy #991058225,out,0,0,0,4.48,Sheet6,2026.07.16 23:59
2026.07.16 16:24:24,451835870,buy,0.02,XAUUSD-STDc,3998.57,588898268,copy #991060526,in,0,0,0,0,Sheet6,2026.07.16 23:59
2026.07.16 16:24:31,451844119,sell,0.02,XAUUSD-STDc,3998.87,588903006,copy #991064704,out,0,0,0,0.6,Sheet6,2026.07.16 23:59
2026.07.16 16:24:34,451845530,sell,0.08,XAUUSD-STDc,3998.12,588904265,copy #991066028,in,0,0,0,0,Sheet6,2026.07.16 23:59
2026.07.16 16:26:49,451866829,sell,0.11,XAUUSD-STDc,4001.03,588925978,copy #991083470,in,0,0,0,0,Sheet6,2026.07.16 23:59
2026.07.16 16:27:20,451880842,sell,0.14,XAUUSD-STDc,4002.27,588939815,copy #991090633,in,0,0,0,0,Sheet6,2026.07.16 23:59
2026.07.16 16:29:52,451904093,sell,0.18,XAUUSD-STDc,4005.1,588963129,copy #991106417,in,0,0,0,0,Sheet6,2026.07.16 23:59
2026.07.16 16:30:12,451914167,sell,0.23,XAUUSD-STDc,4007.12,588973253,copy #991113607,in,0,0,0,0,Sheet6,2026.07.16 23:59
2026.07.16 16:32:34,451942903,buy,0.02,XAUUSD-STDc,4001.08,589001667,copy #991130970,in,0,0,0,0,Sheet6,2026.07.16 23:59
2026.07.16 16:33:21,451951905,buy,0.05,XAUUSD-STDc,3998.63,589011900,copy #991136699,out,0,0,0,-29.3,Sheet6,2026.07.16 23:59
2026.07.16 16:33:21,451952165,buy,0.02,XAUUSD-STDc,3998.63,589011660,copy #991136695,out,0,0,0,-30.54,Sheet6,2026.07.16 23:59
2026.07.16 16:33:30,451962296,buy,0.04,XAUUSD-STDc,3997.71,589020776,copy #991142293,out,0,0,0,-34.16,Sheet6,2026.07.16 23:59
2026.07.16 16:33:30,451962328,buy,0.06,XAUUSD-STDc,3997.71,589021009,copy #991142301,out,0,0,0,-17.64,Sheet6,2026.07.16 23:59
2026.07.16 16:33:30,451962562,buy,0.23,XAUUSD-STDc,3997.7,589021260,copy #991142315,out,0,0,0,216.66,Sheet6,2026.07.16 23:59
2026.07.16 16:33:30,451962680,buy,0.18,XAUUSD-STDc,3997.76,589021476,copy #991142325,out,0,0,0,132.12,Sheet6,2026.07.16 23:59
2026.07.16 16:33:30,451962944,buy,0.02,XAUUSD-STDc,3997.77,589021754,copy #991142331,out,0,0,0,-22.08,Sheet6,2026.07.16 23:59
2026.07.16 16:33:31,451963787,buy,0.14,XAUUSD-STDc,3997.9,589022202,copy #991142357,out,0,0,0,61.18,Sheet6,2026.07.16 23:59
2026.07.16 16:33:31,451963937,buy,0.08,XAUUSD-STDc,3997.9,589021980,copy #991142341,out,0,0,0,1.76,Sheet6,2026.07.16 23:59
2026.07.16 16:33:31,451964121,buy,0.11,XAUUSD-STDc,3997.91,589022424,copy #991142363,out,0,0,0,34.32,Sheet6,2026.07.16 23:59
2026.07.16 16:33:31,451964357,buy,0.03,XAUUSD-STDc,3997.91,589022832,copy #991142371,out,0,0,0,-33.09,Sheet6,2026.07.16 23:59
2026.07.16 16:33:31,451964366,buy,0.02,XAUUSD-STDc,3997.91,589022652,copy #991142369,out,0,0,0,-24.14,Sheet6,2026.07.16 23:59
2026.07.16 16:33:40,451968471,buy,0.02,XAUUSD-STDc,3997.19,589027509,copy #991145179,in,0,0,0,0,Sheet6,2026.07.16 23:59
2026.07.16 16:35:02,452002168,buy,0.03,XAUUSD-STDc,3994,589061760,copy #991159555,in,0,0,0,0,Sheet6,2026.07.16 23:59
2026.07.16 16:35:46,452023959,buy,0.04,XAUUSD-STDc,3991.39,589083655,copy #991169626,in,0,0,0,0,Sheet6,2026.07.16 23:59
2026.07.16 16:36:35,452036802,buy,0.05,XAUUSD-STDc,3988.5,589096446,copy #991177197,in,0,0,0,0,Sheet6,2026.07.16 23:59
2026.07.16 16:38:42,452066484,buy,0.06,XAUUSD-STDc,3986.9,589127495,copy #991192121,in,0,0,0,0,Sheet6,2026.07.16 23:59
2026.07.16 16:39:47,452087566,buy,0.08,XAUUSD-STDc,3983.68,589149681,copy #991201837,in,0,0,0,0,Sheet6,2026.07.16 23:59
2026.07.16 16:43:57,452131635,sell,0.02,XAUUSD-STDc,3988.16,589193141,copy #991224124,in,0,0,0,0,Sheet6,2026.07.16 23:59
2026.07.16 16:46:54,452156997,sell,0.02,XAUUSD-STDc,3990.88,589219071,copy #991238721,in,0,0,0,0,Sheet6,2026.07.16 23:59
2026.07.16 16:47:03,452160696,sell,0.06,XAUUSD-STDc,3992.41,589224664,copy #991240133,out,0,0,0,33.06,Sheet6,2026.07.16 23:59
2026.07.16 16:47:03,452160961,sell,0.08,XAUUSD-STDc,3992.39,589225224,copy #991240141,out,0,0,0,69.68,Sheet6,2026.07.16 23:59
2026.07.16 16:47:06,452163330,sell,0.04,XAUUSD-STDc,3992.49,589224879,copy #991240137,out,0,0,0,4.4,Sheet6,2026.07.16 23:59
2026.07.16 16:47:06,452163344,sell,0.02,XAUUSD-STDc,3992.49,589225558,copy #991240144,out,0,0,0,-9.4,Sheet6,2026.07.16 23:59
2026.07.16 16:47:06,452163472,sell,0.03,XAUUSD-STDc,3992.41,589225808,copy #991240162,out,0,0,0,-4.77,Sheet6,2026.07.16 23:59
2026.07.16 16:47:06,452163930,sell,0.02,XAUUSD-STDc,3992.73,589226028,copy #991240164,out,0,0,0,-16.7,Sheet6,2026.07.16 23:59
2026.07.16 16:47:06,452163947,sell,0.05,XAUUSD-STDc,3992.73,589226280,copy #991240165,out,0,0,0,21.15,Sheet6,2026.07.16 23:59
2026.07.16 16:47:35,452169696,sell,0.03,XAUUSD-STDc,3991.61,589232016,copy #991244375,in,0,0,0,0,Sheet6,2026.07.16 23:59
2026.07.16 16:50:50,452210059,sell,0.04,XAUUSD-STDc,3994.7,589272912,copy #991263805,in,0,0,0,0,Sheet6,2026.07.16 23:59
2026.07.16 16:55:52,452256974,buy,0.02,XAUUSD-STDc,3990.49,589320661,copy #991289385,out,0,0,0,0.78,Sheet6,2026.07.16 23:59
2026.07.16 16:55:53,452257007,buy,0.03,XAUUSD-STDc,3990.49,589320243,copy #991289382,out,0,0,0,3.36,Sheet6,2026.07.16 23:59
2026.07.16 16:55:53,452257061,buy,0.04,XAUUSD-STDc,3990.5,589320873,copy #991289386,out,0,0,0,16.8,Sheet6,2026.07.16 23:59
2026.07.16 16:55:53,452257082,buy,0.02,XAUUSD-STDc,3990.5,589320452,copy #991289383,out,0,0,0,-4.68,Sheet6,2026.07.16 23:59
2026.07.16 16:57:01,452278656,buy,0.02,XAUUSD-STDc,3989.98,589342769,copy #991295571,in,0,0,0,0,Sheet6,2026.07.16 23:59
2026.07.16 17:00:07,452291991,sell,0.02,XAUUSD-STDc,3993.35,589359224,copy #991305259,out,0,0,0,6.74,Sheet6,2026.07.16 23:59
2026.07.16 17:01:25,452323439,sell,0.02,XAUUSD-STDc,3996.17,589388241,copy #991316924,in,0,0,0,0,Sheet6,2026.07.16 23:59
2026.07.16 17:03:19,452335289,buy,0.02,XAUUSD-STDc,3992.65,589401656,copy #991324537,out,0,0,0,7.04,Sheet6,2026.07.16 23:59
2026.07.16 17:03:34,452339223,buy,0.02,XAUUSD-STDc,3993.43,589404429,copy #991326647,in,0,0,0,0,Sheet6,2026.07.16 23:59
2026.07.16 17:04:31,452344836,sell,0.02,XAUUSD-STDc,3995.59,589410202,copy #991329181,out,0,0,0,4.32,Sheet6,2026.07.16 23:59
2026.07.16 17:11:26,452398281,buy,0.02,XAUUSD-STDc,3990.3,589465470,copy #991356315,in,0,0,0,0,Sheet6,2026.07.16 23:59
2026.07.16 17:12:37,452412533,buy,0.02,XAUUSD-STDc,3988.56,589480672,copy #991362885,in,0,0,0,0,Sheet6,2026.07.16 23:59
2026.07.16 17:16:18,452429322,sell,0.02,XAUUSD-STDc,3990.7,589497053,copy #991373173,in,0,0,0,0,Sheet6,2026.07.16 23:59
2026.07.16 17:16:42,452431066,sell,0.02,XAUUSD-STDc,3992.97,589501753,copy #991374187,out,0,0,0,8.82,Sheet6,2026.07.16 23:59
2026.07.16 17:16:42,452431236,sell,0.02,XAUUSD-STDc,3992.97,589502157,copy #991374202,out,0,0,0,5.34,Sheet6,2026.07.16 23:59
2026.07.16 17:17:08,452448805,sell,0.02,XAUUSD-STDc,3992.79,589516948,copy #991380200,in,0,0,0,0,Sheet6,2026.07.16 23:59
2026.07.16 17:18:38,452472123,sell,0.03,XAUUSD-STDc,3994.97,589540308,copy #991388749,in,0,0,0,0,Sheet6,2026.07.16 23:59
2026.07.16 17:23:47,452509930,buy,0.03,XAUUSD-STDc,3991.19,589582883,copy #991408199,out,0,0,0,11.34,Sheet6,2026.07.16 23:59
2026.07.16 17:23:47,452510171,buy,0.02,XAUUSD-STDc,3991.01,589583109,copy #991408207,out,0,0,0,-0.62,Sheet6,2026.07.16 23:59
2026.07.16 17:23:48,452511393,buy,0.02,XAUUSD-STDc,3991.16,589583478,copy #991408250,out,0,0,0,3.26,Sheet6,2026.07.16 23:59
2026.07.16 17:27:31,452555426,sell,0.02,XAUUSD-STDc,3998.89,589625474,copy #991427843,in,0,0,0,0,Sheet6,2026.07.16 23:59
2026.07.16 17:34:05,452606092,sell,0.02,XAUUSD-STDc,4001.86,589677534,copy #991456660,in,0,0,0,0,Sheet6,2026.07.16 23:59
2026.07.16 17:34:48,452617270,sell,0.03,XAUUSD-STDc,4003.15,589688879,copy #991461274,in,0,0,0,0,Sheet6,2026.07.16 23:59
2026.07.16 17:45:06,452672138,sell,0.04,XAUUSD-STDc,4003.93,589745038,copy #991492269,in,0,0,0,0,Sheet6,2026.07.16 23:59
2026.07.16 17:49:50,452703082,buy,0.02,XAUUSD-STDc,3999.94,589779560,copy #991511774,out,0,0,0,3.84,Sheet6,2026.07.16 23:59
2026.07.16 17:49:50,452703263,buy,0.04,XAUUSD-STDc,3999.95,589779293,copy #991511734,out,0,0,0,15.92,Sheet6,2026.07.16 23:59
2026.07.16 17:49:51,452703721,buy,0.02,XAUUSD-STDc,3999.97,589779799,copy #991511787,out,0,0,0,-2.16,Sheet6,2026.07.16 23:59
2026.07.16 17:49:51,452703774,buy,0.03,XAUUSD-STDc,3999.97,589780119,copy #991511844,out,0,0,0,9.54,Sheet6,2026.07.16 23:59
2026.07.16 17:51:10,452726446,buy,0.02,XAUUSD-STDc,3999.23,589800148,copy #991521576,in,0,0,0,0,Sheet6,2026.07.16 23:59
2026.07.16 17:53:31,452751008,buy,0.02,XAUUSD-STDc,3996.29,589825116,copy #991532475,in,0,0,0,0,Sheet6,2026.07.16 23:59
2026.07.16 17:55:36,452767914,buy,0.03,XAUUSD-STDc,3993.82,589842349,copy #991540895,in,0,0,0,0,Sheet6,2026.07.16 23:59
2026.07.16 17:57:40,452786497,sell,0.02,XAUUSD-STDc,3997.27,589861509,copy #991550601,in,0,0,0,0,Sheet6,2026.07.16 23:59
2026.07.16 17:58:33,452791220,sell,0.03,XAUUSD-STDc,3998.93,589865924,copy #991553546,out,0,0,0,15.33,Sheet6,2026.07.16 23:59
2026.07.16 17:58:33,452791245,sell,0.02,XAUUSD-STDc,3998.93,589865703,copy #991553535,out,0,0,0,-0.6,Sheet6,2026.07.16 23:59
2026.07.16 17:58:34,452791421,sell,0.02,XAUUSD-STDc,3998.91,589866228,copy #991553608,out,0,0,0,5.24,Sheet6,2026.07.16 23:59
2026.07.16 18:02:08,452801032,buy,0.02,XAUUSD-STDc,3995.36,589876165,copy #991564005,out,0,0,0,3.82,Sheet6,2026.07.16 23:59
2026.07.16 18:03:57,452821620,buy,0.02,XAUUSD-STDc,3993.77,589897306,copy #991572044,in,0,0,0,0,Sheet6,2026.07.16 23:59
2026.07.16 18:06:23,452845265,buy,0.02,XAUUSD-STDc,3991.44,589921588,copy #991582860,in,0,0,0,0,Sheet6,2026.07.16 23:59
2026.07.16 18:09:41,452858106,sell,0.02,XAUUSD-STDc,3995.29,589938468,copy #991590593,out,0,0,0,3.04,Sheet6,2026.07.16 23:59
2026.07.16 18:09:44,452862293,sell,0.02,XAUUSD-STDc,3995.28,589938791,copy #991590713,out,0,0,0,7.68,Sheet6,2026.07.16 23:59
2026.07.16 18:13:59,452892981,buy,0.02,XAUUSD-STDc,3990.56,589970383,copy #991605800,in,0,0,0,0,Sheet6,2026.07.16 23:59
2026.07.16 18:15:16,452903284,sell,0.02,XAUUSD-STDc,3994.22,589981739,copy #991611453,out,0,0,0,7.32,Sheet6,2026.07.16 23:59
2026.07.16 18:18:30,452924458,sell,0.02,XAUUSD-STDc,3996.96,590002283,copy #991625786,in,0,0,0,0,Sheet6,2026.07.16 23:59
2026.07.16 18:20:40,452956396,sell,0.02,XAUUSD-STDc,3999.9,590034580,copy #991635870,in,0,0,0,0,Sheet6,2026.07.16 23:59
2026.07.16 18:21:57,452972256,sell,0.03,XAUUSD-STDc,4002.79,590050823,copy #991643226,in,0,0,0,0,Sheet6,2026.07.16 23:59
2026.07.16 18:23:07,452987038,sell,0.04,XAUUSD-STDc,4005.55,590065843,copy #991652621,in,0,0,0,0,Sheet6,2026.07.16 23:59
2026.07.16 18:24:25,452999086,sell,0.05,XAUUSD-STDc,4008.17,590078097,copy #991659772,in,0,0,0,0,Sheet6,2026.07.16 23:59
2026.07.16 18:26:03,453035621,sell,0.06,XAUUSD-STDc,4016.1,590114784,copy #991683219,in,0,0,0,0,Sheet6,2026.07.16 23:59
2026.07.16 18:30:05,453048318,buy,0.02,XAUUSD-STDc,4011.52,590127701,copy #991698719,in,0,0,0,0,Sheet6,2026.07.16 23:59
2026.07.16 18:30:57,453067840,buy,0.02,XAUUSD-STDc,4008.92,590147298,copy #991708791,in,0,0,0,0,Sheet6,2026.07.16 23:59
2026.07.16 18:33:43,453076008,sell,0.02,XAUUSD-STDc,4013.53,590157065,copy #991716927,out,0,0,0,9.22,Sheet6,2026.07.16 23:59
2026.07.16 18:33:43,453076435,sell,0.02,XAUUSD-STDc,4013.57,590157296,copy #991716945,out,0,0,0,4.1,Sheet6,2026.07.16 23:59
2026.07.16 18:36:45,453109195,buy,0.02,XAUUSD-STDc,4012.46,590189850,copy #991730483,in,0,0,0,0,Sheet6,2026.07.16 23:59
2026.07.16 18:38:07,453112014,sell,0.02,XAUUSD-STDc,4015.05,590193079,copy #991732444,out,0,0,0,5.18,Sheet6,2026.07.16 23:59
2026.07.16 18:38:20,453116749,buy,0.02,XAUUSD-STDc,4015.76,590197687,copy #991733687,in,0,0,0,0,Sheet6,2026.07.16 23:59
2026.07.16 18:41:38,453135033,buy,0.02,XAUUSD-STDc,4010.94,590216414,copy #991743279,in,0,0,0,0,Sheet6,2026.07.16 23:59
2026.07.16 18:58:08,453182527,buy,0.02,XAUUSD-STDc,4007.01,590265148,copy #991779639,in,0,0,0,0,Sheet6,2026.07.16 23:59
2026.07.16 19:00:38,453197038,buy,0.04,XAUUSD-STDc,4004.63,590279477,copy #991787892,out,0,0,0,3.68,Sheet6,2026.07.16 23:59
2026.07.16 19:00:38,453197351,buy,0.05,XAUUSD-STDc,4004.63,590279912,copy #991787902,out,0,0,0,17.7,Sheet6,2026.07.16 23:59
2026.07.16 19:00:38,453197373,buy,0.03,XAUUSD-STDc,4004.65,590279694,copy #991787895,out,0,0,0,-5.58,Sheet6,2026.07.16 23:59
2026.07.16 19:00:38,453197541,buy,0.02,XAUUSD-STDc,4004.65,590280402,copy #991787908,out,0,0,0,-15.38,Sheet6,2026.07.16 23:59
2026.07.16 19:00:38,453197578,buy,0.02,XAUUSD-STDc,4004.65,590280537,copy #991787911,out,0,0,0,-9.5,Sheet6,2026.07.16 23:59
2026.07.16 19:00:38,453197688,buy,0.06,XAUUSD-STDc,4004.65,590280124,copy #991787905,out,0,0,0,68.7,Sheet6,2026.07.16 23:59
2026.07.16 19:01:06,453202927,buy,0.03,XAUUSD-STDc,4004.65,590285568,copy #991793645,in,0,0,0,0,Sheet6,2026.07.16 23:59
2026.07.16 19:02:52,453224598,buy,0.04,XAUUSD-STDc,4002.66,590307699,copy #991804440,in,0,0,0,0,Sheet6,2026.07.16 23:59
2026.07.16 19:05:19,453247394,buy,0.05,XAUUSD-STDc,4000.28,590330728,copy #991818723,in,0,0,0,0,Sheet6,2026.07.16 23:59
2026.07.16 19:13:10,453297035,buy,0.06,XAUUSD-STDc,3993.21,590381808,copy #991850867,in,0,0,0,0,Sheet6,2026.07.16 23:59
2026.07.16 19:15:05,453314782,buy,0.08,XAUUSD-STDc,3990.26,590400330,copy #991862028,in,0,0,0,0,Sheet6,2026.07.16 23:59
2026.07.16 19:18:51,453341816,sell,0.02,XAUUSD-STDc,3987.81,590427814,copy #991875135,in,0,0,0,0,Sheet6,2026.07.16 23:59
2026.07.16 19:19:08,453345445,buy,0.11,XAUUSD-STDc,3988.42,590431375,copy #991878398,in,0,0,0,0,Sheet6,2026.07.16 23:59
2026.07.16 19:19:49,453352602,buy,0.02,XAUUSD-STDc,3985.88,590439534,copy #991882396,out,0,0,0,3.86,Sheet6,2026.07.16 23:59
2026.07.16 19:19:55,453358689,buy,0.14,XAUUSD-STDc,3987.12,590444699,copy #991884882,in,0,0,0,0,Sheet6,2026.07.16 23:59
2026.07.16 19:20:21,453372165,buy,0.18,XAUUSD-STDc,3983.18,590459314,copy #991892476,in,0,0,0,0,Sheet6,2026.07.16 23:59
2026.07.16 19:21:24,453387276,sell,0.02,XAUUSD-STDc,3987.43,590473389,copy #991901746,in,0,0,0,0,Sheet6,2026.07.16 23:59
2026.07.16 19:44:58,453450721,buy,0.02,XAUUSD-STDc,3992.68,590538713,copy #991958692,out,0,0,0,-10.5,Sheet6,2026.07.16 23:59
2026.07.16 19:44:59,453451439,sell,0.18,XAUUSD-STDc,3992.02,590539121,copy #991958721,out,0,0,0,159.12,Sheet6,2026.07.16 23:59
2026.07.16 19:44:59,453451511,sell,0.14,XAUUSD-STDc,3992.02,590539384,copy #991958817,out,0,0,0,68.6,Sheet6,2026.07.16 23:59
2026.07.16 19:44:59,453451686,sell,0.11,XAUUSD-STDc,3991.9,590539687,copy #991958895,out,0,0,0,38.28,Sheet6,2026.07.16 23:59
2026.07.16 19:44:59,453452141,sell,0.08,XAUUSD-STDc,3991.91,590540031,copy #991958938,out,0,0,0,13.2,Sheet6,2026.07.16 23:59
2026.07.16 19:44:59,453452330,sell,0.06,XAUUSD-STDc,3991.9,590540235,copy #991958963,out,0,0,0,-7.86,Sheet6,2026.07.16 23:59
2026.07.16 19:45:00,453452578,sell,0.05,XAUUSD-STDc,3991.9,590540565,copy #991959035,out,0,0,0,-41.9,Sheet6,2026.07.16 23:59
2026.07.16 19:45:00,453452991,sell,0.04,XAUUSD-STDc,3991.81,590540824,copy #991959124,out,0,0,0,-43.4,Sheet6,2026.07.16 23:59
2026.07.16 19:45:00,453453321,sell,0.03,XAUUSD-STDc,3991.84,590541197,copy #991959189,out,0,0,0,-38.43,Sheet6,2026.07.16 23:59
2026.07.16 19:45:01,453453559,sell,0.02,XAUUSD-STDc,3991.8,590541452,copy #991959291,out,0,0,0,-30.42,Sheet6,2026.07.16 23:59
2026.07.16 19:45:01,453453934,sell,0.02,XAUUSD-STDc,3991.78,590541702,copy #991959368,out,0,0,0,-38.32,Sheet6,2026.07.16 23:59
2026.07.16 19:45:01,453454108,sell,0.02,XAUUSD-STDc,3991.8,590542429,copy #991959534,out,0,0,0,-47.92,Sheet6,2026.07.16 23:59
2026.07.15 09:13:17,443441751,buy,0.02,XAUUSD-STDc,4028.98,580027847,copy #985645134,in,0,0,0,0,Sheet7,2026.07.15 23:59
2026.07.15 09:15:28,443467312,buy,0.02,XAUUSD-STDc,4027.04,580054251,copy #985656659,in,0,0,0,0,Sheet7,2026.07.15 23:59
2026.07.15 09:18:56,443493376,buy,0.03,XAUUSD-STDc,4025.19,580081149,copy #985670861,in,0,0,0,0,Sheet7,2026.07.15 23:59
2026.07.15 09:22:41,443537313,buy,0.04,XAUUSD-STDc,4023.25,580127633,copy #985693115,in,0,0,0,0,Sheet7,2026.07.15 23:59
2026.07.15 09:25:44,443571601,sell,0.02,XAUUSD-STDc,4028.08,580169414,copy #985710058,out,0,0,0,2.08,Sheet7,2026.07.15 23:59
2026.07.15 09:25:44,443571638,sell,0.03,XAUUSD-STDc,4028.08,580169340,copy #985709978,out,0,0,0,8.67,Sheet7,2026.07.15 23:59
2026.07.15 09:25:44,443571677,sell,0.02,XAUUSD-STDc,4028.08,580169535,copy #985710100,out,0,0,0,-1.8,Sheet7,2026.07.15 23:59
2026.07.15 09:25:44,443571696,sell,0.04,XAUUSD-STDc,4028.08,580169491,copy #985710092,out,0,0,0,19.32,Sheet7,2026.07.15 23:59
2026.07.15 09:25:58,443584956,sell,0.02,XAUUSD-STDc,4027.62,580175975,copy #985716535,in,0,0,0,0,Sheet7,2026.07.15 23:59
2026.07.15 09:31:00,443602728,buy,0.02,XAUUSD-STDc,4024.74,580194803,copy #985730235,out,0,0,0,5.76,Sheet7,2026.07.15 23:59
2026.07.15 09:37:18,443664615,sell,0.02,XAUUSD-STDc,4027.81,580258451,copy #985758243,in,0,0,0,0,Sheet7,2026.07.15 23:59
2026.07.15 09:38:39,443681392,sell,0.02,XAUUSD-STDc,4029.71,580275466,copy #985766899,in,0,0,0,0,Sheet7,2026.07.15 23:59
2026.07.15 09:45:05,443705431,sell,0.03,XAUUSD-STDc,4031.81,580300660,copy #985785692,in,0,0,0,0,Sheet7,2026.07.15 23:59
2026.07.15 10:14:33,443800634,buy,0.02,XAUUSD-STDc,4029.33,580402991,copy #985853393,in,0,0,0,0,Sheet7,2026.07.15 23:59
2026.07.15 10:21:50,443814110,buy,0.02,XAUUSD-STDc,4027.87,580417958,copy #985864604,out,0,0,0,-0.12,Sheet7,2026.07.15 23:59
2026.07.15 10:21:50,443814606,buy,0.03,XAUUSD-STDc,4027.82,580418224,copy #985864607,out,0,0,0,11.97,Sheet7,2026.07.15 23:59
2026.07.15 10:21:50,443814645,buy,0.02,XAUUSD-STDc,4027.82,580418526,copy #985864610,out,0,0,0,3.78,Sheet7,2026.07.15 23:59
2026.07.15 10:23:37,443843362,buy,0.02,XAUUSD-STDc,4026.6,580447850,copy #985875796,in,0,0,0,0,Sheet7,2026.07.15 23:59
2026.07.15 10:27:40,443896417,buy,0.03,XAUUSD-STDc,4021.82,580504437,copy #985906028,in,0,0,0,0,Sheet7,2026.07.15 23:59
2026.07.15 10:33:01,443940412,sell,0.02,XAUUSD-STDc,4025.14,580548917,copy #985932985,in,0,0,0,0,Sheet7,2026.07.15 23:59
2026.07.15 10:35:08,443959957,buy,0.02,XAUUSD-STDc,4023.22,580570444,copy #985944082,out,0,0,0,3.84,Sheet7,2026.07.15 23:59
2026.07.15 11:02:56,444118768,sell,0.02,XAUUSD-STDc,4024.54,580737509,copy #986040432,in,0,0,0,0,Sheet7,2026.07.15 23:59
2026.07.15 11:10:06,444138973,buy,0.02,XAUUSD-STDc,4022.37,580758879,copy #986054822,out,0,0,0,4.34,Sheet7,2026.07.15 23:59
2026.07.15 11:14:17,444193697,buy,0.04,XAUUSD-STDc,4018.67,580816374,copy #986080197,in,0,0,0,0,Sheet7,2026.07.15 23:59
2026.07.15 11:19:39,444237625,sell,0.02,XAUUSD-STDc,4024.24,580861382,copy #986106725,in,0,0,0,0,Sheet7,2026.07.15 23:59
2026.07.15 11:28:20,444247942,sell,0.02,XAUUSD-STDc,4025.41,580873124,copy #986121821,out,0,0,0,-7.84,Sheet7,2026.07.15 23:59
2026.07.15 11:28:21,444249166,sell,0.04,XAUUSD-STDc,4025.3,580873840,copy #986121847,out,0,0,0,26.52,Sheet7,2026.07.15 23:59
2026.07.15 11:28:21,444249291,sell,0.02,XAUUSD-STDc,4025.3,580874034,copy #986121854,out,0,0,0,-2.6,Sheet7,2026.07.15 23:59
2026.07.15 11:28:21,444249407,sell,0.03,XAUUSD-STDc,4025.3,580873644,copy #986121836,out,0,0,0,10.44,Sheet7,2026.07.15 23:59
2026.07.15 11:30:39,444273531,sell,0.02,XAUUSD-STDc,4026.73,580899546,copy #986135590,in,0,0,0,0,Sheet7,2026.07.15 23:59
2026.07.15 11:47:29,444325144,sell,0.03,XAUUSD-STDc,4028.1,580954814,copy #986178075,in,0,0,0,0,Sheet7,2026.07.15 23:59
2026.07.15 11:55:27,444342818,sell,0.04,XAUUSD-STDc,4029.54,580974203,copy #986194626,in,0,0,0,0,Sheet7,2026.07.15 23:59
2026.07.15 11:58:27,444362299,sell,0.05,XAUUSD-STDc,4031.77,580996089,copy #986208682,in,0,0,0,0,Sheet7,2026.07.15 23:59
2026.07.15 12:30:04,444463442,buy,0.02,XAUUSD-STDc,4028.51,581101936,copy #986287130,in,0,0,0,0,Sheet7,2026.07.15 23:59
2026.07.15 12:34:23,444474897,buy,0.02,XAUUSD-STDc,4026.99,581114589,copy #986296856,out,0,0,0,-0.52,Sheet7,2026.07.15 23:59
2026.07.15 12:34:23,444475169,buy,0.04,XAUUSD-STDc,4026.99,581114677,copy #986296884,out,0,0,0,10.2,Sheet7,2026.07.15 23:59
2026.07.15 12:34:23,444475720,buy,0.05,XAUUSD-STDc,4026.96,581115344,copy #986296895,out,0,0,0,24.05,Sheet7,2026.07.15 23:59
2026.07.15 12:34:23,444475797,buy,0.02,XAUUSD-STDc,4026.96,581115213,copy #986296887,out,0,0,0,-5.44,Sheet7,2026.07.15 23:59
2026.07.15 12:34:24,444475895,buy,0.03,XAUUSD-STDc,4026.96,581115483,copy #986296909,out,0,0,0,3.42,Sheet7,2026.07.15 23:59
2026.07.15 12:37:39,444492996,buy,0.02,XAUUSD-STDc,4027.07,581133073,copy #986309061,in,0,0,0,0,Sheet7,2026.07.15 23:59
2026.07.15 12:59:38,444522971,sell,0.02,XAUUSD-STDc,4030.21,581165586,copy #986341991,out,0,0,0,3.4,Sheet7,2026.07.15 23:59
2026.07.15 12:59:42,444523612,sell,0.02,XAUUSD-STDc,4029.84,581166260,copy #986342260,out,0,0,0,5.54,Sheet7,2026.07.15 23:59
2026.07.15 13:00:37,444526607,sell,0.02,XAUUSD-STDc,4029.04,581168624,copy #986346061,in,0,0,0,0,Sheet7,2026.07.15 23:59
2026.07.15 13:07:38,444548716,sell,0.02,XAUUSD-STDc,4032.12,581192243,copy #986363718,in,0,0,0,0,Sheet7,2026.07.15 23:59
2026.07.15 13:14:44,444589737,sell,0.03,XAUUSD-STDc,4034.61,581235140,copy #986390369,in,0,0,0,0,Sheet7,2026.07.15 23:59
2026.07.15 13:24:58,444638374,buy,0.03,XAUUSD-STDc,4029.37,581286173,copy #986419291,out,0,0,0,15.72,Sheet7,2026.07.15 23:59
2026.07.15 13:24:58,444638669,buy,0.02,XAUUSD-STDc,4029.69,581286501,copy #986419330,out,0,0,0,4.86,Sheet7,2026.07.15 23:59
2026.07.15 13:24:59,444639365,buy,0.02,XAUUSD-STDc,4029.71,581288145,copy #986419337,out,0,0,0,-1.34,Sheet7,2026.07.15 23:59
2026.07.15 13:25:23,444645612,buy,0.02,XAUUSD-STDc,4029.97,581292713,copy #986423739,in,0,0,0,0,Sheet7,2026.07.15 23:59
2026.07.15 13:26:14,444658438,buy,0.02,XAUUSD-STDc,4027.97,581305646,copy #986430439,in,0,0,0,0,Sheet7,2026.07.15 23:59
2026.07.15 13:36:09,444681585,sell,0.02,XAUUSD-STDc,4031.65,581332271,copy #986449158,out,0,0,0,3.36,Sheet7,2026.07.15 23:59
2026.07.15 13:36:10,444681966,sell,0.02,XAUUSD-STDc,4031.66,581332580,copy #986449209,out,0,0,0,7.38,Sheet7,2026.07.15 23:59
2026.07.15 13:40:23,444697236,sell,0.02,XAUUSD-STDc,4032.98,581349179,copy #986459696,in,0,0,0,0,Sheet7,2026.07.15 23:59
2026.07.15 13:46:56,444712227,buy,0.02,XAUUSD-STDc,4029.85,581367024,copy #986472753,out,0,0,0,6.26,Sheet7,2026.07.15 23:59
2026.07.15 13:48:18,444725406,buy,0.02,XAUUSD-STDc,4028.78,581380683,copy #986480885,in,0,0,0,0,Sheet7,2026.07.15 23:59
2026.07.15 14:06:13,444751944,sell,0.02,XAUUSD-STDc,4031.38,581409729,copy #986511324,out,0,0,0,5.2,Sheet7,2026.07.15 23:59
2026.07.15 14:42:09,444849295,sell,0.02,XAUUSD-STDc,4037.83,581513386,copy #986590977,in,0,0,0,0,Sheet7,2026.07.15 23:59
2026.07.15 15:02:13,444894666,sell,0.02,XAUUSD-STDc,4038.98,581562034,copy #986640327,in,0,0,0,0,Sheet7,2026.07.15 23:59
2026.07.15 15:04:28,444908429,sell,0.03,XAUUSD-STDc,4041.6,581576926,copy #986651204,in,0,0,0,0,Sheet7,2026.07.15 23:59
2026.07.15 15:06:31,444919513,buy,0.03,XAUUSD-STDc,4037.68,581588367,copy #986662758,out,0,0,0,11.76,Sheet7,2026.07.15 23:59
2026.07.15 15:06:31,444919711,buy,0.02,XAUUSD-STDc,4037.66,581588583,copy #986662775,out,0,0,0,2.64,Sheet7,2026.07.15 23:59
2026.07.15 15:06:32,444919801,buy,0.02,XAUUSD-STDc,4037.82,581588794,copy #986662861,out,0,0,0,0.02,Sheet7,2026.07.15 23:59
2026.07.15 15:30:24,444977367,sell,0.02,XAUUSD-STDc,4048.4,581650409,copy #986713833,in,0,0,0,0,Sheet7,2026.07.15 23:59
2026.07.15 15:30:28,444980956,sell,0.02,XAUUSD-STDc,4049.28,581655517,copy #986715288,in,0,0,0,0,Sheet7,2026.07.15 23:59
2026.07.15 15:30:47,444992327,sell,0.03,XAUUSD-STDc,4049.98,581666059,copy #986722656,in,0,0,0,0,Sheet7,2026.07.15 23:59
2026.07.15 15:31:06,444997393,sell,0.05,XAUUSD-STDc,4049.08,581671113,copy #986734718,in,0,0,0,0,Sheet7,2026.07.15 23:59
2026.07.15 15:31:06,444997456,sell,0.04,XAUUSD-STDc,4049.07,581671334,copy #986734725,in,0,0,0,0,Sheet7,2026.07.15 23:59
2026.07.15 15:32:55,445028439,sell,0.06,XAUUSD-STDc,4052.54,581703243,copy #986762811,in,0,0,0,0,Sheet7,2026.07.15 23:59
2026.07.15 15:34:24,445046703,buy,0.02,XAUUSD-STDc,4054.47,581722364,copy #986784296,in,0,0,0,0,Sheet7,2026.07.15 23:59
2026.07.15 15:34:30,445049669,sell,0.08,XAUUSD-STDc,4052.99,581725005,copy #986786231,in,0,0,0,0,Sheet7,2026.07.15 23:59
2026.07.15 15:35:18,445056914,sell,0.02,XAUUSD-STDc,4056.37,581735098,copy #986792053,out,0,0,0,3.8,Sheet7,2026.07.15 23:59
2026.07.15 15:35:26,445066914,sell,0.11,XAUUSD-STDc,4057.77,581743500,copy #986798200,in,0,0,0,0,Sheet7,2026.07.15 23:59
2026.07.15 15:36:49,445091633,sell,0.14,XAUUSD-STDc,4059.2,581768600,copy #986815500,in,0,0,0,0,Sheet7,2026.07.15 23:59
2026.07.15 15:37:53,445113520,sell,0.18,XAUUSD-STDc,4063.23,581791229,copy #986832927,in,0,0,0,0,Sheet7,2026.07.15 23:59
2026.07.15 15:39:35,445129479,sell,0.23,XAUUSD-STDc,4064.42,581808751,copy #986849034,in,0,0,0,0,Sheet7,2026.07.15 23:59
2026.07.15 15:58:35,445231335,sell,0.3,XAUUSD-STDc,4069.2,581916819,copy #986945275,in,0,0,0,0,Sheet7,2026.07.15 23:59
2026.07.15 15:58:48,445239221,sell,0.39,XAUUSD-STDc,4070.09,581925299,copy #986950451,in,0,0,0,0,Sheet7,2026.07.15 23:59
2026.07.15 16:00:16,445250983,buy,0.02,XAUUSD-STDc,4066.19,581937172,copy #986964278,in,0,0,0,0,Sheet7,2026.07.15 23:59
2026.07.15 16:02:24,445260466,sell,0.02,XAUUSD-STDc,4068.59,581947449,copy #986975469,out,0,0,0,4.8,Sheet7,2026.07.15 23:59
2026.07.15 16:02:34,445263985,buy,0.02,XAUUSD-STDc,4069.36,581950828,copy #986977824,in,0,0,0,0,Sheet7,2026.07.15 23:59
2026.07.15 16:04:17,445270113,sell,0.02,XAUUSD-STDc,4070.11,581958761,copy #986984137,out,0,0,0,1.5,Sheet7,2026.07.15 23:59
2026.07.15 16:05:27,445295521,sell,0.51,XAUUSD-STDc,4072.88,581983857,copy #987000198,in,0,0,0,0,Sheet7,2026.07.15 23:59
2026.07.15 16:10:23,445325224,buy,0.51,XAUUSD-STDc,4065.15,582020187,copy #987026409,out,0,0,0,394.23,Sheet7,2026.07.15 23:59
2026.07.15 16:10:23,445325251,buy,0.39,XAUUSD-STDc,4065.15,582020529,copy #987026668,out,0,0,0,192.66,Sheet7,2026.07.15 23:59
2026.07.15 16:10:29,445331063,buy,0.06,XAUUSD-STDc,4065.61,582021772,copy #987028200,out,0,0,0,-78.42,Sheet7,2026.07.15 23:59
2026.07.15 16:10:29,445331079,buy,0.05,XAUUSD-STDc,4065.61,582021721,copy #987028158,out,0,0,0,-82.65,Sheet7,2026.07.15 23:59
2026.07.15 16:10:30,445332164,buy,0.08,XAUUSD-STDc,4065.65,582022186,copy #987028406,out,0,0,0,-101.28,Sheet7,2026.07.15 23:59
2026.07.15 16:10:30,445332732,buy,0.11,XAUUSD-STDc,4065.68,582022523,copy #987028457,out,0,0,0,-87.01,Sheet7,2026.07.15 23:59
2026.07.15 16:10:31,445333206,buy,0.14,XAUUSD-STDc,4065.61,582023096,copy #987028562,out,0,0,0,-89.74,Sheet7,2026.07.15 23:59
2026.07.15 16:10:31,445333610,buy,0.18,XAUUSD-STDc,4065.64,582023430,copy #987028620,out,0,0,0,-43.38,Sheet7,2026.07.15 23:59
2026.07.15 16:10:31,445333758,buy,0.23,XAUUSD-STDc,4065.68,582023675,copy #987028679,out,0,0,0,-28.98,Sheet7,2026.07.15 23:59
2026.07.15 16:10:31,445333874,buy,0.3,XAUUSD-STDc,4065.64,582023908,copy #987028707,out,0,0,0,106.8,Sheet7,2026.07.15 23:59
2026.07.15 16:10:32,445334381,buy,0.02,XAUUSD-STDc,4066.24,582024159,copy #987028842,out,0,0,0,-35.68,Sheet7,2026.07.15 23:59
2026.07.15 16:10:32,445334591,buy,0.02,XAUUSD-STDc,4066.09,582024409,copy #987028917,out,0,0,0,-33.62,Sheet7,2026.07.15 23:59
2026.07.15 16:10:33,445335001,buy,0.03,XAUUSD-STDc,4066.17,582024686,copy #987029015,out,0,0,0,-48.57,Sheet7,2026.07.15 23:59
2026.07.15 16:10:33,445335096,buy,0.04,XAUUSD-STDc,4066.13,582024905,copy #987029137,out,0,0,0,-68.24,Sheet7,2026.07.15 23:59
2026.07.15 16:10:34,445335477,buy,0.02,XAUUSD-STDc,4066.51,582025240,copy #987029453,in,0,0,0,0,Sheet7,2026.07.15 23:59
2026.07.15 16:13:46,445357793,buy,0.02,XAUUSD-STDc,4063.78,582047940,copy #987045433,in,0,0,0,0,Sheet7,2026.07.15 23:59
2026.07.15 16:26:03,445417222,buy,0.03,XAUUSD-STDc,4059.35,582109277,copy #987098342,in,0,0,0,0,Sheet7,2026.07.15 23:59
2026.07.15 16:27:41,445435877,buy,0.04,XAUUSD-STDc,4055.88,582128183,copy #987113400,in,0,0,0,0,Sheet7,2026.07.15 23:59
2026.07.15 16:31:15,445455045,sell,0.02,XAUUSD-STDc,4058.6,582148389,copy #987133332,in,0,0,0,0,Sheet7,2026.07.15 23:59
2026.07.15 16:36:32,445471874,sell,0.02,XAUUSD-STDc,4060.56,582167303,copy #987153107,in,0,0,0,0,Sheet7,2026.07.15 23:59
2026.07.15 16:42:15,445498798,sell,0.02,XAUUSD-STDc,4062.24,582195929,copy #987172246,out,0,0,0,-8.54,Sheet7,2026.07.15 23:59
2026.07.15 16:42:15,445499094,sell,0.04,XAUUSD-STDc,4062.24,582196205,copy #987172259,out,0,0,0,25.44,Sheet7,2026.07.15 23:59
2026.07.15 16:42:15,445499265,sell,0.03,XAUUSD-STDc,4062.27,582196662,copy #987172275,out,0,0,0,8.76,Sheet7,2026.07.15 23:59
2026.07.15 16:42:15,445499350,sell,0.02,XAUUSD-STDc,4062.27,582196417,copy #987172270,out,0,0,0,-3.02,Sheet7,2026.07.15 23:59
2026.07.15 16:42:19,445500088,sell,0.03,XAUUSD-STDc,4061.91,582197306,copy #987172984,in,0,0,0,0,Sheet7,2026.07.15 23:59
2026.07.15 16:46:18,445511358,buy,0.02,XAUUSD-STDc,4059.25,582209682,copy #987184541,out,0,0,0,2.62,Sheet7,2026.07.15 23:59
2026.07.15 16:46:18,445511568,buy,0.02,XAUUSD-STDc,4059.22,582209893,copy #987184565,out,0,0,0,-1.24,Sheet7,2026.07.15 23:59
2026.07.15 16:46:19,445511824,buy,0.03,XAUUSD-STDc,4059.11,582210124,copy #987184707,out,0,0,0,8.4,Sheet7,2026.07.15 23:59
2026.07.15 16:55:19,445562115,sell,0.02,XAUUSD-STDc,4059.18,582263496,copy #987229059,in,0,0,0,0,Sheet7,2026.07.15 23:59
2026.07.15 16:56:13,445571783,sell,0.02,XAUUSD-STDc,4060.67,582273542,copy #987234314,in,0,0,0,0,Sheet7,2026.07.15 23:59
2026.07.15 16:57:52,445589324,sell,0.03,XAUUSD-STDc,4063.86,582291848,copy #987246125,in,0,0,0,0,Sheet7,2026.07.15 23:59
2026.07.15 17:21:30,445676091,buy,0.02,XAUUSD-STDc,4059.6,582388230,copy #987323874,out,0,0,0,-0.84,Sheet7,2026.07.15 23:59
2026.07.15 17:21:30,445676534,buy,0.03,XAUUSD-STDc,4059.57,582388310,copy #987323876,out,0,0,0,12.87,Sheet7,2026.07.15 23:59
2026.07.15 17:21:30,445676639,buy,0.02,XAUUSD-STDc,4059.57,582388675,copy #987323927,out,0,0,0,2.2,Sheet7,2026.07.15 23:59
2026.07.15 17:23:49,445688056,buy,0.02,XAUUSD-STDc,4059.34,582400349,copy #987334356,in,0,0,0,0,Sheet7,2026.07.15 23:59
2026.07.15 17:24:40,445695724,buy,0.02,XAUUSD-STDc,4056.98,582408268,copy #987340473,in,0,0,0,0,Sheet7,2026.07.15 23:59
2026.07.15 17:30:47,445708639,sell,0.02,XAUUSD-STDc,4059.12,582422983,copy #987359842,in,0,0,0,0,Sheet7,2026.07.15 23:59
2026.07.15 17:33:37,445712757,buy,0.02,XAUUSD-STDc,4060.01,582428009,copy #987366743,out,0,0,0,-1.78,Sheet7,2026.07.15 23:59
2026.07.15 17:33:37,445712921,sell,0.02,XAUUSD-STDc,4059.59,582428222,copy #987366755,out,0,0,0,5.22,Sheet7,2026.07.15 23:59
2026.07.15 17:33:37,445712979,sell,0.02,XAUUSD-STDc,4059.59,582428430,copy #987366756,out,0,0,0,0.5,Sheet7,2026.07.15 23:59
2026.07.10 17:48:55,429816639,sell,0.14,XAUUSD-STDc,4103.45,565854507,copy #975526019,in,0,0,0,0,Sheet8,2026.07.10 23:59
2026.07.10 17:48:56,429816738,sell,0.11,XAUUSD-STDc,4103.45,565854699,copy #975526025,in,0,0,0,0,Sheet8,2026.07.10 23:59
2026.07.10 17:48:56,429816982,sell,0.06,XAUUSD-STDc,4103.49,565854899,copy #975526088,in,0,0,0,0,Sheet8,2026.07.10 23:59
2026.07.10 17:48:56,429817184,sell,0.08,XAUUSD-STDc,4103.48,565855091,copy #975526090,in,0,0,0,0,Sheet8,2026.07.10 23:59
2026.07.10 17:48:57,429817330,sell,0.05,XAUUSD-STDc,4103.47,565855287,copy #975526108,in,0,0,0,0,Sheet8,2026.07.10 23:59
2026.07.10 17:49:07,429817682,sell,0.04,XAUUSD-STDc,4104.48,565855607,copy #975526799,in,0,0,0,0,Sheet8,2026.07.10 23:59
2026.07.10 17:49:31,429820391,sell,0.03,XAUUSD-STDc,4106.51,565858628,copy #975530595,in,0,0,0,0,Sheet8,2026.07.10 23:59
2026.07.10 17:50:10,429821740,sell,0.18,XAUUSD-STDc,4105.86,565859832,copy #975534762,in,0,0,0,0,Sheet8,2026.07.10 23:59
2026.07.10 17:55:56,429835323,buy,0.18,XAUUSD-STDc,4098.46,565873533,copy #975555101,out,0,0,0,133.2,Sheet8,2026.07.10 23:59
2026.07.10 17:55:58,429836533,buy,0.03,XAUUSD-STDc,4098.86,565874698,copy #975555974,out,0,0,0,22.95,Sheet8,2026.07.10 23:59
2026.07.10 17:55:59,429836838,buy,0.04,XAUUSD-STDc,4098.85,565875143,copy #975556583,out,0,0,0,22.52,Sheet8,2026.07.10 23:59
2026.07.10 17:56:00,429837267,buy,0.05,XAUUSD-STDc,4098.63,565875499,copy #975556883,out,0,0,0,24.2,Sheet8,2026.07.10 23:59
2026.07.10 17:56:01,429837443,buy,0.14,XAUUSD-STDc,4098.82,565875775,copy #975557399,out,0,0,0,64.82,Sheet8,2026.07.10 23:59
2026.07.10 17:56:02,429837751,buy,0.06,XAUUSD-STDc,4098.8,565876022,copy #975557656,out,0,0,0,28.14,Sheet8,2026.07.10 23:59
2026.07.10 17:56:03,429837912,buy,0.11,XAUUSD-STDc,4098.78,565876251,copy #975557839,out,0,0,0,51.37,Sheet8,2026.07.10 23:59
2026.07.10 17:56:05,429838162,buy,0.08,XAUUSD-STDc,4098.84,565876479,copy #975558086,out,0,0,0,37.12,Sheet8,2026.07.10 23:59
2026.07.09 08:21:17,423819435,buy,0.02,XAUUSD-STDc,4067.89,559541660,copy #970534126,in,0,0,0,0,Sheet9,2026.07.09 23:59
2026.07.09 08:28:02,423831725,sell,0.02,XAUUSD-STDc,4070.57,559554602,copy #970544239,out,0,0,0,5.36,Sheet9,2026.07.09 23:59
2026.07.09 08:30:27,423869875,buy,0.02,XAUUSD-STDc,4069.11,559593127,copy #970558922,in,0,0,0,0,Sheet9,2026.07.09 23:59
2026.07.09 08:31:24,423889348,buy,0.02,XAUUSD-STDc,4066.87,559612696,copy #970566474,in,0,0,0,0,Sheet9,2026.07.09 23:59
2026.07.09 08:34:32,423925252,sell,0.02,XAUUSD-STDc,4070.22,559649168,copy #970583691,out,0,0,0,6.7,Sheet9,2026.07.09 23:59
2026.07.09 08:34:33,423925470,sell,0.02,XAUUSD-STDc,4070.23,559649390,copy #970583769,out,0,0,0,2.24,Sheet9,2026.07.09 23:59
2026.07.09 08:35:13,423942079,sell,0.02,XAUUSD-STDc,4070.3,559666369,copy #970589763,in,0,0,0,0,Sheet9,2026.07.09 23:59
2026.07.09 08:39:47,423977503,sell,0.02,XAUUSD-STDc,4075.62,559704148,copy #970609120,in,0,0,0,0,Sheet9,2026.07.09 23:59
2026.07.09 08:50:13,424023150,sell,0.03,XAUUSD-STDc,4078.72,559752305,copy #970643325,in,0,0,0,0,Sheet9,2026.07.09 23:59
2026.07.09 08:51:28,424039728,sell,0.04,XAUUSD-STDc,4081.26,559769510,copy #970654816,in,0,0,0,0,Sheet9,2026.07.09 23:59
2026.07.09 08:57:45,424072704,sell,0.05,XAUUSD-STDc,4082.87,559804004,copy #970677828,in,0,0,0,0,Sheet9,2026.07.09 23:59
2026.07.09 09:00:33,424106706,sell,0.06,XAUUSD-STDc,4097.23,559843461,copy #970713617,in,0,0,0,0,Sheet9,2026.07.09 23:59
2026.07.09 09:01:53,424134837,buy,0.02,XAUUSD-STDc,4096.7,559869647,copy #970728416,in,0,0,0,0,Sheet9,2026.07.09 23:59
2026.07.09 09:02:33,424140703,buy,0.02,XAUUSD-STDc,4093.79,559876978,copy #970734702,in,0,0,0,0,Sheet9,2026.07.09 23:59
2026.07.09 09:04:01,424151622,buy,0.03,XAUUSD-STDc,4091.02,559891469,copy #970743815,in,0,0,0,0,Sheet9,2026.07.09 23:59
2026.07.09 09:07:58,424173492,buy,0.04,XAUUSD-STDc,4089.79,559915878,copy #970760159,in,0,0,0,0,Sheet9,2026.07.09 23:59
2026.07.09 09:15:51,424194404,sell,0.04,XAUUSD-STDc,4093.99,559938542,copy #970783391,out,0,0,0,16.8,Sheet9,2026.07.09 23:59
2026.07.09 09:15:51,424194535,sell,0.02,XAUUSD-STDc,4093.99,559938917,copy #970783405,out,0,0,0,0.4,Sheet9,2026.07.09 23:59
2026.07.09 09:15:51,424195020,sell,0.02,XAUUSD-STDc,4094.39,559939019,copy #970783475,out,0,0,0,-4.62,Sheet9,2026.07.09 23:59
2026.07.09 09:15:51,424195030,sell,0.03,XAUUSD-STDc,4094.39,559939236,copy #970783553,out,0,0,0,10.11,Sheet9,2026.07.09 23:59
2026.07.09 09:17:35,424211621,buy,0.02,XAUUSD-STDc,4096.07,559957253,copy #970790485,in,0,0,0,0,Sheet9,2026.07.09 23:59
2026.07.09 09:21:10,424231104,sell,0.02,XAUUSD-STDc,4096.1,559979486,copy #970801048,out,0,0,0,0.06,Sheet9,2026.07.09 23:59
2026.07.09 09:21:12,424232962,buy,0.02,XAUUSD-STDc,4096.98,559981331,copy #970801437,in,0,0,0,0,Sheet9,2026.07.09 23:59
2026.07.09 09:21:22,424241840,sell,0.02,XAUUSD-STDc,4099.16,559992394,copy #970805094,out,0,0,0,4.36,Sheet9,2026.07.09 23:59
2026.07.09 09:22:29,424257102,buy,0.02,XAUUSD-STDc,4100.08,560011670,copy #970815822,in,0,0,0,0,Sheet9,2026.07.09 23:59
2026.07.09 09:22:32,424260888,sell,0.08,XAUUSD-STDc,4099.31,560014356,copy #970816916,in,0,0,0,0,Sheet9,2026.07.09 23:59
2026.07.09 09:25:58,424276275,sell,0.02,XAUUSD-STDc,4101.39,560040258,copy #970830583,out,0,0,0,2.62,Sheet9,2026.07.09 23:59
2026.07.09 09:26:00,424279316,buy,0.02,XAUUSD-STDc,4101.56,560043707,copy #970832089,in,0,0,0,0,Sheet9,2026.07.09 23:59
2026.07.09 09:26:21,424285273,sell,0.11,XAUUSD-STDc,4100.96,560050461,copy #970836014,in,0,0,0,0,Sheet9,2026.07.09 23:59
2026.07.09 09:27:23,424294739,sell,0.02,XAUUSD-STDc,4102.01,560064583,copy #970841492,out,0,0,0,0.9,Sheet9,2026.07.09 23:59
2026.07.09 09:27:31,424298184,buy,0.02,XAUUSD-STDc,4102.1,560066646,copy #970843151,in,0,0,0,0,Sheet9,2026.07.09 23:59
2026.07.09 09:31:14,424315713,sell,0.02,XAUUSD-STDc,4103.12,560090341,copy #970856581,out,0,0,0,2.04,Sheet9,2026.07.09 23:59
2026.07.09 09:31:42,424320542,buy,0.02,XAUUSD-STDc,4102.21,560096132,copy #970859061,in,0,0,0,0,Sheet9,2026.07.09 23:59
2026.07.09 09:32:26,424323543,sell,0.02,XAUUSD-STDc,4103.69,560101166,copy #970861582,out,0,0,0,2.96,Sheet9,2026.07.09 23:59
2026.07.09 09:32:30,424327551,buy,0.02,XAUUSD-STDc,4104.45,560106923,copy #970863487,in,0,0,0,0,Sheet9,2026.07.09 23:59
2026.07.09 09:33:06,424338094,sell,0.02,XAUUSD-STDc,4105.84,560120235,copy #970870412,out,0,0,0,2.78,Sheet9,2026.07.09 23:59
2026.07.09 09:33:48,424344556,sell,0.14,XAUUSD-STDc,4105.27,560128869,copy #970875491,in,0,0,0,0,Sheet9,2026.07.09 23:59
2026.07.09 09:39:02,424369979,buy,0.02,XAUUSD-STDc,4100.42,560170679,copy #970898353,in,0,0,0,0,Sheet9,2026.07.09 23:59
2026.07.09 09:40:05,424376685,buy,0.02,XAUUSD-STDc,4099.24,560177471,copy #970903131,in,0,0,0,0,Sheet9,2026.07.09 23:59
2026.07.09 09:41:07,424393390,buy,0.03,XAUUSD-STDc,4097.82,560194159,copy #970910444,in,0,0,0,0,Sheet9,2026.07.09 23:59
2026.07.09 09:43:45,424411369,sell,0.02,XAUUSD-STDc,4102.35,560218693,copy #970922866,out,0,0,0,6.22,Sheet9,2026.07.09 23:59
2026.07.09 09:43:45,424411580,sell,0.03,XAUUSD-STDc,4102.3,560219055,copy #970923024,out,0,0,0,13.44,Sheet9,2026.07.09 23:59
2026.07.09 09:43:45,424412025,sell,0.02,XAUUSD-STDc,4102.36,560219282,copy #970923244,out,0,0,0,3.88,Sheet9,2026.07.09 23:59
2026.07.09 09:58:48,424463947,buy,0.02,XAUUSD-STDc,4106.85,560281685,copy #970958918,in,0,0,0,0,Sheet9,2026.07.09 23:59
2026.07.09 09:59:53,424470362,sell,0.02,XAUUSD-STDc,4107.3,560291615,copy #970963966,out,0,0,0,0.9,Sheet9,2026.07.09 23:59
2026.07.09 10:00:03,424474183,sell,0.18,XAUUSD-STDc,4107.57,560295174,copy #970966945,in,0,0,0,0,Sheet9,2026.07.09 23:59
2026.07.09 10:02:27,424490079,sell,0.23,XAUUSD-STDc,4109.04,560317926,copy #970982111,in,0,0,0,0,Sheet9,2026.07.09 23:59
2026.07.09 10:15:03,424532866,buy,0.02,XAUUSD-STDc,4103.03,560375973,copy #971019320,in,0,0,0,0,Sheet9,2026.07.09 23:59
2026.07.09 10:25:05,424550184,sell,0.02,XAUUSD-STDc,4106.18,560400449,copy #971040037,out,0,0,0,6.3,Sheet9,2026.07.09 23:59
2026.07.09 10:29:19,424583038,buy,0.02,XAUUSD-STDc,4109.09,560434387,copy #971056978,in,0,0,0,0,Sheet9,2026.07.09 23:59
2026.07.09 10:36:52,424622614,sell,0.02,XAUUSD-STDc,4108.53,560480236,copy #971083683,out,0,0,0,-1.12,Sheet9,2026.07.09 23:59
2026.07.09 11:06:56,424725015,buy,0.02,XAUUSD-STDc,4108.95,560621422,copy #971152674,in,0,0,0,0,Sheet9,2026.07.09 23:59
2026.07.09 11:07:24,424732142,sell,0.02,XAUUSD-STDc,4109.73,560629307,copy #971155488,out,0,0,0,1.56,Sheet9,2026.07.09 23:59
2026.07.09 11:14:47,424756863,buy,0.02,XAUUSD-STDc,4107.33,560659943,copy #971170233,in,0,0,0,0,Sheet9,2026.07.09 23:59
2026.07.09 11:15:19,424762621,sell,0.02,XAUUSD-STDc,4109.37,560666325,copy #971173766,out,0,0,0,4.08,Sheet9,2026.07.09 23:59
2026.07.09 11:17:48,424788816,sell,0.3,XAUUSD-STDc,4111.77,560696060,copy #971186226,in,0,0,0,0,Sheet9,2026.07.09 23:59
2026.07.09 11:18:13,424791213,buy,0.02,XAUUSD-STDc,4111.59,560699484,copy #971188893,in,0,0,0,0,Sheet9,2026.07.09 23:59
2026.07.09 11:20:47,424802477,sell,0.02,XAUUSD-STDc,4112.18,560712767,copy #971196409,out,0,0,0,1.18,Sheet9,2026.07.09 23:59
2026.07.09 11:21:06,424806025,buy,0.02,XAUUSD-STDc,4112.88,560717193,copy #971198404,in,0,0,0,0,Sheet9,2026.07.09 23:59
2026.07.09 11:21:14,424810412,sell,0.02,XAUUSD-STDc,4113.74,560723956,copy #971200729,out,0,0,0,1.72,Sheet9,2026.07.09 23:59
2026.07.09 11:21:34,424823761,sell,0.39,XAUUSD-STDc,4113.78,560736403,copy #971208815,in,0,0,0,0,Sheet9,2026.07.09 23:59
2026.07.09 11:23:39,424841564,sell,0.51,XAUUSD-STDc,4116.1,560760663,copy #971222126,in,0,0,0,0,Sheet9,2026.07.09 23:59
2026.07.09 11:35:01,424873854,buy,0.02,XAUUSD-STDc,4111.55,560801697,copy #971248599,in,0,0,0,0,Sheet9,2026.07.09 23:59
2026.07.09 11:39:25,424884351,sell,0.02,XAUUSD-STDc,4114.87,560813125,copy #971259017,out,0,0,0,6.64,Sheet9,2026.07.09 23:59
2026.07.09 12:00:19,424920166,buy,0.51,XAUUSD-STDc,4107.63,560852060,copy #971299384,out,0,0,0,431.97,Sheet9,2026.07.09 23:59
2026.07.09 12:00:19,424920326,buy,0.3,XAUUSD-STDc,4107.64,560852449,copy #971299537,out,0,0,0,123.9,Sheet9,2026.07.09 23:59
2026.07.09 12:00:19,424920457,buy,0.39,XAUUSD-STDc,4107.64,560852253,copy #971299514,out,0,0,0,239.46,Sheet9,2026.07.09 23:59
2026.07.09 12:00:19,424920655,buy,0.23,XAUUSD-STDc,4107.63,560852693,copy #971299736,out,0,0,0,32.43,Sheet9,2026.07.09 23:59
2026.07.09 12:00:19,424921037,buy,0.14,XAUUSD-STDc,4107.61,560853113,copy #971299933,out,0,0,0,-32.76,Sheet9,2026.07.09 23:59
2026.07.09 12:00:20,424921066,buy,0.18,XAUUSD-STDc,4107.61,560852915,copy #971299916,out,0,0,0,-0.72,Sheet9,2026.07.09 23:59
2026.07.09 12:00:20,424921393,buy,0.11,XAUUSD-STDc,4107.52,560853331,copy #971300815,out,0,0,0,-72.16,Sheet9,2026.07.09 23:59
2026.07.09 12:00:20,424921591,buy,0.06,XAUUSD-STDc,4107.52,560853557,copy #971300968,out,0,0,0,-61.74,Sheet9,2026.07.09 23:59
2026.07.09 12:00:20,424921635,buy,0.08,XAUUSD-STDc,4107.52,560853788,copy #971300978,out,0,0,0,-65.68,Sheet9,2026.07.09 23:59
2026.07.09 12:00:21,424921932,buy,0.05,XAUUSD-STDc,4107.52,560853989,copy #971300986,out,0,0,0,-123.25,Sheet9,2026.07.09 23:59
2026.07.09 12:00:21,424922161,buy,0.04,XAUUSD-STDc,4107.52,560854219,copy #971301189,out,0,0,0,-105.04,Sheet9,2026.07.09 23:59
2026.07.09 12:00:21,424922432,buy,0.03,XAUUSD-STDc,4107.52,560854505,copy #971301228,out,0,0,0,-86.4,Sheet9,2026.07.09 23:59
2026.07.09 12:00:22,424922685,buy,0.02,XAUUSD-STDc,4107.52,560854718,copy #971301326,out,0,0,0,-63.8,Sheet9,2026.07.09 23:59
2026.07.09 12:00:22,424922958,buy,0.02,XAUUSD-STDc,4107.52,560854943,copy #971301477,out,0,0,0,-74.44,Sheet9,2026.07.09 23:59
2026.07.09 12:01:02,424928088,buy,0.02,XAUUSD-STDc,4108.04,560859786,copy #971306424,in,0,0,0,0,Sheet9,2026.07.09 23:59
2026.07.09 12:18:12,424952883,sell,0.02,XAUUSD-STDc,4111.36,560886131,copy #971336056,out,0,0,0,6.64,Sheet9,2026.07.09 23:59
2026.07.09 12:18:49,424959476,sell,0.02,XAUUSD-STDc,4110.69,560891867,copy #971340608,in,0,0,0,0,Sheet9,2026.07.09 23:59
2026.07.09 12:24:26,424973489,buy,0.02,XAUUSD-STDc,4107.85,560906631,copy #971353821,out,0,0,0,5.68,Sheet9,2026.07.09 23:59
2026.07.09 12:35:01,424993314,buy,0.02,XAUUSD-STDc,4106.61,560927178,copy #971372689,in,0,0,0,0,Sheet9,2026.07.09 23:59
2026.07.09 12:41:32,425013795,buy,0.02,XAUUSD-STDc,4105,560948540,copy #971389232,in,0,0,0,0,Sheet9,2026.07.09 23:59
2026.07.09 13:02:03,425040477,sell,0.02,XAUUSD-STDc,4108.11,560976053,copy #971423223,out,0,0,0,3,Sheet9,2026.07.09 23:59
2026.07.09 13:02:04,425041032,sell,0.02,XAUUSD-STDc,4108.32,560976459,copy #971423293,out,0,0,0,6.64,Sheet9,2026.07.09 23:59
2026.07.09 13:05:13,425057352,sell,0.02,XAUUSD-STDc,4108.74,560992646,copy #971433952,in,0,0,0,0,Sheet9,2026.07.09 23:59
2026.07.09 13:08:49,425066281,buy,0.02,XAUUSD-STDc,4106.18,561002011,copy #971441937,out,0,0,0,5.12,Sheet9,2026.07.09 23:59
2026.07.09 13:33:29,425091792,buy,0.02,XAUUSD-STDc,4103.86,561028515,copy #971468830,in,0,0,0,0,Sheet9,2026.07.09 23:59
2026.07.09 13:49:49,425125966,buy,0.02,XAUUSD-STDc,4101.05,561062420,copy #971502329,in,0,0,0,0,Sheet9,2026.07.09 23:59
2026.07.09 13:53:03,425156706,buy,0.03,XAUUSD-STDc,4095.4,561092639,copy #971529114,in,0,0,0,0,Sheet9,2026.07.09 23:59
2026.07.09 14:02:06,425203064,sell,0.02,XAUUSD-STDc,4102.7,561138733,copy #971564334,out,0,0,0,3.3,Sheet9,2026.07.09 23:59
2026.07.09 14:02:06,425203114,sell,0.03,XAUUSD-STDc,4102.7,561138519,copy #971564329,out,0,0,0,21.9,Sheet9,2026.07.09 23:59
2026.07.09 14:02:06,425203381,sell,0.02,XAUUSD-STDc,4102.65,561138984,copy #971564383,out,0,0,0,-2.42,Sheet9,2026.07.09 23:59
2026.07.09 14:05:23,425212327,sell,0.02,XAUUSD-STDc,4102.72,561147552,copy #971575911,in,0,0,0,0,Sheet9,2026.07.09 23:59
2026.07.09 14:06:19,425214302,buy,0.02,XAUUSD-STDc,4101.26,561149582,copy #971578428,out,0,0,0,2.92,Sheet9,2026.07.09 23:59
2026.07.09 14:13:26,425225164,sell,0.02,XAUUSD-STDc,4104.12,561160424,copy #971593051,in,0,0,0,0,Sheet9,2026.07.09 23:59
2026.07.09 14:18:15,425236940,sell,0.02,XAUUSD-STDc,4106.04,561172404,copy #971605276,in,0,0,0,0,Sheet9,2026.07.09 23:59
2026.07.09 14:23:08,425244971,buy,0.02,XAUUSD-STDc,4102.83,561181066,copy #971613655,out,0,0,0,6.42,Sheet9,2026.07.09 23:59
2026.07.09 14:23:08,425245439,buy,0.02,XAUUSD-STDc,4102.83,561180931,copy #971613535,out,0,0,0,2.58,Sheet9,2026.07.09 23:59
2026.07.09 14:42:50,425302833,sell,0.02,XAUUSD-STDc,4108.12,561239594,copy #971670543,in,0,0,0,0,Sheet9,2026.07.09 23:59
2026.07.09 14:56:42,425334831,sell,0.02,XAUUSD-STDc,4108.82,561271953,copy #971700070,in,0,0,0,0,Sheet9,2026.07.09 23:59
2026.07.09 15:04:58,425345391,buy,0.02,XAUUSD-STDc,4108.21,561282602,copy #971714047,in,0,0,0,0,Sheet9,2026.07.09 23:59
2026.07.09 15:07:26,425348108,sell,0.02,XAUUSD-STDc,4109.37,561285537,copy #971718962,out,0,0,0,2.32,Sheet9,2026.07.09 23:59
2026.07.09 15:08:19,425362764,sell,0.03,XAUUSD-STDc,4111.93,561300798,copy #971730083,in,0,0,0,0,Sheet9,2026.07.09 23:59
2026.07.09 15:09:01,425380568,sell,0.04,XAUUSD-STDc,4118.2,561319469,copy #971745071,in,0,0,0,0,Sheet9,2026.07.09 23:59
2026.07.09 15:17:38,425422733,buy,0.03,XAUUSD-STDc,4110.65,561364966,copy #971775993,out,0,0,0,3.84,Sheet9,2026.07.09 23:59
2026.07.09 15:17:39,425422940,buy,0.02,XAUUSD-STDc,4110.65,561365702,copy #971776096,out,0,0,0,-5.06,Sheet9,2026.07.09 23:59
2026.07.09 15:17:39,425423139,buy,0.02,XAUUSD-STDc,4110.65,561365474,copy #971776081,out,0,0,0,-3.66,Sheet9,2026.07.09 23:59
2026.07.09 15:17:39,425423206,buy,0.04,XAUUSD-STDc,4110.64,561365329,copy #971776010,out,0,0,0,30.24,Sheet9,2026.07.09 23:59
2026.07.09 15:18:32,425428493,buy,0.02,XAUUSD-STDc,4111.29,561370759,copy #971779495,in,0,0,0,0,Sheet9,2026.07.09 23:59
2026.07.09 15:20:03,425438608,buy,0.02,XAUUSD-STDc,4108.16,561380895,copy #971788078,in,0,0,0,0,Sheet9,2026.07.09 23:59
2026.07.09 15:20:34,425443581,buy,0.03,XAUUSD-STDc,4107.96,561385969,copy #971792239,in,0,0,0,0,Sheet9,2026.07.09 23:59
2026.07.09 15:32:21,425466496,sell,0.02,XAUUSD-STDc,4111.73,561409448,copy #971827229,out,0,0,0,0.88,Sheet9,2026.07.09 23:59
2026.07.09 15:32:21,425466805,sell,0.03,XAUUSD-STDc,4111.73,561409649,copy #971827272,out,0,0,0,11.31,Sheet9,2026.07.09 23:59
2026.07.09 15:32:21,425467012,sell,0.02,XAUUSD-STDc,4111.67,561409861,copy #971827323,out,0,0,0,7.02,Sheet9,2026.07.09 23:59
2026.07.09 15:32:34,425469963,sell,0.02,XAUUSD-STDc,4111.37,561412880,copy #971829394,in,0,0,0,0,Sheet9,2026.07.09 23:59
2026.07.09 15:34:12,425484983,sell,0.02,XAUUSD-STDc,4112.42,561428015,copy #971837989,in,0,0,0,0,Sheet9,2026.07.09 23:59
2026.07.09 15:35:14,425499194,sell,0.03,XAUUSD-STDc,4115.9,561442587,copy #971845805,in,0,0,0,0,Sheet9,2026.07.09 23:59
2026.07.09 15:35:39,425509273,sell,0.04,XAUUSD-STDc,4116.78,561452892,copy #971851394,in,0,0,0,0,Sheet9,2026.07.09 23:59
2026.07.09 15:38:16,425523058,sell,0.05,XAUUSD-STDc,4119.86,561468249,copy #971865834,in,0,0,0,0,Sheet9,2026.07.09 23:59
2026.07.09 15:43:56,425573707,buy,0.05,XAUUSD-STDc,4114.51,561518884,copy #971894751,out,0,0,0,26.75,Sheet9,2026.07.09 23:59
2026.07.09 15:43:56,425573783,buy,0.04,XAUUSD-STDc,4114.51,561519084,copy #971894763,out,0,0,0,9.08,Sheet9,2026.07.09 23:59
2026.07.09 15:43:56,425574211,buy,0.02,XAUUSD-STDc,4114.51,561519283,copy #971894788,out,0,0,0,-6.28,Sheet9,2026.07.09 23:59
2026.07.09 15:43:56,425574270,buy,0.02,XAUUSD-STDc,4114.51,561519681,copy #971894938,out,0,0,0,-4.18,Sheet9,2026.07.09 23:59
2026.07.09 15:43:56,425574454,buy,0.03,XAUUSD-STDc,4114.51,561519487,copy #971894854,out,0,0,0,4.17,Sheet9,2026.07.09 23:59
2026.07.09 15:45:20,425586793,buy,0.02,XAUUSD-STDc,4113.29,561532067,copy #971903064,in,0,0,0,0,Sheet9,2026.07.09 23:59
2026.07.09 15:56:32,425604645,buy,0.02,XAUUSD-STDc,4111,561550148,copy #971932176,in,0,0,0,0,Sheet9,2026.07.09 23:59
2026.07.09 16:00:02,425612427,buy,0.03,XAUUSD-STDc,4109.17,561558214,copy #971943124,in,0,0,0,0,Sheet9,2026.07.09 23:59
2026.07.09 16:01:13,425628267,sell,0.02,XAUUSD-STDc,4113.36,561574756,copy #971954575,out,0,0,0,0.14,Sheet9,2026.07.09 23:59
2026.07.09 16:01:13,425628582,sell,0.03,XAUUSD-STDc,4113.38,561574526,copy #971954444,out,0,0,0,12.63,Sheet9,2026.07.09 23:59
2026.07.09 16:01:13,425628724,sell,0.02,XAUUSD-STDc,4113.38,561574969,copy #971954669,out,0,0,0,4.76,Sheet9,2026.07.09 23:59
2026.07.09 16:08:55,425664569,sell,0.02,XAUUSD-STDc,4116.34,561611689,copy #971986347,in,0,0,0,0,Sheet9,2026.07.09 23:59
2026.07.09 16:14:38,425684666,sell,0.02,XAUUSD-STDc,4120.05,561631863,copy #972007046,in,0,0,0,0,Sheet9,2026.07.09 23:59
2026.07.09 16:15:32,425696696,sell,0.03,XAUUSD-STDc,4122.87,561644120,copy #972016050,in,0,0,0,0,Sheet9,2026.07.09 23:59
2026.07.09 16:17:12,425710452,sell,0.04,XAUUSD-STDc,4125.05,561658588,copy #972029414,in,0,0,0,0,Sheet9,2026.07.09 23:59
2026.07.09 16:19:55,425736298,buy,0.02,XAUUSD-STDc,4120.76,561685256,copy #972048186,in,0,0,0,0,Sheet9,2026.07.09 23:59
2026.07.09 16:20:17,425744241,buy,0.02,XAUUSD-STDc,4119.64,561693283,copy #972051346,out,0,0,0,-6.6,Sheet9,2026.07.09 23:59
2026.07.09 16:20:17,425744421,buy,0.04,XAUUSD-STDc,4119.65,561693417,copy #972051513,out,0,0,0,21.6,Sheet9,2026.07.09 23:59
2026.07.09 16:20:17,425744439,buy,0.02,XAUUSD-STDc,4119.65,561693553,copy #972051553,out,0,0,0,0.8,Sheet9,2026.07.09 23:59
2026.07.09 16:20:17,425744703,buy,0.03,XAUUSD-STDc,4119.65,561693453,copy #972051522,out,0,0,0,9.66,Sheet9,2026.07.09 23:59
2026.07.09 16:23:13,425755531,sell,0.02,XAUUSD-STDc,4124.12,561705043,copy #972062527,out,0,0,0,6.72,Sheet9,2026.07.09 23:59
2026.07.09 16:23:26,425758043,sell,0.02,XAUUSD-STDc,4123.34,561707180,copy #972064745,in,0,0,0,0,Sheet9,2026.07.09 23:59
2026.07.09 16:25:23,425773124,sell,0.02,XAUUSD-STDc,4126.18,561723214,copy #972074042,in,0,0,0,0,Sheet9,2026.07.09 23:59
2026.07.09 16:30:24,425791189,buy,0.02,XAUUSD-STDc,4121.29,561742819,copy #972090045,out,0,0,0,4.1,Sheet9,2026.07.09 23:59
2026.07.09 16:30:24,425791384,buy,0.02,XAUUSD-STDc,4121.28,561742695,copy #972089971,out,0,0,0,9.8,Sheet9,2026.07.09 23:59
2026.07.09 16:30:32,425798742,buy,0.02,XAUUSD-STDc,4121.19,561749622,copy #972093543,in,0,0,0,0,Sheet9,2026.07.09 23:59
2026.07.09 16:32:33,425808277,sell,0.02,XAUUSD-STDc,4124.8,561759295,copy #972102050,out,0,0,0,7.22,Sheet9,2026.07.09 23:59
2026.07.09 16:33:06,425814805,sell,0.02,XAUUSD-STDc,4124.84,561765886,copy #972105089,in,0,0,0,0,Sheet9,2026.07.09 23:59
2026.07.09 16:34:17,425832474,sell,0.02,XAUUSD-STDc,4128.23,561784191,copy #972115038,in,0,0,0,0,Sheet9,2026.07.09 23:59
2026.07.09 16:35:09,425841112,buy,0.02,XAUUSD-STDc,4124.01,561792807,copy #972120700,out,0,0,0,1.66,Sheet9,2026.07.09 23:59
2026.07.09 16:35:09,425841257,buy,0.02,XAUUSD-STDc,4124.04,561793018,copy #972120748,out,0,0,0,8.38,Sheet9,2026.07.09 23:59
2026.07.09 16:35:13,425842398,buy,0.02,XAUUSD-STDc,4124.99,561793943,copy #972121453,in,0,0,0,0,Sheet9,2026.07.09 23:59
2026.07.09 16:38:28,425857208,sell,0.02,XAUUSD-STDc,4127.42,561809167,copy #972131625,out,0,0,0,4.86,Sheet9,2026.07.09 23:59
2026.07.09 16:40:36,425872994,buy,0.02,XAUUSD-STDc,4123.65,561824929,copy #972141299,in,0,0,0,0,Sheet9,2026.07.09 23:59
2026.07.09 16:42:54,425878036,sell,0.02,XAUUSD-STDc,4126.21,561829895,copy #972146966,out,0,0,0,5.12,Sheet9,2026.07.09 23:59
2026.07.09 16:44:33,425892754,sell,0.02,XAUUSD-STDc,4127.66,561845289,copy #972154872,in,0,0,0,0,Sheet9,2026.07.09 23:59
2026.07.09 16:45:44,425902077,buy,0.02,XAUUSD-STDc,4124.56,561857394,copy #972161430,out,0,0,0,6.2,Sheet9,2026.07.09 23:59
2026.07.09 16:46:59,425914637,buy,0.02,XAUUSD-STDc,4122.81,561867501,copy #972168128,in,0,0,0,0,Sheet9,2026.07.09 23:59
2026.07.09 16:51:30,425922287,sell,0.02,XAUUSD-STDc,4124.98,561875353,copy #972179390,out,0,0,0,4.34,Sheet9,2026.07.09 23:59
2026.07.09 16:55:35,425946326,buy,0.02,XAUUSD-STDc,4120.5,561899855,copy #972196855,in,0,0,0,0,Sheet9,2026.07.09 23:59
2026.07.09 17:00:06,425958327,sell,0.02,XAUUSD-STDc,4125.32,561914908,copy #972211884,out,0,0,0,9.64,Sheet9,2026.07.09 23:59
2026.07.09 17:00:12,425964181,sell,0.02,XAUUSD-STDc,4123.66,561919894,copy #972215281,in,0,0,0,0,Sheet9,2026.07.09 23:59
2026.07.09 17:00:36,425983373,sell,0.02,XAUUSD-STDc,4127.45,561937399,copy #972220947,in,0,0,0,0,Sheet9,2026.07.09 23:59
2026.07.09 17:01:25,425996785,sell,0.03,XAUUSD-STDc,4130.53,561951339,copy #972231496,in,0,0,0,0,Sheet9,2026.07.09 23:59
2026.07.09 17:04:06,426013860,sell,0.04,XAUUSD-STDc,4133.72,561970481,copy #972245967,in,0,0,0,0,Sheet9,2026.07.09 23:59
2026.07.09 17:05:45,426031580,sell,0.05,XAUUSD-STDc,4135.3,561989001,copy #972258046,in,0,0,0,0,Sheet9,2026.07.09 23:59
2026.07.09 17:07:09,426050795,buy,0.02,XAUUSD-STDc,4127.7,562009176,copy #972267798,out,0,0,0,-8.08,Sheet9,2026.07.09 23:59
2026.07.09 17:07:09,426050810,buy,0.02,XAUUSD-STDc,4127.7,562009382,copy #972267840,out,0,0,0,-0.5,Sheet9,2026.07.09 23:59
2026.07.09 17:07:09,426051222,buy,0.05,XAUUSD-STDc,4127.7,562009221,copy #972267813,out,0,0,0,38,Sheet9,2026.07.09 23:59
2026.07.09 17:07:09,426051423,buy,0.03,XAUUSD-STDc,4127.71,562010540,copy #972267998,out,0,0,0,8.46,Sheet9,2026.07.09 23:59
2026.07.09 17:07:09,426051447,buy,0.04,XAUUSD-STDc,4127.71,562010164,copy #972267985,out,0,0,0,24.04,Sheet9,2026.07.09 23:59
2026.07.09 17:11:11,426084392,buy,0.02,XAUUSD-STDc,4122.9,562040620,copy #972291944,in,0,0,0,0,Sheet9,2026.07.09 23:59
2026.07.09 17:15:57,426101874,buy,0.02,XAUUSD-STDc,4117.89,562058505,copy #972311740,in,0,0,0,0,Sheet9,2026.07.09 23:59
2026.07.09 17:20:31,426122180,buy,0.03,XAUUSD-STDc,4116,562078726,copy #972334607,in,0,0,0,0,Sheet9,2026.07.09 23:59
2026.07.09 17:23:49,426140984,sell,0.02,XAUUSD-STDc,4122.75,562098174,copy #972350046,out,0,0,0,-0.3,Sheet9,2026.07.09 23:59
2026.07.09 17:23:49,426141370,sell,0.03,XAUUSD-STDc,4122.35,562099303,copy #972350050,out,0,0,0,19.05,Sheet9,2026.07.09 23:59
2026.07.09 17:23:49,426141579,sell,0.02,XAUUSD-STDc,4122.41,562099420,copy #972350116,out,0,0,0,9.04,Sheet9,2026.07.09 23:59
2026.07.09 17:25:36,426159044,sell,0.02,XAUUSD-STDc,4123.95,562116053,copy #972362003,in,0,0,0,0,Sheet9,2026.07.09 23:59
2026.07.09 17:36:10,426187185,sell,0.02,XAUUSD-STDc,4125.47,562144555,copy #972391580,in,0,0,0,0,Sheet9,2026.07.09 23:59
2026.07.09 17:39:24,426197719,buy,0.02,XAUUSD-STDc,4121.67,562155541,copy #972400136,out,0,0,0,7.6,Sheet9,2026.07.09 23:59
2026.07.09 17:39:24,426197953,buy,0.02,XAUUSD-STDc,4121.67,562155745,copy #972400149,out,0,0,0,4.56,Sheet9,2026.07.09 23:59
2026.07.09 17:39:49,426198739,buy,0.02,XAUUSD-STDc,4122.86,562156278,copy #972401356,in,0,0,0,0,Sheet9,2026.07.09 23:59
2026.07.09 17:46:17,426210068,sell,0.02,XAUUSD-STDc,4125.05,562168004,copy #972414022,out,0,0,0,4.38,Sheet9,2026.07.09 23:59
2026.07.09 17:54:03,426238677,sell,0.02,XAUUSD-STDc,4122.17,562196924,copy #972441126,in,0,0,0,0,Sheet9,2026.07.09 23:59
2026.07.09 17:55:05,426244475,sell,0.02,XAUUSD-STDc,4123.19,562202797,copy #972445522,in,0,0,0,0,Sheet9,2026.07.09 23:59
2026.07.09 17:59:03,426264313,sell,0.03,XAUUSD-STDc,4127.04,562224216,copy #972459390,in,0,0,0,0,Sheet9,2026.07.09 23:59
2026.07.09 18:07:12,426285273,sell,0.04,XAUUSD-STDc,4129.49,562245736,copy #972481104,in,0,0,0,0,Sheet9,2026.07.09 23:59
2026.07.09 18:11:27,426302144,buy,0.02,XAUUSD-STDc,4126.16,562262682,copy #972492445,in,0,0,0,0,Sheet9,2026.07.09 23:59
2026.07.09 18:23:04,426312592,sell,0.02,XAUUSD-STDc,4128.61,562273018,copy #972510105,out,0,0,0,4.9,Sheet9,2026.07.09 23:59
2026.07.09 18:46:37,426361439,sell,0.05,XAUUSD-STDc,4131.37,562322530,copy #972554053,in,0,0,0,0,Sheet9,2026.07.09 23:59
2026.07.09 19:05:38,426392940,buy,0.02,XAUUSD-STDc,4126.19,562354195,copy #972589397,out,0,0,0,-8.04,Sheet9,2026.07.09 23:59
2026.07.09 19:05:38,426393303,buy,0.05,XAUUSD-STDc,4126.1,562354400,copy #972589423,out,0,0,0,26.35,Sheet9,2026.07.09 23:59
2026.07.09 19:05:38,426393326,buy,0.04,XAUUSD-STDc,4126.1,562354596,copy #972589424,out,0,0,0,13.56,Sheet9,2026.07.09 23:59
2026.07.09 19:05:38,426393604,buy,0.03,XAUUSD-STDc,4126.17,562354787,copy #972589453,out,0,0,0,2.61,Sheet9,2026.07.09 23:59
2026.07.09 19:05:38,426393682,buy,0.02,XAUUSD-STDc,4126.17,562354984,copy #972589471,out,0,0,0,-5.96,Sheet9,2026.07.09 23:59
2026.07.09 19:16:35,426425122,sell,0.02,XAUUSD-STDc,4132.18,562387134,copy #972617327,in,0,0,0,0,Sheet9,2026.07.09 23:59
2026.07.09 19:30:25,426452283,sell,0.02,XAUUSD-STDc,4133.1,562414704,copy #972640033,in,0,0,0,0,Sheet9,2026.07.09 23:59
2026.07.09 19:33:19,426467941,sell,0.03,XAUUSD-STDc,4136.51,562431516,copy #972655768,in,0,0,0,0,Sheet9,2026.07.09 23:59
2026.07.09 19:35:41,426473524,buy,0.03,XAUUSD-STDc,4134.89,562437364,copy #972660778,out,0,0,0,4.86,Sheet9,2026.07.09 23:59
2026.07.09 19:35:41,426473756,buy,0.02,XAUUSD-STDc,4134.88,562437559,copy #972660782,out,0,0,0,-3.56,Sheet9,2026.07.09 23:59
2026.07.09 19:35:41,426473951,buy,0.02,XAUUSD-STDc,4134.83,562437748,copy #972660818,out,0,0,0,-5.3,Sheet9,2026.07.09 23:59
2026.07.08 08:32:03,418072987,sell,0.02,XAUUSD-STDc,4125.51,553394671,copy #965964466,in,0,0,0,0,Sheet10,2026.07.08 23:59
2026.07.08 08:35:02,418102523,sell,0.02,XAUUSD-STDc,4126.76,553424527,copy #965976496,in,0,0,0,0,Sheet10,2026.07.08 23:59
2026.07.08 08:39:07,418130112,sell,0.03,XAUUSD-STDc,4128.79,553452871,copy #965990532,in,0,0,0,0,Sheet10,2026.07.08 23:59
2026.07.08 08:43:32,418161831,sell,0.04,XAUUSD-STDc,4130.56,553485484,copy #966008113,in,0,0,0,0,Sheet10,2026.07.08 23:59
2026.07.08 08:48:11,418186167,buy,0.03,XAUUSD-STDc,4126.86,553511040,copy #966020556,out,0,0,0,5.79,Sheet10,2026.07.08 23:59
2026.07.08 08:48:11,418187076,buy,0.02,XAUUSD-STDc,4126.6,553511515,copy #966020683,out,0,0,0,0.32,Sheet10,2026.07.08 23:59
2026.07.08 08:48:11,418187088,buy,0.04,XAUUSD-STDc,4126.6,553511749,copy #966020785,out,0,0,0,15.84,Sheet10,2026.07.08 23:59
2026.07.08 08:48:12,418187320,buy,0.02,XAUUSD-STDc,4126.39,553511859,copy #966020829,out,0,0,0,-1.76,Sheet10,2026.07.08 23:59
2026.07.08 08:48:31,418197552,buy,0.02,XAUUSD-STDc,4127.39,553521858,copy #966024733,in,0,0,0,0,Sheet10,2026.07.08 23:59
2026.07.08 09:05:48,418266606,buy,0.02,XAUUSD-STDc,4124.91,553592322,copy #966066836,in,0,0,0,0,Sheet10,2026.07.08 23:59
2026.07.08 09:07:34,418277952,buy,0.03,XAUUSD-STDc,4123.79,553604308,copy #966072684,in,0,0,0,0,Sheet10,2026.07.08 23:59
2026.07.08 09:12:41,418304316,sell,0.03,XAUUSD-STDc,4127.14,553633742,copy #966084787,out,0,0,0,10.05,Sheet10,2026.07.08 23:59
2026.07.08 09:12:41,418304329,sell,0.02,XAUUSD-STDc,4127.14,553633855,copy #966084849,out,0,0,0,4.46,Sheet10,2026.07.08 23:59
2026.07.08 09:12:41,418304395,sell,0.02,XAUUSD-STDc,4127.14,553633559,copy #966084720,out,0,0,0,-0.5,Sheet10,2026.07.08 23:59
2026.07.08 09:13:07,418326796,sell,0.02,XAUUSD-STDc,4128.62,553653462,copy #966092811,in,0,0,0,0,Sheet10,2026.07.08 23:59
2026.07.08 09:15:44,418344658,sell,0.02,XAUUSD-STDc,4130.61,553671819,copy #966103464,in,0,0,0,0,Sheet10,2026.07.08 23:59
2026.07.08 09:16:53,418359626,sell,0.03,XAUUSD-STDc,4131.68,553686998,copy #966109417,in,0,0,0,0,Sheet10,2026.07.08 23:59
2026.07.08 09:31:58,418420444,buy,0.02,XAUUSD-STDc,4127.55,553754166,copy #966145541,out,0,0,0,2.14,Sheet10,2026.07.08 23:59
2026.07.08 09:31:58,418420762,buy,0.02,XAUUSD-STDc,4127.58,553754362,copy #966145598,out,0,0,0,6.06,Sheet10,2026.07.08 23:59
2026.07.08 09:31:59,418421256,buy,0.03,XAUUSD-STDc,4127.8,553754695,copy #966145964,out,0,0,0,11.64,Sheet10,2026.07.08 23:59
2026.07.08 09:33:46,418445452,buy,0.02,XAUUSD-STDc,4126.77,553775054,copy #966156121,in,0,0,0,0,Sheet10,2026.07.08 23:59
2026.07.08 09:48:50,418471759,buy,0.02,XAUUSD-STDc,4125.35,553802553,copy #966181544,in,0,0,0,0,Sheet10,2026.07.08 23:59
2026.07.08 10:00:32,418493621,buy,0.03,XAUUSD-STDc,4123.79,553826429,copy #966202703,in,0,0,0,0,Sheet10,2026.07.08 23:59
2026.07.08 10:04:42,418510557,buy,0.04,XAUUSD-STDc,4122.45,553844994,copy #966215902,in,0,0,0,0,Sheet10,2026.07.08 23:59
2026.07.08 10:06:09,418532272,buy,0.05,XAUUSD-STDc,4119.22,553868216,copy #966231880,in,0,0,0,0,Sheet10,2026.07.08 23:59
2026.07.08 10:13:23,418557459,buy,0.06,XAUUSD-STDc,4118.18,553894467,copy #966253529,in,0,0,0,0,Sheet10,2026.07.08 23:59
2026.07.08 10:17:03,418573353,sell,0.02,XAUUSD-STDc,4117.68,553911248,copy #966266048,in,0,0,0,0,Sheet10,2026.07.08 23:59
2026.07.08 10:18:04,418575227,buy,0.02,XAUUSD-STDc,4116.69,553913697,copy #966268096,out,0,0,0,1.98,Sheet10,2026.07.08 23:59
2026.07.08 10:19:51,418590359,buy,0.08,XAUUSD-STDc,4116.39,553930068,copy #966278537,in,0,0,0,0,Sheet10,2026.07.08 23:59
2026.07.08 10:28:30,418625653,sell,0.08,XAUUSD-STDc,4120.95,553969753,copy #966313382,out,0,0,0,36.48,Sheet10,2026.07.08 23:59
2026.07.08 10:28:33,418629995,sell,0.06,XAUUSD-STDc,4120.98,553970158,copy #966313583,out,0,0,0,16.8,Sheet10,2026.07.08 23:59
2026.07.08 10:28:33,418630037,sell,0.03,XAUUSD-STDc,4120.99,553970563,copy #966313749,out,0,0,0,-8.4,Sheet10,2026.07.08 23:59
2026.07.08 10:28:33,418630099,sell,0.04,XAUUSD-STDc,4120.99,553970322,copy #966313622,out,0,0,0,-5.84,Sheet10,2026.07.08 23:59
2026.07.08 10:28:33,418630175,sell,0.05,XAUUSD-STDc,4120.99,553970401,copy #966313645,out,0,0,0,8.85,Sheet10,2026.07.08 23:59
2026.07.08 10:28:33,418630352,sell,0.02,XAUUSD-STDc,4121.07,553970881,copy #966313878,out,0,0,0,-8.56,Sheet10,2026.07.08 23:59
2026.07.08 10:28:33,418630520,sell,0.02,XAUUSD-STDc,4121.07,553971078,copy #966313998,out,0,0,0,-11.4,Sheet10,2026.07.08 23:59
2026.07.08 10:52:26,418809632,buy,0.02,XAUUSD-STDc,4123.65,554152498,copy #966421613,in,0,0,0,0,Sheet10,2026.07.08 23:59
2026.07.08 10:54:01,418825647,buy,0.02,XAUUSD-STDc,4121.87,554169008,copy #966429077,in,0,0,0,0,Sheet10,2026.07.08 23:59
2026.07.08 10:56:21,418839782,buy,0.03,XAUUSD-STDc,4120.56,554183681,copy #966437345,in,0,0,0,0,Sheet10,2026.07.08 23:59
2026.07.08 11:02:09,418862582,buy,0.04,XAUUSD-STDc,4118.18,554207838,copy #966456521,in,0,0,0,0,Sheet10,2026.07.08 23:59
2026.07.08 11:16:43,418926001,buy,0.05,XAUUSD-STDc,4113.2,554276988,copy #966511095,in,0,0,0,0,Sheet10,2026.07.08 23:59
2026.07.08 11:17:03,418946538,buy,0.06,XAUUSD-STDc,4104.3,554297947,copy #966528323,in,0,0,0,0,Sheet10,2026.07.08 23:59
2026.07.08 11:17:14,418958513,sell,0.02,XAUUSD-STDc,4102,554308175,copy #966538080,in,0,0,0,0,Sheet10,2026.07.08 23:59
2026.07.08 11:17:15,418959546,buy,0.02,XAUUSD-STDc,4104.09,554311335,copy #966538880,out,0,0,0,-4.18,Sheet10,2026.07.08 23:59
2026.07.08 11:17:18,418964022,buy,0.08,XAUUSD-STDc,4104.18,554312853,copy #966540756,in,0,0,0,0,Sheet10,2026.07.08 23:59
2026.07.08 11:17:31,418976699,sell,0.02,XAUUSD-STDc,4099.65,554329208,copy #966546737,in,0,0,0,0,Sheet10,2026.07.08 23:59
2026.07.08 11:17:33,418979222,buy,0.02,XAUUSD-STDc,4100.56,554330209,copy #966548316,out,0,0,0,-1.82,Sheet10,2026.07.08 23:59
2026.07.08 11:17:33,418979846,buy,0.11,XAUUSD-STDc,4100.98,554331399,copy #966550271,in,0,0,0,0,Sheet10,2026.07.08 23:59
2026.07.08 11:18:06,419010048,sell,0.02,XAUUSD-STDc,4086.18,554363155,copy #966570441,in,0,0,0,0,Sheet10,2026.07.08 23:59
2026.07.08 11:18:08,419012684,buy,0.14,XAUUSD-STDc,4086.68,554364246,copy #966571414,in,0,0,0,0,Sheet10,2026.07.08 23:59
2026.07.08 11:18:11,419016309,sell,0.02,XAUUSD-STDc,4086.14,554367457,copy #966575356,in,0,0,0,0,Sheet10,2026.07.08 23:59
2026.07.08 11:18:13,419017380,buy,0.18,XAUUSD-STDc,4088.98,554369653,copy #966577136,in,0,0,0,0,Sheet10,2026.07.08 23:59
2026.07.08 11:18:19,419023775,buy,0.02,XAUUSD-STDc,4086.81,554374468,copy #966582308,out,0,0,0,-1.34,Sheet10,2026.07.08 23:59
2026.07.08 11:18:19,419024599,buy,0.02,XAUUSD-STDc,4086.54,554375021,copy #966582444,out,0,0,0,-0.72,Sheet10,2026.07.08 23:59
2026.07.08 11:18:22,419026657,sell,0.03,XAUUSD-STDc,4084.97,554377449,copy #966583844,in,0,0,0,0,Sheet10,2026.07.08 23:59
2026.07.08 11:18:24,419028761,buy,0.03,XAUUSD-STDc,4084.16,554383917,copy #966585291,out,0,0,0,2.43,Sheet10,2026.07.08 23:59
2026.07.08 11:18:26,419030510,buy,0.23,XAUUSD-STDc,4085.46,554385271,copy #966587031,in,0,0,0,0,Sheet10,2026.07.08 23:59
2026.07.08 11:18:39,419044482,buy,0.3,XAUUSD-STDc,4081.63,554399644,copy #966594851,in,0,0,0,0,Sheet10,2026.07.08 23:59
2026.07.08 11:19:03,419060673,sell,0.02,XAUUSD-STDc,4087.85,554413170,copy #966601629,in,0,0,0,0,Sheet10,2026.07.08 23:59
2026.07.08 11:19:12,419066823,sell,0.02,XAUUSD-STDc,4085.66,554420190,copy #966604885,in,0,0,0,0,Sheet10,2026.07.08 23:59
2026.07.08 11:19:18,419073234,buy,0.02,XAUUSD-STDc,4087.28,554426034,copy #966607178,out,0,0,0,1.14,Sheet10,2026.07.08 23:59
2026.07.08 11:19:22,419075704,buy,0.02,XAUUSD-STDc,4090.16,554428862,copy #966607834,out,0,0,0,-9,Sheet10,2026.07.08 23:59
2026.07.08 11:19:32,419083405,sell,0.02,XAUUSD-STDc,4091.31,554438175,copy #966611965,in,0,0,0,0,Sheet10,2026.07.08 23:59
2026.07.08 11:20:09,419100492,buy,0.02,XAUUSD-STDc,4095.03,554459533,copy #966621877,out,0,0,0,-7.44,Sheet10,2026.07.08 23:59
2026.07.08 11:20:09,419100570,sell,0.06,XAUUSD-STDc,4094.59,554460214,copy #966622483,out,0,0,0,-58.26,Sheet10,2026.07.08 23:59
2026.07.08 11:20:09,419100718,sell,0.14,XAUUSD-STDc,4094.73,554460160,copy #966622477,out,0,0,0,112.7,Sheet10,2026.07.08 23:59
2026.07.08 11:20:09,419101003,sell,0.02,XAUUSD-STDc,4094.84,554460537,copy #966622502,out,0,0,0,-54.06,Sheet10,2026.07.08 23:59
2026.07.08 11:20:09,419101223,sell,0.08,XAUUSD-STDc,4096.12,554460650,copy #966622581,out,0,0,0,-64.48,Sheet10,2026.07.08 23:59
2026.07.08 11:20:09,419101226,sell,0.3,XAUUSD-STDc,4096.12,554460858,copy #966622618,out,0,0,0,434.7,Sheet10,2026.07.08 23:59
2026.07.08 11:20:10,419101434,sell,0.05,XAUUSD-STDc,4096.14,554461300,copy #966622717,out,0,0,0,-85.3,Sheet10,2026.07.08 23:59
2026.07.08 11:20:10,419101546,sell,0.18,XAUUSD-STDc,4096.14,554461042,copy #966622637,out,0,0,0,128.88,Sheet10,2026.07.08 23:59
2026.07.08 11:20:10,419101798,sell,0.11,XAUUSD-STDc,4096.78,554461668,copy #966622723,out,0,0,0,-46.2,Sheet10,2026.07.08 23:59
2026.07.08 11:20:10,419101998,sell,0.03,XAUUSD-STDc,4096.74,554461982,copy #966622735,out,0,0,0,-71.46,Sheet10,2026.07.08 23:59
2026.07.08 11:20:10,419102159,sell,0.23,XAUUSD-STDc,4096.74,554461802,copy #966622731,out,0,0,0,259.44,Sheet10,2026.07.08 23:59
2026.07.08 11:20:10,419102242,sell,0.02,XAUUSD-STDc,4096.86,554464263,copy #966622844,out,0,0,0,-53.58,Sheet10,2026.07.08 23:59
2026.07.08 11:20:10,419102525,sell,0.04,XAUUSD-STDc,4096.86,554463968,copy #966622812,out,0,0,0,-85.28,Sheet10,2026.07.08 23:59
2026.07.08 11:20:38,419134616,buy,0.02,XAUUSD-STDc,4090.48,554490005,copy #966636934,in,0,0,0,0,Sheet10,2026.07.08 23:59
2026.07.08 11:22:33,419184410,buy,0.02,XAUUSD-STDc,4088.83,554540967,copy #966655314,in,0,0,0,0,Sheet10,2026.07.08 23:59
2026.07.08 11:23:19,419216848,buy,0.03,XAUUSD-STDc,4088.59,554574785,copy #966665435,in,0,0,0,0,Sheet10,2026.07.08 23:59
2026.07.08 11:24:44,419262162,buy,0.04,XAUUSD-STDc,4084.46,554623587,copy #966681462,in,0,0,0,0,Sheet10,2026.07.08 23:59
2026.07.08 11:25:24,419284612,buy,0.05,XAUUSD-STDc,4082.07,554647835,copy #966691327,in,0,0,0,0,Sheet10,2026.07.08 23:59
2026.07.08 11:26:00,419303191,sell,0.03,XAUUSD-STDc,4087.72,554666662,copy #966697675,out,0,0,0,-2.61,Sheet10,2026.07.08 23:59
2026.07.08 11:26:01,419303500,sell,0.02,XAUUSD-STDc,4087.72,554667085,copy #966697768,out,0,0,0,-2.22,Sheet10,2026.07.08 23:59
2026.07.08 11:26:01,419303679,sell,0.02,XAUUSD-STDc,4087.72,554666863,copy #966697727,out,0,0,0,-5.52,Sheet10,2026.07.08 23:59
2026.07.08 11:26:01,419303763,sell,0.04,XAUUSD-STDc,4087.72,554667252,copy #966697795,out,0,0,0,13.04,Sheet10,2026.07.08 23:59
2026.07.08 11:26:01,419304874,sell,0.05,XAUUSD-STDc,4087.75,554667429,copy #966697804,out,0,0,0,28.4,Sheet10,2026.07.08 23:59
2026.07.08 11:26:03,419306317,sell,0.02,XAUUSD-STDc,4086.57,554669027,copy #966698935,in,0,0,0,0,Sheet10,2026.07.08 23:59
2026.07.08 11:26:22,419316154,sell,0.02,XAUUSD-STDc,4088.52,554678555,copy #966702983,in,0,0,0,0,Sheet10,2026.07.08 23:59
2026.07.08 11:26:40,419324869,sell,0.03,XAUUSD-STDc,4089.72,554687755,copy #966705731,in,0,0,0,0,Sheet10,2026.07.08 23:59
2026.07.08 11:30:06,419365200,buy,0.03,XAUUSD-STDc,4087.22,554730122,copy #966731529,out,0,0,0,7.5,Sheet10,2026.07.08 23:59
2026.07.08 11:30:07,419366662,buy,0.02,XAUUSD-STDc,4086.94,554730691,copy #966731615,out,0,0,0,3.16,Sheet10,2026.07.08 23:59
2026.07.08 11:30:07,419366783,buy,0.02,XAUUSD-STDc,4087.57,554730575,copy #966731608,out,0,0,0,-2,Sheet10,2026.07.08 23:59
2026.07.08 11:30:46,419376198,sell,0.02,XAUUSD-STDc,4090.82,554740275,copy #966739729,in,0,0,0,0,Sheet10,2026.07.08 23:59
2026.07.08 11:31:01,419378931,buy,0.02,XAUUSD-STDc,4088.48,554743110,copy #966741565,out,0,0,0,4.68,Sheet10,2026.07.08 23:59
2026.07.08 11:31:45,419387880,buy,0.02,XAUUSD-STDc,4087.61,554752471,copy #966749105,in,0,0,0,0,Sheet10,2026.07.08 23:59
2026.07.08 11:32:48,419416137,buy,0.02,XAUUSD-STDc,4079.42,554783748,copy #966765683,in,0,0,0,0,Sheet10,2026.07.08 23:59
2026.07.08 11:33:32,419431752,sell,0.02,XAUUSD-STDc,4082.76,554801272,copy #966773242,in,0,0,0,0,Sheet10,2026.07.08 23:59
2026.07.08 11:34:02,419437770,buy,0.02,XAUUSD-STDc,4080.74,554808438,copy #966776547,out,0,0,0,4.04,Sheet10,2026.07.08 23:59
2026.07.08 11:35:24,419468133,buy,0.03,XAUUSD-STDc,4078.93,554842120,copy #966792446,in,0,0,0,0,Sheet10,2026.07.08 23:59
2026.07.08 11:36:40,419485109,buy,0.04,XAUUSD-STDc,4075.19,554870361,copy #966803245,in,0,0,0,0,Sheet10,2026.07.08 23:59
2026.07.08 11:37:17,419507494,buy,0.05,XAUUSD-STDc,4073.48,554894500,copy #966818026,in,0,0,0,0,Sheet10,2026.07.08 23:59
2026.07.08 11:39:34,419539815,buy,0.06,XAUUSD-STDc,4069.1,554942424,copy #966837554,in,0,0,0,0,Sheet10,2026.07.08 23:59
2026.07.08 11:40:51,419555149,buy,0.08,XAUUSD-STDc,4065.25,554969024,copy #966854412,in,0,0,0,0,Sheet10,2026.07.08 23:59
2026.07.08 11:41:45,419570461,sell,0.02,XAUUSD-STDc,4062.46,554988210,copy #966862500,in,0,0,0,0,Sheet10,2026.07.08 23:59
2026.07.08 11:42:05,419583114,buy,0.11,XAUUSD-STDc,4062.76,555001109,copy #966869860,in,0,0,0,0,Sheet10,2026.07.08 23:59
2026.07.08 11:43:10,419592449,sell,0.02,XAUUSD-STDc,4063.95,555016842,copy #966877443,in,0,0,0,0,Sheet10,2026.07.08 23:59
2026.07.08 11:44:50,419607253,sell,0.02,XAUUSD-STDc,4065.72,555037819,copy #966888489,in,0,0,0,0,Sheet10,2026.07.08 23:59
2026.07.08 11:46:11,419615965,sell,0.03,XAUUSD-STDc,4068.39,555048020,copy #966898336,in,0,0,0,0,Sheet10,2026.07.08 23:59
2026.07.08 11:47:15,419626941,sell,0.05,XAUUSD-STDc,4071.65,555059872,copy #966906694,out,0,0,0,-9.15,Sheet10,2026.07.08 23:59
2026.07.08 11:47:15,419627054,sell,0.06,XAUUSD-STDc,4071.65,555059656,copy #966906680,out,0,0,0,15.3,Sheet10,2026.07.08 23:59
2026.07.08 11:47:16,419628370,sell,0.08,XAUUSD-STDc,4071.78,555060173,copy #966906721,out,0,0,0,52.24,Sheet10,2026.07.08 23:59
2026.07.08 11:47:16,419628616,sell,0.03,XAUUSD-STDc,4071.79,555060364,copy #966906725,out,0,0,0,-21.42,Sheet10,2026.07.08 23:59
2026.07.08 11:47:16,419628777,sell,0.04,XAUUSD-STDc,4071.79,555060771,copy #966906818,out,0,0,0,-13.6,Sheet10,2026.07.08 23:59
2026.07.08 11:47:16,419628809,sell,0.02,XAUUSD-STDc,4071.79,555060720,copy #966906787,out,0,0,0,-15.26,Sheet10,2026.07.08 23:59
2026.07.08 11:47:16,419629246,sell,0.11,XAUUSD-STDc,4071.84,555061220,copy #966906881,out,0,0,0,99.88,Sheet10,2026.07.08 23:59
2026.07.08 11:47:17,419629493,sell,0.02,XAUUSD-STDc,4071.86,555061770,copy #966906940,out,0,0,0,-31.5,Sheet10,2026.07.08 23:59
2026.07.08 11:48:28,419649790,sell,0.04,XAUUSD-STDc,4074.39,555081239,copy #966925287,in,0,0,0,0,Sheet10,2026.07.08 23:59
2026.07.08 11:49:07,419668213,buy,0.02,XAUUSD-STDc,4065.84,555102894,copy #966937445,out,0,0,0,-3.78,Sheet10,2026.07.08 23:59
2026.07.08 11:49:07,419669065,buy,0.04,XAUUSD-STDc,4066.03,555103207,copy #966937725,out,0,0,0,33.44,Sheet10,2026.07.08 23:59
2026.07.08 11:49:08,419670397,buy,0.02,XAUUSD-STDc,4066.33,555103357,copy #966937999,out,0,0,0,-7.74,Sheet10,2026.07.08 23:59
2026.07.08 11:49:08,419670467,buy,0.03,XAUUSD-STDc,4065.96,555103634,copy #966938150,out,0,0,0,7.29,Sheet10,2026.07.08 23:59
2026.07.08 11:49:08,419670482,buy,0.02,XAUUSD-STDc,4065.96,555103756,copy #966938275,out,0,0,0,-0.48,Sheet10,2026.07.08 23:59
2026.07.08 11:50:07,419694716,buy,0.02,XAUUSD-STDc,4064.03,555128581,copy #966949868,in,0,0,0,0,Sheet10,2026.07.08 23:59
2026.07.08 11:50:17,419701583,buy,0.02,XAUUSD-STDc,4064.12,555134284,copy #966953547,in,0,0,0,0,Sheet10,2026.07.08 23:59
2026.07.08 11:52:57,419727715,sell,0.02,XAUUSD-STDc,4068.19,555163813,copy #966971666,out,0,0,0,8.14,Sheet10,2026.07.08 23:59
2026.07.08 11:52:58,419727901,sell,0.02,XAUUSD-STDc,4068.13,555164117,copy #966971799,out,0,0,0,8.2,Sheet10,2026.07.08 23:59
2026.07.08 11:53:36,419730771,sell,0.02,XAUUSD-STDc,4067.96,555166704,copy #966975678,in,0,0,0,0,Sheet10,2026.07.08 23:59
2026.07.08 11:54:18,419736811,buy,0.02,XAUUSD-STDc,4064.79,555173122,copy #966979989,out,0,0,0,6.34,Sheet10,2026.07.08 23:59
2026.07.08 11:56:54,419781988,buy,0.02,XAUUSD-STDc,4057.94,555229095,copy #967011553,in,0,0,0,0,Sheet10,2026.07.08 23:59
2026.07.08 11:58:51,419792673,buy,0.02,XAUUSD-STDc,4053.18,555258965,copy #967023042,in,0,0,0,0,Sheet10,2026.07.08 23:59
2026.07.08 12:00:32,419816402,buy,0.03,XAUUSD-STDc,4054.11,555282614,copy #967045156,in,0,0,0,0,Sheet10,2026.07.08 23:59
2026.07.08 12:09:49,419876790,buy,0.04,XAUUSD-STDc,4052.35,555373397,copy #967096007,in,0,0,0,0,Sheet10,2026.07.08 23:59
2026.07.08 12:15:05,419898604,sell,0.02,XAUUSD-STDc,4056.99,555412548,copy #967118663,out,0,0,0,7.62,Sheet10,2026.07.08 23:59
2026.07.08 12:15:05,419898863,sell,0.02,XAUUSD-STDc,4056.97,555412971,copy #967118681,out,0,0,0,-1.94,Sheet10,2026.07.08 23:59
2026.07.08 12:15:05,419899062,sell,0.03,XAUUSD-STDc,4056.97,555413062,copy #967118691,out,0,0,0,8.58,Sheet10,2026.07.08 23:59
2026.07.08 12:15:05,419899453,sell,0.04,XAUUSD-STDc,4056.98,555413258,copy #967118698,out,0,0,0,18.52,Sheet10,2026.07.08 23:59
2026.07.08 12:15:38,419908065,sell,0.02,XAUUSD-STDc,4058.05,555421975,copy #967126727,in,0,0,0,0,Sheet10,2026.07.08 23:59
2026.07.08 12:17:10,419914640,buy,0.02,XAUUSD-STDc,4054.91,555429318,copy #967134148,out,0,0,0,6.28,Sheet10,2026.07.08 23:59
2026.07.08 12:17:21,419919610,buy,0.02,XAUUSD-STDc,4055.3,555434084,copy #967136173,in,0,0,0,0,Sheet10,2026.07.08 23:59
2026.07.08 12:18:53,419924007,sell,0.02,XAUUSD-STDc,4057.81,555438569,copy #967141126,out,0,0,0,5.02,Sheet10,2026.07.08 23:59
2026.07.08 12:19:41,419932828,sell,0.02,XAUUSD-STDc,4060.09,555447487,copy #967147759,in,0,0,0,0,Sheet10,2026.07.08 23:59
2026.07.08 12:21:26,419938990,buy,0.02,XAUUSD-STDc,4056.42,555453951,copy #967154118,out,0,0,0,7.34,Sheet10,2026.07.08 23:59
2026.07.08 12:24:24,419956755,sell,0.02,XAUUSD-STDc,4058.7,555472145,copy #967167751,in,0,0,0,0,Sheet10,2026.07.08 23:59
2026.07.08 12:25:12,419960929,buy,0.02,XAUUSD-STDc,4056.24,555478055,copy #967171445,out,0,0,0,4.92,Sheet10,2026.07.08 23:59
2026.07.08 12:25:30,419967961,buy,0.02,XAUUSD-STDc,4055.93,555483818,copy #967173958,in,0,0,0,0,Sheet10,2026.07.08 23:59
2026.07.08 12:26:19,419970730,sell,0.02,XAUUSD-STDc,4058.63,555486545,copy #967176603,out,0,0,0,5.4,Sheet10,2026.07.08 23:59
2026.07.08 12:27:16,419975920,sell,0.02,XAUUSD-STDc,4058.92,555491783,copy #967180504,in,0,0,0,0,Sheet10,2026.07.08 23:59
2026.07.08 12:28:13,419979510,buy,0.02,XAUUSD-STDc,4056.95,555495631,copy #967183292,out,0,0,0,3.94,Sheet10,2026.07.08 23:59
2026.07.08 12:30:50,419999721,buy,0.02,XAUUSD-STDc,4053.66,555516416,copy #967193518,in,0,0,0,0,Sheet10,2026.07.08 23:59
2026.07.08 12:34:26,420017223,sell,0.02,XAUUSD-STDc,4055.22,555541188,copy #967208814,in,0,0,0,0,Sheet10,2026.07.08 23:59
2026.07.08 12:35:16,420020771,sell,0.02,XAUUSD-STDc,4057.69,555544713,copy #967211830,out,0,0,0,8.06,Sheet10,2026.07.08 23:59
2026.07.08 12:36:27,420024409,sell,0.02,XAUUSD-STDc,4057.34,555548442,copy #967215846,in,0,0,0,0,Sheet10,2026.07.08 23:59
2026.07.08 12:37:26,420028221,buy,0.02,XAUUSD-STDc,4054.54,555552683,copy #967218826,out,0,0,0,5.6,Sheet10,2026.07.08 23:59
2026.07.08 12:37:26,420028725,buy,0.02,XAUUSD-STDc,4054.54,555552912,copy #967218950,out,0,0,0,1.36,Sheet10,2026.07.08 23:59
2026.07.08 12:39:14,420049202,buy,0.02,XAUUSD-STDc,4052.09,555583549,copy #967229980,in,0,0,0,0,Sheet10,2026.07.08 23:59
2026.07.08 12:43:31,420080623,buy,0.02,XAUUSD-STDc,4046.03,555639610,copy #967256819,in,0,0,0,0,Sheet10,2026.07.08 23:59
2026.07.08 12:47:00,420097246,sell,0.02,XAUUSD-STDc,4052.65,555667529,copy #967276228,out,0,0,0,13.24,Sheet10,2026.07.08 23:59
2026.07.08 12:47:00,420097587,sell,0.02,XAUUSD-STDc,4052.64,555667929,copy #967276290,out,0,0,0,1.1,Sheet10,2026.07.08 23:59
2026.07.08 12:47:08,420098395,sell,0.02,XAUUSD-STDc,4051.34,555668680,copy #967277597,in,0,0,0,0,Sheet10,2026.07.08 23:59
2026.07.08 12:48:10,420104275,buy,0.02,XAUUSD-STDc,4048.34,555676906,copy #967281522,out,0,0,0,6,Sheet10,2026.07.08 23:59
2026.07.08 12:59:03,420161071,buy,0.02,XAUUSD-STDc,4042.37,555755082,copy #967320972,in,0,0,0,0,Sheet10,2026.07.08 23:59
2026.07.08 13:03:22,420181068,sell,0.02,XAUUSD-STDc,4047.14,555789942,copy #967339782,out,0,0,0,9.54,Sheet10,2026.07.08 23:59
2026.07.08 13:03:50,420185296,sell,0.02,XAUUSD-STDc,4047.05,555794200,copy #967343625,in,0,0,0,0,Sheet10,2026.07.08 23:59
2026.07.08 13:06:08,420189526,buy,0.02,XAUUSD-STDc,4044.16,555800242,copy #967350352,out,0,0,0,5.78,Sheet10,2026.07.08 23:59
2026.07.08 13:09:41,420209867,buy,0.02,XAUUSD-STDc,4042.46,555834909,copy #967361784,in,0,0,0,0,Sheet10,2026.07.08 23:59
2026.07.08 13:16:25,420232239,sell,0.02,XAUUSD-STDc,4045.48,555882145,copy #967381898,out,0,0,0,6.04,Sheet10,2026.07.08 23:59
2026.07.08 13:21:03,420269362,sell,0.02,XAUUSD-STDc,4054.03,555919730,copy #967408568,in,0,0,0,0,Sheet10,2026.07.08 23:59
2026.07.08 13:28:19,420288568,buy,0.02,XAUUSD-STDc,4050.79,555938864,copy #967430203,in,0,0,0,0,Sheet10,2026.07.08 23:59
2026.07.08 13:31:44,420293103,sell,0.02,XAUUSD-STDc,4052.83,555943755,copy #967436004,out,0,0,0,4.08,Sheet10,2026.07.08 23:59
2026.07.08 13:33:49,420302667,sell,0.02,XAUUSD-STDc,4055.16,555953512,copy #967443607,in,0,0,0,0,Sheet10,2026.07.08 23:59
2026.07.08 13:43:34,420330347,sell,0.03,XAUUSD-STDc,4056.76,555981532,copy #967469918,in,0,0,0,0,Sheet10,2026.07.08 23:59
2026.07.08 13:49:53,420339831,buy,0.02,XAUUSD-STDc,4055.68,555990893,copy #967483797,in,0,0,0,0,Sheet10,2026.07.08 23:59
2026.07.08 14:00:37,420357994,buy,0.02,XAUUSD-STDc,4052.02,556009407,copy #967505887,out,0,0,0,6.28,Sheet10,2026.07.08 23:59
2026.07.08 14:00:37,420358264,buy,0.02,XAUUSD-STDc,4052.02,556009870,copy #967506020,out,0,0,0,4.02,Sheet10,2026.07.08 23:59
2026.07.08 14:00:37,420358379,buy,0.03,XAUUSD-STDc,4052.02,556009654,copy #967505988,out,0,0,0,14.22,Sheet10,2026.07.08 23:59
2026.07.08 14:00:41,420361179,buy,0.02,XAUUSD-STDc,4051.98,556012551,copy #967508632,in,0,0,0,0,Sheet10,2026.07.08 23:59
2026.07.08 14:02:21,420371179,sell,0.02,XAUUSD-STDc,4055.98,556022982,copy #967516960,out,0,0,0,8,Sheet10,2026.07.08 23:59
2026.07.08 14:02:21,420371545,sell,0.02,XAUUSD-STDc,4055.99,556023196,copy #967516991,out,0,0,0,0.62,Sheet10,2026.07.08 23:59
2026.07.08 14:10:02,420395033,buy,0.02,XAUUSD-STDc,4050.96,556046769,copy #967538569,in,0,0,0,0,Sheet10,2026.07.08 23:59
2026.07.08 14:16:08,420407792,sell,0.02,XAUUSD-STDc,4051.34,556059781,copy #967556037,in,0,0,0,0,Sheet10,2026.07.08 23:59
2026.07.08 14:16:34,420410715,sell,0.02,XAUUSD-STDc,4054.04,556062868,copy #967558459,out,0,0,0,6.16,Sheet10,2026.07.08 23:59
2026.07.08 14:16:55,420413111,sell,0.02,XAUUSD-STDc,4053.48,556065182,copy #967559904,in,0,0,0,0,Sheet10,2026.07.08 23:59
2026.07.08 14:22:26,420421818,buy,0.02,XAUUSD-STDc,4050.67,556073877,copy #967571929,out,0,0,0,1.34,Sheet10,2026.07.08 23:59
2026.07.08 14:22:26,420422024,buy,0.02,XAUUSD-STDc,4050.67,556074144,copy #967572076,out,0,0,0,5.62,Sheet10,2026.07.08 23:59
2026.07.08 14:28:03,420438362,sell,0.02,XAUUSD-STDc,4050.68,556090737,copy #967585636,in,0,0,0,0,Sheet10,2026.07.08 23:59
2026.07.08 14:31:43,420443152,buy,0.02,XAUUSD-STDc,4048.73,556095710,copy #967590697,out,0,0,0,3.9,Sheet10,2026.07.08 23:59
2026.07.08 14:33:18,420459716,buy,0.02,XAUUSD-STDc,4047.65,556112578,copy #967600837,in,0,0,0,0,Sheet10,2026.07.08 23:59
2026.07.08 14:37:30,420470648,buy,0.02,XAUUSD-STDc,4045.96,556123581,copy #967611724,in,0,0,0,0,Sheet10,2026.07.08 23:59
2026.07.08 14:38:40,420480941,buy,0.03,XAUUSD-STDc,4042.63,556134410,copy #967620727,in,0,0,0,0,Sheet10,2026.07.08 23:59
2026.07.08 14:43:36,420494703,sell,0.03,XAUUSD-STDc,4052.73,556153752,copy #967633761,out,0,0,0,30.3,Sheet10,2026.07.08 23:59
2026.07.08 14:43:36,420494705,sell,0.02,XAUUSD-STDc,4052.73,556153611,copy #967633738,out,0,0,0,10.16,Sheet10,2026.07.08 23:59
2026.07.08 14:43:38,420496729,sell,0.02,XAUUSD-STDc,4053.3,556155774,copy #967634099,out,0,0,0,14.68,Sheet10,2026.07.08 23:59
2026.07.08 14:43:42,420502473,sell,0.02,XAUUSD-STDc,4054.11,556158220,copy #967639131,in,0,0,0,0,Sheet10,2026.07.08 23:59
2026.07.08 14:43:49,420509802,sell,0.02,XAUUSD-STDc,4054.22,556164274,copy #967645304,in,0,0,0,0,Sheet10,2026.07.08 23:59
2026.07.08 14:44:08,420524688,sell,0.03,XAUUSD-STDc,4061.46,556180391,copy #967652892,in,0,0,0,0,Sheet10,2026.07.08 23:59
2026.07.08 14:44:26,420539873,sell,0.04,XAUUSD-STDc,4062.81,556194128,copy #967662450,in,0,0,0,0,Sheet10,2026.07.08 23:59
2026.07.08 14:44:40,420546872,sell,0.05,XAUUSD-STDc,4063.41,556202615,copy #967666651,in,0,0,0,0,Sheet10,2026.07.08 23:59
2026.07.08 14:45:32,420575103,sell,0.06,XAUUSD-STDc,4067.13,556229283,copy #967684372,in,0,0,0,0,Sheet10,2026.07.08 23:59
2026.07.08 14:46:27,420588086,sell,0.08,XAUUSD-STDc,4068.69,556241862,copy #967696123,in,0,0,0,0,Sheet10,2026.07.08 23:59
2026.07.08 14:46:38,420592379,sell,0.11,XAUUSD-STDc,4070.56,556246347,copy #967699552,in,0,0,0,0,Sheet10,2026.07.08 23:59
2026.07.08 14:49:18,420625293,buy,0.05,XAUUSD-STDc,4063.45,556283069,copy #967721468,out,0,0,0,-0.2,Sheet10,2026.07.08 23:59
2026.07.08 14:49:18,420625511,buy,0.02,XAUUSD-STDc,4063.45,556282703,copy #967721425,out,0,0,0,-18.46,Sheet10,2026.07.08 23:59
2026.07.08 14:49:18,420625837,buy,0.11,XAUUSD-STDc,4063.45,556283186,copy #967721484,out,0,0,0,78.21,Sheet10,2026.07.08 23:59
2026.07.08 14:49:18,420626068,buy,0.06,XAUUSD-STDc,4063.45,556282942,copy #967721462,out,0,0,0,22.08,Sheet10,2026.07.08 23:59
2026.07.08 14:49:18,420626141,buy,0.02,XAUUSD-STDc,4063.45,556282399,copy #967721394,out,0,0,0,-18.68,Sheet10,2026.07.08 23:59
2026.07.08 14:49:18,420626213,buy,0.03,XAUUSD-STDc,4063.45,556282596,copy #967721405,out,0,0,0,-5.97,Sheet10,2026.07.08 23:59
2026.07.08 14:49:18,420626382,buy,0.08,XAUUSD-STDc,4063.44,556283297,copy #967721515,out,0,0,0,42,Sheet10,2026.07.08 23:59
2026.07.08 14:49:18,420626440,buy,0.04,XAUUSD-STDc,4063.44,556282814,copy #967721429,out,0,0,0,-2.52,Sheet10,2026.07.08 23:59
2026.07.08 14:55:26,420654105,sell,0.02,XAUUSD-STDc,4063.36,556307955,copy #967743852,in,0,0,0,0,Sheet10,2026.07.08 23:59
2026.07.08 14:57:14,420658802,buy,0.02,XAUUSD-STDc,4060.29,556312829,copy #967749463,out,0,0,0,6.14,Sheet10,2026.07.08 23:59
2026.07.08 15:00:08,420663331,sell,0.02,XAUUSD-STDc,4060.53,556317275,copy #967757353,in,0,0,0,0,Sheet10,2026.07.08 23:59
2026.07.08 15:00:09,420663595,buy,0.02,XAUUSD-STDc,4061.6,556317676,copy #967757893,out,0,0,0,-2.14,Sheet10,2026.07.08 23:59
2026.07.08 15:04:03,420681386,sell,0.02,XAUUSD-STDc,4065.06,556335875,copy #967774206,in,0,0,0,0,Sheet10,2026.07.08 23:59
2026.07.08 15:06:01,420690217,sell,0.02,XAUUSD-STDc,4067.62,556345145,copy #967784142,in,0,0,0,0,Sheet10,2026.07.08 23:59
2026.07.08 15:10:11,420703274,sell,0.03,XAUUSD-STDc,4070.08,556358228,copy #967801424,in,0,0,0,0,Sheet10,2026.07.08 23:59
2026.07.08 15:11:34,420710208,sell,0.04,XAUUSD-STDc,4072.14,556365108,copy #967808807,in,0,0,0,0,Sheet10,2026.07.08 23:59
2026.07.08 15:18:31,420728638,sell,0.05,XAUUSD-STDc,4073.31,556383430,copy #967832493,in,0,0,0,0,Sheet10,2026.07.08 23:59
2026.07.08 15:19:11,420736054,sell,0.06,XAUUSD-STDc,4075.85,556391001,copy #967839246,in,0,0,0,0,Sheet10,2026.07.08 23:59
2026.07.08 15:22:28,420751024,buy,0.03,XAUUSD-STDc,4070.43,556406292,copy #967855381,out,0,0,0,-1.05,Sheet10,2026.07.08 23:59
2026.07.08 15:22:28,420751210,buy,0.05,XAUUSD-STDc,4070.43,556406492,copy #967855392,out,0,0,0,14.4,Sheet10,2026.07.08 23:59
2026.07.08 15:22:28,420751321,buy,0.02,XAUUSD-STDc,4070.43,556406101,copy #967855378,out,0,0,0,-10.74,Sheet10,2026.07.08 23:59
2026.07.08 15:22:28,420751617,buy,0.04,XAUUSD-STDc,4070.36,556406678,copy #967855399,out,0,0,0,7.12,Sheet10,2026.07.08 23:59
2026.07.08 15:22:28,420751787,buy,0.06,XAUUSD-STDc,4070.36,556406874,copy #967855404,out,0,0,0,32.94,Sheet10,2026.07.08 23:59
2026.07.08 15:22:28,420751816,buy,0.02,XAUUSD-STDc,4070.36,556407060,copy #967855408,out,0,0,0,-5.48,Sheet10,2026.07.08 23:59
2026.07.08 15:27:22,420774928,sell,0.02,XAUUSD-STDc,4070.19,556429823,copy #967875524,in,0,0,0,0,Sheet10,2026.07.08 23:59
2026.07.08 15:30:08,420783834,sell,0.02,XAUUSD-STDc,4073.01,556439054,copy #967885243,in,0,0,0,0,Sheet10,2026.07.08 23:59
2026.07.08 15:30:39,420790385,buy,0.02,XAUUSD-STDc,4069.16,556445912,copy #967889377,out,0,0,0,2.06,Sheet10,2026.07.08 23:59
2026.07.08 15:30:39,420790439,buy,0.02,XAUUSD-STDc,4069.08,556446116,copy #967889419,out,0,0,0,7.86,Sheet10,2026.07.08 23:59
2026.07.08 15:35:08,420805772,sell,0.02,XAUUSD-STDc,4072.26,556461439,copy #967904861,in,0,0,0,0,Sheet10,2026.07.08 23:59
2026.07.08 15:35:42,420808371,buy,0.02,XAUUSD-STDc,4069.6,556463938,copy #967906671,out,0,0,0,5.32,Sheet10,2026.07.08 23:59
2026.07.08 15:40:22,420824095,sell,0.02,XAUUSD-STDc,4073.23,556480149,copy #967920885,in,0,0,0,0,Sheet10,2026.07.08 23:59
2026.07.08 15:42:52,420833105,sell,0.02,XAUUSD-STDc,4075.52,556489365,copy #967930029,in,0,0,0,0,Sheet10,2026.07.08 23:59
2026.07.08 15:44:02,420838122,sell,0.03,XAUUSD-STDc,4077.03,556494640,copy #967936770,in,0,0,0,0,Sheet10,2026.07.08 23:59
2026.07.08 15:46:45,420854146,sell,0.04,XAUUSD-STDc,4081.34,556510807,copy #967950539,in,0,0,0,0,Sheet10,2026.07.08 23:59
2026.07.08 15:50:59,420866330,sell,0.05,XAUUSD-STDc,4083.21,556523174,copy #967965758,in,0,0,0,0,Sheet10,2026.07.08 23:59
2026.07.08 15:52:02,420874047,sell,0.06,XAUUSD-STDc,4085.1,556530950,copy #967973467,in,0,0,0,0,Sheet10,2026.07.08 23:59
2026.07.08 15:56:36,420895296,buy,0.02,XAUUSD-STDc,4079.69,556553496,copy #967989389,in,0,0,0,0,Sheet10,2026.07.08 23:59
2026.07.08 15:56:40,420898289,buy,0.05,XAUUSD-STDc,4077.8,556558835,copy #967992471,out,0,0,0,27.05,Sheet10,2026.07.08 23:59
2026.07.08 15:56:40,420898350,buy,0.02,XAUUSD-STDc,4077.8,556559674,copy #967992580,out,0,0,0,-9.14,Sheet10,2026.07.08 23:59
2026.07.08 15:56:40,420898533,buy,0.03,XAUUSD-STDc,4077.84,556559433,copy #967992537,out,0,0,0,-2.43,Sheet10,2026.07.08 23:59
2026.07.08 15:56:40,420898599,buy,0.02,XAUUSD-STDc,4077.84,556559951,copy #967992629,out,0,0,0,-4.64,Sheet10,2026.07.08 23:59
2026.07.08 15:56:40,420898885,buy,0.06,XAUUSD-STDc,4077.67,556560199,copy #967992657,out,0,0,0,44.58,Sheet10,2026.07.08 23:59
2026.07.08 15:56:41,420900171,buy,0.04,XAUUSD-STDc,4077.98,556560715,copy #967992801,out,0,0,0,13.44,Sheet10,2026.07.08 23:59
2026.07.08 15:56:44,420904186,buy,0.02,XAUUSD-STDc,4078.17,556562087,copy #967995538,in,0,0,0,0,Sheet10,2026.07.08 23:59
2026.07.08 15:56:56,420913510,buy,0.03,XAUUSD-STDc,4076.29,556571113,copy #968001934,in,0,0,0,0,Sheet10,2026.07.08 23:59
2026.07.08 15:57:09,420918419,sell,0.02,XAUUSD-STDc,4077.49,556575431,copy #968004953,in,0,0,0,0,Sheet10,2026.07.08 23:59
2026.07.08 15:57:31,420920920,buy,0.02,XAUUSD-STDc,4075.65,556578025,copy #968007288,out,0,0,0,3.68,Sheet10,2026.07.08 23:59
2026.07.08 15:59:37,420935155,buy,0.04,XAUUSD-STDc,4072.95,556592523,copy #968022000,in,0,0,0,0,Sheet10,2026.07.08 23:59
2026.07.08 16:02:02,420954768,sell,0.02,XAUUSD-STDc,4075.51,556612055,copy #968043826,in,0,0,0,0,Sheet10,2026.07.08 23:59
2026.07.08 16:04:12,420961051,sell,0.02,XAUUSD-STDc,4076.93,556618809,copy #968052147,in,0,0,0,0,Sheet10,2026.07.08 23:59
2026.07.08 16:04:21,420964635,sell,0.04,XAUUSD-STDc,4078.97,556622566,copy #968053568,out,0,0,0,24.08,Sheet10,2026.07.08 23:59
2026.07.08 16:04:21,420964653,sell,0.02,XAUUSD-STDc,4078.97,556622783,copy #968053670,out,0,0,0,1.6,Sheet10,2026.07.08 23:59
2026.07.08 16:04:22,420965342,sell,0.03,XAUUSD-STDc,4078.97,556622866,copy #968053692,out,0,0,0,8.04,Sheet10,2026.07.08 23:59
2026.07.08 16:04:22,420965362,sell,0.02,XAUUSD-STDc,4078.97,556623422,copy #968053814,out,0,0,0,-1.44,Sheet10,2026.07.08 23:59
2026.07.08 16:04:55,420968897,sell,0.03,XAUUSD-STDc,4079.38,556626721,copy #968057466,in,0,0,0,0,Sheet10,2026.07.08 23:59
2026.07.08 16:05:38,420976696,sell,0.04,XAUUSD-STDc,4079.63,556634522,copy #968063559,in,0,0,0,0,Sheet10,2026.07.08 23:59
2026.07.08 16:05:51,420979972,sell,0.05,XAUUSD-STDc,4081.26,556638084,copy #968066412,in,0,0,0,0,Sheet10,2026.07.08 23:59
2026.07.08 16:06:49,420985352,buy,0.05,XAUUSD-STDc,4077.62,556643647,copy #968072913,out,0,0,0,18.2,Sheet10,2026.07.08 23:59
2026.07.08 16:06:49,420985694,buy,0.02,XAUUSD-STDc,4078.02,556643872,copy #968072983,out,0,0,0,-5.02,Sheet10,2026.07.08 23:59
2026.07.08 16:06:50,420985861,buy,0.04,XAUUSD-STDc,4078.07,556644455,copy #968073012,out,0,0,0,6.24,Sheet10,2026.07.08 23:59
2026.07.08 16:06:50,420986101,buy,0.02,XAUUSD-STDc,4078.07,556644071,copy #968072999,out,0,0,0,-2.28,Sheet10,2026.07.08 23:59
2026.07.08 16:06:50,420986217,buy,0.03,XAUUSD-STDc,4078.08,556644269,copy #968073010,out,0,0,0,3.9,Sheet10,2026.07.08 23:59
2026.07.08 16:08:06,420999659,buy,0.02,XAUUSD-STDc,4074.09,556658258,copy #968083859,in,0,0,0,0,Sheet10,2026.07.08 23:59
2026.07.08 16:14:11,421019735,buy,0.02,XAUUSD-STDc,4072.18,556678510,copy #968108724,in,0,0,0,0,Sheet10,2026.07.08 23:59
2026.07.08 16:24:12,421044538,buy,0.03,XAUUSD-STDc,4070.05,556704167,copy #968140509,in,0,0,0,0,Sheet10,2026.07.08 23:59
2026.07.08 16:26:15,421051076,sell,0.02,XAUUSD-STDc,4074.23,556711672,copy #968148722,out,0,0,0,0.28,Sheet10,2026.07.08 23:59
2026.07.08 16:26:15,421051520,sell,0.03,XAUUSD-STDc,4074.33,556712088,copy #968148888,out,0,0,0,12.84,Sheet10,2026.07.08 23:59
2026.07.08 16:26:15,421051551,sell,0.02,XAUUSD-STDc,4074.56,556711874,copy #968148851,out,0,0,0,4.76,Sheet10,2026.07.08 23:59
2026.07.08 16:26:19,421053972,sell,0.02,XAUUSD-STDc,4073.73,556713855,copy #968150392,in,0,0,0,0,Sheet10,2026.07.08 23:59
2026.07.08 16:29:23,421059209,buy,0.02,XAUUSD-STDc,4069.93,556719834,copy #968158765,out,0,0,0,7.6,Sheet10,2026.07.08 23:59
2026.07.08 16:29:35,421065890,buy,0.02,XAUUSD-STDc,4067.36,556726124,copy #968164556,in,0,0,0,0,Sheet10,2026.07.08 23:59
2026.07.08 16:29:43,421070180,buy,0.02,XAUUSD-STDc,4067.5,556730504,copy #968167668,in,0,0,0,0,Sheet10,2026.07.08 23:59
2026.07.08 16:30:48,421075297,sell,0.02,XAUUSD-STDc,4070.66,556735970,copy #968175504,out,0,0,0,6.6,Sheet10,2026.07.08 23:59
2026.07.08 16:30:48,421075482,sell,0.02,XAUUSD-STDc,4070.61,556736168,copy #968175540,out,0,0,0,6.22,Sheet10,2026.07.08 23:59
2026.07.08 16:32:12,421093842,sell,0.02,XAUUSD-STDc,4076.82,556754668,copy #968190840,in,0,0,0,0,Sheet10,2026.07.08 23:59
2026.07.08 16:33:01,421102213,sell,0.02,XAUUSD-STDc,4078.71,556763166,copy #968198983,in,0,0,0,0,Sheet10,2026.07.08 23:59
2026.07.08 16:35:46,421112747,buy,0.02,XAUUSD-STDc,4074.33,556773987,copy #968213239,out,0,0,0,4.98,Sheet10,2026.07.08 23:59
2026.07.08 16:35:46,421112938,buy,0.02,XAUUSD-STDc,4074.36,556773783,copy #968213196,out,0,0,0,8.7,Sheet10,2026.07.08 23:59
2026.07.08 16:35:56,421115026,buy,0.02,XAUUSD-STDc,4074.82,556776068,copy #968215074,in,0,0,0,0,Sheet10,2026.07.08 23:59
2026.07.08 16:36:28,421117422,sell,0.02,XAUUSD-STDc,4077.16,556778456,copy #968217905,out,0,0,0,4.68,Sheet10,2026.07.08 23:59
2026.07.08 16:36:37,421119581,sell,0.02,XAUUSD-STDc,4075.51,556780649,copy #968219325,in,0,0,0,0,Sheet10,2026.07.08 23:59
2026.07.08 16:39:44,421133433,sell,0.02,XAUUSD-STDc,4079.01,556794834,copy #968234837,in,0,0,0,0,Sheet10,2026.07.08 23:59
2026.07.08 16:42:11,421138367,buy,0.02,XAUUSD-STDc,4075.8,556799899,copy #968243003,out,0,0,0,6.42,Sheet10,2026.07.08 23:59
2026.07.08 16:42:11,421138555,buy,0.02,XAUUSD-STDc,4075.83,556800112,copy #968243025,out,0,0,0,-0.64,Sheet10,2026.07.08 23:59
2026.07.08 16:50:04,421182469,buy,0.02,XAUUSD-STDc,4071.08,556844850,copy #968283732,in,0,0,0,0,Sheet10,2026.07.08 23:59
2026.07.08 17:00:34,421209604,buy,0.02,XAUUSD-STDc,4065.67,556872868,copy #968322114,in,0,0,0,0,Sheet10,2026.07.08 23:59
2026.07.08 17:07:13,421244832,buy,0.03,XAUUSD-STDc,4063.16,556908727,copy #968353833,in,0,0,0,0,Sheet10,2026.07.08 23:59
2026.07.08 17:11:35,421280477,buy,0.04,XAUUSD-STDc,4060.63,556945033,copy #968379279,in,0,0,0,0,Sheet10,2026.07.08 23:59
2026.07.08 17:15:11,421306262,buy,0.05,XAUUSD-STDc,4058.65,556971533,copy #968400068,in,0,0,0,0,Sheet10,2026.07.08 23:59
2026.07.08 17:16:07,421314589,buy,0.06,XAUUSD-STDc,4055.87,556980124,copy #968410601,in,0,0,0,0,Sheet10,2026.07.08 23:59
2026.07.08 17:16:26,421321341,buy,0.08,XAUUSD-STDc,4052.59,556987028,copy #968417411,in,0,0,0,0,Sheet10,2026.07.08 23:59
2026.07.08 17:18:12,421335583,sell,0.06,XAUUSD-STDc,4060.47,557002953,copy #968430673,out,0,0,0,27.6,Sheet10,2026.07.08 23:59
2026.07.08 17:18:14,421337571,sell,0.08,XAUUSD-STDc,4060.04,557003234,copy #968430864,out,0,0,0,59.6,Sheet10,2026.07.08 23:59
2026.07.08 17:18:14,421337778,sell,0.02,XAUUSD-STDc,4060.04,557003967,copy #968430936,out,0,0,0,-22.08,Sheet10,2026.07.08 23:59
2026.07.08 17:18:14,421337921,sell,0.05,XAUUSD-STDc,4060.04,557003836,copy #968430915,out,0,0,0,6.95,Sheet10,2026.07.08 23:59
2026.07.08 17:18:14,421338154,sell,0.03,XAUUSD-STDc,4060.04,557004330,copy #968431048,out,0,0,0,-9.36,Sheet10,2026.07.08 23:59
2026.07.08 17:18:14,421338275,sell,0.04,XAUUSD-STDc,4060.01,557004097,copy #968431044,out,0,0,0,-2.48,Sheet10,2026.07.08 23:59
2026.07.08 17:18:14,421338558,sell,0.02,XAUUSD-STDc,4060.01,557004202,copy #968431046,out,0,0,0,-11.32,Sheet10,2026.07.08 23:59
2026.07.08 17:24:20,421375113,buy,0.02,XAUUSD-STDc,4058.57,557041248,copy #968466084,in,0,0,0,0,Sheet10,2026.07.08 23:59
2026.07.08 17:25:03,421376522,sell,0.02,XAUUSD-STDc,4060.54,557042765,copy #968468450,out,0,0,0,3.94,Sheet10,2026.07.08 23:59
2026.07.08 17:26:15,421389037,sell,0.02,XAUUSD-STDc,4064.56,557055550,copy #968481016,in,0,0,0,0,Sheet10,2026.07.08 23:59
2026.07.08 17:27:14,421393961,buy,0.02,XAUUSD-STDc,4059.01,557060736,copy #968486724,out,0,0,0,11.1,Sheet10,2026.07.08 23:59
2026.07.08 17:27:20,421395436,buy,0.02,XAUUSD-STDc,4060.99,557061966,copy #968488694,in,0,0,0,0,Sheet10,2026.07.08 23:59
2026.07.08 17:27:37,421397181,sell,0.02,XAUUSD-STDc,4062.71,557063715,copy #968490550,out,0,0,0,3.44,Sheet10,2026.07.08 23:59
2026.07.08 17:30:44,421406564,buy,0.02,XAUUSD-STDc,4059.36,557073419,copy #968500598,in,0,0,0,0,Sheet10,2026.07.08 23:59
2026.07.08 17:32:48,421423268,buy,0.02,XAUUSD-STDc,4053.24,557090634,copy #968514584,in,0,0,0,0,Sheet10,2026.07.08 23:59
2026.07.08 17:34:30,421430010,sell,0.02,XAUUSD-STDc,4056.35,557097307,copy #968521929,in,0,0,0,0,Sheet10,2026.07.08 23:59
2026.07.08 17:35:55,421432723,buy,0.02,XAUUSD-STDc,4053.1,557100005,copy #968525716,out,0,0,0,6.5,Sheet10,2026.07.08 23:59
2026.07.08 17:36:12,421440006,buy,0.03,XAUUSD-STDc,4052.62,557107542,copy #968530169,in,0,0,0,0,Sheet10,2026.07.08 23:59
2026.07.08 17:36:43,421446207,buy,0.04,XAUUSD-STDc,4050.46,557113760,copy #968535313,in,0,0,0,0,Sheet10,2026.07.08 23:59
2026.07.08 17:37:29,421457557,buy,0.05,XAUUSD-STDc,4047.03,557125447,copy #968547071,in,0,0,0,0,Sheet10,2026.07.08 23:59
2026.07.08 17:39:27,421475052,buy,0.06,XAUUSD-STDc,4044.32,557143113,copy #968558422,in,0,0,0,0,Sheet10,2026.07.08 23:59
2026.07.08 17:39:33,421478747,buy,0.08,XAUUSD-STDc,4044.39,557146721,copy #968561276,in,0,0,0,0,Sheet10,2026.07.08 23:59
2026.07.08 17:40:06,421482289,sell,0.02,XAUUSD-STDc,4043.99,557150372,copy #968566270,in,0,0,0,0,Sheet10,2026.07.08 23:59
2026.07.08 17:42:48,421499289,buy,0.02,XAUUSD-STDc,4044.36,557167290,copy #968581050,out,0,0,0,-0.74,Sheet10,2026.07.08 23:59
2026.07.08 17:42:56,421500143,sell,0.02,XAUUSD-STDc,4044.05,557168331,copy #968582175,in,0,0,0,0,Sheet10,2026.07.08 23:59
2026.07.08 17:43:20,421505318,buy,0.02,XAUUSD-STDc,4042.45,557173524,copy #968584080,out,0,0,0,3.2,Sheet10,2026.07.08 23:59
2026.07.08 17:43:34,421511127,buy,0.11,XAUUSD-STDc,4041.56,557179445,copy #968589112,in,0,0,0,0,Sheet10,2026.07.08 23:59
2026.07.08 17:44:10,421518366,buy,0.14,XAUUSD-STDc,4040.58,557187060,copy #968596172,in,0,0,0,0,Sheet10,2026.07.08 23:59
2026.07.08 17:44:45,421527857,sell,0.02,XAUUSD-STDc,4036.4,557196693,copy #968604276,in,0,0,0,0,Sheet10,2026.07.08 23:59
2026.07.08 17:44:58,421530206,buy,0.18,XAUUSD-STDc,4036.52,557199091,copy #968606886,in,0,0,0,0,Sheet10,2026.07.08 23:59
2026.07.08 17:47:03,421538870,buy,0.02,XAUUSD-STDc,4035.43,557207593,copy #968617442,out,0,0,0,1.94,Sheet10,2026.07.08 23:59
2026.07.08 17:47:04,421540324,sell,0.02,XAUUSD-STDc,4035.29,557209127,copy #968618119,in,0,0,0,0,Sheet10,2026.07.08 23:59
2026.07.08 17:47:10,421543027,buy,0.02,XAUUSD-STDc,4034.49,557212141,copy #968619788,out,0,0,0,1.6,Sheet10,2026.07.08 23:59
2026.07.08 17:47:14,421544706,buy,0.23,XAUUSD-STDc,4036.28,557213786,copy #968621328,in,0,0,0,0,Sheet10,2026.07.08 23:59
2026.07.08 17:48:09,421550147,sell,0.02,XAUUSD-STDc,4038.29,557219314,copy #968625992,in,0,0,0,0,Sheet10,2026.07.08 23:59
2026.07.08 17:50:02,421557391,buy,0.02,XAUUSD-STDc,4036.58,557226604,copy #968631651,out,0,0,0,3.42,Sheet10,2026.07.08 23:59
2026.07.08 17:51:39,421570728,sell,0.18,XAUUSD-STDc,4041.94,557240201,copy #968642011,out,0,0,0,97.56,Sheet10,2026.07.08 23:59
2026.07.08 17:51:39,421570759,sell,0.23,XAUUSD-STDc,4041.94,557240398,copy #968642016,out,0,0,0,130.18,Sheet10,2026.07.08 23:59
2026.07.08 17:51:39,421571008,sell,0.14,XAUUSD-STDc,4041.95,557240611,copy #968642054,out,0,0,0,19.18,Sheet10,2026.07.08 23:59
2026.07.08 17:51:40,421571205,sell,0.11,XAUUSD-STDc,4041.93,557240810,copy #968642119,out,0,0,0,4.07,Sheet10,2026.07.08 23:59
2026.07.08 17:51:40,421571446,sell,0.08,XAUUSD-STDc,4041.87,557241004,copy #968642132,out,0,0,0,-20.16,Sheet10,2026.07.08 23:59
2026.07.08 17:51:40,421571688,sell,0.06,XAUUSD-STDc,4041.8,557241214,copy #968642221,out,0,0,0,-15.12,Sheet10,2026.07.08 23:59
2026.07.08 17:51:42,421572671,sell,0.05,XAUUSD-STDc,4042.21,557242336,copy #968642599,out,0,0,0,-24.1,Sheet10,2026.07.08 23:59
2026.07.08 17:51:48,421573632,sell,0.04,XAUUSD-STDc,4042.47,557243255,copy #968644287,out,0,0,0,-31.96,Sheet10,2026.07.08 23:59
2026.07.08 17:51:51,421573950,sell,0.02,XAUUSD-STDc,4042.82,557243537,copy #968644595,out,0,0,0,-20.84,Sheet10,2026.07.08 23:59
2026.07.08 17:51:51,421574419,sell,0.03,XAUUSD-STDc,4042.79,557243836,copy #968644611,out,0,0,0,-29.49,Sheet10,2026.07.08 23:59
2026.07.08 17:51:51,421574534,sell,0.02,XAUUSD-STDc,4042.79,557244033,copy #968644617,out,0,0,0,-33.14,Sheet10,2026.07.08 23:59
2026.07.08 17:57:30,421594322,buy,0.02,XAUUSD-STDc,4041.78,557263772,copy #968670784,in,0,0,0,0,Sheet10,2026.07.08 23:59
2026.07.08 18:00:30,421603333,buy,0.02,XAUUSD-STDc,4039.66,557273316,copy #968682299,in,0,0,0,0,Sheet10,2026.07.08 23:59
2026.07.08 18:02:14,421616342,buy,0.03,XAUUSD-STDc,4038.23,557286454,copy #968692219,in,0,0,0,0,Sheet10,2026.07.08 23:59
2026.07.08 18:05:33,421630235,sell,0.03,XAUUSD-STDc,4041.94,557300655,copy #968704629,out,0,0,0,11.13,Sheet10,2026.07.08 23:59
2026.07.08 18:05:33,421630266,sell,0.02,XAUUSD-STDc,4041.94,557300434,copy #968704622,out,0,0,0,0.32,Sheet10,2026.07.08 23:59
2026.07.08 18:05:33,421630561,sell,0.02,XAUUSD-STDc,4041.95,557301015,copy #968704811,out,0,0,0,4.58,Sheet10,2026.07.08 23:59
2026.07.08 18:07:58,421637321,buy,0.02,XAUUSD-STDc,4040.67,557307669,copy #968716429,in,0,0,0,0,Sheet10,2026.07.08 23:59
2026.07.08 18:12:54,421650833,buy,0.02,XAUUSD-STDc,4038.14,557321443,copy #968730587,in,0,0,0,0,Sheet10,2026.07.08 23:59
2026.07.08 18:15:02,421660331,buy,0.03,XAUUSD-STDc,4035,557331284,copy #968741405,in,0,0,0,0,Sheet10,2026.07.08 23:59
2026.07.08 18:15:29,421663180,buy,0.04,XAUUSD-STDc,4033.65,557334394,copy #968745936,in,0,0,0,0,Sheet10,2026.07.08 23:59
2026.07.08 18:15:44,421668271,buy,0.05,XAUUSD-STDc,4031.34,557339657,copy #968751020,in,0,0,0,0,Sheet10,2026.07.08 23:59
2026.07.08 18:16:42,421674627,buy,0.06,XAUUSD-STDc,4030.41,557346064,copy #968760746,in,0,0,0,0,Sheet10,2026.07.08 23:59
2026.07.08 18:17:56,421678135,sell,0.02,XAUUSD-STDc,4030.55,557349590,copy #968766991,in,0,0,0,0,Sheet10,2026.07.08 23:59
2026.07.08 18:19:49,421683026,sell,0.02,XAUUSD-STDc,4032.42,557354503,copy #968774977,in,0,0,0,0,Sheet10,2026.07.08 23:59
2026.07.08 18:20:43,421689036,sell,0.03,XAUUSD-STDc,4035.67,557360703,copy #968781557,out,0,0,0,2.01,Sheet10,2026.07.08 23:59
2026.07.08 18:20:43,421689098,sell,0.06,XAUUSD-STDc,4035.51,557360926,copy #968781653,out,0,0,0,30.6,Sheet10,2026.07.08 23:59
2026.07.08 18:20:43,421689202,sell,0.02,XAUUSD-STDc,4035.51,557361116,copy #968781681,out,0,0,0,-10.32,Sheet10,2026.07.08 23:59
2026.07.08 18:20:43,421689628,sell,0.05,XAUUSD-STDc,4035.58,557361515,copy #968781818,out,0,0,0,21.2,Sheet10,2026.07.08 23:59
2026.07.08 18:20:44,421689877,sell,0.04,XAUUSD-STDc,4035.55,557361704,copy #968781820,out,0,0,0,7.6,Sheet10,2026.07.08 23:59
2026.07.08 18:20:44,421689929,sell,0.02,XAUUSD-STDc,4035.55,557361311,copy #968781763,out,0,0,0,-5.18,Sheet10,2026.07.08 23:59
2026.07.08 18:21:00,421691428,sell,0.03,XAUUSD-STDc,4034.55,557363161,copy #968787002,in,0,0,0,0,Sheet10,2026.07.08 23:59
2026.07.08 18:21:44,421695957,buy,0.02,XAUUSD-STDc,4030.81,557367614,copy #968791102,out,0,0,0,3.22,Sheet10,2026.07.08 23:59
2026.07.08 18:21:44,421696058,buy,0.03,XAUUSD-STDc,4030.79,557367827,copy #968791138,out,0,0,0,11.28,Sheet10,2026.07.08 23:59
2026.07.08 18:21:44,421696217,buy,0.02,XAUUSD-STDc,4030.78,557368020,copy #968791146,out,0,0,0,-0.46,Sheet10,2026.07.08 23:59
2026.07.08 18:23:10,421706660,buy,0.02,XAUUSD-STDc,4029.21,557378656,copy #968798473,in,0,0,0,0,Sheet10,2026.07.08 23:59
2026.07.08 18:25:04,421714551,buy,0.02,XAUUSD-STDc,4027.99,557386734,copy #968807160,in,0,0,0,0,Sheet10,2026.07.08 23:59
2026.07.08 18:28:17,421721124,sell,0.02,XAUUSD-STDc,4031.68,557393418,copy #968817512,out,0,0,0,4.94,Sheet10,2026.07.08 23:59
2026.07.08 18:28:17,421721247,sell,0.02,XAUUSD-STDc,4031.68,557393830,copy #968817545,out,0,0,0,7.38,Sheet10,2026.07.08 23:59
2026.07.08 18:28:22,421722205,sell,0.02,XAUUSD-STDc,4030.69,557394598,copy #968818286,in,0,0,0,0,Sheet10,2026.07.08 23:59
2026.07.08 18:30:25,421726920,buy,0.02,XAUUSD-STDc,4027.91,557399522,copy #968825562,out,0,0,0,5.56,Sheet10,2026.07.08 23:59
2026.07.08 18:32:38,421747046,buy,0.02,XAUUSD-STDc,4023.39,557420146,copy #968844362,in,0,0,0,0,Sheet10,2026.07.08 23:59
2026.07.08 18:35:25,421753015,sell,0.02,XAUUSD-STDc,4026.96,557426029,copy #968853636,out,0,0,0,7.14,Sheet10,2026.07.08 23:59
2026.07.08 18:36:04,421760802,sell,0.02,XAUUSD-STDc,4029.38,557434029,copy #968860798,in,0,0,0,0,Sheet10,2026.07.08 23:59
2026.07.08 18:38:55,421765458,sell,0.02,XAUUSD-STDc,4030.59,557438568,copy #968868778,in,0,0,0,0,Sheet10,2026.07.08 23:59
2026.07.08 18:44:42,421773924,sell,0.03,XAUUSD-STDc,4032.37,557447115,copy #968884608,in,0,0,0,0,Sheet10,2026.07.08 23:59
2026.07.08 18:50:35,421781734,sell,0.04,XAUUSD-STDc,4034.54,557455247,copy #968899785,in,0,0,0,0,Sheet10,2026.07.08 23:59
2026.07.08 18:53:40,421787373,sell,0.05,XAUUSD-STDc,4037.06,557460926,copy #968910229,in,0,0,0,0,Sheet10,2026.07.08 23:59
2026.07.08 18:56:09,421796035,buy,0.03,XAUUSD-STDc,4031.85,557469694,copy #968920373,out,0,0,0,1.56,Sheet10,2026.07.08 23:59
2026.07.08 18:56:09,421796130,buy,0.05,XAUUSD-STDc,4031.85,557469913,copy #968920421,out,0,0,0,26.05,Sheet10,2026.07.08 23:59
2026.07.08 18:56:09,421796517,buy,0.02,XAUUSD-STDc,4031.99,557470350,copy #968920501,out,0,0,0,-5.22,Sheet10,2026.07.08 23:59
2026.07.08 18:56:10,421796558,buy,0.02,XAUUSD-STDc,4031.99,557470140,copy #968920469,out,0,0,0,-2.8,Sheet10,2026.07.08 23:59
2026.07.08 18:56:10,421796783,buy,0.04,XAUUSD-STDc,4031.91,557470566,copy #968920532,out,0,0,0,10.52,Sheet10,2026.07.08 23:59
2026.07.08 18:57:05,421799386,buy,0.02,XAUUSD-STDc,4031.87,557473067,copy #968924594,in,0,0,0,0,Sheet10,2026.07.08 23:59
2026.07.08 19:00:04,421802901,sell,0.02,XAUUSD-STDc,4035.17,557476758,copy #968930233,out,0,0,0,6.6,Sheet10,2026.07.08 23:59
2026.07.08 19:04:51,421808470,sell,0.02,XAUUSD-STDc,4036.37,557482379,copy #968939585,in,0,0,0,0,Sheet10,2026.07.08 23:59
2026.07.08 19:06:31,421811688,sell,0.02,XAUUSD-STDc,4038.35,557485886,copy #968944829,in,0,0,0,0,Sheet10,2026.07.08 23:59
2026.07.08 19:07:53,421813907,sell,0.03,XAUUSD-STDc,4039.41,557488151,copy #968950485,in,0,0,0,0,Sheet10,2026.07.08 23:59
2026.07.08 19:11:34,421820099,sell,0.04,XAUUSD-STDc,4040.82,557494527,copy #968962148,in,0,0,0,0,Sheet10,2026.07.08 23:59
2026.07.08 19:27:41,421837406,sell,0.05,XAUUSD-STDc,4044.51,557512196,copy #968992046,in,0,0,0,0,Sheet10,2026.07.08 23:59
2026.07.08 19:31:28,421845930,sell,0.06,XAUUSD-STDc,4046.21,557520608,copy #969005497,in,0,0,0,0,Sheet10,2026.07.08 23:59
2026.07.08 19:37:09,421859256,buy,0.02,XAUUSD-STDc,4041.91,557533602,copy #969022168,in,0,0,0,0,Sheet10,2026.07.08 23:59
2026.07.08 19:37:27,421860153,buy,0.05,XAUUSD-STDc,4040.61,557534547,copy #969023161,out,0,0,0,19.5,Sheet10,2026.07.08 23:59
2026.07.08 19:37:28,421860583,buy,0.02,XAUUSD-STDc,4040.6,557534758,copy #969023167,out,0,0,0,-4.5,Sheet10,2026.07.08 23:59
2026.07.08 19:37:28,421860631,buy,0.06,XAUUSD-STDc,4040.6,557534942,copy #969023176,out,0,0,0,33.66,Sheet10,2026.07.08 23:59
2026.07.08 19:37:28,421860768,buy,0.02,XAUUSD-STDc,4040.6,557535149,copy #969023193,out,0,0,0,-8.46,Sheet10,2026.07.08 23:59
2026.07.08 19:37:28,421860892,buy,0.04,XAUUSD-STDc,4040.59,557535337,copy #969023218,out,0,0,0,0.92,Sheet10,2026.07.08 23:59
2026.07.08 19:37:28,421861152,buy,0.03,XAUUSD-STDc,4040.59,557535531,copy #969023227,out,0,0,0,-3.54,Sheet10,2026.07.08 23:59
2026.07.08 19:39:47,421865105,sell,0.02,XAUUSD-STDc,4042.89,557539411,copy #969028805,in,0,0,0,0,Sheet10,2026.07.08 23:59
2026.07.08 19:39:51,421867239,sell,0.02,XAUUSD-STDc,4045.39,557541669,copy #969029681,out,0,0,0,6.96,Sheet10,2026.07.08 23:59
2026.07.08 19:39:52,421868076,sell,0.02,XAUUSD-STDc,4044.59,557542569,copy #969030215,in,0,0,0,0,Sheet10,2026.07.08 23:59
2026.07.08 19:40:49,421875374,sell,0.03,XAUUSD-STDc,4049.11,557550198,copy #969040107,in,0,0,0,0,Sheet10,2026.07.08 23:59
2026.07.08 19:42:37,421884996,sell,0.04,XAUUSD-STDc,4049.3,557559727,copy #969050223,in,0,0,0,0,Sheet10,2026.07.08 23:59
2026.07.08 19:43:58,421891220,sell,0.05,XAUUSD-STDc,4052.4,557566410,copy #969057595,in,0,0,0,0,Sheet10,2026.07.08 23:59
2026.07.08 19:45:13,421896914,sell,0.06,XAUUSD-STDc,4056.69,557572385,copy #969067743,in,0,0,0,0,Sheet10,2026.07.08 23:59
2026.07.08 19:49:22,421904231,sell,0.08,XAUUSD-STDc,4057.85,557579897,copy #969079214,in,0,0,0,0,Sheet10,2026.07.08 23:59
2026.07.08 19:52:05,421910461,buy,0.02,XAUUSD-STDc,4061.8,557586603,copy #969088373,in,0,0,0,0,Sheet10,2026.07.08 23:59
2026.07.08 19:52:34,421912420,sell,0.02,XAUUSD-STDc,4062.4,557588760,copy #969091009,out,0,0,0,1.2,Sheet10,2026.07.08 23:59
2026.07.08 19:52:55,421912906,sell,0.11,XAUUSD-STDc,4061.49,557589201,copy #969091866,in,0,0,0,0,Sheet10,2026.07.08 23:59
2026.07.08 19:55:30,421918120,sell,0.14,XAUUSD-STDc,4063.26,557594634,copy #969100477,in,0,0,0,0,Sheet10,2026.07.08 23:59
2026.07.08 20:07:11,421932361,sell,0.18,XAUUSD-STDc,4067.06,557609478,copy #969126259,in,0,0,0,0,Sheet10,2026.07.08 23:59
2026.07.08 20:13:47,421940883,sell,0.23,XAUUSD-STDc,4068.4,557618357,copy #969144438,in,0,0,0,0,Sheet10,2026.07.08 23:59
2026.07.08 20:19:14,421947431,buy,0.02,XAUUSD-STDc,4064.99,557625021,copy #969155408,in,0,0,0,0,Sheet10,2026.07.08 23:59
2026.07.08 20:21:52,421950247,sell,0.02,XAUUSD-STDc,4067.98,557627952,copy #969159823,out,0,0,0,5.98,Sheet10,2026.07.08 23:59
2026.07.08 20:22:36,421954495,buy,0.02,XAUUSD-STDc,4070.91,557632706,copy #969163892,in,0,0,0,0,Sheet10,2026.07.08 23:59
2026.07.08 20:22:43,421955074,sell,0.3,XAUUSD-STDc,4069.76,557633131,copy #969164939,in,0,0,0,0,Sheet10,2026.07.08 23:59
2026.07.08 20:25:44,421958730,sell,0.02,XAUUSD-STDc,4071.76,557637305,copy #969171750,out,0,0,0,1.7,Sheet10,2026.07.08 23:59
2026.07.08 20:25:46,421959618,buy,0.02,XAUUSD-STDc,4072.5,557638132,copy #969172591,in,0,0,0,0,Sheet10,2026.07.08 23:59
2026.07.08 20:25:55,421961321,sell,0.39,XAUUSD-STDc,4071.2,557639860,copy #969174102,in,0,0,0,0,Sheet10,2026.07.08 23:59
2026.07.08 20:28:31,421964739,sell,0.02,XAUUSD-STDc,4073.11,557643207,copy #969180897,out,0,0,0,1.22,Sheet10,2026.07.08 23:59
2026.07.08 20:29:01,421966383,sell,0.51,XAUUSD-STDc,4071.61,557644945,copy #969183207,in,0,0,0,0,Sheet10,2026.07.08 23:59
2026.07.08 20:30:07,421969749,buy,0.02,XAUUSD-STDc,4074.56,557648483,copy #969187365,in,0,0,0,0,Sheet10,2026.07.08 23:59
2026.07.08 20:30:51,421972254,sell,0.02,XAUUSD-STDc,4075.73,557651416,copy #969190836,out,0,0,0,2.34,Sheet10,2026.07.08 23:59
2026.07.08 20:31:35,421974312,sell,0.67,XAUUSD-STDc,4074.58,557653364,copy #969194432,in,0,0,0,0,Sheet10,2026.07.08 23:59
2026.07.08 20:36:30,421979275,buy,0.02,XAUUSD-STDc,4071.21,557658218,copy #969202692,in,0,0,0,0,Sheet10,2026.07.08 23:59
2026.07.08 20:45:42,421984237,sell,0.02,XAUUSD-STDc,4068.23,557664970,copy #969211149,out,0,0,0,-5.96,Sheet10,2026.07.08 23:59
2026.07.08 20:45:44,421986417,buy,0.67,XAUUSD-STDc,4068.49,557665265,copy #969211218,out,0,0,0,408.03,Sheet10,2026.07.08 23:59
2026.07.08 20:45:44,421986579,buy,0.51,XAUUSD-STDc,4068.49,557665423,copy #969211239,out,0,0,0,159.12,Sheet10,2026.07.08 23:59
2026.07.08 20:45:44,421986653,buy,0.3,XAUUSD-STDc,4068.49,557665918,copy #969211444,out,0,0,0,38.1,Sheet10,2026.07.08 23:59
2026.07.08 20:45:44,421986992,buy,0.23,XAUUSD-STDc,4068.48,557666072,copy #969211532,out,0,0,0,-1.84,Sheet10,2026.07.08 23:59
2026.07.08 20:45:44,421987016,buy,0.39,XAUUSD-STDc,4068.48,557665655,copy #969211317,out,0,0,0,106.08,Sheet10,2026.07.08 23:59
2026.07.08 20:45:44,421987234,buy,0.18,XAUUSD-STDc,4068.48,557666559,copy #969211644,out,0,0,0,-25.56,Sheet10,2026.07.08 23:59
2026.07.08 20:45:45,421987540,buy,0.14,XAUUSD-STDc,4068.45,557666801,copy #969211656,out,0,0,0,-72.66,Sheet10,2026.07.08 23:59
2026.07.08 20:45:45,421988338,buy,0.08,XAUUSD-STDc,4068.5,557667387,copy #969211810,out,0,0,0,-85.2,Sheet10,2026.07.08 23:59
2026.07.08 20:45:45,421988394,buy,0.06,XAUUSD-STDc,4068.5,557667588,copy #969211839,out,0,0,0,-70.86,Sheet10,2026.07.08 23:59
2026.07.08 20:45:45,421988449,buy,0.11,XAUUSD-STDc,4068.5,557667182,copy #969211783,out,0,0,0,-77.11,Sheet10,2026.07.08 23:59
2026.07.08 20:45:46,421988641,buy,0.05,XAUUSD-STDc,4068.49,557667772,copy #969211905,out,0,0,0,-80.45,Sheet10,2026.07.08 23:59
2026.07.08 20:45:46,421988933,buy,0.04,XAUUSD-STDc,4068.49,557667963,copy #969211956,out,0,0,0,-76.76,Sheet10,2026.07.08 23:59
2026.07.08 20:45:46,421989211,buy,0.03,XAUUSD-STDc,4068.56,557668392,copy #969212070,out,0,0,0,-58.35,Sheet10,2026.07.08 23:59
2026.07.08 20:45:46,421989373,buy,0.02,XAUUSD-STDc,4068.57,557668202,copy #969212069,out,0,0,0,-47.96,Sheet10,2026.07.08 23:59
2026.07.08 20:45:46,421989394,buy,0.02,XAUUSD-STDc,4068.57,557668581,copy #969212099,out,0,0,0,-51.36,Sheet10,2026.07.08 23:59
2026.07.08 20:56:02,422000764,buy,0.02,XAUUSD-STDc,4066.84,557679643,copy #969227869,in,0,0,0,0,Sheet10,2026.07.08 23:59
2026.07.08 21:00:20,422006426,buy,0.02,XAUUSD-STDc,4065.44,557685426,copy #969238212,in,0,0,0,0,Sheet10,2026.07.08 23:59
2026.07.08 21:00:50,422009106,sell,0.02,XAUUSD-STDc,4068.07,557688089,copy #969240686,out,0,0,0,5.26,Sheet10,2026.07.08 23:59
2026.07.08 21:00:50,422009314,sell,0.02,XAUUSD-STDc,4068.06,557688282,copy #969240713,out,0,0,0,2.44,Sheet10,2026.07.08 23:59
2026.07.08 21:01:26,422015492,sell,0.02,XAUUSD-STDc,4070.86,557694629,copy #969246620,in,0,0,0,0,Sheet10,2026.07.08 23:59
2026.07.08 21:02:09,422021612,sell,0.02,XAUUSD-STDc,4073.31,557701075,copy #969250548,in,0,0,0,0,Sheet10,2026.07.08 23:59
2026.07.08 21:03:22,422026717,buy,0.02,XAUUSD-STDc,4069.36,557706178,copy #969255039,out,0,0,0,3,Sheet10,2026.07.08 23:59
2026.07.08 21:03:22,422026732,buy,0.02,XAUUSD-STDc,4069.36,557705990,copy #969255038,out,0,0,0,7.9,Sheet10,2026.07.08 23:59
2026.07.08 21:05:42,422029678,buy,0.02,XAUUSD-STDc,4068.97,557709318,copy #969260042,in,0,0,0,0,Sheet10,2026.07.08 23:59
2026.07.08 21:08:16,422032894,buy,0.02,XAUUSD-STDc,4067.86,557712596,copy #969264803,in,0,0,0,0,Sheet10,2026.07.08 23:59
2026.07.08 21:10:52,422036119,sell,0.02,XAUUSD-STDc,4071.22,557715631,copy #969269185,out,0,0,0,6.72,Sheet10,2026.07.08 23:59
2026.07.08 21:10:52,422036184,sell,0.02,XAUUSD-STDc,4071.22,557715826,copy #969269218,out,0,0,0,4.5,Sheet10,2026.07.08 23:59
2026.07.07 01:35:35,410244370,buy,0.02,XAUUSD-STDc,4167.33,545146168,copy #960808958,in,0,0,0,0,Sheet11,2026.07.07 23:59
2026.07.07 02:30:42,410264947,buy,0.02,XAUUSD-STDc,4164.06,545167615,copy #960835215,in,0,0,0,0,Sheet11,2026.07.07 23:59
2026.07.07 02:43:15,410279083,buy,0.02,XAUUSD-STDc,4162.12,545182347,copy #960844752,in,0,0,0,0,Sheet11,2026.07.07 23:59
2026.07.07 02:57:46,410304889,buy,0.02,XAUUSD-STDc,4157.67,545208403,copy #960861128,out,0,0,0.57,-21.22,Sheet11,2026.07.07 23:59
2026.07.07 02:57:46,410305136,buy,0.02,XAUUSD-STDc,4157.68,545209829,copy #960861172,out,0,0,0.57,-26.98,Sheet11,2026.07.07 23:59
2026.07.07 02:57:46,410305439,buy,0.06,XAUUSD-STDc,4157.68,545209645,copy #960861162,out,0,0,1.72,-2.4,Sheet11,2026.07.07 23:59
2026.07.07 02:57:46,410305598,buy,0.03,XAUUSD-STDc,4157.66,545210421,copy #960861563,out,0,0,0.86,-27.03,Sheet11,2026.07.07 23:59
2026.07.07 02:57:46,410305617,buy,0.14,XAUUSD-STDc,4157.66,545210207,copy #960861388,out,0,0,4.01,120.68,Sheet11,2026.07.07 23:59
2026.07.07 02:57:47,410305791,buy,0.08,XAUUSD-STDc,4157.66,545210077,copy #960861386,out,0,0,2.29,19.36,Sheet11,2026.07.07 23:59
2026.07.07 02:57:47,410305874,buy,0.04,XAUUSD-STDc,4157.66,545210277,copy #960861523,out,0,0,1.15,-17.56,Sheet11,2026.07.07 23:59
2026.07.07 02:57:47,410306031,buy,0.11,XAUUSD-STDc,4157.66,545209957,copy #960861233,out,0,0,3.15,48.4,Sheet11,2026.07.07 23:59
2026.07.07 02:57:47,410306093,buy,0.05,XAUUSD-STDc,4157.66,545210352,copy #960861552,out,0,0,1.43,-13.8,Sheet11,2026.07.07 23:59
2026.07.07 03:00:04,410311997,buy,0.03,XAUUSD-STDc,4157.3,545216410,copy #960867551,in,0,0,0,0,Sheet11,2026.07.07 23:59
2026.07.07 03:00:45,410319944,buy,0.04,XAUUSD-STDc,4156.62,545224221,copy #960871332,in,0,0,0,0,Sheet11,2026.07.07 23:59
2026.07.07 03:12:42,410343546,buy,0.05,XAUUSD-STDc,4154.11,545248530,copy #960893229,in,0,0,0,0,Sheet11,2026.07.07 23:59
2026.07.07 03:21:21,410382274,sell,0.02,XAUUSD-STDc,4160.05,545290936,copy #960918749,out,0,0,0,-4.14,Sheet11,2026.07.07 23:59
2026.07.07 03:21:21,410382293,sell,0.02,XAUUSD-STDc,4160.05,545291070,copy #960918832,out,0,0,0,-14.56,Sheet11,2026.07.07 23:59
2026.07.07 03:21:21,410382738,sell,0.02,XAUUSD-STDc,4160.06,545291971,copy #960919125,out,0,0,0,-8,Sheet11,2026.07.07 23:59
2026.07.07 03:21:21,410382773,sell,0.05,XAUUSD-STDc,4160.06,545291598,copy #960918953,out,0,0,0,29.75,Sheet11,2026.07.07 23:59
2026.07.07 03:21:21,410382827,sell,0.03,XAUUSD-STDc,4160.07,545291782,copy #960918981,out,0,0,0,8.31,Sheet11,2026.07.07 23:59
2026.07.07 03:21:21,410382876,sell,0.04,XAUUSD-STDc,4160.07,545291325,copy #960918905,out,0,0,0,13.8,Sheet11,2026.07.07 23:59
2026.07.07 03:21:36,410390451,sell,0.02,XAUUSD-STDc,4159.18,545296448,copy #960923030,in,0,0,0,0,Sheet11,2026.07.07 23:59
2026.07.07 03:30:43,410423092,sell,0.02,XAUUSD-STDc,4161.28,545329244,copy #960945955,in,0,0,0,0,Sheet11,2026.07.07 23:59
2026.07.07 03:34:41,410435591,buy,0.02,XAUUSD-STDc,4157.6,545342091,copy #960955133,out,0,0,0,7.36,Sheet11,2026.07.07 23:59
2026.07.07 03:34:41,410435707,buy,0.02,XAUUSD-STDc,4157.52,545341902,copy #960955129,out,0,0,0,3.32,Sheet11,2026.07.07 23:59
2026.07.07 03:38:29,410466539,buy,0.02,XAUUSD-STDc,4152.09,545373418,copy #960972106,in,0,0,0,0,Sheet11,2026.07.07 23:59
2026.07.07 03:40:19,410477187,buy,0.02,XAUUSD-STDc,4150.52,545384383,copy #960979567,in,0,0,0,0,Sheet11,2026.07.07 23:59
2026.07.07 03:48:19,410495021,buy,0.03,XAUUSD-STDc,4149.21,545402527,copy #960994738,in,0,0,0,0,Sheet11,2026.07.07 23:59
2026.07.07 03:53:17,410509045,sell,0.02,XAUUSD-STDc,4152.26,545416479,copy #961005610,out,0,0,0,0.34,Sheet11,2026.07.07 23:59
2026.07.07 03:53:17,410509281,sell,0.02,XAUUSD-STDc,4152.26,545416664,copy #961005612,out,0,0,0,3.48,Sheet11,2026.07.07 23:59
2026.07.07 03:53:17,410509405,sell,0.03,XAUUSD-STDc,4152.31,545416847,copy #961005617,out,0,0,0,9.3,Sheet11,2026.07.07 23:59
2026.07.07 08:55:49,412318028,sell,0.02,XAUUSD-STDc,4125.97,547372643,copy #962018749,in,0,0,0,0,Sheet11,2026.07.07 23:59
2026.07.07 09:03:01,412356822,sell,0.02,XAUUSD-STDc,4128.04,547415250,copy #962045379,in,0,0,0,0,Sheet11,2026.07.07 23:59
2026.07.07 09:09:09,412385737,buy,0.02,XAUUSD-STDc,4124,547450911,copy #962063865,out,0,0,0,8.08,Sheet11,2026.07.07 23:59
2026.07.07 09:09:11,412388157,buy,0.02,XAUUSD-STDc,4124.05,547451328,copy #962063917,out,0,0,0,3.84,Sheet11,2026.07.07 23:59
2026.07.07 09:12:18,412422888,buy,0.02,XAUUSD-STDc,4122.77,547486293,copy #962081458,in,0,0,0,0,Sheet11,2026.07.07 23:59
2026.07.07 09:20:24,412446588,sell,0.02,XAUUSD-STDc,4125.92,547515646,copy #962100194,out,0,0,0,6.3,Sheet11,2026.07.07 23:59
2026.07.07 09:22:19,412457800,sell,0.02,XAUUSD-STDc,4125.8,547526530,copy #962106146,in,0,0,0,0,Sheet11,2026.07.07 23:59
2026.07.07 09:25:51,412477677,sell,0.02,XAUUSD-STDc,4128.31,547548873,copy #962117185,in,0,0,0,0,Sheet11,2026.07.07 23:59
2026.07.07 09:30:41,412500286,buy,0.02,XAUUSD-STDc,4126.87,547573914,copy #962131396,in,0,0,0,0,Sheet11,2026.07.07 23:59
2026.07.07 09:33:38,412509486,sell,0.02,XAUUSD-STDc,4128.38,547584349,copy #962137290,out,0,0,0,3.02,Sheet11,2026.07.07 23:59
2026.07.07 09:40:55,412549751,sell,0.03,XAUUSD-STDc,4131.19,547628802,copy #962158055,in,0,0,0,0,Sheet11,2026.07.07 23:59
2026.07.07 10:03:06,412614654,buy,0.03,XAUUSD-STDc,4126.28,547703413,copy #962206173,out,0,0,0,14.73,Sheet11,2026.07.07 23:59
2026.07.07 10:03:06,412614909,buy,0.02,XAUUSD-STDc,4126.29,547703772,copy #962206406,out,0,0,0,4.04,Sheet11,2026.07.07 23:59
2026.07.07 10:03:06,412615121,buy,0.02,XAUUSD-STDc,4126.29,547703529,copy #962206245,out,0,0,0,-0.98,Sheet11,2026.07.07 23:59
2026.07.07 10:04:21,412633468,buy,0.02,XAUUSD-STDc,4126.39,547722920,copy #962215332,in,0,0,0,0,Sheet11,2026.07.07 23:59
2026.07.07 10:13:39,412667405,sell,0.02,XAUUSD-STDc,4129.35,547761376,copy #962237226,out,0,0,0,5.92,Sheet11,2026.07.07 23:59
2026.07.07 10:14:14,412675755,sell,0.02,XAUUSD-STDc,4129.17,547769577,copy #962240651,in,0,0,0,0,Sheet11,2026.07.07 23:59
2026.07.07 10:17:15,412690224,sell,0.02,XAUUSD-STDc,4131.02,547785635,copy #962249849,in,0,0,0,0,Sheet11,2026.07.07 23:59
2026.07.07 10:24:18,412723466,buy,0.02,XAUUSD-STDc,4127.41,547823481,copy #962273640,out,0,0,0,3.52,Sheet11,2026.07.07 23:59
2026.07.07 10:24:19,412724015,buy,0.02,XAUUSD-STDc,4127.42,547823820,copy #962273728,out,0,0,0,7.2,Sheet11,2026.07.07 23:59
2026.07.07 10:44:57,412784145,sell,0.02,XAUUSD-STDc,4129.74,547891943,copy #962314814,in,0,0,0,0,Sheet11,2026.07.07 23:59
2026.07.07 10:47:37,412803342,sell,0.02,XAUUSD-STDc,4132.28,547913740,copy #962326904,in,0,0,0,0,Sheet11,2026.07.07 23:59
2026.07.07 10:48:27,412823475,buy,0.02,XAUUSD-STDc,4128.86,547934897,copy #962334322,out,0,0,0,6.84,Sheet11,2026.07.07 23:59
2026.07.07 10:48:27,412823865,buy,0.02,XAUUSD-STDc,4128.86,547935145,copy #962334334,out,0,0,0,1.76,Sheet11,2026.07.07 23:59
2026.07.07 10:56:23,412861947,buy,0.02,XAUUSD-STDc,4125.98,547976847,copy #962359498,in,0,0,0,0,Sheet11,2026.07.07 23:59
2026.07.07 11:03:10,412881222,sell,0.02,XAUUSD-STDc,4129.7,548001752,copy #962377099,out,0,0,0,7.44,Sheet11,2026.07.07 23:59
2026.07.07 11:12:03,412941907,sell,0.02,XAUUSD-STDc,4135.28,548065821,copy #962416391,in,0,0,0,0,Sheet11,2026.07.07 23:59
2026.07.07 11:12:44,412951867,sell,0.02,XAUUSD-STDc,4136.54,548076244,copy #962423267,in,0,0,0,0,Sheet11,2026.07.07 23:59
2026.07.07 11:13:53,412961641,sell,0.03,XAUUSD-STDc,4137.87,548087440,copy #962431128,in,0,0,0,0,Sheet11,2026.07.07 23:59
2026.07.07 11:22:03,412985487,buy,0.02,XAUUSD-STDc,4135.14,548115219,copy #962453474,in,0,0,0,0,Sheet11,2026.07.07 23:59
2026.07.07 11:24:33,412992670,sell,0.02,XAUUSD-STDc,4137.87,548123750,copy #962459984,out,0,0,0,5.46,Sheet11,2026.07.07 23:59
2026.07.07 11:33:05,413026593,buy,0.02,XAUUSD-STDc,4133.52,548161572,copy #962485676,out,0,0,0,3.52,Sheet11,2026.07.07 23:59
2026.07.07 11:33:06,413026802,buy,0.02,XAUUSD-STDc,4133.52,548161793,copy #962485700,out,0,0,0,6.04,Sheet11,2026.07.07 23:59
2026.07.07 11:33:06,413027106,buy,0.03,XAUUSD-STDc,4133.51,548162027,copy #962485764,out,0,0,0,13.08,Sheet11,2026.07.07 23:59
2026.07.07 11:36:35,413050920,buy,0.02,XAUUSD-STDc,4132.04,548187887,copy #962500922,in,0,0,0,0,Sheet11,2026.07.07 23:59
2026.07.07 11:43:22,413084613,buy,0.02,XAUUSD-STDc,4130.34,548224302,copy #962519362,in,0,0,0,0,Sheet11,2026.07.07 23:59
2026.07.07 11:52:41,413121453,buy,0.03,XAUUSD-STDc,4126.87,548270570,copy #962548384,in,0,0,0,0,Sheet11,2026.07.07 23:59
2026.07.07 11:54:04,413146971,buy,0.04,XAUUSD-STDc,4123.3,548298447,copy #962564147,in,0,0,0,0,Sheet11,2026.07.07 23:59
2026.07.07 12:09:34,413189990,sell,0.02,XAUUSD-STDc,4127.24,548348322,copy #962605143,in,0,0,0,0,Sheet11,2026.07.07 23:59
2026.07.07 12:18:40,413214988,sell,0.02,XAUUSD-STDc,4129.4,548376515,copy #962622177,out,0,0,0,-5.28,Sheet11,2026.07.07 23:59
2026.07.07 12:18:40,413215082,sell,0.02,XAUUSD-STDc,4129.4,548376285,copy #962622156,out,0,0,0,-1.88,Sheet11,2026.07.07 23:59
2026.07.07 12:18:40,413215482,sell,0.03,XAUUSD-STDc,4129.42,548376754,copy #962622242,out,0,0,0,7.65,Sheet11,2026.07.07 23:59
2026.07.07 12:18:40,413215579,sell,0.04,XAUUSD-STDc,4129.42,548376944,copy #962622250,out,0,0,0,24.48,Sheet11,2026.07.07 23:59
2026.07.07 12:19:00,413229162,sell,0.02,XAUUSD-STDc,4129.67,548390872,copy #962627414,in,0,0,0,0,Sheet11,2026.07.07 23:59
2026.07.07 12:27:39,413253079,buy,0.02,XAUUSD-STDc,4125.07,548423263,copy #962645296,out,0,0,0,4.34,Sheet11,2026.07.07 23:59
2026.07.07 12:27:39,413253540,buy,0.02,XAUUSD-STDc,4125.05,548423670,copy #962645964,out,0,0,0,9.24,Sheet11,2026.07.07 23:59
2026.07.07 12:27:47,413264127,buy,0.02,XAUUSD-STDc,4124.72,548430439,copy #962650510,in,0,0,0,0,Sheet11,2026.07.07 23:59
2026.07.07 12:29:56,413300069,buy,0.02,XAUUSD-STDc,4121.5,548467707,copy #962667981,in,0,0,0,0,Sheet11,2026.07.07 23:59
2026.07.07 12:30:44,413323381,sell,0.02,XAUUSD-STDc,4123.94,548491251,copy #962676200,in,0,0,0,0,Sheet11,2026.07.07 23:59
2026.07.07 12:31:17,413329545,sell,0.02,XAUUSD-STDc,4125.51,548497687,copy #962679912,out,0,0,0,8.02,Sheet11,2026.07.07 23:59
2026.07.07 12:31:17,413329578,sell,0.02,XAUUSD-STDc,4125.51,548497890,copy #962679928,out,0,0,0,1.58,Sheet11,2026.07.07 23:59
2026.07.07 12:35:02,413352321,sell,0.02,XAUUSD-STDc,4126.94,548522203,copy #962694638,in,0,0,0,0,Sheet11,2026.07.07 23:59
2026.07.07 12:36:04,413373048,sell,0.03,XAUUSD-STDc,4130.55,548543838,copy #962704241,in,0,0,0,0,Sheet11,2026.07.07 23:59
2026.07.07 12:45:03,413394442,sell,0.04,XAUUSD-STDc,4132.27,548568771,copy #962721644,in,0,0,0,0,Sheet11,2026.07.07 23:59
2026.07.07 12:50:34,413426028,buy,0.02,XAUUSD-STDc,4126.79,548602530,copy #962741250,out,0,0,0,0.3,Sheet11,2026.07.07 23:59
2026.07.07 12:50:34,413427442,buy,0.03,XAUUSD-STDc,4126.85,548602805,copy #962741357,out,0,0,0,11.1,Sheet11,2026.07.07 23:59
2026.07.07 12:50:35,413427542,buy,0.04,XAUUSD-STDc,4126.75,548603467,copy #962741402,out,0,0,0,22.08,Sheet11,2026.07.07 23:59
2026.07.07 12:50:35,413427708,buy,0.02,XAUUSD-STDc,4126.66,548603615,copy #962741570,out,0,0,0,-5.44,Sheet11,2026.07.07 23:59
2026.07.07 12:51:15,413444367,buy,0.02,XAUUSD-STDc,4126.31,548619944,copy #962749002,in,0,0,0,0,Sheet11,2026.07.07 23:59
2026.07.07 12:54:52,413461154,sell,0.02,XAUUSD-STDc,4130.09,548637717,copy #962760302,out,0,0,0,7.56,Sheet11,2026.07.07 23:59
2026.07.07 13:01:14,413489816,sell,0.02,XAUUSD-STDc,4132.67,548666236,copy #962778634,in,0,0,0,0,Sheet11,2026.07.07 23:59
2026.07.07 13:14:36,413508210,sell,0.02,XAUUSD-STDc,4133.59,548685279,copy #962796397,in,0,0,0,0,Sheet11,2026.07.07 23:59
2026.07.07 13:20:03,413525821,sell,0.03,XAUUSD-STDc,4135.83,548705928,copy #962812121,in,0,0,0,0,Sheet11,2026.07.07 23:59
2026.07.07 13:27:31,413543238,sell,0.04,XAUUSD-STDc,4137.68,548725119,copy #962828007,in,0,0,0,0,Sheet11,2026.07.07 23:59
2026.07.07 14:04:02,413582535,buy,0.04,XAUUSD-STDc,4134.55,548767020,copy #962874293,out,0,0,0,12.52,Sheet11,2026.07.07 23:59
2026.07.07 14:04:03,413582589,buy,0.03,XAUUSD-STDc,4134.63,548767211,copy #962874355,out,0,0,0,3.6,Sheet11,2026.07.07 23:59
2026.07.07 14:04:04,413582856,buy,0.02,XAUUSD-STDc,4134.65,548767394,copy #962874410,out,0,0,0,-2.12,Sheet11,2026.07.07 23:59
2026.07.07 14:04:05,413583074,buy,0.02,XAUUSD-STDc,4134.63,548767585,copy #962874552,out,0,0,0,-3.92,Sheet11,2026.07.07 23:59
2026.07.07 14:19:38,413648726,sell,0.02,XAUUSD-STDc,4141.14,548834684,copy #962921987,in,0,0,0,0,Sheet11,2026.07.07 23:59
2026.07.07 14:26:14,413669957,sell,0.02,XAUUSD-STDc,4143.5,548857968,copy #962945619,in,0,0,0,0,Sheet11,2026.07.07 23:59
2026.07.07 14:36:25,413722169,sell,0.03,XAUUSD-STDc,4146.51,548911650,copy #962978845,in,0,0,0,0,Sheet11,2026.07.07 23:59
2026.07.07 14:45:06,413737856,sell,0.04,XAUUSD-STDc,4147.93,548928937,copy #962994657,in,0,0,0,0,Sheet11,2026.07.07 23:59
2026.07.07 14:45:56,413750425,sell,0.05,XAUUSD-STDc,4150.24,548941639,copy #963003747,in,0,0,0,0,Sheet11,2026.07.07 23:59
2026.07.07 14:51:45,413761874,sell,0.06,XAUUSD-STDc,4151.6,548955610,copy #963022408,in,0,0,0,0,Sheet11,2026.07.07 23:59
2026.07.07 14:59:49,413794174,buy,0.02,XAUUSD-STDc,4157.59,548995433,copy #963054331,in,0,0,0,0,Sheet11,2026.07.07 23:59
2026.07.07 14:59:54,413800333,sell,0.08,XAUUSD-STDc,4156.26,548999680,copy #963059068,in,0,0,0,0,Sheet11,2026.07.07 23:59
2026.07.07 15:00:02,413805835,sell,0.02,XAUUSD-STDc,4157.24,549003623,copy #963062787,out,0,0,0,-0.7,Sheet11,2026.07.07 23:59
2026.07.07 15:05:05,413834067,sell,0.11,XAUUSD-STDc,4158.76,549033486,copy #963091695,in,0,0,0,0,Sheet11,2026.07.07 23:59
2026.07.07 15:07:16,413850104,sell,0.14,XAUUSD-STDc,4161.78,549050335,copy #963106131,in,0,0,0,0,Sheet11,2026.07.07 23:59
2026.07.07 15:07:38,413856764,sell,0.18,XAUUSD-STDc,4162.9,549057249,copy #963112177,in,0,0,0,0,Sheet11,2026.07.07 23:59
2026.07.07 15:09:46,413868309,buy,0.02,XAUUSD-STDc,4169.87,549071530,copy #963122603,in,0,0,0,0,Sheet11,2026.07.07 23:59
2026.07.07 15:09:49,413871626,sell,0.23,XAUUSD-STDc,4168.94,549074172,copy #963126652,in,0,0,0,0,Sheet11,2026.07.07 23:59
2026.07.07 15:09:52,413875474,buy,0.02,XAUUSD-STDc,4170.52,549076651,copy #963133056,in,0,0,0,0,Sheet11,2026.07.07 23:59
2026.07.07 15:09:56,413878065,sell,0.3,XAUUSD-STDc,4169.45,549079267,copy #963135590,in,0,0,0,0,Sheet11,2026.07.07 23:59
2026.07.07 15:09:57,413878800,sell,0.02,XAUUSD-STDc,4169.15,549080047,copy #963136115,out,0,0,0,-1.44,Sheet11,2026.07.07 23:59
2026.07.07 15:10:14,413880792,buy,0.02,XAUUSD-STDc,4169.52,549082010,copy #963139858,in,0,0,0,0,Sheet11,2026.07.07 23:59
2026.07.07 15:11:29,413886085,buy,0.02,XAUUSD-STDc,4167.87,549087536,copy #963146672,in,0,0,0,0,Sheet11,2026.07.07 23:59
2026.07.07 15:12:59,413894410,sell,0.02,XAUUSD-STDc,4169.82,549096011,copy #963153449,out,0,0,0,-1.4,Sheet11,2026.07.07 23:59
2026.07.07 15:12:59,413894607,sell,0.02,XAUUSD-STDc,4169.9,549096203,copy #963153458,out,0,0,0,4.06,Sheet11,2026.07.07 23:59
2026.07.07 15:12:59,413894616,sell,0.02,XAUUSD-STDc,4169.9,549096391,copy #963153472,out,0,0,0,0.76,Sheet11,2026.07.07 23:59
2026.07.07 15:14:36,413919951,sell,0.39,XAUUSD-STDc,4173.16,549122726,copy #963169067,in,0,0,0,0,Sheet11,2026.07.07 23:59
2026.07.07 15:18:56,413931114,buy,0.02,XAUUSD-STDc,4170.03,549134458,copy #963187185,in,0,0,0,0,Sheet11,2026.07.07 23:59
2026.07.07 15:20:26,413946387,buy,0.02,XAUUSD-STDc,4166.41,549149931,copy #963200066,in,0,0,0,0,Sheet11,2026.07.07 23:59
2026.07.07 15:23:41,413960400,sell,0.02,XAUUSD-STDc,4163.86,549163994,copy #963214078,out,0,0,0,-12.34,Sheet11,2026.07.07 23:59
2026.07.07 15:23:41,413960456,sell,0.02,XAUUSD-STDc,4163.86,549164207,copy #963214113,out,0,0,0,-5.1,Sheet11,2026.07.07 23:59
2026.07.07 15:23:42,413960934,buy,0.3,XAUUSD-STDc,4163.81,549164731,copy #963214359,out,0,0,0,169.2,Sheet11,2026.07.07 23:59
2026.07.07 15:23:43,413961401,buy,0.39,XAUUSD-STDc,4163.81,549165027,copy #963214394,out,0,0,0,364.65,Sheet11,2026.07.07 23:59
2026.07.07 15:23:44,413962001,buy,0.23,XAUUSD-STDc,4163.94,549165873,copy #963214920,out,0,0,0,115,Sheet11,2026.07.07 23:59
2026.07.07 15:23:45,413962266,buy,0.18,XAUUSD-STDc,4163.9,549166068,copy #963215159,out,0,0,0,-18,Sheet11,2026.07.07 23:59
2026.07.07 15:23:45,413962656,buy,0.14,XAUUSD-STDc,4163.88,549166306,copy #963215932,out,0,0,0,-29.4,Sheet11,2026.07.07 23:59
2026.07.07 15:23:45,413962800,buy,0.11,XAUUSD-STDc,4163.88,549166503,copy #963215972,out,0,0,0,-56.32,Sheet11,2026.07.07 23:59
2026.07.07 15:23:45,413962916,buy,0.06,XAUUSD-STDc,4163.88,549166882,copy #963216225,out,0,0,0,-73.68,Sheet11,2026.07.07 23:59
2026.07.07 15:23:45,413962953,buy,0.05,XAUUSD-STDc,4163.88,549167074,copy #963216310,out,0,0,0,-68.2,Sheet11,2026.07.07 23:59
2026.07.07 15:23:45,413963012,buy,0.08,XAUUSD-STDc,4163.88,549166694,copy #963215983,out,0,0,0,-60.96,Sheet11,2026.07.07 23:59
2026.07.07 15:23:46,413963517,buy,0.04,XAUUSD-STDc,4164.49,549167340,copy #963216665,out,0,0,0,-66.24,Sheet11,2026.07.07 23:59
2026.07.07 15:23:51,413964798,buy,0.03,XAUUSD-STDc,4164.73,549168456,copy #963217732,out,0,0,0,-54.66,Sheet11,2026.07.07 23:59
2026.07.07 15:23:54,413965340,buy,0.02,XAUUSD-STDc,4164.94,549168762,copy #963217993,out,0,0,0,-42.88,Sheet11,2026.07.07 23:59
2026.07.07 15:23:54,413965486,buy,0.02,XAUUSD-STDc,4164.85,549168956,copy #963218035,out,0,0,0,-47.42,Sheet11,2026.07.07 23:59
2026.07.07 15:37:36,414002595,buy,0.02,XAUUSD-STDc,4163.81,549207205,copy #963267981,in,0,0,0,0,Sheet11,2026.07.07 23:59
2026.07.07 15:39:51,414008365,sell,0.02,XAUUSD-STDc,4166.3,549213172,copy #963274788,out,0,0,0,4.98,Sheet11,2026.07.07 23:59
2026.07.07 15:42:19,414022464,buy,0.02,XAUUSD-STDc,4163.73,549227792,copy #963286429,in,0,0,0,0,Sheet11,2026.07.07 23:59
2026.07.07 15:43:12,414026395,sell,0.02,XAUUSD-STDc,4165.86,549231863,copy #963290568,out,0,0,0,4.26,Sheet11,2026.07.07 23:59
2026.07.07 15:45:53,414039333,sell,0.02,XAUUSD-STDc,4167.32,549245283,copy #963301161,in,0,0,0,0,Sheet11,2026.07.07 23:59
2026.07.07 15:48:52,414044096,buy,0.02,XAUUSD-STDc,4164.99,549250432,copy #963307315,out,0,0,0,4.66,Sheet11,2026.07.07 23:59
2026.07.07 15:59:18,414079722,sell,0.02,XAUUSD-STDc,4171.03,549287289,copy #963340664,in,0,0,0,0,Sheet11,2026.07.07 23:59
2026.07.07 16:00:17,414095607,sell,0.02,XAUUSD-STDc,4174.88,549303823,copy #963355378,in,0,0,0,0,Sheet11,2026.07.07 23:59
2026.07.07 16:01:17,414122743,buy,0.02,XAUUSD-STDc,4170.17,549331709,copy #963367993,out,0,0,0,1.72,Sheet11,2026.07.07 23:59
2026.07.07 16:01:18,414122858,buy,0.02,XAUUSD-STDc,4170.18,549331519,copy #963367969,out,0,0,0,9.4,Sheet11,2026.07.07 23:59
2026.07.07 16:02:18,414136733,buy,0.02,XAUUSD-STDc,4168.01,549345407,copy #963376829,in,0,0,0,0,Sheet11,2026.07.07 23:59
2026.07.07 16:04:51,414146928,buy,0.02,XAUUSD-STDc,4166.66,549355824,copy #963388382,in,0,0,0,0,Sheet11,2026.07.07 23:59
2026.07.07 16:07:03,414159312,buy,0.03,XAUUSD-STDc,4164.19,549368558,copy #963398362,in,0,0,0,0,Sheet11,2026.07.07 23:59
2026.07.07 16:11:17,414188747,buy,0.04,XAUUSD-STDc,4161.77,549398154,copy #963418723,in,0,0,0,0,Sheet11,2026.07.07 23:59
2026.07.07 16:12:05,414199239,sell,0.02,XAUUSD-STDc,4166.67,549410168,copy #963426006,out,0,0,0,0.02,Sheet11,2026.07.07 23:59
2026.07.07 16:12:06,414199882,sell,0.02,XAUUSD-STDc,4166.76,549410385,copy #963426153,out,0,0,0,-2.5,Sheet11,2026.07.07 23:59
2026.07.07 16:12:06,414200603,sell,0.04,XAUUSD-STDc,4166.71,549410797,copy #963426212,out,0,0,0,19.76,Sheet11,2026.07.07 23:59
2026.07.07 16:12:06,414200606,sell,0.03,XAUUSD-STDc,4166.71,549410600,copy #963426195,out,0,0,0,7.56,Sheet11,2026.07.07 23:59
2026.07.07 16:15:12,414236451,sell,0.02,XAUUSD-STDc,4170.28,549447213,copy #963445721,in,0,0,0,0,Sheet11,2026.07.07 23:59
2026.07.07 16:24:55,414265875,buy,0.02,XAUUSD-STDc,4166.28,549479458,copy #963473430,out,0,0,0,8,Sheet11,2026.07.07 23:59
2026.07.07 16:31:49,414312333,sell,0.02,XAUUSD-STDc,4169.95,549527597,copy #963506520,in,0,0,0,0,Sheet11,2026.07.07 23:59
2026.07.07 16:36:19,414339354,sell,0.02,XAUUSD-STDc,4175.71,549555398,copy #963527825,in,0,0,0,0,Sheet11,2026.07.07 23:59
2026.07.07 16:36:57,414352756,sell,0.03,XAUUSD-STDc,4178.27,549569438,copy #963537786,in,0,0,0,0,Sheet11,2026.07.07 23:59
2026.07.07 16:38:19,414374717,buy,0.02,XAUUSD-STDc,4173.55,549593278,copy #963550763,in,0,0,0,0,Sheet11,2026.07.07 23:59
2026.07.07 16:38:24,414379760,buy,0.02,XAUUSD-STDc,4171.49,549597502,copy #963551579,out,0,0,0,-3.08,Sheet11,2026.07.07 23:59
2026.07.07 16:38:24,414380256,buy,0.03,XAUUSD-STDc,4171.46,549598190,copy #963551646,out,0,0,0,20.43,Sheet11,2026.07.07 23:59
2026.07.07 16:38:24,414380352,buy,0.02,XAUUSD-STDc,4171.46,549598374,copy #963551659,out,0,0,0,8.5,Sheet11,2026.07.07 23:59
2026.07.07 16:39:07,414394250,buy,0.02,XAUUSD-STDc,4169.67,549611624,copy #963559948,in,0,0,0,0,Sheet11,2026.07.07 23:59
2026.07.07 16:40:49,414407549,sell,0.02,XAUUSD-STDc,4174.41,549625652,copy #963570547,out,0,0,0,1.72,Sheet11,2026.07.07 23:59
2026.07.07 16:40:49,414407848,sell,0.02,XAUUSD-STDc,4174.39,549625840,copy #963570568,out,0,0,0,9.44,Sheet11,2026.07.07 23:59
2026.07.07 16:41:05,414410949,sell,0.02,XAUUSD-STDc,4173.95,549628794,copy #963573381,in,0,0,0,0,Sheet11,2026.07.07 23:59
2026.07.07 16:41:25,414418760,sell,0.02,XAUUSD-STDc,4176.49,549637881,copy #963577055,in,0,0,0,0,Sheet11,2026.07.07 23:59
2026.07.07 16:41:40,414428927,sell,0.03,XAUUSD-STDc,4177.3,549647103,copy #963580330,in,0,0,0,0,Sheet11,2026.07.07 23:59
2026.07.07 16:42:48,414438906,sell,0.04,XAUUSD-STDc,4178.76,549657688,copy #963587271,in,0,0,0,0,Sheet11,2026.07.07 23:59
2026.07.07 16:46:49,414463813,buy,0.02,XAUUSD-STDc,4174.11,549683837,copy #963604923,out,0,0,0,4.76,Sheet11,2026.07.07 23:59
2026.07.07 16:46:49,414463979,buy,0.02,XAUUSD-STDc,4174.04,549684029,copy #963604929,out,0,0,0,-0.18,Sheet11,2026.07.07 23:59
2026.07.07 16:46:49,414464149,buy,0.04,XAUUSD-STDc,4173.98,549684447,copy #963605089,out,0,0,0,19.12,Sheet11,2026.07.07 23:59
2026.07.07 16:46:49,414464482,buy,0.03,XAUUSD-STDc,4174.13,549684747,copy #963605191,out,0,0,0,9.51,Sheet11,2026.07.07 23:59
2026.07.07 16:51:59,414496774,buy,0.02,XAUUSD-STDc,4170.95,549717585,copy #963631507,in,0,0,0,0,Sheet11,2026.07.07 23:59
2026.07.07 16:53:39,414507875,buy,0.02,XAUUSD-STDc,4167.42,549729351,copy #963643055,in,0,0,0,0,Sheet11,2026.07.07 23:59
2026.07.07 16:54:40,414513389,buy,0.03,XAUUSD-STDc,4165.79,549734960,copy #963649423,in,0,0,0,0,Sheet11,2026.07.07 23:59
2026.07.07 16:56:35,414522142,buy,0.04,XAUUSD-STDc,4164.38,549743988,copy #963661428,in,0,0,0,0,Sheet11,2026.07.07 23:59
2026.07.07 16:57:06,414530754,buy,0.05,XAUUSD-STDc,4162.09,549753109,copy #963667604,in,0,0,0,0,Sheet11,2026.07.07 23:59
2026.07.07 16:57:58,414544050,buy,0.06,XAUUSD-STDc,4159.26,549766367,copy #963679299,in,0,0,0,0,Sheet11,2026.07.07 23:59
2026.07.07 16:59:12,414555070,buy,0.08,XAUUSD-STDc,4157.43,549777398,copy #963695638,in,0,0,0,0,Sheet11,2026.07.07 23:59
2026.07.07 17:00:05,414561132,sell,0.02,XAUUSD-STDc,4158.92,549783222,copy #963702922,in,0,0,0,0,Sheet11,2026.07.07 23:59
2026.07.07 17:00:25,414565959,buy,0.02,XAUUSD-STDc,4157.1,549788193,copy #963706013,out,0,0,0,3.64,Sheet11,2026.07.07 23:59
2026.07.07 17:02:58,414582552,sell,0.02,XAUUSD-STDc,4161.54,549805581,copy #963722697,in,0,0,0,0,Sheet11,2026.07.07 23:59
2026.07.07 17:03:25,414582942,buy,0.02,XAUUSD-STDc,4160.95,549806063,copy #963723630,out,0,0,0,1.18,Sheet11,2026.07.07 23:59
2026.07.07 17:03:44,414587523,sell,0.02,XAUUSD-STDc,4157.71,549811320,copy #963726905,in,0,0,0,0,Sheet11,2026.07.07 23:59
2026.07.07 17:03:53,414591261,buy,0.02,XAUUSD-STDc,4155.86,549817481,copy #963729699,out,0,0,0,3.7,Sheet11,2026.07.07 23:59
2026.07.07 17:03:56,414594931,buy,0.11,XAUUSD-STDc,4155.58,549818967,copy #963732342,in,0,0,0,0,Sheet11,2026.07.07 23:59
2026.07.07 17:04:55,414604362,buy,0.14,XAUUSD-STDc,4154.75,549828436,copy #963741645,in,0,0,0,0,Sheet11,2026.07.07 23:59
2026.07.07 17:08:12,414615266,sell,0.02,XAUUSD-STDc,4153.28,549839826,copy #963755051,in,0,0,0,0,Sheet11,2026.07.07 23:59
2026.07.07 17:09:22,414625467,sell,0.02,XAUUSD-STDc,4155.48,549850436,copy #963762945,in,0,0,0,0,Sheet11,2026.07.07 23:59
2026.07.07 17:09:29,414628840,sell,0.02,XAUUSD-STDc,4156.9,549853763,copy #963765174,in,0,0,0,0,Sheet11,2026.07.07 23:59
2026.07.07 17:10:13,414631490,buy,0.02,XAUUSD-STDc,4154.02,549856642,copy #963768638,out,0,0,0,5.76,Sheet11,2026.07.07 23:59
2026.07.07 17:10:13,414631691,buy,0.02,XAUUSD-STDc,4153.94,549856838,copy #963768643,out,0,0,0,3.08,Sheet11,2026.07.07 23:59
2026.07.07 17:10:13,414632255,buy,0.02,XAUUSD-STDc,4153.87,549857540,copy #963768738,out,0,0,0,-1.18,Sheet11,2026.07.07 23:59
2026.07.07 17:11:17,414640815,sell,0.02,XAUUSD-STDc,4153.6,549866303,copy #963774425,in,0,0,0,0,Sheet11,2026.07.07 23:59
2026.07.07 17:14:22,414649239,sell,0.02,XAUUSD-STDc,4152.31,549875592,copy #963785097,in,0,0,0,0,Sheet11,2026.07.07 23:59
2026.07.07 17:14:22,414649390,buy,0.02,XAUUSD-STDc,4152.55,549876029,copy #963785153,out,0,0,0,2.1,Sheet11,2026.07.07 23:59
2026.07.07 17:14:29,414653664,buy,0.18,XAUUSD-STDc,4152.88,549880071,copy #963788182,in,0,0,0,0,Sheet11,2026.07.07 23:59
2026.07.07 17:17:13,414668577,sell,0.02,XAUUSD-STDc,4156.07,549895508,copy #963803245,in,0,0,0,0,Sheet11,2026.07.07 23:59
2026.07.07 17:18:05,414671094,sell,0.18,XAUUSD-STDc,4157.79,549898297,copy #963806540,out,0,0,0,88.38,Sheet11,2026.07.07 23:59
2026.07.07 17:18:05,414671114,buy,0.02,XAUUSD-STDc,4158.22,549898106,copy #963806536,out,0,0,0,-4.3,Sheet11,2026.07.07 23:59
2026.07.07 17:18:06,414671411,buy,0.02,XAUUSD-STDc,4158.34,549898554,copy #963806691,out,0,0,0,-12.06,Sheet11,2026.07.07 23:59
2026.07.07 17:18:06,414671564,sell,0.14,XAUUSD-STDc,4157.9,549898739,copy #963806704,out,0,0,0,44.1,Sheet11,2026.07.07 23:59
2026.07.07 17:18:06,414671942,sell,0.11,XAUUSD-STDc,4157.87,549899144,copy #963806829,out,0,0,0,25.19,Sheet11,2026.07.07 23:59
2026.07.07 17:18:06,414671988,sell,0.08,XAUUSD-STDc,4157.87,549898957,copy #963806814,out,0,0,0,3.52,Sheet11,2026.07.07 23:59
2026.07.07 17:18:07,414672250,sell,0.06,XAUUSD-STDc,4157.86,549899346,copy #963806907,out,0,0,0,-8.4,Sheet11,2026.07.07 23:59
2026.07.07 17:18:07,414672493,sell,0.04,XAUUSD-STDc,4157.85,549899719,copy #963806983,out,0,0,0,-26.12,Sheet11,2026.07.07 23:59
2026.07.07 17:18:07,414672559,sell,0.05,XAUUSD-STDc,4157.87,549899534,copy #963806966,out,0,0,0,-21.1,Sheet11,2026.07.07 23:59
2026.07.07 17:18:08,414672807,sell,0.03,XAUUSD-STDc,4157.91,549899910,copy #963807083,out,0,0,0,-23.64,Sheet11,2026.07.07 23:59
2026.07.07 17:18:08,414673079,sell,0.02,XAUUSD-STDc,4158.05,549900106,copy #963807186,out,0,0,0,-18.74,Sheet11,2026.07.07 23:59
2026.07.07 17:18:08,414673176,sell,0.02,XAUUSD-STDc,4158.08,549900291,copy #963807187,out,0,0,0,-25.74,Sheet11,2026.07.07 23:59
2026.07.07 17:21:42,414690454,buy,0.02,XAUUSD-STDc,4155.93,549918083,copy #963824121,in,0,0,0,0,Sheet11,2026.07.07 23:59
2026.07.07 17:23:24,414699236,buy,0.02,XAUUSD-STDc,4153.52,549927349,copy #963831124,in,0,0,0,0,Sheet11,2026.07.07 23:59
2026.07.07 17:28:05,414714980,sell,0.02,XAUUSD-STDc,4156.51,549943758,copy #963848042,out,0,0,0,5.98,Sheet11,2026.07.07 23:59
2026.07.07 17:28:05,414715135,sell,0.02,XAUUSD-STDc,4156.37,549943965,copy #963848090,out,0,0,0,0.88,Sheet11,2026.07.07 23:59
2026.07.07 17:30:10,414723390,sell,0.02,XAUUSD-STDc,4157.87,549952093,copy #963856971,in,0,0,0,0,Sheet11,2026.07.07 23:59
2026.07.07 17:32:28,414730773,buy,0.02,XAUUSD-STDc,4153.82,549960385,copy #963865246,out,0,0,0,8.1,Sheet11,2026.07.07 23:59
2026.07.07 17:32:44,414734941,buy,0.02,XAUUSD-STDc,4154.43,549963942,copy #963868320,in,0,0,0,0,Sheet11,2026.07.07 23:59
2026.07.07 17:34:44,414742800,buy,0.02,XAUUSD-STDc,4152.1,549972051,copy #963876611,in,0,0,0,0,Sheet11,2026.07.07 23:59
2026.07.07 17:35:37,414759885,buy,0.03,XAUUSD-STDc,4147.81,549989244,copy #963890522,in,0,0,0,0,Sheet11,2026.07.07 23:59
2026.07.07 17:41:25,414779665,buy,0.04,XAUUSD-STDc,4147.08,550009377,copy #963914548,in,0,0,0,0,Sheet11,2026.07.07 23:59
2026.07.07 17:42:16,414791467,buy,0.05,XAUUSD-STDc,4144.73,550021468,copy #963924293,in,0,0,0,0,Sheet11,2026.07.07 23:59
2026.07.07 17:43:23,414801863,sell,0.05,XAUUSD-STDc,4150.48,550032367,copy #963932523,out,0,0,0,28.75,Sheet11,2026.07.07 23:59
2026.07.07 17:43:23,414802206,sell,0.04,XAUUSD-STDc,4150.49,550033028,copy #963932664,out,0,0,0,13.64,Sheet11,2026.07.07 23:59
2026.07.07 17:43:23,414802474,sell,0.02,XAUUSD-STDc,4150.5,550032624,copy #963932538,out,0,0,0,-7.86,Sheet11,2026.07.07 23:59
2026.07.07 17:43:23,414802655,sell,0.03,XAUUSD-STDc,4150.5,550033424,copy #963932755,out,0,0,0,8.07,Sheet11,2026.07.07 23:59
2026.07.07 17:43:23,414802714,sell,0.02,XAUUSD-STDc,4150.5,550033186,copy #963932688,out,0,0,0,-3.2,Sheet11,2026.07.07 23:59
2026.07.07 17:46:36,414841950,sell,0.02,XAUUSD-STDc,4155.77,550072072,copy #963958340,in,0,0,0,0,Sheet11,2026.07.07 23:59
2026.07.07 18:00:05,414868248,buy,0.02,XAUUSD-STDc,4153.07,550098326,copy #963990557,in,0,0,0,0,Sheet11,2026.07.07 23:59
2026.07.07 18:00:36,414875524,buy,0.02,XAUUSD-STDc,4152.59,550106164,copy #963997152,in,0,0,0,0,Sheet11,2026.07.07 23:59
2026.07.07 18:03:05,414886998,buy,0.02,XAUUSD-STDc,4150.48,550118213,copy #964006580,out,0,0,0,10.58,Sheet11,2026.07.07 23:59
2026.07.07 18:05:50,414894576,buy,0.03,XAUUSD-STDc,4150.97,550125322,copy #964014808,in,0,0,0,0,Sheet11,2026.07.07 23:59
2026.07.07 18:08:01,414900843,sell,0.03,XAUUSD-STDc,4154.33,550132111,copy #964020001,out,0,0,0,10.08,Sheet11,2026.07.07 23:59
2026.07.07 18:08:01,414900965,sell,0.02,XAUUSD-STDc,4154.35,550132262,copy #964020048,out,0,0,0,2.56,Sheet11,2026.07.07 23:59
2026.07.07 18:08:01,414901160,sell,0.02,XAUUSD-STDc,4154.35,550132549,copy #964020099,out,0,0,0,3.52,Sheet11,2026.07.07 23:59
2026.07.07 18:14:01,414932857,buy,0.02,XAUUSD-STDc,4149.86,550164795,copy #964042946,in,0,0,0,0,Sheet11,2026.07.07 23:59
2026.07.07 18:15:44,414946004,buy,0.02,XAUUSD-STDc,4146.39,550178307,copy #964053608,in,0,0,0,0,Sheet11,2026.07.07 23:59
2026.07.07 18:18:33,414962004,buy,0.03,XAUUSD-STDc,4142.87,550194738,copy #964067472,in,0,0,0,0,Sheet11,2026.07.07 23:59
2026.07.07 18:41:49,415008131,sell,0.02,XAUUSD-STDc,4146.51,550241422,copy #964121289,in,0,0,0,0,Sheet11,2026.07.07 23:59
2026.07.07 18:49:50,415024966,buy,0.02,XAUUSD-STDc,4143.6,550258745,copy #964137757,out,0,0,0,5.82,Sheet11,2026.07.07 23:59
2026.07.07 18:52:05,415044149,buy,0.04,XAUUSD-STDc,4142.19,550278118,copy #964149282,in,0,0,0,0,Sheet11,2026.07.07 23:59
2026.07.07 18:54:45,415061103,buy,0.05,XAUUSD-STDc,4138.83,550295871,copy #964162667,in,0,0,0,0,Sheet11,2026.07.07 23:59
2026.07.07 18:55:44,415068299,buy,0.06,XAUUSD-STDc,4137.75,550303132,copy #964171535,in,0,0,0,0,Sheet11,2026.07.07 23:59
2026.07.07 19:00:08,415076769,sell,0.02,XAUUSD-STDc,4138.33,550311610,copy #964180373,in,0,0,0,0,Sheet11,2026.07.07 23:59
2026.07.07 19:06:20,415098115,sell,0.02,XAUUSD-STDc,4143.07,550333814,copy #964196710,out,0,0,0,-13.58,Sheet11,2026.07.07 23:59
2026.07.07 19:06:20,415098182,sell,0.02,XAUUSD-STDc,4143.02,550334194,copy #964196771,out,0,0,0,-6.74,Sheet11,2026.07.07 23:59
2026.07.07 19:06:20,415098238,sell,0.06,XAUUSD-STDc,4143.02,550333994,copy #964196724,out,0,0,0,31.62,Sheet11,2026.07.07 23:59
2026.07.07 19:06:21,415098491,sell,0.05,XAUUSD-STDc,4143.02,550334385,copy #964196780,out,0,0,0,20.95,Sheet11,2026.07.07 23:59
2026.07.07 19:06:21,415098554,sell,0.03,XAUUSD-STDc,4143,550334593,copy #964196901,out,0,0,0,0.39,Sheet11,2026.07.07 23:59
2026.07.07 19:06:21,415098636,sell,0.04,XAUUSD-STDc,4143,550334805,copy #964196903,out,0,0,0,3.24,Sheet11,2026.07.07 23:59
2026.07.07 19:07:15,415101997,sell,0.02,XAUUSD-STDc,4142.79,550337153,copy #964200703,in,0,0,0,0,Sheet11,2026.07.07 23:59
2026.07.07 19:20:26,415125074,sell,0.03,XAUUSD-STDc,4144.2,550360490,copy #964225256,in,0,0,0,0,Sheet11,2026.07.07 23:59
2026.07.07 19:30:01,415141159,sell,0.04,XAUUSD-STDc,4145.87,550376663,copy #964244483,in,0,0,0,0,Sheet11,2026.07.07 23:59
2026.07.07 19:36:43,415151915,buy,0.02,XAUUSD-STDc,4144.18,550387396,copy #964255692,in,0,0,0,0,Sheet11,2026.07.07 23:59
2026.07.07 19:46:18,415164823,buy,0.03,XAUUSD-STDc,4141.37,550400740,copy #964269249,out,0,0,0,8.49,Sheet11,2026.07.07 23:59
2026.07.07 19:46:18,415164989,buy,0.02,XAUUSD-STDc,4141.35,550400950,copy #964269270,out,0,0,0,2.88,Sheet11,2026.07.07 23:59
2026.07.07 19:46:18,415165257,buy,0.04,XAUUSD-STDc,4141.35,550401154,copy #964269279,out,0,0,0,18.08,Sheet11,2026.07.07 23:59
2026.07.07 19:46:18,415165309,buy,0.02,XAUUSD-STDc,4141.35,550401358,copy #964269295,out,0,0,0,-6.04,Sheet11,2026.07.07 23:59
2026.07.07 19:46:57,415166278,buy,0.02,XAUUSD-STDc,4142.15,550402029,copy #964270656,in,0,0,0,0,Sheet11,2026.07.07 23:59
2026.07.07 19:49:51,415169384,sell,0.02,XAUUSD-STDc,4144.2,550405387,copy #964274008,out,0,0,0,4.1,Sheet11,2026.07.07 23:59
2026.07.07 19:49:52,415169719,sell,0.02,XAUUSD-STDc,4144.2,550405580,copy #964274056,out,0,0,0,0.04,Sheet11,2026.07.07 23:59
2026.07.03 04:31:44,403875705,sell,0.67,XAUUSD-STDc,4186.44,538598514,copy #954820073,in,0,0,0,0,Sheet12,2026.07.03 23:59
2026.07.03 04:31:44,403875857,sell,0.52,XAUUSD-STDc,4186.4,538598691,copy #954820090,in,0,0,0,0,Sheet12,2026.07.03 23:59
2026.07.03 04:31:49,403876552,sell,0.4,XAUUSD-STDc,4187.58,538599435,copy #954820475,in,0,0,0,0,Sheet12,2026.07.03 23:59
2026.07.03 04:31:58,403880983,sell,0.31,XAUUSD-STDc,4190.41,538604092,copy #954822463,in,0,0,0,0,Sheet12,2026.07.03 23:59
2026.07.03 04:32:11,403886331,sell,0.18,XAUUSD-STDc,4190.66,538609481,copy #954826225,in,0,0,0,0,Sheet12,2026.07.03 23:59
2026.07.03 04:32:11,403886433,sell,0.23,XAUUSD-STDc,4190.66,538609669,copy #954826359,in,0,0,0,0,Sheet12,2026.07.03 23:59
2026.07.03 04:32:12,403886744,sell,0.14,XAUUSD-STDc,4190.65,538609900,copy #954826503,in,0,0,0,0,Sheet12,2026.07.03 23:59
2026.07.03 04:32:12,403886829,sell,0.02,XAUUSD-STDc,4190.45,538610099,copy #954826543,in,0,0,0,0,Sheet12,2026.07.03 23:59
2026.07.03 04:32:13,403887161,sell,0.11,XAUUSD-STDc,4190.44,538610279,copy #954826546,in,0,0,0,0,Sheet12,2026.07.03 23:59
2026.07.03 04:32:13,403887222,sell,0.05,XAUUSD-STDc,4190.44,538610455,copy #954826564,in,0,0,0,0,Sheet12,2026.07.03 23:59
2026.07.03 04:32:13,403887541,sell,0.03,XAUUSD-STDc,4190.44,538610810,copy #954826589,in,0,0,0,0,Sheet12,2026.07.03 23:59
2026.07.03 04:32:13,403887568,sell,0.08,XAUUSD-STDc,4190.44,538610632,copy #954826574,in,0,0,0,0,Sheet12,2026.07.03 23:59
2026.07.03 04:32:13,403887743,sell,0.07,XAUUSD-STDc,4190.51,538610993,copy #954826592,in,0,0,0,0,Sheet12,2026.07.03 23:59
2026.07.03 04:32:13,403888036,sell,0.04,XAUUSD-STDc,4190.46,538611198,copy #954826594,in,0,0,0,0,Sheet12,2026.07.03 23:59
2026.07.03 04:32:13,403888170,sell,0.02,XAUUSD-STDc,4190.43,538611376,copy #954826606,in,0,0,0,0,Sheet12,2026.07.03 23:59
2026.07.03 04:39:57,403917291,buy,0.67,XAUUSD-STDc,4185.03,538641825,copy #954854795,out,0,0,0,94.47,Sheet12,2026.07.03 23:59
2026.07.03 04:39:57,403917441,buy,0.23,XAUUSD-STDc,4185.05,538641996,copy #954854799,out,0,0,0,129.03,Sheet12,2026.07.03 23:59
2026.07.03 04:39:57,403917642,buy,0.31,XAUUSD-STDc,4185.05,538642344,copy #954854803,out,0,0,0,166.16,Sheet12,2026.07.03 23:59
2026.07.03 04:39:57,403917700,buy,0.4,XAUUSD-STDc,4185.05,538642526,copy #954854804,out,0,0,0,101.2,Sheet12,2026.07.03 23:59
2026.07.03 04:39:57,403917708,buy,0.52,XAUUSD-STDc,4185.05,538642172,copy #954854800,out,0,0,0,70.2,Sheet12,2026.07.03 23:59
2026.07.03 04:39:58,403918207,buy,0.05,XAUUSD-STDc,4185.02,538642697,copy #954854807,out,0,0,0,27.1,Sheet12,2026.07.03 23:59
2026.07.03 04:39:58,403918236,buy,0.08,XAUUSD-STDc,4185.14,538642873,copy #954854808,out,0,0,0,42.4,Sheet12,2026.07.03 23:59
2026.07.03 04:39:58,403918497,buy,0.02,XAUUSD-STDc,4185.21,538643048,copy #954854809,out,0,0,0,10.48,Sheet12,2026.07.03 23:59
2026.07.03 04:39:58,403918884,buy,0.11,XAUUSD-STDc,4185.18,538643397,copy #954854811,out,0,0,0,57.86,Sheet12,2026.07.03 23:59
2026.07.03 04:39:58,403919006,buy,0.04,XAUUSD-STDc,4185.23,538643217,copy #954854810,out,0,0,0,20.92,Sheet12,2026.07.03 23:59
2026.07.03 04:39:58,403919035,buy,0.14,XAUUSD-STDc,4185.23,538643573,copy #954854812,out,0,0,0,75.88,Sheet12,2026.07.03 23:59
2026.07.03 04:39:58,403919272,buy,0.07,XAUUSD-STDc,4185.25,538644103,copy #954854847,out,0,0,0,36.82,Sheet12,2026.07.03 23:59
2026.07.03 04:39:58,403919309,buy,0.18,XAUUSD-STDc,4185.25,538643924,copy #954854816,out,0,0,0,97.38,Sheet12,2026.07.03 23:59
2026.07.03 04:39:58,403919362,buy,0.03,XAUUSD-STDc,4185.25,538644279,copy #954854869,out,0,0,0,15.57,Sheet12,2026.07.03 23:59
2026.07.03 04:39:58,403919620,buy,0.02,XAUUSD-STDc,4185.25,538643757,copy #954854813,out,0,0,0,10.36,Sheet12,2026.07.03 23:59
2026.07.03 04:49:21,403960593,buy,0.2,XAUUSD-STDc,4182.77,538685080,copy #954887514,in,0,0,0,0,Sheet12,2026.07.03 23:59
2026.07.03 04:53:35,403975757,sell,0.2,XAUUSD-STDc,4175.26,538700667,copy #954897876,out,0,0,0,-150.2,Sheet12,2026.07.03 23:59
2026.07.03 04:55:06,403980083,buy,0.2,XAUUSD-STDc,4180.04,538704976,copy #954901051,in,0,0,0,0,Sheet12,2026.07.03 23:59
2026.07.03 04:55:31,403983529,sell,0.2,XAUUSD-STDc,4180.85,538708564,copy #954902289,out,0,0,0,16.2,Sheet12,2026.07.03 23:59
2026.07.03 10:46:02,404869115,sell,0.02,XAUUSD-STDc,4179.27,539626796,copy #955661637,in,0,0,0,0,Sheet12,2026.07.03 23:59
2026.07.03 10:57:08,404885219,buy,0.02,XAUUSD-STDc,4177.19,539643294,copy #955685655,out,0,0,0,4.16,Sheet12,2026.07.03 23:59
2026.07.03 10:59:22,404899816,buy,0.02,XAUUSD-STDc,4176.61,539657875,copy #955695860,in,0,0,0,0,Sheet12,2026.07.03 23:59
2026.07.03 11:00:04,404905221,sell,0.02,XAUUSD-STDc,4178.47,539663672,copy #955698637,out,0,0,0,3.72,Sheet12,2026.07.03 23:59
2026.07.03 11:00:58,404914238,sell,0.02,XAUUSD-STDc,4180.4,539672528,copy #955708880,in,0,0,0,0,Sheet12,2026.07.03 23:59
2026.07.03 11:03:07,404924728,sell,0.02,XAUUSD-STDc,4183.34,539683721,copy #955721565,in,0,0,0,0,Sheet12,2026.07.03 23:59
2026.07.03 11:31:54,404960603,buy,0.02,XAUUSD-STDc,4182.27,539720847,copy #955772078,in,0,0,0,0,Sheet12,2026.07.03 23:59
2026.07.03 11:33:47,404963960,sell,0.02,XAUUSD-STDc,4184.69,539724269,copy #955775855,out,0,0,0,4.84,Sheet12,2026.07.03 23:59
2026.07.03 11:35:08,404969817,sell,0.03,XAUUSD-STDc,4185.28,539730415,copy #955783293,in,0,0,0,0,Sheet12,2026.07.03 23:59
2026.07.03 11:46:59,404995907,buy,0.02,XAUUSD-STDc,4180.76,539757685,copy #955811916,out,0,0,0,-0.72,Sheet12,2026.07.03 23:59
2026.07.03 11:46:59,404996366,buy,0.02,XAUUSD-STDc,4180.76,539757838,copy #955811937,out,0,0,0,5.16,Sheet12,2026.07.03 23:59
2026.07.03 11:46:59,404996382,buy,0.03,XAUUSD-STDc,4180.76,539757795,copy #955811919,out,0,0,0,13.56,Sheet12,2026.07.03 23:59
2026.07.03 11:50:33,405011452,buy,0.02,XAUUSD-STDc,4178.39,539773420,copy #955827068,in,0,0,0,0,Sheet12,2026.07.03 23:59
2026.07.03 11:58:06,405021838,sell,0.02,XAUUSD-STDc,4181.97,539783967,copy #955841139,out,0,0,0,7.16,Sheet12,2026.07.03 23:59
2026.07.03 11:58:38,405024651,sell,0.02,XAUUSD-STDc,4181.34,539786649,copy #955843874,in,0,0,0,0,Sheet12,2026.07.03 23:59
2026.07.03 12:09:16,405033338,buy,0.02,XAUUSD-STDc,4179.08,539795555,copy #955856787,out,0,0,0,4.52,Sheet12,2026.07.03 23:59
2026.07.03 12:11:12,405042674,buy,0.02,XAUUSD-STDc,4177.32,539805713,copy #955865663,in,0,0,0,0,Sheet12,2026.07.03 23:59
2026.07.03 12:15:01,405048593,sell,0.02,XAUUSD-STDc,4180.16,539811674,copy #955872422,out,0,0,0,5.68,Sheet12,2026.07.03 23:59
2026.07.03 12:25:31,405069085,buy,0.02,XAUUSD-STDc,4174.5,539832729,copy #955896967,in,0,0,0,0,Sheet12,2026.07.03 23:59
2026.07.03 12:27:26,405074788,buy,0.02,XAUUSD-STDc,4172.98,539838360,copy #955902897,in,0,0,0,0,Sheet12,2026.07.03 23:59
2026.07.03 12:34:31,405089331,buy,0.03,XAUUSD-STDc,4170.65,539853375,copy #955920857,in,0,0,0,0,Sheet12,2026.07.03 23:59
2026.07.03 12:55:00,405108811,sell,0.02,XAUUSD-STDc,4174.64,539873703,copy #955954314,out,0,0,0,0.28,Sheet12,2026.07.03 23:59
2026.07.03 12:55:00,405108849,sell,0.03,XAUUSD-STDc,4174.63,539874019,copy #955954399,out,0,0,0,11.94,Sheet12,2026.07.03 23:59
2026.07.03 12:55:00,405108961,sell,0.02,XAUUSD-STDc,4174.63,539873984,copy #955954386,out,0,0,0,3.3,Sheet12,2026.07.03 23:59
2026.07.03 12:56:36,405112376,sell,0.02,XAUUSD-STDc,4173.8,539876495,copy #955957733,in,0,0,0,0,Sheet12,2026.07.03 23:59
2026.07.03 13:00:03,405116245,buy,0.02,XAUUSD-STDc,4171.58,539880525,copy #955963159,out,0,0,0,4.44,Sheet12,2026.07.03 23:59
2026.07.03 13:09:25,405138015,sell,0.02,XAUUSD-STDc,4178.99,539902639,copy #955993682,in,0,0,0,0,Sheet12,2026.07.03 23:59
2026.07.03 13:38:01,405155469,buy,0.02,XAUUSD-STDc,4177.2,539920485,copy #956032303,in,0,0,0,0,Sheet12,2026.07.03 23:59
2026.07.03 13:48:48,405161161,buy,0.02,XAUUSD-STDc,4175.36,539926127,copy #956043172,out,0,0,0,7.26,Sheet12,2026.07.03 23:59
2026.07.03 14:05:11,405170513,sell,0.02,XAUUSD-STDc,4178.97,539935670,copy #956063783,out,0,0,0,3.54,Sheet12,2026.07.03 23:59
2026.07.03 14:17:32,405183604,sell,0.02,XAUUSD-STDc,4183.85,539949193,copy #956094810,in,0,0,0,0,Sheet12,2026.07.03 23:59
2026.07.03 14:46:01,405194239,sell,0.02,XAUUSD-STDc,4185.17,539960643,copy #956131946,in,0,0,0,0,Sheet12,2026.07.03 23:59
2026.07.03 14:57:17,405204999,buy,0.02,XAUUSD-STDc,4180.24,539971606,copy #956152293,out,0,0,0,9.86,Sheet12,2026.07.03 23:59
2026.07.03 14:57:17,405205032,buy,0.02,XAUUSD-STDc,4180.24,539971799,copy #956152325,out,0,0,0,7.22,Sheet12,2026.07.03 23:59
2026.07.03 14:59:17,405208332,buy,0.02,XAUUSD-STDc,4179.82,539975083,copy #956159752,in,0,0,0,0,Sheet12,2026.07.03 23:59
2026.07.03 15:08:43,405216557,sell,0.02,XAUUSD-STDc,4182.98,539983368,copy #956181883,out,0,0,0,6.32,Sheet12,2026.07.03 23:59
2026.07.03 15:19:07,405227551,buy,0.02,XAUUSD-STDc,4176.7,539994753,copy #956206357,in,0,0,0,0,Sheet12,2026.07.03 23:59
2026.07.03 15:20:19,405230352,buy,0.02,XAUUSD-STDc,4174.83,539997795,copy #956212044,in,0,0,0,0,Sheet12,2026.07.03 23:59
2026.07.03 15:27:36,405233278,buy,0.03,XAUUSD-STDc,4173.54,540000638,copy #956223236,in,0,0,0,0,Sheet12,2026.07.03 23:59
2026.07.03 15:34:01,405236224,sell,0.02,XAUUSD-STDc,4174.48,540003622,copy #956232406,in,0,0,0,0,Sheet12,2026.07.03 23:59
2026.07.03 15:34:57,405238267,sell,0.02,XAUUSD-STDc,4176.99,540005786,copy #956235390,out,0,0,0,4.32,Sheet12,2026.07.03 23:59
2026.07.03 15:34:57,405238469,sell,0.02,XAUUSD-STDc,4176.99,540005958,copy #956235454,out,0,0,0,0.58,Sheet12,2026.07.03 23:59
2026.07.03 15:34:57,405238687,sell,0.03,XAUUSD-STDc,4176.99,540006141,copy #956235537,out,0,0,0,10.35,Sheet12,2026.07.03 23:59
2026.07.03 15:36:34,405241222,sell,0.02,XAUUSD-STDc,4176.57,540008634,copy #956240220,in,0,0,0,0,Sheet12,2026.07.03 23:59
2026.07.03 15:37:36,405243452,buy,0.02,XAUUSD-STDc,4173.66,540011014,copy #956244184,out,0,0,0,5.82,Sheet12,2026.07.03 23:59
2026.07.03 15:37:36,405243680,buy,0.02,XAUUSD-STDc,4173.69,540011258,copy #956244257,out,0,0,0,1.58,Sheet12,2026.07.03 23:59
2026.07.03 15:49:36,405247582,sell,0.02,XAUUSD-STDc,4176.77,540014998,copy #956259077,in,0,0,0,0,Sheet12,2026.07.03 23:59
2026.07.03 15:56:47,405249995,buy,0.02,XAUUSD-STDc,4174.22,540017621,copy #956268515,out,0,0,0,5.1,Sheet12,2026.07.03 23:59
2026.07.03 15:59:02,405252221,buy,0.02,XAUUSD-STDc,4174.35,540019869,copy #956273079,in,0,0,0,0,Sheet12,2026.07.03 23:59
2026.07.03 15:59:59,405254014,sell,0.02,XAUUSD-STDc,4176.96,540021657,copy #956275766,out,0,0,0,5.22,Sheet12,2026.07.03 23:59
2026.07.03 16:00:23,405259218,sell,0.02,XAUUSD-STDc,4177.25,540026867,copy #956283545,in,0,0,0,0,Sheet12,2026.07.03 23:59
2026.07.03 16:00:34,405260520,buy,0.02,XAUUSD-STDc,4175.93,540028340,copy #956285050,out,0,0,0,2.64,Sheet12,2026.07.03 23:59
2026.07.03 16:01:55,405264830,buy,0.02,XAUUSD-STDc,4174.24,540032684,copy #956290532,in,0,0,0,0,Sheet12,2026.07.03 23:59
2026.07.03 16:06:47,405270083,buy,0.02,XAUUSD-STDc,4171.63,540038142,copy #956305266,in,0,0,0,0,Sheet12,2026.07.03 23:59
2026.07.03 16:10:12,405276174,buy,0.03,XAUUSD-STDc,4167.4,540044464,copy #956321458,in,0,0,0,0,Sheet12,2026.07.03 23:59
2026.07.03 16:13:25,405280758,buy,0.04,XAUUSD-STDc,4166.02,540049032,copy #956334436,in,0,0,0,0,Sheet12,2026.07.03 23:59
2026.07.03 16:16:57,405286081,sell,0.02,XAUUSD-STDc,4170.15,540054460,copy #956346951,out,0,0,0,-8.18,Sheet12,2026.07.03 23:59
2026.07.03 16:16:57,405286222,sell,0.02,XAUUSD-STDc,4170.15,540054635,copy #956346953,out,0,0,0,-2.96,Sheet12,2026.07.03 23:59
2026.07.03 16:16:57,405286267,sell,0.04,XAUUSD-STDc,4170.15,540054983,copy #956346957,out,0,0,0,16.52,Sheet12,2026.07.03 23:59
2026.07.03 16:16:57,405286589,sell,0.03,XAUUSD-STDc,4170.1,540054806,copy #956346954,out,0,0,0,8.1,Sheet12,2026.07.03 23:59
2026.07.03 16:17:48,405287143,sell,0.02,XAUUSD-STDc,4169.33,540055378,copy #956348500,in,0,0,0,0,Sheet12,2026.07.03 23:59
2026.07.03 16:18:06,405288121,buy,0.02,XAUUSD-STDc,4168.48,540056479,copy #956351278,in,0,0,0,0,Sheet12,2026.07.03 23:59
2026.07.03 16:30:03,405296479,sell,0.02,XAUUSD-STDc,4171.18,540065019,copy #956374446,in,0,0,0,0,Sheet12,2026.07.03 23:59
2026.07.03 16:30:58,405299345,buy,0.02,XAUUSD-STDc,4167.86,540067758,copy #956378794,out,0,0,0,2.94,Sheet12,2026.07.03 23:59
2026.07.03 16:30:58,405299404,buy,0.02,XAUUSD-STDc,4167.86,540068004,copy #956378809,out,0,0,0,6.64,Sheet12,2026.07.03 23:59
2026.07.03 16:37:49,405304560,buy,0.02,XAUUSD-STDc,4166.92,540073276,copy #956391622,in,0,0,0,0,Sheet12,2026.07.03 23:59
2026.07.03 16:49:03,405310842,buy,0.03,XAUUSD-STDc,4164.85,540079820,copy #956412865,in,0,0,0,0,Sheet12,2026.07.03 23:59
2026.07.03 17:09:13,405334149,buy,0.04,XAUUSD-STDc,4157.28,540103277,copy #956485645,in,0,0,0,0,Sheet12,2026.07.03 23:59
2026.07.03 17:15:46,405345982,sell,0.04,XAUUSD-STDc,4164.17,540115120,copy #956509391,out,0,0,0,27.56,Sheet12,2026.07.03 23:59
2026.07.03 17:15:46,405346105,sell,0.03,XAUUSD-STDc,4164.17,540115299,copy #956509477,out,0,0,0,-2.04,Sheet12,2026.07.03 23:59
2026.07.03 17:15:47,405346293,sell,0.02,XAUUSD-STDc,4164.17,540115474,copy #956509708,out,0,0,0,-5.5,Sheet12,2026.07.03 23:59
2026.07.03 17:15:47,405346481,sell,0.02,XAUUSD-STDc,4164.25,540115657,copy #956509742,out,0,0,0,-8.46,Sheet12,2026.07.03 23:59
2026.07.02 09:01:03,401642164,sell,0.02,XAUUSD-STDc,4070.43,536312523,copy #951731113,in,0,0,0,0,Sheet13,2026.07.02 23:59
2026.07.02 09:02:37,401667350,sell,0.02,XAUUSD-STDc,4074.44,536336924,copy #951747005,in,0,0,0,0,Sheet13,2026.07.02 23:59
2026.07.02 09:05:35,401689366,buy,0.02,XAUUSD-STDc,4068.75,536359480,copy #951761635,out,0,0,0,3.36,Sheet13,2026.07.02 23:59
2026.07.02 09:05:35,401689425,buy,0.02,XAUUSD-STDc,4068.74,536359775,copy #951761782,out,0,0,0,11.4,Sheet13,2026.07.02 23:59
2026.07.02 09:15:19,401727552,buy,0.02,XAUUSD-STDc,4068.45,536397567,copy #951791673,in,0,0,0,0,Sheet13,2026.07.02 23:59
2026.07.02 09:17:00,401733483,sell,0.02,XAUUSD-STDc,4071.24,536405804,copy #951796081,out,0,0,0,5.58,Sheet13,2026.07.02 23:59
2026.07.02 09:21:20,401768320,sell,0.02,XAUUSD-STDc,4075.12,536439469,copy #951814680,in,0,0,0,0,Sheet13,2026.07.02 23:59
2026.07.02 09:22:57,401788690,sell,0.02,XAUUSD-STDc,4078.56,536460563,copy #951825451,in,0,0,0,0,Sheet13,2026.07.02 23:59
2026.07.02 09:30:03,401813347,buy,0.02,XAUUSD-STDc,4074.96,536486009,copy #951843406,out,0,0,0,7.2,Sheet13,2026.07.02 23:59
2026.07.02 09:30:03,401813726,buy,0.02,XAUUSD-STDc,4074.95,536486257,copy #951843433,out,0,0,0,0.34,Sheet13,2026.07.02 23:59
2026.07.02 09:30:03,401814181,buy,0.02,XAUUSD-STDc,4074.95,536486754,copy #951843685,in,0,0,0,0,Sheet13,2026.07.02 23:59
2026.07.02 09:39:48,401829238,buy,0.02,XAUUSD-STDc,4073.54,536501337,copy #951859995,in,0,0,0,0,Sheet13,2026.07.02 23:59
2026.07.02 09:43:23,401856931,buy,0.03,XAUUSD-STDc,4067.16,536529404,copy #951878348,in,0,0,0,0,Sheet13,2026.07.02 23:59
2026.07.02 09:50:05,401888900,sell,0.03,XAUUSD-STDc,4073.82,536561608,copy #951907405,out,0,0,0,19.98,Sheet13,2026.07.02 23:59
2026.07.02 09:50:06,401889713,sell,0.02,XAUUSD-STDc,4073.96,536562241,copy #951907510,out,0,0,0,-1.98,Sheet13,2026.07.02 23:59
2026.07.02 09:50:06,401889730,sell,0.02,XAUUSD-STDc,4073.96,536562150,copy #951907503,out,0,0,0,0.84,Sheet13,2026.07.02 23:59
2026.07.02 09:50:10,401894877,sell,0.02,XAUUSD-STDc,4073.35,536568083,copy #951910723,in,0,0,0,0,Sheet13,2026.07.02 23:59
2026.07.02 09:57:39,401936878,sell,0.02,XAUUSD-STDc,4075.18,536609923,copy #951934194,in,0,0,0,0,Sheet13,2026.07.02 23:59
2026.07.02 10:00:17,401946287,buy,0.02,XAUUSD-STDc,4071.42,536622443,copy #951943828,out,0,0,0,3.86,Sheet13,2026.07.02 23:59
2026.07.02 10:00:17,401946468,buy,0.02,XAUUSD-STDc,4071.35,536622745,copy #951944030,out,0,0,0,7.66,Sheet13,2026.07.02 23:59
2026.07.02 10:04:06,401965966,buy,0.02,XAUUSD-STDc,4068.97,536640463,copy #951957479,in,0,0,0,0,Sheet13,2026.07.02 23:59
2026.07.02 10:08:13,401975620,sell,0.02,XAUUSD-STDc,4071.84,536650892,copy #951968869,out,0,0,0,5.74,Sheet13,2026.07.02 23:59
2026.07.02 10:10:46,401996345,sell,0.02,XAUUSD-STDc,4072.67,536670759,copy #951978953,in,0,0,0,0,Sheet13,2026.07.02 23:59
2026.07.02 10:12:46,402004308,buy,0.02,XAUUSD-STDc,4069.51,536680657,copy #951984009,out,0,0,0,6.32,Sheet13,2026.07.02 23:59
2026.07.02 10:13:22,402013131,buy,0.02,XAUUSD-STDc,4069.12,536687830,copy #951988057,in,0,0,0,0,Sheet13,2026.07.02 23:59
2026.07.02 10:17:15,402021805,buy,0.02,XAUUSD-STDc,4067.29,536697096,copy #951997271,in,0,0,0,0,Sheet13,2026.07.02 23:59
2026.07.02 10:20:23,402030192,buy,0.03,XAUUSD-STDc,4066.15,536706175,copy #952005227,in,0,0,0,0,Sheet13,2026.07.02 23:59
2026.07.02 10:24:02,402043370,buy,0.04,XAUUSD-STDc,4063.01,536719689,copy #952017084,in,0,0,0,0,Sheet13,2026.07.02 23:59
2026.07.02 10:38:48,402081470,sell,0.04,XAUUSD-STDc,4067.62,536758120,copy #952054053,out,0,0,0,18.44,Sheet13,2026.07.02 23:59
2026.07.02 10:38:48,402081669,sell,0.03,XAUUSD-STDc,4067.62,536758671,copy #952054103,out,0,0,0,4.41,Sheet13,2026.07.02 23:59
2026.07.02 10:38:48,402081721,sell,0.02,XAUUSD-STDc,4067.62,536758349,copy #952054058,out,0,0,0,-3,Sheet13,2026.07.02 23:59
2026.07.02 10:38:48,402081773,sell,0.02,XAUUSD-STDc,4067.62,536758474,copy #952054082,out,0,0,0,0.66,Sheet13,2026.07.02 23:59
2026.07.02 10:40:31,402103951,sell,0.02,XAUUSD-STDc,4070.39,536781530,copy #952068981,in,0,0,0,0,Sheet13,2026.07.02 23:59
2026.07.02 10:42:49,402125002,sell,0.02,XAUUSD-STDc,4074.25,536803541,copy #952085279,in,0,0,0,0,Sheet13,2026.07.02 23:59
2026.07.02 10:48:01,402146801,buy,0.02,XAUUSD-STDc,4068.02,536827096,copy #952107004,out,0,0,0,12.46,Sheet13,2026.07.02 23:59
2026.07.02 10:48:02,402147345,buy,0.02,XAUUSD-STDc,4067.91,536827351,copy #952107054,out,0,0,0,4.96,Sheet13,2026.07.02 23:59
2026.07.02 10:48:26,402152350,buy,0.02,XAUUSD-STDc,4069.01,536831119,copy #952109674,in,0,0,0,0,Sheet13,2026.07.02 23:59
2026.07.02 10:54:58,402167669,buy,0.02,XAUUSD-STDc,4066.71,536846545,copy #952125753,in,0,0,0,0,Sheet13,2026.07.02 23:59
2026.07.02 10:55:46,402173037,buy,0.03,XAUUSD-STDc,4064.76,536852380,copy #952132122,in,0,0,0,0,Sheet13,2026.07.02 23:59
2026.07.02 11:00:39,402183297,buy,0.04,XAUUSD-STDc,4063.28,536862561,copy #952147884,in,0,0,0,0,Sheet13,2026.07.02 23:59
2026.07.02 11:05:25,402198340,sell,0.02,XAUUSD-STDc,4068.38,536886132,copy #952167545,out,0,0,0,-1.26,Sheet13,2026.07.02 23:59
2026.07.02 11:05:25,402198444,sell,0.04,XAUUSD-STDc,4068.35,536886372,copy #952167609,out,0,0,0,20.28,Sheet13,2026.07.02 23:59
2026.07.02 11:05:25,402198689,sell,0.03,XAUUSD-STDc,4068.34,536886562,copy #952167632,out,0,0,0,10.74,Sheet13,2026.07.02 23:59
2026.07.02 11:05:26,402199454,sell,0.02,XAUUSD-STDc,4068.37,536886834,copy #952167707,out,0,0,0,3.32,Sheet13,2026.07.02 23:59
2026.07.02 11:06:15,402218690,sell,0.02,XAUUSD-STDc,4068,536898249,copy #952175311,in,0,0,0,0,Sheet13,2026.07.02 23:59
2026.07.02 11:10:59,402244571,sell,0.02,XAUUSD-STDc,4072.64,536924869,copy #952196856,in,0,0,0,0,Sheet13,2026.07.02 23:59
2026.07.02 11:14:49,402256628,buy,0.02,XAUUSD-STDc,4070.36,536936833,copy #952208241,in,0,0,0,0,Sheet13,2026.07.02 23:59
2026.07.02 11:19:59,402265764,sell,0.02,XAUUSD-STDc,4073.12,536947733,copy #952220213,out,0,0,0,5.52,Sheet13,2026.07.02 23:59
2026.07.02 11:23:22,402287414,sell,0.03,XAUUSD-STDc,4076.46,536968061,copy #952238579,in,0,0,0,0,Sheet13,2026.07.02 23:59
2026.07.02 11:33:07,402299883,buy,0.02,XAUUSD-STDc,4074.52,536980616,copy #952255461,in,0,0,0,0,Sheet13,2026.07.02 23:59
2026.07.02 11:41:24,402309087,sell,0.02,XAUUSD-STDc,4075.95,536991623,copy #952270902,out,0,0,0,2.86,Sheet13,2026.07.02 23:59
2026.07.02 11:49:39,402336096,sell,0.04,XAUUSD-STDc,4077.97,537017526,copy #952296129,in,0,0,0,0,Sheet13,2026.07.02 23:59
2026.07.02 11:52:17,402343445,buy,0.02,XAUUSD-STDc,4075.23,537024904,copy #952304904,in,0,0,0,0,Sheet13,2026.07.02 23:59
2026.07.02 11:53:58,402351895,sell,0.02,XAUUSD-STDc,4077.71,537033351,copy #952310390,out,0,0,0,4.96,Sheet13,2026.07.02 23:59
2026.07.02 12:06:06,402371385,buy,0.02,XAUUSD-STDc,4075.08,537053043,copy #952335751,in,0,0,0,0,Sheet13,2026.07.02 23:59
2026.07.02 12:06:47,402378074,buy,0.03,XAUUSD-STDc,4072.79,537060121,copy #952340652,out,0,0,0,11.01,Sheet13,2026.07.02 23:59
2026.07.02 12:06:47,402378373,buy,0.04,XAUUSD-STDc,4072.67,537060299,copy #952340684,out,0,0,0,21.2,Sheet13,2026.07.02 23:59
2026.07.02 12:06:47,402378455,buy,0.02,XAUUSD-STDc,4072.75,537060517,copy #952340720,out,0,0,0,-9.5,Sheet13,2026.07.02 23:59
2026.07.02 12:06:47,402378632,buy,0.02,XAUUSD-STDc,4072.75,537060708,copy #952340749,out,0,0,0,-0.22,Sheet13,2026.07.02 23:59
2026.07.02 12:07:23,402384466,buy,0.02,XAUUSD-STDc,4072.17,537066233,copy #952346905,in,0,0,0,0,Sheet13,2026.07.02 23:59
2026.07.02 12:17:22,402396253,buy,0.03,XAUUSD-STDc,4071.48,537077727,copy #952368286,in,0,0,0,0,Sheet13,2026.07.02 23:59
2026.07.02 12:25:41,402413357,buy,0.04,XAUUSD-STDc,4067.79,537095302,copy #952390584,in,0,0,0,0,Sheet13,2026.07.02 23:59
2026.07.02 12:31:30,402420204,buy,0.05,XAUUSD-STDc,4066,537102167,copy #952404585,in,0,0,0,0,Sheet13,2026.07.02 23:59
2026.07.02 12:42:49,402443917,sell,0.02,XAUUSD-STDc,4071.92,537126490,copy #952431560,out,0,0,0,-6.32,Sheet13,2026.07.02 23:59
2026.07.02 12:42:49,402444343,sell,0.02,XAUUSD-STDc,4071.92,537126993,copy #952431763,out,0,0,0,-0.5,Sheet13,2026.07.02 23:59
2026.07.02 12:42:49,402444514,sell,0.04,XAUUSD-STDc,4071.92,537126717,copy #952431742,out,0,0,0,16.52,Sheet13,2026.07.02 23:59
2026.07.02 12:42:49,402444529,sell,0.05,XAUUSD-STDc,4071.92,537126548,copy #952431618,out,0,0,0,29.6,Sheet13,2026.07.02 23:59
2026.07.02 12:42:49,402444643,sell,0.03,XAUUSD-STDc,4071.92,537126862,copy #952431743,out,0,0,0,1.32,Sheet13,2026.07.02 23:59
2026.07.02 12:43:35,402448802,sell,0.02,XAUUSD-STDc,4069.55,537130716,copy #952436895,in,0,0,0,0,Sheet13,2026.07.02 23:59
2026.07.02 12:54:08,402460511,buy,0.02,XAUUSD-STDc,4067.31,537142592,copy #952455539,out,0,0,0,4.48,Sheet13,2026.07.02 23:59
2026.07.02 12:56:01,402465546,buy,0.02,XAUUSD-STDc,4066.1,537147804,copy #952463084,in,0,0,0,0,Sheet13,2026.07.02 23:59
2026.07.02 13:04:13,402472229,buy,0.02,XAUUSD-STDc,4064.84,537154665,copy #952480814,in,0,0,0,0,Sheet13,2026.07.02 23:59
2026.07.02 13:22:46,402486668,sell,0.02,XAUUSD-STDc,4066.51,537169478,copy #952512798,in,0,0,0,0,Sheet13,2026.07.02 23:59
2026.07.02 13:33:01,402490294,buy,0.02,XAUUSD-STDc,4064.24,537173360,copy #952523467,out,0,0,0,4.54,Sheet13,2026.07.02 23:59
2026.07.02 13:42:05,402496084,sell,0.02,XAUUSD-STDc,4068.53,537179352,copy #952536628,out,0,0,0,4.86,Sheet13,2026.07.02 23:59
2026.07.02 13:42:05,402496422,sell,0.02,XAUUSD-STDc,4068.51,537179569,copy #952536753,out,0,0,0,7.34,Sheet13,2026.07.02 23:59
2026.07.02 13:59:22,402508620,sell,0.02,XAUUSD-STDc,4066.87,537193517,copy #952566965,in,0,0,0,0,Sheet13,2026.07.02 23:59
2026.07.02 14:00:41,402510936,buy,0.02,XAUUSD-STDc,4063.49,537196046,copy #952572467,out,0,0,0,6.76,Sheet13,2026.07.02 23:59
2026.07.02 14:04:29,402515528,buy,0.02,XAUUSD-STDc,4061.41,537201295,copy #952584754,in,0,0,0,0,Sheet13,2026.07.02 23:59
2026.07.02 14:06:25,402518169,buy,0.02,XAUUSD-STDc,4059.14,537204205,copy #952591791,in,0,0,0,0,Sheet13,2026.07.02 23:59
2026.07.02 14:12:35,402523565,sell,0.02,XAUUSD-STDc,4062.52,537210564,copy #952606643,out,0,0,0,6.76,Sheet13,2026.07.02 23:59
2026.07.02 14:12:35,402523767,sell,0.02,XAUUSD-STDc,4062.56,537210744,copy #952606751,out,0,0,0,2.3,Sheet13,2026.07.02 23:59
2026.07.02 14:12:45,402524156,sell,0.02,XAUUSD-STDc,4061.69,537211108,copy #952608735,in,0,0,0,0,Sheet13,2026.07.02 23:59
2026.07.02 14:17:06,402527650,sell,0.02,XAUUSD-STDc,4064.06,537215344,copy #952618699,in,0,0,0,0,Sheet13,2026.07.02 23:59
2026.07.02 14:20:01,402530521,sell,0.03,XAUUSD-STDc,4065.03,537218589,copy #952626074,in,0,0,0,0,Sheet13,2026.07.02 23:59
2026.07.02 14:43:36,402538758,sell,0.04,XAUUSD-STDc,4069.02,537227274,copy #952663541,in,0,0,0,0,Sheet13,2026.07.02 23:59
2026.07.02 14:45:14,402540548,sell,0.05,XAUUSD-STDc,4070.83,537229571,copy #952669961,in,0,0,0,0,Sheet13,2026.07.02 23:59
2026.07.02 14:58:09,402546649,buy,0.02,XAUUSD-STDc,4068.14,537237813,copy #952693192,out,0,0,0,-12.9,Sheet13,2026.07.02 23:59
2026.07.02 14:58:10,402546777,buy,0.02,XAUUSD-STDc,4068.15,537237987,copy #952693272,out,0,0,0,-8.18,Sheet13,2026.07.02 23:59
2026.07.02 14:58:10,402547057,buy,0.03,XAUUSD-STDc,4068.16,537238169,copy #952693303,out,0,0,0,-9.39,Sheet13,2026.07.02 23:59
2026.07.02 14:58:11,402547121,buy,0.04,XAUUSD-STDc,4068.17,537238342,copy #952693327,out,0,0,0,3.4,Sheet13,2026.07.02 23:59
2026.07.02 14:58:11,402547329,buy,0.05,XAUUSD-STDc,4068.15,537238516,copy #952693389,out,0,0,0,13.4,Sheet13,2026.07.02 23:59
2026.07.02 16:08:07,402686876,buy,0.02,XAUUSD-STDc,4119.73,537386016,copy #953127908,in,0,0,0,0,Sheet13,2026.07.02 23:59
2026.07.02 16:09:09,402688763,buy,0.02,XAUUSD-STDc,4117.5,537388053,copy #953132481,in,0,0,0,0,Sheet13,2026.07.02 23:59
2026.07.02 16:10:27,402690239,sell,0.02,XAUUSD-STDc,4120.56,537389542,copy #953137015,out,0,0,0,1.66,Sheet13,2026.07.02 23:59
2026.07.02 16:10:28,402690491,sell,0.02,XAUUSD-STDc,4120.5,537389725,copy #953137083,out,0,0,0,6,Sheet13,2026.07.02 23:59
2026.07.02 16:10:29,402690642,sell,0.02,XAUUSD-STDc,4120.26,537389973,copy #953137473,in,0,0,0,0,Sheet13,2026.07.02 23:59
2026.07.02 16:11:18,402692256,sell,0.02,XAUUSD-STDc,4121.15,537391625,copy #953140985,in,0,0,0,0,Sheet13,2026.07.02 23:59
2026.07.02 16:11:57,402694450,sell,0.03,XAUUSD-STDc,4124.25,537393793,copy #953144888,in,0,0,0,0,Sheet13,2026.07.02 23:59
2026.07.02 16:16:12,402701216,buy,0.02,XAUUSD-STDc,4121.25,537400714,copy #953160973,in,0,0,0,0,Sheet13,2026.07.02 23:59
2026.07.02 16:17:30,402702198,buy,0.02,XAUUSD-STDc,4120.33,537401811,copy #953163224,out,0,0,0,1.64,Sheet13,2026.07.02 23:59
2026.07.02 16:17:30,402702504,buy,0.02,XAUUSD-STDc,4120.49,537401993,copy #953163246,out,0,0,0,-0.46,Sheet13,2026.07.02 23:59
2026.07.02 16:17:30,402702585,buy,0.03,XAUUSD-STDc,4120.49,537402177,copy #953163519,out,0,0,0,11.28,Sheet13,2026.07.02 23:59
2026.07.02 16:18:33,402705369,buy,0.02,XAUUSD-STDc,4116.02,537405033,copy #953169605,in,0,0,0,0,Sheet13,2026.07.02 23:59
2026.07.02 16:22:17,402710585,buy,0.03,XAUUSD-STDc,4115.08,537410246,copy #953184052,in,0,0,0,0,Sheet13,2026.07.02 23:59
2026.07.02 16:23:26,402712410,sell,0.02,XAUUSD-STDc,4119.27,537412127,copy #953187996,out,0,0,0,-3.96,Sheet13,2026.07.02 23:59
2026.07.02 16:23:26,402712628,sell,0.03,XAUUSD-STDc,4119.12,537412315,copy #953188003,out,0,0,0,12.12,Sheet13,2026.07.02 23:59
2026.07.02 16:23:26,402712771,sell,0.02,XAUUSD-STDc,4119.12,537412497,copy #953188046,out,0,0,0,6.2,Sheet13,2026.07.02 23:59
2026.07.02 16:24:57,402716125,buy,0.02,XAUUSD-STDc,4114.24,537415837,copy #953194789,in,0,0,0,0,Sheet13,2026.07.02 23:59
2026.07.02 16:25:40,402717533,buy,0.02,XAUUSD-STDc,4112.81,537417421,copy #953200157,in,0,0,0,0,Sheet13,2026.07.02 23:59
2026.07.02 16:25:54,402719096,buy,0.03,XAUUSD-STDc,4110.94,537418920,copy #953203706,in,0,0,0,0,Sheet13,2026.07.02 23:59
2026.07.02 16:27:05,402720601,sell,0.03,XAUUSD-STDc,4114.37,537420481,copy #953209742,out,0,0,0,10.29,Sheet13,2026.07.02 23:59
2026.07.02 16:27:05,402720826,sell,0.02,XAUUSD-STDc,4114.31,537420668,copy #953209757,out,0,0,0,3,Sheet13,2026.07.02 23:59
2026.07.02 16:27:06,402720943,sell,0.02,XAUUSD-STDc,4114.3,537420846,copy #953209790,out,0,0,0,0.12,Sheet13,2026.07.02 23:59
2026.07.02 16:30:06,402724890,buy,0.02,XAUUSD-STDc,4113.73,537424819,copy #953221058,in,0,0,0,0,Sheet13,2026.07.02 23:59
2026.07.02 16:30:24,402726074,buy,0.02,XAUUSD-STDc,4111.99,537426067,copy #953223485,in,0,0,0,0,Sheet13,2026.07.02 23:59
2026.07.02 16:30:46,402727333,sell,0.02,XAUUSD-STDc,4115.65,537427367,copy #953225296,out,0,0,0,3.84,Sheet13,2026.07.02 23:59
2026.07.02 16:30:46,402727489,sell,0.02,XAUUSD-STDc,4115.68,537427580,copy #953225376,out,0,0,0,7.38,Sheet13,2026.07.02 23:59
2026.07.02 16:30:57,402730043,sell,0.02,XAUUSD-STDc,4116.81,537430147,copy #953228301,in,0,0,0,0,Sheet13,2026.07.02 23:59
2026.07.02 16:31:15,402732716,sell,0.02,XAUUSD-STDc,4118.69,537432827,copy #953233395,in,0,0,0,0,Sheet13,2026.07.02 23:59
2026.07.02 16:32:43,402737349,sell,0.03,XAUUSD-STDc,4121.9,537437467,copy #953242675,in,0,0,0,0,Sheet13,2026.07.02 23:59
2026.07.02 16:33:08,402739155,sell,0.04,XAUUSD-STDc,4123.87,537439323,copy #953247194,in,0,0,0,0,Sheet13,2026.07.02 23:59
2026.07.02 16:34:06,402742956,sell,0.05,XAUUSD-STDc,4127.96,537443276,copy #953257343,in,0,0,0,0,Sheet13,2026.07.02 23:59
2026.07.02 16:35:21,402745488,sell,0.06,XAUUSD-STDc,4130.1,537445917,copy #953265042,in,0,0,0,0,Sheet13,2026.07.02 23:59
2026.07.02 16:35:38,402747575,sell,0.08,XAUUSD-STDc,4133.47,537448066,copy #953269886,in,0,0,0,0,Sheet13,2026.07.02 23:59
2026.07.02 16:35:57,402749800,sell,0.11,XAUUSD-STDc,4136.25,537450213,copy #953274732,in,0,0,0,0,Sheet13,2026.07.02 23:59
2026.07.02 16:38:20,402757985,buy,0.02,XAUUSD-STDc,4129.64,537458335,copy #953290410,in,0,0,0,0,Sheet13,2026.07.02 23:59
2026.07.02 16:39:32,402760007,sell,0.02,XAUUSD-STDc,4134.8,537460348,copy #953294367,out,0,0,0,10.32,Sheet13,2026.07.02 23:59
2026.07.02 16:41:56,402767643,buy,0.11,XAUUSD-STDc,4129.4,537468202,copy #953308119,out,0,0,0,75.35,Sheet13,2026.07.02 23:59
2026.07.02 16:41:56,402767825,buy,0.08,XAUUSD-STDc,4129.35,537468385,copy #953308136,out,0,0,0,32.96,Sheet13,2026.07.02 23:59
2026.07.02 16:41:56,402767974,buy,0.06,XAUUSD-STDc,4129.12,537468596,copy #953308210,out,0,0,0,5.88,Sheet13,2026.07.02 23:59
2026.07.02 16:41:57,402768119,buy,0.05,XAUUSD-STDc,4129.13,537468772,copy #953308216,out,0,0,0,-5.85,Sheet13,2026.07.02 23:59
2026.07.02 16:41:57,402768455,buy,0.04,XAUUSD-STDc,4129.03,537468959,copy #953308310,out,0,0,0,-20.64,Sheet13,2026.07.02 23:59
2026.07.02 16:41:57,402768582,buy,0.03,XAUUSD-STDc,4128.95,537469169,copy #953308343,out,0,0,0,-21.15,Sheet13,2026.07.02 23:59
2026.07.02 16:41:58,402768879,buy,0.02,XAUUSD-STDc,4128.98,537469355,copy #953308511,out,0,0,0,-24.34,Sheet13,2026.07.02 23:59
2026.07.02 16:41:58,402768899,buy,0.02,XAUUSD-STDc,4128.98,537469530,copy #953308524,out,0,0,0,-20.58,Sheet13,2026.07.02 23:59
2026.07.02 16:47:14,402787218,sell,0.02,XAUUSD-STDc,4138.56,537488131,copy #953335161,in,0,0,0,0,Sheet13,2026.07.02 23:59
2026.07.02 16:48:07,402790125,buy,0.02,XAUUSD-STDc,4137.41,537491026,copy #953340967,out,0,0,0,2.3,Sheet13,2026.07.02 23:59
2026.07.02 16:48:35,402791639,sell,0.02,XAUUSD-STDc,4139.36,537492697,copy #953343134,in,0,0,0,0,Sheet13,2026.07.02 23:59
2026.07.02 16:48:42,402792035,buy,0.02,XAUUSD-STDc,4139.39,537493020,copy #953343530,out,0,0,0,-0.06,Sheet13,2026.07.02 23:59
2026.07.02 16:54:49,402807954,buy,0.02,XAUUSD-STDc,4134.57,537509315,copy #953372778,in,0,0,0,0,Sheet13,2026.07.02 23:59
2026.07.02 16:55:46,402809512,sell,0.02,XAUUSD-STDc,4136.39,537510983,copy #953377441,out,0,0,0,3.64,Sheet13,2026.07.02 23:59
2026.07.02 16:56:03,402810177,buy,0.02,XAUUSD-STDc,4137.89,537511585,copy #953378563,in,0,0,0,0,Sheet13,2026.07.02 23:59
2026.07.02 16:56:16,402811621,sell,0.02,XAUUSD-STDc,4138.18,537513117,copy #953380577,out,0,0,0,0.58,Sheet13,2026.07.02 23:59
2026.07.02 16:56:26,402811902,buy,0.02,XAUUSD-STDc,4138.61,537513429,copy #953381260,in,0,0,0,0,Sheet13,2026.07.02 23:59
2026.07.02 16:56:27,402812068,sell,0.02,XAUUSD-STDc,4138.14,537513605,copy #953381322,out,0,0,0,-0.94,Sheet13,2026.07.02 23:59
2026.07.02 16:59:28,402818737,buy,0.02,XAUUSD-STDc,4137.35,537520262,copy #953390202,in,0,0,0,0,Sheet13,2026.07.02 23:59
2026.07.02 17:00:35,402821221,buy,0.02,XAUUSD-STDc,4134.09,537522977,copy #953397417,in,0,0,0,0,Sheet13,2026.07.02 23:59
2026.07.02 17:01:47,402824202,buy,0.03,XAUUSD-STDc,4131.94,537526023,copy #953404109,in,0,0,0,0,Sheet13,2026.07.02 23:59
2026.07.02 17:04:35,402829757,buy,0.04,XAUUSD-STDc,4129.39,537531816,copy #953416305,in,0,0,0,0,Sheet13,2026.07.02 23:59
2026.07.02 17:06:56,402833269,sell,0.02,XAUUSD-STDc,4130.43,537535351,copy #953424418,in,0,0,0,0,Sheet13,2026.07.02 23:59
2026.07.02 17:07:49,402834059,buy,0.02,XAUUSD-STDc,4129.38,537536141,copy #953426355,out,0,0,0,2.1,Sheet13,2026.07.02 23:59
2026.07.02 17:08:33,402836601,sell,0.02,XAUUSD-STDc,4134.45,537538831,copy #953428988,out,0,0,0,0.72,Sheet13,2026.07.02 23:59
2026.07.02 17:08:33,402836754,sell,0.03,XAUUSD-STDc,4134.37,537539131,copy #953429412,out,0,0,0,7.29,Sheet13,2026.07.02 23:59
2026.07.02 17:08:33,402837206,sell,0.04,XAUUSD-STDc,4134.22,537539315,copy #953429444,out,0,0,0,19.32,Sheet13,2026.07.02 23:59
2026.07.02 17:08:33,402837281,sell,0.02,XAUUSD-STDc,4134.06,537539520,copy #953429468,out,0,0,0,-6.58,Sheet13,2026.07.02 23:59
2026.07.02 17:10:48,402844115,buy,0.02,XAUUSD-STDc,4125.95,537546516,copy #953442456,in,0,0,0,0,Sheet13,2026.07.02 23:59
2026.07.02 17:12:44,402847484,sell,0.02,XAUUSD-STDc,4129.16,537549821,copy #953449856,out,0,0,0,6.42,Sheet13,2026.07.02 23:59
2026.07.02 17:13:04,402849684,sell,0.02,XAUUSD-STDc,4129.49,537552147,copy #953452493,in,0,0,0,0,Sheet13,2026.07.02 23:59
2026.07.02 17:16:34,402856699,sell,0.02,XAUUSD-STDc,4134.31,537559365,copy #953462649,in,0,0,0,0,Sheet13,2026.07.02 23:59
2026.07.02 17:17:07,402859144,sell,0.03,XAUUSD-STDc,4135.22,537561853,copy #953466104,in,0,0,0,0,Sheet13,2026.07.02 23:59
2026.07.02 17:17:22,402861742,buy,0.02,XAUUSD-STDc,4130.06,537564389,copy #953468088,out,0,0,0,-1.14,Sheet13,2026.07.02 23:59
2026.07.02 17:17:22,402861757,buy,0.03,XAUUSD-STDc,4130.06,537564184,copy #953468086,out,0,0,0,15.48,Sheet13,2026.07.02 23:59
2026.07.02 17:17:22,402861856,buy,0.02,XAUUSD-STDc,4130.06,537564584,copy #953468153,out,0,0,0,8.5,Sheet13,2026.07.02 23:59
2026.07.02 17:19:23,402866140,buy,0.02,XAUUSD-STDc,4128.34,537569014,copy #953477300,in,0,0,0,0,Sheet13,2026.07.02 23:59
2026.07.02 17:20:59,402872097,buy,0.02,XAUUSD-STDc,4125.05,537575199,copy #953486980,in,0,0,0,0,Sheet13,2026.07.02 23:59
2026.07.02 17:21:34,402874337,buy,0.03,XAUUSD-STDc,4122.87,537577470,copy #953491951,in,0,0,0,0,Sheet13,2026.07.02 23:59
2026.07.02 17:26:51,402882409,buy,0.04,XAUUSD-STDc,4120.81,537585796,copy #953507978,in,0,0,0,0,Sheet13,2026.07.02 23:59
2026.07.02 17:28:08,402886448,buy,0.05,XAUUSD-STDc,4117.03,537590079,copy #953517701,in,0,0,0,0,Sheet13,2026.07.02 23:59
2026.07.02 17:29:28,402889603,buy,0.06,XAUUSD-STDc,4115.52,537593297,copy #953523870,in,0,0,0,0,Sheet13,2026.07.02 23:59
2026.07.02 17:30:29,402893187,sell,0.02,XAUUSD-STDc,4118.14,537596967,copy #953529439,in,0,0,0,0,Sheet13,2026.07.02 23:59
2026.07.02 17:31:24,402898162,sell,0.05,XAUUSD-STDc,4121.57,537602021,copy #953535427,out,0,0,0,22.7,Sheet13,2026.07.02 23:59
2026.07.02 17:31:24,402898240,sell,0.04,XAUUSD-STDc,4121.57,537602209,copy #953535430,out,0,0,0,3.04,Sheet13,2026.07.02 23:59
2026.07.02 17:31:24,402898365,sell,0.02,XAUUSD-STDc,4121.54,537602561,copy #953535517,out,0,0,0,-13.6,Sheet13,2026.07.02 23:59
2026.07.02 17:31:24,402898589,sell,0.06,XAUUSD-STDc,4121.56,537602386,copy #953535457,out,0,0,0,36.24,Sheet13,2026.07.02 23:59
2026.07.02 17:31:24,402898710,sell,0.03,XAUUSD-STDc,4121.56,537602734,copy #953535524,out,0,0,0,-3.93,Sheet13,2026.07.02 23:59
2026.07.02 17:31:24,402899072,sell,0.02,XAUUSD-STDc,4121.57,537602918,copy #953535558,out,0,0,0,-6.96,Sheet13,2026.07.02 23:59
2026.07.02 17:31:43,402901597,sell,0.02,XAUUSD-STDc,4122.44,537605401,copy #953539171,in,0,0,0,0,Sheet13,2026.07.02 23:59
2026.07.02 17:31:56,402905225,sell,0.03,XAUUSD-STDc,4124.2,537608981,copy #953542736,in,0,0,0,0,Sheet13,2026.07.02 23:59
2026.07.02 17:34:50,402913550,buy,0.03,XAUUSD-STDc,4119.59,537617588,copy #953555066,out,0,0,0,13.83,Sheet13,2026.07.02 23:59
2026.07.02 17:34:50,402913897,buy,0.02,XAUUSD-STDc,4119.87,537617828,copy #953555190,out,0,0,0,-3.46,Sheet13,2026.07.02 23:59
2026.07.02 17:34:50,402913905,buy,0.02,XAUUSD-STDc,4119.87,537618021,copy #953555247,out,0,0,0,5.14,Sheet13,2026.07.02 23:59
2026.07.02 17:48:41,402937146,buy,0.02,XAUUSD-STDc,4117.74,537641924,copy #953603051,in,0,0,0,0,Sheet13,2026.07.02 23:59
2026.07.02 17:49:11,402938037,sell,0.02,XAUUSD-STDc,4119.19,537642965,copy #953604666,out,0,0,0,2.9,Sheet13,2026.07.02 23:59
2026.07.02 17:51:55,402947972,sell,0.02,XAUUSD-STDc,4125.13,537652970,copy #953618865,in,0,0,0,0,Sheet13,2026.07.02 23:59
2026.07.02 17:52:39,402949992,buy,0.02,XAUUSD-STDc,4121.88,537655176,copy #953622694,out,0,0,0,6.5,Sheet13,2026.07.02 23:59
2026.07.02 17:56:27,402959911,sell,0.02,XAUUSD-STDc,4126.84,537664987,copy #953636389,in,0,0,0,0,Sheet13,2026.07.02 23:59
2026.07.02 17:58:32,402962014,sell,0.02,XAUUSD-STDc,4128,537667217,copy #953641883,in,0,0,0,0,Sheet13,2026.07.02 23:59
2026.07.02 18:01:44,402967571,sell,0.03,XAUUSD-STDc,4129.55,537673044,copy #953655622,in,0,0,0,0,Sheet13,2026.07.02 23:59
2026.07.02 18:05:04,402972384,buy,0.02,XAUUSD-STDc,4127.88,537677979,copy #953665816,in,0,0,0,0,Sheet13,2026.07.02 23:59
2026.07.02 18:05:38,402975550,buy,0.02,XAUUSD-STDc,4125.64,537681100,copy #953667852,out,0,0,0,4.72,Sheet13,2026.07.02 23:59
2026.07.02 18:05:38,402975656,buy,0.03,XAUUSD-STDc,4125.64,537681321,copy #953668023,out,0,0,0,11.73,Sheet13,2026.07.02 23:59
2026.07.02 18:05:38,402975753,buy,0.02,XAUUSD-STDc,4125.38,537681533,copy #953668176,out,0,0,0,2.92,Sheet13,2026.07.02 23:59
2026.07.02 18:06:08,402982392,buy,0.02,XAUUSD-STDc,4122.83,537688282,copy #953674926,in,0,0,0,0,Sheet13,2026.07.02 23:59
2026.07.02 18:07:41,402989738,buy,0.03,XAUUSD-STDc,4116.15,537695920,copy #953685363,in,0,0,0,0,Sheet13,2026.07.02 23:59
2026.07.02 18:10:08,402998484,sell,0.02,XAUUSD-STDc,4120.8,537704312,copy #953696765,in,0,0,0,0,Sheet13,2026.07.02 23:59
2026.07.02 18:10:42,403002718,sell,0.02,XAUUSD-STDc,4122.69,537708730,copy #953700472,in,0,0,0,0,Sheet13,2026.07.02 23:59
2026.07.02 18:11:10,403004036,sell,0.02,XAUUSD-STDc,4124.76,537710194,copy #953702106,out,0,0,0,-6.24,Sheet13,2026.07.02 23:59
2026.07.02 18:11:10,403004353,sell,0.02,XAUUSD-STDc,4124.7,537710382,copy #953702114,out,0,0,0,3.74,Sheet13,2026.07.02 23:59
2026.07.02 18:11:10,403004432,sell,0.03,XAUUSD-STDc,4124.7,537710552,copy #953702155,out,0,0,0,25.65,Sheet13,2026.07.02 23:59
2026.07.02 18:12:28,403011586,sell,0.03,XAUUSD-STDc,4128.89,537717863,copy #953712532,in,0,0,0,0,Sheet13,2026.07.02 23:59
2026.07.02 18:16:18,403020126,buy,0.02,XAUUSD-STDc,4124.16,537726606,copy #953726229,in,0,0,0,0,Sheet13,2026.07.02 23:59
2026.07.02 18:17:44,403025402,buy,0.02,XAUUSD-STDc,4121.6,537732026,copy #953731513,out,0,0,0,2.18,Sheet13,2026.07.02 23:59
2026.07.02 18:17:44,403025839,buy,0.03,XAUUSD-STDc,4121.61,537732286,copy #953731552,out,0,0,0,21.84,Sheet13,2026.07.02 23:59
2026.07.02 18:17:44,403025956,buy,0.02,XAUUSD-STDc,4121.61,537732521,copy #953731579,out,0,0,0,-1.62,Sheet13,2026.07.02 23:59
2026.07.02 18:18:18,403027823,buy,0.02,XAUUSD-STDc,4122.08,537734293,copy #953734440,in,0,0,0,0,Sheet13,2026.07.02 23:59
2026.07.02 18:21:45,403032294,sell,0.02,XAUUSD-STDc,4126.33,537738971,copy #953743462,out,0,0,0,8.5,Sheet13,2026.07.02 23:59
2026.07.02 18:21:45,403032687,sell,0.02,XAUUSD-STDc,4126.31,537739251,copy #953743626,out,0,0,0,4.3,Sheet13,2026.07.02 23:59
2026.07.02 18:22:22,403033726,sell,0.02,XAUUSD-STDc,4125.37,537740223,copy #953745529,in,0,0,0,0,Sheet13,2026.07.02 23:59
2026.07.02 18:24:34,403041743,sell,0.02,XAUUSD-STDc,4130.98,537748413,copy #953754848,in,0,0,0,0,Sheet13,2026.07.02 23:59
2026.07.02 18:28:07,403048843,buy,0.02,XAUUSD-STDc,4126.35,537755789,copy #953765583,in,0,0,0,0,Sheet13,2026.07.02 23:59
2026.07.02 18:29:48,403054845,buy,0.02,XAUUSD-STDc,4123.01,537761885,copy #953772104,out,0,0,0,4.72,Sheet13,2026.07.02 23:59
2026.07.02 18:30:05,403055849,buy,0.02,XAUUSD-STDc,4124.19,537762700,copy #953773951,in,0,0,0,0,Sheet13,2026.07.02 23:59
2026.07.02 18:30:58,403058221,buy,0.02,XAUUSD-STDc,4125.62,537765024,copy #953777188,out,0,0,0,10.72,Sheet13,2026.07.02 23:59
2026.07.02 18:31:47,403061433,sell,0.02,XAUUSD-STDc,4127.75,537768779,copy #953779850,out,0,0,0,7.12,Sheet13,2026.07.02 23:59
2026.07.02 18:31:47,403061556,sell,0.02,XAUUSD-STDc,4127.75,537769001,copy #953779906,out,0,0,0,2.8,Sheet13,2026.07.02 23:59
2026.07.02 18:41:20,403076206,buy,0.02,XAUUSD-STDc,4126.91,537783365,copy #953805319,in,0,0,0,0,Sheet13,2026.07.02 23:59
2026.07.02 18:47:48,403084317,sell,0.02,XAUUSD-STDc,4129.02,537791667,copy #953817785,out,0,0,0,4.22,Sheet13,2026.07.02 23:59
2026.07.02 18:49:20,403087221,sell,0.02,XAUUSD-STDc,4128.98,537794431,copy #953820712,in,0,0,0,0,Sheet13,2026.07.02 23:59
2026.07.02 18:51:19,403089440,buy,0.02,XAUUSD-STDc,4126.69,537796814,copy #953824659,out,0,0,0,4.58,Sheet13,2026.07.02 23:59
2026.07.01 14:26:59,399395555,sell,0.7,XAUUSD-STDc,4022.74,534005641,copy #949007463,in,0,0,0,0,Sheet14,2026.07.01 23:59
2026.07.01 14:26:59,399395662,sell,0.54,XAUUSD-STDc,4022.74,534005815,copy #949007469,in,0,0,0,0,Sheet14,2026.07.01 23:59
2026.07.01 14:27:00,399396068,sell,0.41,XAUUSD-STDc,4022.95,534006027,copy #949007536,in,0,0,0,0,Sheet14,2026.07.01 23:59
2026.07.01 14:27:03,399396259,sell,0.31,XAUUSD-STDc,4022.9,534006306,copy #949007986,in,0,0,0,0,Sheet14,2026.07.01 23:59
2026.07.01 14:27:12,399396655,sell,0.24,XAUUSD-STDc,4023.4,534006594,copy #949008471,in,0,0,0,0,Sheet14,2026.07.01 23:59
2026.07.01 14:27:23,399396715,sell,0.18,XAUUSD-STDc,4023.71,534006787,copy #949008705,in,0,0,0,0,Sheet14,2026.07.01 23:59
2026.07.01 14:27:25,399397014,sell,0.09,XAUUSD-STDc,4022.83,534007137,copy #949008770,in,0,0,0,0,Sheet14,2026.07.01 23:59
2026.07.01 14:27:25,399397103,sell,0.14,XAUUSD-STDc,4022.83,534006964,copy #949008753,in,0,0,0,0,Sheet14,2026.07.01 23:59
2026.07.01 14:27:25,399397135,sell,0.11,XAUUSD-STDc,4022.83,534007311,copy #949008772,in,0,0,0,0,Sheet14,2026.07.01 23:59
2026.07.01 14:29:48,399405897,sell,0.9,XAUUSD-STDc,4025.97,534016043,copy #949017503,in,0,0,0,0,Sheet14,2026.07.01 23:59
2026.07.01 14:43:47,399425166,sell,1.17,XAUUSD-STDc,4029.17,534035730,copy #949051066,in,0,0,0,0,Sheet14,2026.07.01 23:59
2026.07.01 14:44:05,399428710,sell,1.52,XAUUSD-STDc,4030.86,534039271,copy #949056413,in,0,0,0,0,Sheet14,2026.07.01 23:59
2026.07.01 14:47:26,399435483,sell,1.98,XAUUSD-STDc,4032.09,534046101,copy #949070405,in,0,0,0,0,Sheet14,2026.07.01 23:59
2026.07.01 14:48:25,399438862,sell,2.57,XAUUSD-STDc,4033.09,534049497,copy #949075703,in,0,0,0,0,Sheet14,2026.07.01 23:59
2026.07.01 14:50:39,399444101,sell,3.34,XAUUSD-STDc,4034.87,534054858,copy #949085383,in,0,0,0,0,Sheet14,2026.07.01 23:59
2026.07.01 15:02:01,399452725,buy,3.34,XAUUSD-STDc,4029.63,534063818,copy #949108681,out,0,0,0,1 750.16,Sheet14,2026.07.01 23:59
2026.07.01 15:02:01,399452809,buy,2.57,XAUUSD-STDc,4029.81,534064014,copy #949108824,out,0,0,0,842.96,Sheet14,2026.07.01 23:59
2026.07.01 15:02:02,399453016,buy,1.52,XAUUSD-STDc,4030.34,534064203,copy #949109025,out,0,0,0,79.04,Sheet14,2026.07.01 23:59
2026.07.01 15:02:02,399453221,buy,1.98,XAUUSD-STDc,4030.29,534064397,copy #949109210,out,0,0,0,356.4,Sheet14,2026.07.01 23:59
2026.07.01 15:02:03,399453446,buy,1.17,XAUUSD-STDc,4030.34,534064570,copy #949109255,out,0,0,0,-136.89,Sheet14,2026.07.01 23:59
2026.07.01 15:02:03,399453605,buy,0.9,XAUUSD-STDc,4030.69,534064736,copy #949109396,out,0,0,0,-424.8,Sheet14,2026.07.01 23:59
2026.07.01 15:02:03,399453652,buy,0.7,XAUUSD-STDc,4030.69,534064913,copy #949109414,out,0,0,0,-556.5,Sheet14,2026.07.01 23:59
2026.07.01 15:02:04,399453915,buy,0.31,XAUUSD-STDc,4030.71,534065098,copy #949109556,out,0,0,0,-242.11,Sheet14,2026.07.01 23:59
2026.07.01 15:02:05,399454078,buy,0.41,XAUUSD-STDc,4030.69,534065275,copy #949109645,out,0,0,0,-317.34,Sheet14,2026.07.01 23:59
2026.07.01 15:02:05,399454348,buy,0.54,XAUUSD-STDc,4030.65,534065443,copy #949109685,out,0,0,0,-427.14,Sheet14,2026.07.01 23:59
2026.07.01 15:02:05,399454540,buy,0.14,XAUUSD-STDc,4030.59,534065632,copy #949109750,out,0,0,0,-108.64,Sheet14,2026.07.01 23:59
2026.07.01 15:02:06,399454634,buy,0.18,XAUUSD-STDc,4030.6,534065814,copy #949109826,out,0,0,0,-124.02,Sheet14,2026.07.01 23:59
2026.07.01 15:02:06,399454714,buy,0.24,XAUUSD-STDc,4030.62,534065987,copy #949109842,out,0,0,0,-173.28,Sheet14,2026.07.01 23:59
2026.07.01 15:02:06,399455080,buy,0.09,XAUUSD-STDc,4030.31,534066160,copy #949109917,out,0,0,0,-67.32,Sheet14,2026.07.01 23:59
2026.07.01 15:02:07,399455136,buy,0.11,XAUUSD-STDc,4030.29,534066337,copy #949109968,out,0,0,0,-82.06,Sheet14,2026.07.01 23:59
2026.06.28 17:10:21,385225475,balance,,,,,Deposit-CC-AP-Payabl-CPS,,,,,100 000.00,Sheet15,2026.06.30 23:59
2026.06.28 17:10:22,385225476,credit,,,,,Credit In-GCN5025,,,,,50 000.00,Sheet15,2026.06.30 23:59
2026.06.29 12:23:35,388575101,buy,0.02,XAUUSD-STDc,4049.82,522406683,copy #940513292,in,0,0,0,0,Sheet15,2026.06.30 23:59
2026.06.29 12:26:29,388593434,buy,0.02,XAUUSD-STDc,4046.78,522426135,copy #940525016,in,0,0,0,0,Sheet15,2026.06.30 23:59
2026.06.29 12:30:27,388618898,sell,0.02,XAUUSD-STDc,4049.88,522452378,copy #940541725,out,0,0,0,6.2,Sheet15,2026.06.30 23:59
2026.06.29 12:30:28,388619256,sell,0.02,XAUUSD-STDc,4049.88,522452861,copy #940541937,out,0,0,0,0.12,Sheet15,2026.06.30 23:59
2026.06.29 12:37:55,388682907,buy,0.02,XAUUSD-STDc,4043.23,522517864,copy #940580469,in,0,0,0,0,Sheet15,2026.06.30 23:59
2026.06.29 12:40:38,388700545,buy,0.02,XAUUSD-STDc,4042.41,522537142,copy #940590655,in,0,0,0,0,Sheet15,2026.06.30 23:59
2026.06.29 12:48:33,388727253,buy,0.03,XAUUSD-STDc,4039.17,522566376,copy #940613081,in,0,0,0,0,Sheet15,2026.06.30 23:59
2026.06.29 12:50:26,388747236,buy,0.04,XAUUSD-STDc,4036.61,522588627,copy #940625606,in,0,0,0,0,Sheet15,2026.06.30 23:59
2026.06.29 12:51:54,388769413,buy,0.05,XAUUSD-STDc,4034.02,522610867,copy #940643937,in,0,0,0,0,Sheet15,2026.06.30 23:59
2026.06.29 12:57:00,388793455,buy,0.06,XAUUSD-STDc,4032.53,522636878,copy #940665961,in,0,0,0,0,Sheet15,2026.06.30 23:59
2026.06.29 12:57:39,388806284,buy,0.08,XAUUSD-STDc,4025.86,522654708,copy #940676092,in,0,0,0,0,Sheet15,2026.06.30 23:59
2026.06.29 12:57:45,388812643,buy,0.11,XAUUSD-STDc,4028.06,522658566,copy #940681269,in,0,0,0,0,Sheet15,2026.06.30 23:59
2026.06.29 12:59:27,388824887,sell,0.02,XAUUSD-STDc,4030.6,522671974,copy #940698709,in,0,0,0,0,Sheet15,2026.06.30 23:59
2026.06.29 13:00:56,388832152,sell,0.02,XAUUSD-STDc,4031.96,522679260,copy #940707753,in,0,0,0,0,Sheet15,2026.06.30 23:59
2026.06.29 13:03:40,388840061,buy,0.02,XAUUSD-STDc,4028.65,522689522,copy #940718253,out,0,0,0,6.62,Sheet15,2026.06.30 23:59
2026.06.29 13:03:41,388841311,buy,0.02,XAUUSD-STDc,4028.76,522689474,copy #940718223,out,0,0,0,3.68,Sheet15,2026.06.30 23:59
2026.06.29 13:10:08,388857412,sell,0.11,XAUUSD-STDc,4033.47,522707084,copy #940734866,out,0,0,0,59.51,Sheet15,2026.06.30 23:59
2026.06.29 13:10:08,388857533,sell,0.08,XAUUSD-STDc,4033.47,522707259,copy #940734880,out,0,0,0,60.88,Sheet15,2026.06.30 23:59
2026.06.29 13:10:09,388857980,sell,0.04,XAUUSD-STDc,4033.53,522707581,copy #940735024,out,0,0,0,-12.32,Sheet15,2026.06.30 23:59
2026.06.29 13:10:09,388858072,sell,0.06,XAUUSD-STDc,4033.53,522707948,copy #940735031,out,0,0,0,6,Sheet15,2026.06.30 23:59
2026.06.29 13:10:09,388858096,sell,0.05,XAUUSD-STDc,4033.53,522707756,copy #940735026,out,0,0,0,-2.45,Sheet15,2026.06.30 23:59
2026.06.29 13:10:09,388858508,sell,0.03,XAUUSD-STDc,4033.97,522708189,copy #940735123,out,0,0,0,-15.6,Sheet15,2026.06.30 23:59
2026.06.29 13:10:10,388858624,sell,0.02,XAUUSD-STDc,4034.25,522708441,copy #940735179,out,0,0,0,-16.32,Sheet15,2026.06.30 23:59
2026.06.29 13:10:10,388858975,sell,0.02,XAUUSD-STDc,4034.13,522709900,copy #940735311,out,0,0,0,-18.2,Sheet15,2026.06.30 23:59
2026.06.29 14:23:35,389069051,buy,0.02,XAUUSD-STDc,4030.66,522921367,copy #940919989,in,0,0,0,0,Sheet15,2026.06.30 23:59
2026.06.29 14:27:01,389081700,buy,0.02,XAUUSD-STDc,4028.67,522934487,copy #940932429,in,0,0,0,0,Sheet15,2026.06.30 23:59
2026.06.29 14:30:32,389098870,sell,0.02,XAUUSD-STDc,4032.46,522952046,copy #940946812,out,0,0,0,3.6,Sheet15,2026.06.30 23:59
2026.06.29 14:30:32,389098920,sell,0.02,XAUUSD-STDc,4032.46,522952221,copy #940946822,out,0,0,0,7.58,Sheet15,2026.06.30 23:59
2026.06.29 14:31:18,389108150,sell,0.02,XAUUSD-STDc,4035.19,522964746,copy #940954983,in,0,0,0,0,Sheet15,2026.06.30 23:59
2026.06.29 14:31:44,389120263,sell,0.02,XAUUSD-STDc,4037.02,522973311,copy #940962635,in,0,0,0,0,Sheet15,2026.06.30 23:59
2026.06.29 14:33:03,389127865,buy,0.02,XAUUSD-STDc,4033.34,522981133,copy #940968421,out,0,0,0,3.7,Sheet15,2026.06.30 23:59
2026.06.29 14:33:03,389128257,buy,0.02,XAUUSD-STDc,4033.45,522981438,copy #940968490,out,0,0,0,7.14,Sheet15,2026.06.30 23:59
2026.06.29 14:34:25,389129876,buy,0.02,XAUUSD-STDc,4034.2,522982741,copy #940970399,in,0,0,0,0,Sheet15,2026.06.30 23:59
2026.06.29 14:45:48,389149259,sell,0.02,XAUUSD-STDc,4036.51,523002334,copy #940993039,out,0,0,0,4.62,Sheet15,2026.06.30 23:59
2026.06.29 14:48:33,389153329,sell,0.02,XAUUSD-STDc,4036.94,523006500,copy #940997249,in,0,0,0,0,Sheet15,2026.06.30 23:59
2026.06.29 14:57:15,389182072,sell,0.02,XAUUSD-STDc,4041.42,523035942,copy #941025581,in,0,0,0,0,Sheet15,2026.06.30 23:59
2026.06.29 15:03:23,389214915,sell,0.03,XAUUSD-STDc,4043.8,523069779,copy #941053368,in,0,0,0,0,Sheet15,2026.06.30 23:59
2026.06.29 15:04:02,389227781,sell,0.04,XAUUSD-STDc,4046.15,523083519,copy #941063381,in,0,0,0,0,Sheet15,2026.06.30 23:59
2026.06.29 15:10:16,389250013,sell,0.05,XAUUSD-STDc,4048.45,523106601,copy #941088157,in,0,0,0,0,Sheet15,2026.06.30 23:59
2026.06.29 15:11:01,389255433,sell,0.06,XAUUSD-STDc,4049.85,523113204,copy #941093409,in,0,0,0,0,Sheet15,2026.06.30 23:59
2026.06.29 15:13:15,389265745,sell,0.08,XAUUSD-STDc,4051.16,523123374,copy #941105332,in,0,0,0,0,Sheet15,2026.06.30 23:59
2026.06.29 15:16:54,389287129,buy,0.08,XAUUSD-STDc,4046.2,523145028,copy #941122534,out,0,0,0,39.68,Sheet15,2026.06.30 23:59
2026.06.29 15:16:55,389287534,buy,0.06,XAUUSD-STDc,4046.06,523145556,copy #941122761,out,0,0,0,22.74,Sheet15,2026.06.30 23:59
2026.06.29 15:16:55,389287819,buy,0.05,XAUUSD-STDc,4046.06,523145749,copy #941122800,out,0,0,0,11.95,Sheet15,2026.06.30 23:59
2026.06.29 15:16:55,389287905,buy,0.04,XAUUSD-STDc,4046.06,523145909,copy #941122871,out,0,0,0,0.36,Sheet15,2026.06.30 23:59
2026.06.29 15:16:56,389288253,buy,0.03,XAUUSD-STDc,4046.06,523146169,copy #941122946,out,0,0,0,-6.78,Sheet15,2026.06.30 23:59
2026.06.29 15:16:56,389288595,buy,0.02,XAUUSD-STDc,4046.04,523146495,copy #941123141,out,0,0,0,-9.24,Sheet15,2026.06.30 23:59
2026.06.29 15:16:56,389288862,buy,0.02,XAUUSD-STDc,4046.03,523146813,copy #941123191,out,0,0,0,-18.18,Sheet15,2026.06.30 23:59
2026.06.29 15:22:43,389326959,buy,0.02,XAUUSD-STDc,4042.99,523184771,copy #941149539,in,0,0,0,0,Sheet15,2026.06.30 23:59
2026.06.29 15:24:04,389341875,buy,0.02,XAUUSD-STDc,4040.05,523199928,copy #941159397,in,0,0,0,0,Sheet15,2026.06.30 23:59
2026.06.29 15:26:51,389356239,buy,0.03,XAUUSD-STDc,4039.2,523214575,copy #941171332,in,0,0,0,0,Sheet15,2026.06.30 23:59
2026.06.29 15:33:22,389370589,sell,0.02,XAUUSD-STDc,4043.01,523230873,copy #941187870,out,0,0,0,5.92,Sheet15,2026.06.30 23:59
2026.06.29 15:33:22,389370677,sell,0.02,XAUUSD-STDc,4043.01,523231034,copy #941187890,out,0,0,0,0.04,Sheet15,2026.06.30 23:59
2026.06.29 15:33:22,389370868,sell,0.03,XAUUSD-STDc,4043.02,523231223,copy #941187916,out,0,0,0,11.46,Sheet15,2026.06.30 23:59
2026.06.29 15:34:18,389377438,sell,0.02,XAUUSD-STDc,4042.58,523236275,copy #941192863,in,0,0,0,0,Sheet15,2026.06.30 23:59
2026.06.29 15:37:23,389398663,sell,0.02,XAUUSD-STDc,4046.43,523257745,copy #941207145,in,0,0,0,0,Sheet15,2026.06.30 23:59
2026.06.29 15:42:06,389418180,buy,0.02,XAUUSD-STDc,4043.12,523277380,copy #941222531,in,0,0,0,0,Sheet15,2026.06.30 23:59
2026.06.29 15:45:09,389423418,sell,0.02,XAUUSD-STDc,4045.59,523282729,copy #941227869,out,0,0,0,4.94,Sheet15,2026.06.30 23:59
2026.06.29 16:00:27,389483806,sell,0.03,XAUUSD-STDc,4049.01,523345250,copy #941269320,in,0,0,0,0,Sheet15,2026.06.30 23:59
2026.06.29 16:04:57,389509190,sell,0.04,XAUUSD-STDc,4050.4,523371039,copy #941288703,in,0,0,0,0,Sheet15,2026.06.30 23:59
2026.06.29 16:11:07,389531025,buy,0.04,XAUUSD-STDc,4044.8,523394851,copy #941305849,out,0,0,0,22.4,Sheet15,2026.06.30 23:59
2026.06.29 16:11:07,389531150,buy,0.02,XAUUSD-STDc,4044.81,523394768,copy #941305845,out,0,0,0,3.24,Sheet15,2026.06.30 23:59
2026.06.29 16:11:07,389531181,buy,0.03,XAUUSD-STDc,4044.85,523395144,copy #941306046,out,0,0,0,12.48,Sheet15,2026.06.30 23:59
2026.06.29 16:11:07,389531489,buy,0.02,XAUUSD-STDc,4045.02,523395481,copy #941306139,out,0,0,0,-4.88,Sheet15,2026.06.30 23:59
2026.06.29 16:11:19,389535021,buy,0.02,XAUUSD-STDc,4045.92,523397355,copy #941308196,in,0,0,0,0,Sheet15,2026.06.30 23:59
2026.06.29 16:12:33,389540736,sell,0.02,XAUUSD-STDc,4048.81,523403211,copy #941312499,out,0,0,0,5.78,Sheet15,2026.06.30 23:59
2026.06.29 16:22:05,389574223,buy,0.02,XAUUSD-STDc,4045.08,523437636,copy #941338854,in,0,0,0,0,Sheet15,2026.06.30 23:59
2026.06.29 16:25:44,389589422,buy,0.02,XAUUSD-STDc,4041.63,523453401,copy #941351943,in,0,0,0,0,Sheet15,2026.06.30 23:59
2026.06.29 16:27:37,389596957,buy,0.03,XAUUSD-STDc,4040.48,523461030,copy #941360059,in,0,0,0,0,Sheet15,2026.06.30 23:59
2026.06.29 16:30:16,389608618,buy,0.04,XAUUSD-STDc,4038.12,523473398,copy #941369954,in,0,0,0,0,Sheet15,2026.06.30 23:59
2026.06.29 16:31:33,389622888,sell,0.02,XAUUSD-STDc,4042.94,523488212,copy #941381724,out,0,0,0,-4.28,Sheet15,2026.06.30 23:59
2026.06.29 16:31:33,389622917,sell,0.04,XAUUSD-STDc,4042.94,523488018,copy #941381702,out,0,0,0,19.28,Sheet15,2026.06.30 23:59
2026.06.29 16:31:34,389624571,sell,0.03,XAUUSD-STDc,4042.53,523488801,copy #941381908,out,0,0,0,6.15,Sheet15,2026.06.30 23:59
2026.06.29 16:31:34,389624635,sell,0.02,XAUUSD-STDc,4042.53,523489003,copy #941381956,out,0,0,0,1.8,Sheet15,2026.06.30 23:59
2026.06.29 16:32:07,389629377,sell,0.02,XAUUSD-STDc,4041.1,523493675,copy #941387612,in,0,0,0,0,Sheet15,2026.06.30 23:59
2026.06.29 16:33:29,389634061,buy,0.02,XAUUSD-STDc,4040.31,523498365,copy #941392724,out,0,0,0,1.58,Sheet15,2026.06.30 23:59
2026.06.29 16:36:26,389661801,buy,0.02,XAUUSD-STDc,4040.64,523526723,copy #941410610,in,0,0,0,0,Sheet15,2026.06.30 23:59
2026.06.29 16:37:50,389682425,buy,0.02,XAUUSD-STDc,4035.27,523548085,copy #941425011,in,0,0,0,0,Sheet15,2026.06.30 23:59
2026.06.29 16:40:44,389697237,sell,0.02,XAUUSD-STDc,4037.82,523562818,copy #941437698,in,0,0,0,0,Sheet15,2026.06.30 23:59
2026.06.29 16:42:10,389706569,sell,0.02,XAUUSD-STDc,4039.47,523572441,copy #941444815,in,0,0,0,0,Sheet15,2026.06.30 23:59
2026.06.29 16:42:50,389709244,sell,0.02,XAUUSD-STDc,4041.21,523575653,copy #941446434,out,0,0,0,11.88,Sheet15,2026.06.30 23:59
2026.06.29 16:42:50,389709286,sell,0.02,XAUUSD-STDc,4041.21,523575905,copy #941446528,out,0,0,0,1.14,Sheet15,2026.06.30 23:59
2026.06.29 16:43:14,389713432,sell,0.03,XAUUSD-STDc,4039.9,523579247,copy #941450023,in,0,0,0,0,Sheet15,2026.06.30 23:59
2026.06.29 16:46:04,389722239,buy,0.02,XAUUSD-STDc,4036.81,523590775,copy #941459599,out,0,0,0,5.32,Sheet15,2026.06.30 23:59
2026.06.29 16:46:05,389722727,buy,0.02,XAUUSD-STDc,4036.88,523591581,copy #941459636,out,0,0,0,1.88,Sheet15,2026.06.30 23:59
2026.06.29 16:46:05,389722851,buy,0.03,XAUUSD-STDc,4036.88,523591630,copy #941459641,out,0,0,0,9.06,Sheet15,2026.06.30 23:59
2026.06.29 16:46:42,389736098,buy,0.02,XAUUSD-STDc,4036.25,523602392,copy #941466043,in,0,0,0,0,Sheet15,2026.06.30 23:59
2026.06.29 16:49:11,389748376,buy,0.02,XAUUSD-STDc,4034.94,523614777,copy #941476598,in,0,0,0,0,Sheet15,2026.06.30 23:59
2026.06.29 16:54:24,389765826,buy,0.03,XAUUSD-STDc,4033.06,523632720,copy #941492909,in,0,0,0,0,Sheet15,2026.06.30 23:59
2026.06.29 16:54:56,389770996,buy,0.04,XAUUSD-STDc,4031.8,523638143,copy #941498606,in,0,0,0,0,Sheet15,2026.06.30 23:59
2026.06.29 16:56:44,389785828,buy,0.05,XAUUSD-STDc,4029.77,523653292,copy #941511580,in,0,0,0,0,Sheet15,2026.06.30 23:59
2026.06.29 17:01:02,389807476,sell,0.03,XAUUSD-STDc,4034.83,523677581,copy #941534541,out,0,0,0,5.31,Sheet15,2026.06.30 23:59
2026.06.29 17:01:02,389807505,sell,0.02,XAUUSD-STDc,4034.83,523677274,copy #941534363,out,0,0,0,-2.84,Sheet15,2026.06.30 23:59
2026.06.29 17:01:02,389807506,sell,0.05,XAUUSD-STDc,4034.83,523677750,copy #941534626,out,0,0,0,25.3,Sheet15,2026.06.30 23:59
2026.06.29 17:01:02,389807515,sell,0.04,XAUUSD-STDc,4034.97,523678337,copy #941534636,out,0,0,0,12.68,Sheet15,2026.06.30 23:59
2026.06.29 17:01:02,389807529,sell,0.02,XAUUSD-STDc,4034.97,523677653,copy #941534590,out,0,0,0,0.06,Sheet15,2026.06.30 23:59
2026.06.29 17:01:42,389820352,sell,0.02,XAUUSD-STDc,4033.12,523687967,copy #941542387,in,0,0,0,0,Sheet15,2026.06.30 23:59
2026.06.29 17:02:09,389826968,buy,0.02,XAUUSD-STDc,4031.89,523694712,copy #941545160,out,0,0,0,2.46,Sheet15,2026.06.30 23:59
2026.06.29 17:02:44,389835389,buy,0.02,XAUUSD-STDc,4031.47,523703517,copy #941549701,in,0,0,0,0,Sheet15,2026.06.30 23:59
2026.06.29 17:03:28,389846661,buy,0.02,XAUUSD-STDc,4027.23,523715412,copy #941557781,in,0,0,0,0,Sheet15,2026.06.30 23:59
2026.06.29 17:03:41,389855152,buy,0.03,XAUUSD-STDc,4025.82,523724886,copy #941564125,in,0,0,0,0,Sheet15,2026.06.30 23:59
2026.06.29 17:06:29,389893480,buy,0.04,XAUUSD-STDc,4019.28,523764227,copy #941594998,in,0,0,0,0,Sheet15,2026.06.30 23:59
2026.06.29 17:06:51,389902963,buy,0.05,XAUUSD-STDc,4016.73,523773309,copy #941601645,in,0,0,0,0,Sheet15,2026.06.30 23:59
2026.06.29 17:09:12,389912410,sell,0.02,XAUUSD-STDc,4018.28,523782728,copy #941615472,in,0,0,0,0,Sheet15,2026.06.30 23:59
2026.06.29 17:09:27,389913803,buy,0.02,XAUUSD-STDc,4016.78,523784121,copy #941617204,out,0,0,0,3,Sheet15,2026.06.30 23:59
2026.06.29 17:11:12,389930136,buy,0.06,XAUUSD-STDc,4013.37,523802174,copy #941631574,in,0,0,0,0,Sheet15,2026.06.30 23:59
2026.06.29 17:11:43,389938258,buy,0.08,XAUUSD-STDc,4013.46,523810323,copy #941638209,in,0,0,0,0,Sheet15,2026.06.30 23:59
2026.06.29 17:12:30,389944191,buy,0.11,XAUUSD-STDc,4011.25,523816657,copy #941646138,in,0,0,0,0,Sheet15,2026.06.30 23:59
2026.06.29 17:13:11,389951750,buy,0.14,XAUUSD-STDc,4012.02,523824446,copy #941651911,in,0,0,0,0,Sheet15,2026.06.30 23:59
2026.06.29 17:13:52,389960984,sell,0.14,XAUUSD-STDc,4015.36,523833702,copy #941660168,out,0,0,0,46.76,Sheet15,2026.06.30 23:59
2026.06.29 17:13:52,389961372,sell,0.11,XAUUSD-STDc,4015.37,523834146,copy #941660231,out,0,0,0,45.32,Sheet15,2026.06.30 23:59
2026.06.29 17:13:52,389961802,sell,0.08,XAUUSD-STDc,4015.49,523834383,copy #941660295,out,0,0,0,16.24,Sheet15,2026.06.30 23:59
2026.06.29 17:13:53,389962068,sell,0.06,XAUUSD-STDc,4015.6,523834734,copy #941660465,out,0,0,0,13.38,Sheet15,2026.06.30 23:59
2026.06.29 17:13:53,389962363,sell,0.05,XAUUSD-STDc,4015.43,523835220,copy #941660684,out,0,0,0,-6.5,Sheet15,2026.06.30 23:59
2026.06.29 17:13:53,389962377,sell,0.04,XAUUSD-STDc,4015.43,523835047,copy #941660678,out,0,0,0,-15.4,Sheet15,2026.06.30 23:59
2026.06.29 17:13:54,389962625,sell,0.03,XAUUSD-STDc,4015.42,523835409,copy #941660716,out,0,0,0,-31.2,Sheet15,2026.06.30 23:59
2026.06.29 17:13:54,389962994,sell,0.02,XAUUSD-STDc,4015.51,523835712,copy #941660975,out,0,0,0,-23.44,Sheet15,2026.06.30 23:59
2026.06.29 17:13:55,389963290,sell,0.02,XAUUSD-STDc,4015.7,523835931,copy #941661038,out,0,0,0,-31.54,Sheet15,2026.06.30 23:59
2026.06.29 17:15:37,389992044,buy,0.02,XAUUSD-STDc,4003.18,523866069,copy #941688630,in,0,0,0,0,Sheet15,2026.06.30 23:59
2026.06.29 17:16:31,390007310,sell,0.02,XAUUSD-STDc,4008.64,523881847,copy #941704247,out,0,0,0,10.92,Sheet15,2026.06.30 23:59
2026.06.29 17:16:53,390012928,sell,0.02,XAUUSD-STDc,4009.4,523886685,copy #941709779,in,0,0,0,0,Sheet15,2026.06.30 23:59
2026.06.29 17:17:02,390014529,buy,0.02,XAUUSD-STDc,4008.29,523888289,copy #941711504,out,0,0,0,2.22,Sheet15,2026.06.30 23:59
2026.06.29 17:18:47,390056838,sell,0.02,XAUUSD-STDc,4016.08,523931389,copy #941734640,in,0,0,0,0,Sheet15,2026.06.30 23:59
2026.06.29 17:18:58,390067692,sell,0.02,XAUUSD-STDc,4015.92,523942584,copy #941740366,in,0,0,0,0,Sheet15,2026.06.30 23:59
2026.06.29 17:21:16,390093747,sell,0.03,XAUUSD-STDc,4018.56,523968293,copy #941760076,in,0,0,0,0,Sheet15,2026.06.30 23:59
2026.06.29 17:25:16,390115846,sell,0.04,XAUUSD-STDc,4021.79,523990880,copy #941783924,in,0,0,0,0,Sheet15,2026.06.30 23:59
2026.06.29 17:25:48,390121607,sell,0.05,XAUUSD-STDc,4023.52,523996789,copy #941789107,in,0,0,0,0,Sheet15,2026.06.30 23:59
2026.06.29 17:26:35,390127631,sell,0.06,XAUUSD-STDc,4025.05,524002797,copy #941795375,in,0,0,0,0,Sheet15,2026.06.30 23:59
2026.06.29 17:26:49,390133507,sell,0.08,XAUUSD-STDc,4026.23,524008674,copy #941799261,in,0,0,0,0,Sheet15,2026.06.30 23:59
2026.06.29 17:29:49,390148703,buy,0.02,XAUUSD-STDc,4024.38,524023758,copy #941816844,in,0,0,0,0,Sheet15,2026.06.30 23:59
2026.06.29 17:30:08,390151553,sell,0.02,XAUUSD-STDc,4026.91,524026659,copy #941819688,out,0,0,0,5.06,Sheet15,2026.06.30 23:59
2026.06.29 17:34:40,390162585,buy,0.02,XAUUSD-STDc,4028.29,524038239,copy #941832906,in,0,0,0,0,Sheet15,2026.06.30 23:59
2026.06.29 17:39:16,390177333,buy,0.02,XAUUSD-STDc,4022.53,524053290,copy #941848100,in,0,0,0,0,Sheet15,2026.06.30 23:59
2026.06.29 17:44:19,390186486,buy,0.02,XAUUSD-STDc,4021.29,524063239,copy #941860017,out,0,0,0,-10.42,Sheet15,2026.06.30 23:59
2026.06.29 17:44:20,390187194,buy,0.08,XAUUSD-STDc,4020.75,524063431,copy #941860032,out,0,0,0,43.84,Sheet15,2026.06.30 23:59
2026.06.29 17:44:20,390187218,buy,0.03,XAUUSD-STDc,4020.75,524063799,copy #941860063,out,0,0,0,-6.57,Sheet15,2026.06.30 23:59
2026.06.29 17:44:20,390187319,sell,0.02,XAUUSD-STDc,4020.31,524064448,copy #941860097,out,0,0,0,-4.44,Sheet15,2026.06.30 23:59
2026.06.29 17:44:20,390187558,buy,0.02,XAUUSD-STDc,4020.92,524064326,copy #941860094,out,0,0,0,-10,Sheet15,2026.06.30 23:59
2026.06.29 17:44:20,390187780,buy,0.05,XAUUSD-STDc,4020.92,524064095,copy #941860067,out,0,0,0,13,Sheet15,2026.06.30 23:59
2026.06.29 17:44:21,390188962,buy,0.06,XAUUSD-STDc,4020.88,524064989,copy #941860112,out,0,0,0,25.02,Sheet15,2026.06.30 23:59
2026.06.29 17:44:21,390189128,buy,0.04,XAUUSD-STDc,4020.88,524065110,copy #941860117,out,0,0,0,3.64,Sheet15,2026.06.30 23:59
2026.06.29 17:44:21,390189161,sell,0.02,XAUUSD-STDc,4020.44,524065258,copy #941860180,out,0,0,0,-15.7,Sheet15,2026.06.30 23:59
2026.06.29 17:48:11,390214770,buy,0.02,XAUUSD-STDc,4019.98,524091890,copy #941880306,in,0,0,0,0,Sheet15,2026.06.30 23:59
2026.06.29 17:50:32,390223940,sell,0.02,XAUUSD-STDc,4021.82,524101316,copy #941889637,out,0,0,0,3.68,Sheet15,2026.06.30 23:59
2026.06.29 17:53:01,390241158,sell,0.02,XAUUSD-STDc,4024.15,524118742,copy #941902706,in,0,0,0,0,Sheet15,2026.06.30 23:59
2026.06.29 17:56:33,390258619,sell,0.02,XAUUSD-STDc,4028.57,524136888,copy #941922130,in,0,0,0,0,Sheet15,2026.06.30 23:59
2026.06.29 17:59:26,390274171,buy,0.02,XAUUSD-STDc,4025.22,524152510,copy #941934942,in,0,0,0,0,Sheet15,2026.06.30 23:59
2026.06.29 18:01:03,390280100,buy,0.02,XAUUSD-STDc,4024.39,524158880,copy #941941923,out,0,0,0,8.36,Sheet15,2026.06.30 23:59
2026.06.29 18:01:03,390280633,buy,0.02,XAUUSD-STDc,4024.4,524158820,copy #941941878,out,0,0,0,-0.5,Sheet15,2026.06.30 23:59
2026.06.29 18:03:21,390293460,buy,0.02,XAUUSD-STDc,4022.58,524172388,copy #941952645,in,0,0,0,0,Sheet15,2026.06.30 23:59
2026.06.29 18:13:48,390319658,buy,0.03,XAUUSD-STDc,4020.74,524199232,copy #941981450,in,0,0,0,0,Sheet15,2026.06.30 23:59
2026.06.29 18:15:45,390332257,sell,0.02,XAUUSD-STDc,4025.48,524212881,copy #941991317,out,0,0,0,0.52,Sheet15,2026.06.30 23:59
2026.06.29 18:15:45,390332372,sell,0.02,XAUUSD-STDc,4025.46,524212791,copy #941991310,out,0,0,0,5.76,Sheet15,2026.06.30 23:59
2026.06.29 18:15:45,390332672,sell,0.03,XAUUSD-STDc,4025.46,524212682,copy #941991196,out,0,0,0,14.16,Sheet15,2026.06.30 23:59
2026.06.29 18:21:30,390366358,buy,0.02,XAUUSD-STDc,4021.04,524246960,copy #942016249,in,0,0,0,0,Sheet15,2026.06.30 23:59
2026.06.29 18:24:10,390383520,buy,0.02,XAUUSD-STDc,4018.27,524264340,copy #942027179,in,0,0,0,0,Sheet15,2026.06.30 23:59
2026.06.29 18:29:07,390399983,sell,0.02,XAUUSD-STDc,4022.33,524281251,copy #942042262,out,0,0,0,2.58,Sheet15,2026.06.30 23:59
2026.06.29 18:29:07,390400084,sell,0.02,XAUUSD-STDc,4022.27,524281330,copy #942042268,out,0,0,0,8,Sheet15,2026.06.30 23:59
2026.06.29 18:29:19,390404329,sell,0.02,XAUUSD-STDc,4021.5,524285167,copy #942044368,in,0,0,0,0,Sheet15,2026.06.30 23:59
2026.06.29 18:30:04,390412765,sell,0.02,XAUUSD-STDc,4023.43,524294072,copy #942049863,in,0,0,0,0,Sheet15,2026.06.30 23:59
2026.06.29 18:31:11,390418776,sell,0.03,XAUUSD-STDc,4025.13,524300516,copy #942055624,in,0,0,0,0,Sheet15,2026.06.30 23:59
2026.06.29 18:35:17,390433610,buy,0.02,XAUUSD-STDc,4021.5,524316187,copy #942067420,out,0,0,0,0,Sheet15,2026.06.30 23:59
2026.06.29 18:35:17,390433729,buy,0.03,XAUUSD-STDc,4021.5,524316267,copy #942067427,out,0,0,0,10.89,Sheet15,2026.06.30 23:59
2026.06.29 18:35:17,390433981,buy,0.02,XAUUSD-STDc,4021.47,524316472,copy #942067452,out,0,0,0,3.92,Sheet15,2026.06.30 23:59
2026.06.29 18:38:07,390451268,buy,0.02,XAUUSD-STDc,4018.53,524333595,copy #942079194,in,0,0,0,0,Sheet15,2026.06.30 23:59
2026.06.29 18:39:16,390458137,sell,0.02,XAUUSD-STDc,4021.94,524340692,copy #942084116,out,0,0,0,6.82,Sheet15,2026.06.30 23:59
2026.06.29 18:47:48,390483701,sell,0.02,XAUUSD-STDc,4024.99,524366646,copy #942102109,in,0,0,0,0,Sheet15,2026.06.30 23:59
2026.06.29 18:49:13,390489836,sell,0.02,XAUUSD-STDc,4026.17,524372938,copy #942108109,in,0,0,0,0,Sheet15,2026.06.30 23:59
2026.06.29 18:53:37,390500567,sell,0.03,XAUUSD-STDc,4028.35,524383917,copy #942118240,in,0,0,0,0,Sheet15,2026.06.30 23:59
2026.06.29 19:00:59,390515597,buy,0.02,XAUUSD-STDc,4026.83,524399149,copy #942134094,in,0,0,0,0,Sheet15,2026.06.30 23:59
2026.06.29 19:05:59,390525519,buy,0.02,XAUUSD-STDc,4024.75,524409653,copy #942144166,out,0,0,0,0.48,Sheet15,2026.06.30 23:59
2026.06.29 19:06:00,390525863,buy,0.02,XAUUSD-STDc,4024.76,524409936,copy #942144206,out,0,0,0,2.82,Sheet15,2026.06.30 23:59
2026.06.29 19:06:00,390525914,buy,0.03,XAUUSD-STDc,4024.76,524409756,copy #942144179,out,0,0,0,10.77,Sheet15,2026.06.30 23:59
2026.06.29 19:15:25,390543423,buy,0.02,XAUUSD-STDc,4024.07,524427516,copy #942160759,in,0,0,0,0,Sheet15,2026.06.30 23:59
2026.06.29 19:16:08,390552754,buy,0.03,XAUUSD-STDc,4022.44,524437082,copy #942165690,in,0,0,0,0,Sheet15,2026.06.30 23:59
2026.06.29 19:33:09,390583688,buy,0.04,XAUUSD-STDc,4020.17,524469067,copy #942192767,in,0,0,0,0,Sheet15,2026.06.30 23:59
2026.06.29 19:48:38,390603952,sell,0.02,XAUUSD-STDc,4023.39,524489567,copy #942215421,in,0,0,0,0,Sheet15,2026.06.30 23:59
2026.06.29 19:49:41,390606976,sell,0.04,XAUUSD-STDc,4025.07,524493106,copy #942216839,out,0,0,0,19.6,Sheet15,2026.06.30 23:59
2026.06.29 19:49:42,390607762,sell,0.02,XAUUSD-STDc,4025.06,524493626,copy #942216922,out,0,0,0,1.98,Sheet15,2026.06.30 23:59
2026.06.29 19:49:42,390607965,sell,0.02,XAUUSD-STDc,4025.06,524493858,copy #942216976,out,0,0,0,-3.54,Sheet15,2026.06.30 23:59
2026.06.29 19:49:42,390607984,sell,0.03,XAUUSD-STDc,4025.06,524493350,copy #942216906,out,0,0,0,7.86,Sheet15,2026.06.30 23:59
2026.06.29 19:50:51,390620447,sell,0.02,XAUUSD-STDc,4026.78,524506538,copy #942225597,in,0,0,0,0,Sheet15,2026.06.30 23:59
2026.06.29 20:00:30,390631397,buy,0.02,XAUUSD-STDc,4025.15,524517302,copy #942238364,in,0,0,0,0,Sheet15,2026.06.30 23:59
2026.06.29 20:05:19,390637762,sell,0.02,XAUUSD-STDc,4027.29,524523951,copy #942244154,out,0,0,0,4.28,Sheet15,2026.06.30 23:59
2026.06.29 20:08:39,390653595,sell,0.03,XAUUSD-STDc,4030.06,524541012,copy #942255996,in,0,0,0,0,Sheet15,2026.06.30 23:59
2026.06.29 20:24:31,390680949,buy,0.02,XAUUSD-STDc,4027.81,524568455,copy #942282171,in,0,0,0,0,Sheet15,2026.06.30 23:59
2026.06.29 20:26:02,390692575,buy,0.02,XAUUSD-STDc,4025.07,524580831,copy #942288234,out,0,0,0,3.42,Sheet15,2026.06.30 23:59
2026.06.29 20:26:02,390692708,buy,0.02,XAUUSD-STDc,4025.1,524581088,copy #942288341,out,0,0,0,-3.42,Sheet15,2026.06.30 23:59
2026.06.29 20:26:02,390692770,buy,0.03,XAUUSD-STDc,4025.1,524581267,copy #942288351,out,0,0,0,14.88,Sheet15,2026.06.30 23:59
2026.06.29 20:26:31,390699165,buy,0.02,XAUUSD-STDc,4024.83,524587136,copy #942292153,in,0,0,0,0,Sheet15,2026.06.30 23:59
2026.06.29 20:32:31,390720998,buy,0.03,XAUUSD-STDc,4022.28,524609657,copy #942310607,in,0,0,0,0,Sheet15,2026.06.30 23:59
2026.06.29 20:59:03,390745865,buy,0.04,XAUUSD-STDc,4020.68,524635601,copy #942343570,in,0,0,0,0,Sheet15,2026.06.30 23:59
2026.06.29 21:13:20,390755897,sell,0.02,XAUUSD-STDc,4023.56,524645481,copy #942356010,out,0,0,0,-8.5,Sheet15,2026.06.30 23:59
2026.06.29 21:13:20,390755919,sell,0.02,XAUUSD-STDc,4023.56,524645651,copy #942356011,out,0,0,0,-2.54,Sheet15,2026.06.30 23:59
2026.06.29 21:13:20,390756047,sell,0.03,XAUUSD-STDc,4023.56,524645824,copy #942356012,out,0,0,0,3.84,Sheet15,2026.06.30 23:59
2026.06.29 21:13:20,390756421,sell,0.04,XAUUSD-STDc,4023.6,524645998,copy #942356014,out,0,0,0,11.68,Sheet15,2026.06.30 23:59
2026.06.30 09:30:46,394543173,sell,0.14,XAUUSD-STDc,4014.64,528655602,copy #944419909,in,0,0,0,0,Sheet15,2026.06.30 23:59
2026.06.30 09:30:46,394543247,sell,0.09,XAUUSD-STDc,4014.64,528655651,copy #944419929,in,0,0,0,0,Sheet15,2026.06.30 23:59
2026.06.30 09:30:46,394543260,sell,0.11,XAUUSD-STDc,4014.64,528655326,copy #944419908,in,0,0,0,0,Sheet15,2026.06.30 23:59
2026.06.30 09:30:47,394543776,sell,0.06,XAUUSD-STDc,4014.76,528657813,copy #944420325,in,0,0,0,0,Sheet15,2026.06.30 23:59
2026.06.30 09:31:11,394560434,sell,0.05,XAUUSD-STDc,4016.39,528679419,copy #944427961,in,0,0,0,0,Sheet15,2026.06.30 23:59
2026.06.30 09:31:19,394566250,sell,0.04,XAUUSD-STDc,4017.62,528686974,copy #944431912,in,0,0,0,0,Sheet15,2026.06.30 23:59
2026.06.30 09:31:26,394570064,sell,0.03,XAUUSD-STDc,4016.73,528689797,copy #944434285,in,0,0,0,0,Sheet15,2026.06.30 23:59
2026.06.30 09:31:26,394570116,sell,0.02,XAUUSD-STDc,4016.73,528690111,copy #944434394,in,0,0,0,0,Sheet15,2026.06.30 23:59
2026.06.30 09:31:26,394570540,sell,0.02,XAUUSD-STDc,4016.46,528690528,copy #944434473,in,0,0,0,0,Sheet15,2026.06.30 23:59
2026.06.30 09:31:27,394571759,sell,0.03,XAUUSD-STDc,4016.65,528690899,copy #944434587,in,0,0,0,0,Sheet15,2026.06.30 23:59
2026.06.30 09:31:28,394573641,sell,0.02,XAUUSD-STDc,4017.05,528691239,copy #944434757,in,0,0,0,0,Sheet15,2026.06.30 23:59
2026.06.30 09:31:41,394577432,sell,0.18,XAUUSD-STDc,4016.57,528695954,copy #944436094,in,0,0,0,0,Sheet15,2026.06.30 23:59
2026.06.30 09:31:51,394578676,sell,0.24,XAUUSD-STDc,4016.51,528698887,copy #944437093,in,0,0,0,0,Sheet15,2026.06.30 23:59
2026.06.30 09:33:24,394617573,sell,0.31,XAUUSD-STDc,4022.63,528749495,copy #944466758,in,0,0,0,0,Sheet15,2026.06.30 23:59
2026.06.30 09:35:09,394665263,sell,0.41,XAUUSD-STDc,4029.92,528808711,copy #944488304,in,0,0,0,0,Sheet15,2026.06.30 23:59
2026.06.30 09:36:00,394687499,buy,0.02,XAUUSD-STDc,4031.86,528835703,copy #944499178,in,0,0,0,0,Sheet15,2026.06.30 23:59
2026.06.30 09:36:00,394687950,sell,0.54,XAUUSD-STDc,4031.21,528836095,copy #944499293,in,0,0,0,0,Sheet15,2026.06.30 23:59
2026.06.30 09:37:46,394705902,buy,0.02,XAUUSD-STDc,4025.11,528854214,copy #944512808,in,0,0,0,0,Sheet15,2026.06.30 23:59
2026.06.30 09:39:35,394715424,buy,0.02,XAUUSD-STDc,4022.44,528863697,copy #944520644,in,0,0,0,0,Sheet15,2026.06.30 23:59
2026.06.30 09:40:10,394715929,buy,0.02,XAUUSD-STDc,4023.55,528864352,copy #944522634,out,0,0,0,-13.64,Sheet15,2026.06.30 23:59
2026.06.30 09:40:10,394716086,buy,0.02,XAUUSD-STDc,4023.57,528864532,copy #944522666,out,0,0,0,-14.22,Sheet15,2026.06.30 23:59
2026.06.30 09:40:11,394716213,buy,0.02,XAUUSD-STDc,4023.77,528864705,copy #944522707,out,0,0,0,-13.44,Sheet15,2026.06.30 23:59
2026.06.30 09:40:11,394716387,buy,0.18,XAUUSD-STDc,4023.98,528864877,copy #944522738,out,0,0,0,-133.38,Sheet15,2026.06.30 23:59
2026.06.30 09:40:12,394716589,buy,0.24,XAUUSD-STDc,4023.97,528865052,copy #944522798,out,0,0,0,-179.04,Sheet15,2026.06.30 23:59
2026.06.30 09:40:13,394716829,buy,0.31,XAUUSD-STDc,4023.33,528865229,copy #944522864,out,0,0,0,-21.7,Sheet15,2026.06.30 23:59
2026.06.30 09:40:13,394716953,buy,0.41,XAUUSD-STDc,4023.39,528865402,copy #944522944,out,0,0,0,267.73,Sheet15,2026.06.30 23:59
2026.06.30 09:40:14,394717105,sell,0.02,XAUUSD-STDc,4022.94,528865570,copy #944523013,out,0,0,0,-17.84,Sheet15,2026.06.30 23:59
2026.06.30 09:40:15,394717384,buy,0.54,XAUUSD-STDc,4023.34,528865743,copy #944523085,out,0,0,0,424.98,Sheet15,2026.06.30 23:59
2026.06.30 09:40:15,394717431,sell,0.02,XAUUSD-STDc,4023.07,528865907,copy #944523151,out,0,0,0,-4.08,Sheet15,2026.06.30 23:59
2026.06.30 09:40:16,394717616,sell,0.02,XAUUSD-STDc,4023.08,528866091,copy #944523202,out,0,0,0,1.28,Sheet15,2026.06.30 23:59
2026.06.30 09:41:30,394722750,buy,0.11,XAUUSD-STDc,4023.03,528871266,copy #944529817,out,0,0,0,-92.29,Sheet15,2026.06.30 23:59
2026.06.30 09:41:31,394723001,buy,0.14,XAUUSD-STDc,4022.94,528871447,copy #944529844,out,0,0,0,-116.2,Sheet15,2026.06.30 23:59
2026.06.30 09:41:31,394723103,buy,0.09,XAUUSD-STDc,4022.9,528871622,copy #944529855,out,0,0,0,-74.34,Sheet15,2026.06.30 23:59
2026.06.30 09:41:32,394723351,buy,0.06,XAUUSD-STDc,4022.38,528871788,copy #944529914,out,0,0,0,-45.72,Sheet15,2026.06.30 23:59
2026.06.30 09:41:33,394723498,buy,0.05,XAUUSD-STDc,4022.37,528871966,copy #944529985,out,0,0,0,-29.9,Sheet15,2026.06.30 23:59
2026.06.30 09:41:33,394723643,buy,0.04,XAUUSD-STDc,4022.42,528872146,copy #944530058,out,0,0,0,-19.2,Sheet15,2026.06.30 23:59
2026.06.30 09:41:34,394723886,buy,0.03,XAUUSD-STDc,4022.51,528872310,copy #944530181,out,0,0,0,-17.34,Sheet15,2026.06.30 23:59
2026.06.30 09:41:34,394723987,buy,0.03,XAUUSD-STDc,4022.45,528872521,copy #944530245,out,0,0,0,-17.4,Sheet15,2026.06.30 23:59
2026.06.30 10:00:07,394819768,buy,0.02,XAUUSD-STDc,4030.07,528979048,copy #944598481,in,0,0,0,0,Sheet15,2026.06.30 23:59
2026.06.30 10:00:09,394819967,sell,0.02,XAUUSD-STDc,4029.28,528979319,copy #944599000,out,0,0,0,-1.58,Sheet15,2026.06.30 23:59
2026.06.30 10:03:24,394827981,buy,0.02,XAUUSD-STDc,4027.2,528989526,copy #944609565,in,0,0,0,0,Sheet15,2026.06.30 23:59
2026.06.30 10:03:26,394828246,buy,0.02,XAUUSD-STDc,4027.01,528989743,copy #944609687,in,0,0,0,0,Sheet15,2026.06.30 23:59
2026.06.30 10:03:26,394828432,sell,0.54,XAUUSD-STDc,4026.58,528989920,copy #944609691,in,0,0,0,0,Sheet15,2026.06.30 23:59
2026.06.30 10:03:27,394828581,sell,0.41,XAUUSD-STDc,4026.81,528990115,copy #944609754,in,0,0,0,0,Sheet15,2026.06.30 23:59
2026.06.30 10:03:27,394828623,sell,0.31,XAUUSD-STDc,4026.81,528990282,copy #944609756,in,0,0,0,0,Sheet15,2026.06.30 23:59
2026.06.30 10:03:33,394828916,sell,0.24,XAUUSD-STDc,4026.96,528990521,copy #944610036,in,0,0,0,0,Sheet15,2026.06.30 23:59
2026.06.30 10:03:34,394829071,sell,0.18,XAUUSD-STDc,4026.74,528990701,copy #944610075,in,0,0,0,0,Sheet15,2026.06.30 23:59
2026.06.30 10:03:37,394829310,sell,0.02,XAUUSD-STDc,4026.26,528990940,copy #944610232,out,0,0,0,-1.88,Sheet15,2026.06.30 23:59
2026.06.30 10:03:44,394829703,sell,0.02,XAUUSD-STDc,4025.53,528991465,copy #944610809,in,0,0,0,0,Sheet15,2026.06.30 23:59
2026.06.30 10:03:44,394829860,sell,0.06,XAUUSD-STDc,4025.63,528991633,copy #944610840,in,0,0,0,0,Sheet15,2026.06.30 23:59
2026.06.30 10:03:44,394830116,sell,0.02,XAUUSD-STDc,4025.65,528992145,copy #944610844,in,0,0,0,0,Sheet15,2026.06.30 23:59
2026.06.30 10:03:44,394830179,sell,0.03,XAUUSD-STDc,4025.65,528991967,copy #944610843,in,0,0,0,0,Sheet15,2026.06.30 23:59
2026.06.30 10:03:44,394830347,sell,0.02,XAUUSD-STDc,4025.64,528991897,copy #944610849,out,0,0,0,-2.74,Sheet15,2026.06.30 23:59
2026.06.30 10:03:45,394830571,sell,0.04,XAUUSD-STDc,4025.64,528992480,copy #944610846,in,0,0,0,0,Sheet15,2026.06.30 23:59
2026.06.30 10:03:45,394830587,sell,0.02,XAUUSD-STDc,4025.64,528992311,copy #944610845,in,0,0,0,0,Sheet15,2026.06.30 23:59
2026.06.30 10:03:46,394831010,sell,0.09,XAUUSD-STDc,4025.6,528993003,copy #944611064,in,0,0,0,0,Sheet15,2026.06.30 23:59
2026.06.30 10:03:46,394831150,sell,0.05,XAUUSD-STDc,4025.57,528992668,copy #944611058,in,0,0,0,0,Sheet15,2026.06.30 23:59
2026.06.30 10:03:46,394831187,sell,0.11,XAUUSD-STDc,4025.57,528992836,copy #944611063,in,0,0,0,0,Sheet15,2026.06.30 23:59
2026.06.30 10:03:46,394831530,sell,0.14,XAUUSD-STDc,4025.55,528993341,copy #944611081,in,0,0,0,0,Sheet15,2026.06.30 23:59
2026.06.30 10:03:46,394831562,buy,0.24,XAUUSD-STDc,4025.98,528993174,copy #944611080,out,0,0,0,23.52,Sheet15,2026.06.30 23:59
2026.06.30 10:04:59,394832161,buy,0.02,XAUUSD-STDc,4027.6,528993991,copy #944612941,in,0,0,0,0,Sheet15,2026.06.30 23:59
2026.06.30 10:04:59,394832288,buy,0.02,XAUUSD-STDc,4027.44,528994164,copy #944612958,in,0,0,0,0,Sheet15,2026.06.30 23:59
2026.06.30 10:04:59,394832498,sell,0.24,XAUUSD-STDc,4027.01,528994330,copy #944612963,in,0,0,0,0,Sheet15,2026.06.30 23:59
2026.06.30 10:05:05,394832731,sell,0.02,XAUUSD-STDc,4025.86,528994638,copy #944613585,out,0,0,0,-3.48,Sheet15,2026.06.30 23:59
2026.06.30 10:05:07,394832907,sell,0.02,XAUUSD-STDc,4025.82,528994806,copy #944613681,out,0,0,0,-3.24,Sheet15,2026.06.30 23:59
2026.06.30 10:07:17,394845512,buy,0.02,XAUUSD-STDc,4029.73,529008415,copy #944621806,in,0,0,0,0,Sheet15,2026.06.30 23:59
2026.06.30 10:12:54,394854171,sell,0.02,XAUUSD-STDc,4023.69,529017680,copy #944631372,out,0,0,0,-12.08,Sheet15,2026.06.30 23:59
2026.06.30 10:12:54,394854398,buy,0.24,XAUUSD-STDc,4024.18,529017847,copy #944631390,out,0,0,0,67.92,Sheet15,2026.06.30 23:59
2026.06.30 10:12:55,394854546,buy,0.02,XAUUSD-STDc,4024.17,529018074,copy #944631468,out,0,0,0,2.94,Sheet15,2026.06.30 23:59
2026.06.30 10:12:55,394854735,buy,0.02,XAUUSD-STDc,4024.17,529018411,copy #944631479,out,0,0,0,2.72,Sheet15,2026.06.30 23:59
2026.06.30 10:12:55,394854873,buy,0.02,XAUUSD-STDc,4024.17,529018240,copy #944631472,out,0,0,0,2.96,Sheet15,2026.06.30 23:59
2026.06.30 10:12:56,394855143,buy,0.03,XAUUSD-STDc,4024.18,529018613,copy #944631566,out,0,0,0,4.41,Sheet15,2026.06.30 23:59
2026.06.30 10:12:56,394855253,buy,0.04,XAUUSD-STDc,4024.17,529018781,copy #944631619,out,0,0,0,5.88,Sheet15,2026.06.30 23:59
2026.06.30 10:12:56,394855506,buy,0.05,XAUUSD-STDc,4024.14,529018951,copy #944631643,out,0,0,0,7.15,Sheet15,2026.06.30 23:59
2026.06.30 10:12:56,394855570,buy,0.09,XAUUSD-STDc,4024.15,529019134,copy #944631715,out,0,0,0,13.05,Sheet15,2026.06.30 23:59
2026.06.30 10:12:57,394855860,buy,0.06,XAUUSD-STDc,4024.15,529019306,copy #944631729,out,0,0,0,8.88,Sheet15,2026.06.30 23:59
2026.06.30 10:12:57,394855965,buy,0.11,XAUUSD-STDc,4024.15,529019470,copy #944631748,out,0,0,0,15.62,Sheet15,2026.06.30 23:59
2026.06.30 10:12:57,394856171,buy,0.14,XAUUSD-STDc,4024.45,529019656,copy #944631855,out,0,0,0,15.4,Sheet15,2026.06.30 23:59
2026.06.30 10:12:57,394856230,buy,0.18,XAUUSD-STDc,4024.45,529019825,copy #944631861,out,0,0,0,41.22,Sheet15,2026.06.30 23:59
2026.06.30 10:12:58,394856455,buy,0.31,XAUUSD-STDc,4024.46,529020003,copy #944631884,out,0,0,0,72.85,Sheet15,2026.06.30 23:59
2026.06.30 10:12:58,394856719,buy,0.54,XAUUSD-STDc,4024.48,529020172,copy #944631905,out,0,0,0,113.4,Sheet15,2026.06.30 23:59
2026.06.30 10:12:58,394856765,buy,0.41,XAUUSD-STDc,4024.75,529020339,copy #944631968,out,0,0,0,84.46,Sheet15,2026.06.30 23:59
2026.06.30 10:21:35,394888720,sell,0.41,XAUUSD-STDc,4029.1,529054492,copy #944656232,in,0,0,0,0,Sheet15,2026.06.30 23:59
2026.06.30 10:21:35,394888975,sell,0.54,XAUUSD-STDc,4029.12,529054704,copy #944656251,in,0,0,0,0,Sheet15,2026.06.30 23:59
2026.06.30 10:21:41,394889383,sell,0.31,XAUUSD-STDc,4029.59,529055116,copy #944656564,in,0,0,0,0,Sheet15,2026.06.30 23:59
2026.06.30 10:21:41,394889499,sell,0.24,XAUUSD-STDc,4029.59,529055288,copy #944656569,in,0,0,0,0,Sheet15,2026.06.30 23:59
2026.06.30 10:21:42,394889689,sell,0.02,XAUUSD-STDc,4029.58,529055455,copy #944656580,in,0,0,0,0,Sheet15,2026.06.30 23:59
2026.06.30 10:21:42,394889864,sell,0.11,XAUUSD-STDc,4029.31,529055623,copy #944656600,in,0,0,0,0,Sheet15,2026.06.30 23:59
2026.06.30 10:21:42,394890078,sell,0.09,XAUUSD-STDc,4029.34,529055794,copy #944656626,in,0,0,0,0,Sheet15,2026.06.30 23:59
2026.06.30 10:21:42,394890184,sell,0.02,XAUUSD-STDc,4029.34,529055963,copy #944656632,in,0,0,0,0,Sheet15,2026.06.30 23:59
2026.06.30 10:21:42,394890282,sell,0.02,XAUUSD-STDc,4029.34,529056133,copy #944656642,in,0,0,0,0,Sheet15,2026.06.30 23:59
2026.06.30 10:21:42,394890472,sell,0.14,XAUUSD-STDc,4029.34,529056302,copy #944656646,in,0,0,0,0,Sheet15,2026.06.30 23:59
2026.06.30 10:21:43,394890766,sell,0.18,XAUUSD-STDc,4029.35,529056478,copy #944656657,in,0,0,0,0,Sheet15,2026.06.30 23:59
2026.06.30 10:21:45,394890916,sell,0.06,XAUUSD-STDc,4029.42,529056659,copy #944656994,in,0,0,0,0,Sheet15,2026.06.30 23:59
2026.06.30 10:21:45,394891042,sell,0.03,XAUUSD-STDc,4029.41,529056832,copy #944657002,in,0,0,0,0,Sheet15,2026.06.30 23:59
2026.06.30 10:21:45,394891250,sell,0.05,XAUUSD-STDc,4029.41,529056998,copy #944657003,in,0,0,0,0,Sheet15,2026.06.30 23:59
2026.06.30 10:21:45,394891418,sell,0.04,XAUUSD-STDc,4029.42,529057169,copy #944657017,in,0,0,0,0,Sheet15,2026.06.30 23:59
2026.06.30 10:22:41,394893752,buy,0.02,XAUUSD-STDc,4027.84,529059968,copy #944659656,out,0,0,0,3,Sheet15,2026.06.30 23:59
2026.06.30 10:22:41,394893891,buy,0.02,XAUUSD-STDc,4027.78,529060134,copy #944659657,out,0,0,0,3.6,Sheet15,2026.06.30 23:59
2026.06.30 10:22:41,394894026,buy,0.02,XAUUSD-STDc,4027.73,529060308,copy #944659686,out,0,0,0,3.22,Sheet15,2026.06.30 23:59
2026.06.30 10:22:42,394894331,buy,0.03,XAUUSD-STDc,4027.51,529060482,copy #944659716,out,0,0,0,5.7,Sheet15,2026.06.30 23:59
2026.06.30 10:22:42,394894414,buy,0.05,XAUUSD-STDc,4027.54,529060830,copy #944659737,out,0,0,0,9.35,Sheet15,2026.06.30 23:59
2026.06.30 10:22:42,394894486,buy,0.04,XAUUSD-STDc,4027.61,529060654,copy #944659735,out,0,0,0,7.24,Sheet15,2026.06.30 23:59
2026.06.30 10:22:43,394894802,buy,0.06,XAUUSD-STDc,4027.65,529060994,copy #944659753,out,0,0,0,10.62,Sheet15,2026.06.30 23:59
2026.06.30 10:22:43,394894933,buy,0.09,XAUUSD-STDc,4027.68,529061177,copy #944659859,out,0,0,0,14.94,Sheet15,2026.06.30 23:59
2026.06.30 10:22:43,394895114,buy,0.11,XAUUSD-STDc,4027.74,529061355,copy #944659900,out,0,0,0,17.27,Sheet15,2026.06.30 23:59
2026.06.30 10:22:44,394895301,buy,0.14,XAUUSD-STDc,4027.73,529061519,copy #944659918,out,0,0,0,22.54,Sheet15,2026.06.30 23:59
2026.06.30 10:22:44,394895368,buy,0.18,XAUUSD-STDc,4027.71,529061692,copy #944659921,out,0,0,0,29.52,Sheet15,2026.06.30 23:59
2026.06.30 10:22:44,394895576,buy,0.24,XAUUSD-STDc,4027.74,529061859,copy #944659982,out,0,0,0,44.4,Sheet15,2026.06.30 23:59
2026.06.30 10:22:44,394895803,buy,0.31,XAUUSD-STDc,4027.73,529062029,copy #944660039,out,0,0,0,57.66,Sheet15,2026.06.30 23:59
2026.06.30 10:22:45,394896039,buy,0.41,XAUUSD-STDc,4027.65,529062196,copy #944660049,out,0,0,0,59.45,Sheet15,2026.06.30 23:59
2026.06.30 10:22:45,394896161,buy,0.54,XAUUSD-STDc,4027.61,529062370,copy #944660132,out,0,0,0,81.54,Sheet15,2026.06.30 23:59
2026.06.30 10:40:34,394957887,sell,0.54,XAUUSD-STDc,4029.33,529130848,copy #944713779,in,0,0,0,0,Sheet15,2026.06.30 23:59
2026.06.30 10:40:34,394958050,sell,0.41,XAUUSD-STDc,4029.42,529131057,copy #944713798,in,0,0,0,0,Sheet15,2026.06.30 23:59
2026.06.30 10:40:35,394958309,sell,0.31,XAUUSD-STDc,4029.41,529131229,copy #944713809,in,0,0,0,0,Sheet15,2026.06.30 23:59
2026.06.30 10:40:35,394958444,sell,0.24,XAUUSD-STDc,4029.41,529131398,copy #944713825,in,0,0,0,0,Sheet15,2026.06.30 23:59
2026.06.30 10:40:36,394958650,sell,0.18,XAUUSD-STDc,4029.41,529131572,copy #944713849,in,0,0,0,0,Sheet15,2026.06.30 23:59
2026.06.30 10:40:36,394958931,sell,0.09,XAUUSD-STDc,4029.4,529131750,copy #944713926,in,0,0,0,0,Sheet15,2026.06.30 23:59
2026.06.30 10:40:36,394959123,sell,0.11,XAUUSD-STDc,4029.4,529131921,copy #944713929,in,0,0,0,0,Sheet15,2026.06.30 23:59
2026.06.30 10:40:36,394959165,sell,0.14,XAUUSD-STDc,4029.4,529132088,copy #944713930,in,0,0,0,0,Sheet15,2026.06.30 23:59
2026.06.30 10:40:43,394959440,sell,0.03,XAUUSD-STDc,4029.44,529132278,copy #944714310,in,0,0,0,0,Sheet15,2026.06.30 23:59
2026.06.30 10:40:43,394959489,sell,0.04,XAUUSD-STDc,4029.44,529132449,copy #944714311,in,0,0,0,0,Sheet15,2026.06.30 23:59
2026.06.30 10:40:44,394959700,sell,0.05,XAUUSD-STDc,4029.42,529132633,copy #944714334,in,0,0,0,0,Sheet15,2026.06.30 23:59
2026.06.30 10:40:44,394959905,sell,0.06,XAUUSD-STDc,4029.42,529132807,copy #944714345,in,0,0,0,0,Sheet15,2026.06.30 23:59
2026.06.30 10:40:49,394959991,sell,0.02,XAUUSD-STDc,4029.41,529132982,copy #944714574,in,0,0,0,0,Sheet15,2026.06.30 23:59
2026.06.30 10:40:50,394960201,sell,0.02,XAUUSD-STDc,4029.34,529133158,copy #944714596,in,0,0,0,0,Sheet15,2026.06.30 23:59
2026.06.30 10:40:51,394960368,sell,0.02,XAUUSD-STDc,4029.31,529133323,copy #944714648,in,0,0,0,0,Sheet15,2026.06.30 23:59
2026.06.30 10:50:32,394969935,buy,0.02,XAUUSD-STDc,4026.24,529143581,copy #944727731,out,0,0,0,6.14,Sheet15,2026.06.30 23:59
2026.06.30 10:50:32,394969998,buy,0.02,XAUUSD-STDc,4026.22,529143764,copy #944727737,out,0,0,0,6.24,Sheet15,2026.06.30 23:59
2026.06.30 10:50:33,394970154,buy,0.02,XAUUSD-STDc,4026.34,529144021,copy #944727877,out,0,0,0,6.14,Sheet15,2026.06.30 23:59
2026.06.30 10:50:33,394970393,buy,0.04,XAUUSD-STDc,4026.31,529144201,copy #944727895,out,0,0,0,12.52,Sheet15,2026.06.30 23:59
2026.06.30 10:50:33,394970398,buy,0.03,XAUUSD-STDc,4026.31,529144381,copy #944727958,out,0,0,0,9.39,Sheet15,2026.06.30 23:59
2026.06.30 10:50:33,394970701,buy,0.05,XAUUSD-STDc,4026.27,529144556,copy #944728061,out,0,0,0,15.75,Sheet15,2026.06.30 23:59
2026.06.30 10:50:34,394970868,buy,0.06,XAUUSD-STDc,4026.24,529144731,copy #944728107,out,0,0,0,19.08,Sheet15,2026.06.30 23:59
2026.06.30 10:50:34,394971044,buy,0.09,XAUUSD-STDc,4026.25,529144910,copy #944728219,out,0,0,0,28.35,Sheet15,2026.06.30 23:59
2026.06.30 10:50:34,394971154,buy,0.11,XAUUSD-STDc,4026.03,529145098,copy #944728297,out,0,0,0,37.07,Sheet15,2026.06.30 23:59
2026.06.30 10:50:34,394971475,buy,0.14,XAUUSD-STDc,4025.91,529145459,copy #944728353,out,0,0,0,48.86,Sheet15,2026.06.30 23:59
2026.06.30 10:50:35,394972002,buy,0.18,XAUUSD-STDc,4026.13,529146044,copy #944728467,out,0,0,0,59.04,Sheet15,2026.06.30 23:59
2026.06.30 10:50:35,394972068,buy,0.24,XAUUSD-STDc,4026.13,529146334,copy #944728538,out,0,0,0,78.72,Sheet15,2026.06.30 23:59
2026.06.30 10:50:35,394972538,buy,0.41,XAUUSD-STDc,4026.21,529146599,copy #944728744,out,0,0,0,131.61,Sheet15,2026.06.30 23:59
2026.06.30 10:50:36,394972676,buy,0.31,XAUUSD-STDc,4026.21,529146806,copy #944728820,out,0,0,0,99.2,Sheet15,2026.06.30 23:59
2026.06.30 10:50:36,394972970,buy,0.54,XAUUSD-STDc,4026.21,529147014,copy #944728979,out,0,0,0,168.48,Sheet15,2026.06.30 23:59
2026.06.29 12:23:35,388575101,buy,0.02,XAUUSD-STDc,4049.82,522406683,copy #940513292,in,0,0,0,0,Sheet16,2026.06.29 23:59
2026.06.29 12:26:29,388593434,buy,0.02,XAUUSD-STDc,4046.78,522426135,copy #940525016,in,0,0,0,0,Sheet16,2026.06.29 23:59
2026.06.29 12:30:27,388618898,sell,0.02,XAUUSD-STDc,4049.88,522452378,copy #940541725,out,0,0,0,6.2,Sheet16,2026.06.29 23:59
2026.06.29 12:30:28,388619256,sell,0.02,XAUUSD-STDc,4049.88,522452861,copy #940541937,out,0,0,0,0.12,Sheet16,2026.06.29 23:59
2026.06.29 12:37:55,388682907,buy,0.02,XAUUSD-STDc,4043.23,522517864,copy #940580469,in,0,0,0,0,Sheet16,2026.06.29 23:59
2026.06.29 12:40:38,388700545,buy,0.02,XAUUSD-STDc,4042.41,522537142,copy #940590655,in,0,0,0,0,Sheet16,2026.06.29 23:59
2026.06.29 12:48:33,388727253,buy,0.03,XAUUSD-STDc,4039.17,522566376,copy #940613081,in,0,0,0,0,Sheet16,2026.06.29 23:59
2026.06.29 12:50:26,388747236,buy,0.04,XAUUSD-STDc,4036.61,522588627,copy #940625606,in,0,0,0,0,Sheet16,2026.06.29 23:59
2026.06.29 12:51:54,388769413,buy,0.05,XAUUSD-STDc,4034.02,522610867,copy #940643937,in,0,0,0,0,Sheet16,2026.06.29 23:59
2026.06.29 12:57:00,388793455,buy,0.06,XAUUSD-STDc,4032.53,522636878,copy #940665961,in,0,0,0,0,Sheet16,2026.06.29 23:59
2026.06.29 12:57:39,388806284,buy,0.08,XAUUSD-STDc,4025.86,522654708,copy #940676092,in,0,0,0,0,Sheet16,2026.06.29 23:59
2026.06.29 12:57:45,388812643,buy,0.11,XAUUSD-STDc,4028.06,522658566,copy #940681269,in,0,0,0,0,Sheet16,2026.06.29 23:59
2026.06.29 12:59:27,388824887,sell,0.02,XAUUSD-STDc,4030.6,522671974,copy #940698709,in,0,0,0,0,Sheet16,2026.06.29 23:59
2026.06.29 13:00:56,388832152,sell,0.02,XAUUSD-STDc,4031.96,522679260,copy #940707753,in,0,0,0,0,Sheet16,2026.06.29 23:59
2026.06.29 13:03:40,388840061,buy,0.02,XAUUSD-STDc,4028.65,522689522,copy #940718253,out,0,0,0,6.62,Sheet16,2026.06.29 23:59
2026.06.29 13:03:41,388841311,buy,0.02,XAUUSD-STDc,4028.76,522689474,copy #940718223,out,0,0,0,3.68,Sheet16,2026.06.29 23:59
2026.06.29 13:10:08,388857412,sell,0.11,XAUUSD-STDc,4033.47,522707084,copy #940734866,out,0,0,0,59.51,Sheet16,2026.06.29 23:59
2026.06.29 13:10:08,388857533,sell,0.08,XAUUSD-STDc,4033.47,522707259,copy #940734880,out,0,0,0,60.88,Sheet16,2026.06.29 23:59
2026.06.29 13:10:09,388857980,sell,0.04,XAUUSD-STDc,4033.53,522707581,copy #940735024,out,0,0,0,-12.32,Sheet16,2026.06.29 23:59
2026.06.29 13:10:09,388858072,sell,0.06,XAUUSD-STDc,4033.53,522707948,copy #940735031,out,0,0,0,6,Sheet16,2026.06.29 23:59
2026.06.29 13:10:09,388858096,sell,0.05,XAUUSD-STDc,4033.53,522707756,copy #940735026,out,0,0,0,-2.45,Sheet16,2026.06.29 23:59
2026.06.29 13:10:09,388858508,sell,0.03,XAUUSD-STDc,4033.97,522708189,copy #940735123,out,0,0,0,-15.6,Sheet16,2026.06.29 23:59
2026.06.29 13:10:10,388858624,sell,0.02,XAUUSD-STDc,4034.25,522708441,copy #940735179,out,0,0,0,-16.32,Sheet16,2026.06.29 23:59
2026.06.29 13:10:10,388858975,sell,0.02,XAUUSD-STDc,4034.13,522709900,copy #940735311,out,0,0,0,-18.2,Sheet16,2026.06.29 23:59
2026.06.29 14:23:35,389069051,buy,0.02,XAUUSD-STDc,4030.66,522921367,copy #940919989,in,0,0,0,0,Sheet16,2026.06.29 23:59
2026.06.29 14:27:01,389081700,buy,0.02,XAUUSD-STDc,4028.67,522934487,copy #940932429,in,0,0,0,0,Sheet16,2026.06.29 23:59
2026.06.29 14:30:32,389098870,sell,0.02,XAUUSD-STDc,4032.46,522952046,copy #940946812,out,0,0,0,3.6,Sheet16,2026.06.29 23:59
2026.06.29 14:30:32,389098920,sell,0.02,XAUUSD-STDc,4032.46,522952221,copy #940946822,out,0,0,0,7.58,Sheet16,2026.06.29 23:59
2026.06.29 14:31:18,389108150,sell,0.02,XAUUSD-STDc,4035.19,522964746,copy #940954983,in,0,0,0,0,Sheet16,2026.06.29 23:59
2026.06.29 14:31:44,389120263,sell,0.02,XAUUSD-STDc,4037.02,522973311,copy #940962635,in,0,0,0,0,Sheet16,2026.06.29 23:59
2026.06.29 14:33:03,389127865,buy,0.02,XAUUSD-STDc,4033.34,522981133,copy #940968421,out,0,0,0,3.7,Sheet16,2026.06.29 23:59
2026.06.29 14:33:03,389128257,buy,0.02,XAUUSD-STDc,4033.45,522981438,copy #940968490,out,0,0,0,7.14,Sheet16,2026.06.29 23:59
2026.06.29 14:34:25,389129876,buy,0.02,XAUUSD-STDc,4034.2,522982741,copy #940970399,in,0,0,0,0,Sheet16,2026.06.29 23:59
2026.06.29 14:45:48,389149259,sell,0.02,XAUUSD-STDc,4036.51,523002334,copy #940993039,out,0,0,0,4.62,Sheet16,2026.06.29 23:59
2026.06.29 14:48:33,389153329,sell,0.02,XAUUSD-STDc,4036.94,523006500,copy #940997249,in,0,0,0,0,Sheet16,2026.06.29 23:59
2026.06.29 14:57:15,389182072,sell,0.02,XAUUSD-STDc,4041.42,523035942,copy #941025581,in,0,0,0,0,Sheet16,2026.06.29 23:59
2026.06.29 15:03:23,389214915,sell,0.03,XAUUSD-STDc,4043.8,523069779,copy #941053368,in,0,0,0,0,Sheet16,2026.06.29 23:59
2026.06.29 15:04:02,389227781,sell,0.04,XAUUSD-STDc,4046.15,523083519,copy #941063381,in,0,0,0,0,Sheet16,2026.06.29 23:59
2026.06.29 15:10:16,389250013,sell,0.05,XAUUSD-STDc,4048.45,523106601,copy #941088157,in,0,0,0,0,Sheet16,2026.06.29 23:59
2026.06.29 15:11:01,389255433,sell,0.06,XAUUSD-STDc,4049.85,523113204,copy #941093409,in,0,0,0,0,Sheet16,2026.06.29 23:59
2026.06.29 15:13:15,389265745,sell,0.08,XAUUSD-STDc,4051.16,523123374,copy #941105332,in,0,0,0,0,Sheet16,2026.06.29 23:59
2026.06.29 15:16:54,389287129,buy,0.08,XAUUSD-STDc,4046.2,523145028,copy #941122534,out,0,0,0,39.68,Sheet16,2026.06.29 23:59
2026.06.29 15:16:55,389287534,buy,0.06,XAUUSD-STDc,4046.06,523145556,copy #941122761,out,0,0,0,22.74,Sheet16,2026.06.29 23:59
2026.06.29 15:16:55,389287819,buy,0.05,XAUUSD-STDc,4046.06,523145749,copy #941122800,out,0,0,0,11.95,Sheet16,2026.06.29 23:59
2026.06.29 15:16:55,389287905,buy,0.04,XAUUSD-STDc,4046.06,523145909,copy #941122871,out,0,0,0,0.36,Sheet16,2026.06.29 23:59
2026.06.29 15:16:56,389288253,buy,0.03,XAUUSD-STDc,4046.06,523146169,copy #941122946,out,0,0,0,-6.78,Sheet16,2026.06.29 23:59
2026.06.29 15:16:56,389288595,buy,0.02,XAUUSD-STDc,4046.04,523146495,copy #941123141,out,0,0,0,-9.24,Sheet16,2026.06.29 23:59
2026.06.29 15:16:56,389288862,buy,0.02,XAUUSD-STDc,4046.03,523146813,copy #941123191,out,0,0,0,-18.18,Sheet16,2026.06.29 23:59
2026.06.29 15:22:43,389326959,buy,0.02,XAUUSD-STDc,4042.99,523184771,copy #941149539,in,0,0,0,0,Sheet16,2026.06.29 23:59
2026.06.29 15:24:04,389341875,buy,0.02,XAUUSD-STDc,4040.05,523199928,copy #941159397,in,0,0,0,0,Sheet16,2026.06.29 23:59
2026.06.29 15:26:51,389356239,buy,0.03,XAUUSD-STDc,4039.2,523214575,copy #941171332,in,0,0,0,0,Sheet16,2026.06.29 23:59
2026.06.29 15:33:22,389370589,sell,0.02,XAUUSD-STDc,4043.01,523230873,copy #941187870,out,0,0,0,5.92,Sheet16,2026.06.29 23:59
2026.06.29 15:33:22,389370677,sell,0.02,XAUUSD-STDc,4043.01,523231034,copy #941187890,out,0,0,0,0.04,Sheet16,2026.06.29 23:59
2026.06.29 15:33:22,389370868,sell,0.03,XAUUSD-STDc,4043.02,523231223,copy #941187916,out,0,0,0,11.46,Sheet16,2026.06.29 23:59
2026.06.29 15:34:18,389377438,sell,0.02,XAUUSD-STDc,4042.58,523236275,copy #941192863,in,0,0,0,0,Sheet16,2026.06.29 23:59
2026.06.29 15:37:23,389398663,sell,0.02,XAUUSD-STDc,4046.43,523257745,copy #941207145,in,0,0,0,0,Sheet16,2026.06.29 23:59
2026.06.29 15:42:06,389418180,buy,0.02,XAUUSD-STDc,4043.12,523277380,copy #941222531,in,0,0,0,0,Sheet16,2026.06.29 23:59
2026.06.29 15:45:09,389423418,sell,0.02,XAUUSD-STDc,4045.59,523282729,copy #941227869,out,0,0,0,4.94,Sheet16,2026.06.29 23:59
2026.06.29 16:00:27,389483806,sell,0.03,XAUUSD-STDc,4049.01,523345250,copy #941269320,in,0,0,0,0,Sheet16,2026.06.29 23:59
2026.06.29 16:04:57,389509190,sell,0.04,XAUUSD-STDc,4050.4,523371039,copy #941288703,in,0,0,0,0,Sheet16,2026.06.29 23:59
2026.06.29 16:11:07,389531025,buy,0.04,XAUUSD-STDc,4044.8,523394851,copy #941305849,out,0,0,0,22.4,Sheet16,2026.06.29 23:59
2026.06.29 16:11:07,389531150,buy,0.02,XAUUSD-STDc,4044.81,523394768,copy #941305845,out,0,0,0,3.24,Sheet16,2026.06.29 23:59
2026.06.29 16:11:07,389531181,buy,0.03,XAUUSD-STDc,4044.85,523395144,copy #941306046,out,0,0,0,12.48,Sheet16,2026.06.29 23:59
2026.06.29 16:11:07,389531489,buy,0.02,XAUUSD-STDc,4045.02,523395481,copy #941306139,out,0,0,0,-4.88,Sheet16,2026.06.29 23:59
2026.06.29 16:11:19,389535021,buy,0.02,XAUUSD-STDc,4045.92,523397355,copy #941308196,in,0,0,0,0,Sheet16,2026.06.29 23:59
2026.06.29 16:12:33,389540736,sell,0.02,XAUUSD-STDc,4048.81,523403211,copy #941312499,out,0,0,0,5.78,Sheet16,2026.06.29 23:59
2026.06.29 16:22:05,389574223,buy,0.02,XAUUSD-STDc,4045.08,523437636,copy #941338854,in,0,0,0,0,Sheet16,2026.06.29 23:59
2026.06.29 16:25:44,389589422,buy,0.02,XAUUSD-STDc,4041.63,523453401,copy #941351943,in,0,0,0,0,Sheet16,2026.06.29 23:59
2026.06.29 16:27:37,389596957,buy,0.03,XAUUSD-STDc,4040.48,523461030,copy #941360059,in,0,0,0,0,Sheet16,2026.06.29 23:59
2026.06.29 16:30:16,389608618,buy,0.04,XAUUSD-STDc,4038.12,523473398,copy #941369954,in,0,0,0,0,Sheet16,2026.06.29 23:59
2026.06.29 16:31:33,389622888,sell,0.02,XAUUSD-STDc,4042.94,523488212,copy #941381724,out,0,0,0,-4.28,Sheet16,2026.06.29 23:59
2026.06.29 16:31:33,389622917,sell,0.04,XAUUSD-STDc,4042.94,523488018,copy #941381702,out,0,0,0,19.28,Sheet16,2026.06.29 23:59
2026.06.29 16:31:34,389624571,sell,0.03,XAUUSD-STDc,4042.53,523488801,copy #941381908,out,0,0,0,6.15,Sheet16,2026.06.29 23:59
2026.06.29 16:31:34,389624635,sell,0.02,XAUUSD-STDc,4042.53,523489003,copy #941381956,out,0,0,0,1.8,Sheet16,2026.06.29 23:59
2026.06.29 16:32:07,389629377,sell,0.02,XAUUSD-STDc,4041.1,523493675,copy #941387612,in,0,0,0,0,Sheet16,2026.06.29 23:59
2026.06.29 16:33:29,389634061,buy,0.02,XAUUSD-STDc,4040.31,523498365,copy #941392724,out,0,0,0,1.58,Sheet16,2026.06.29 23:59
2026.06.29 16:36:26,389661801,buy,0.02,XAUUSD-STDc,4040.64,523526723,copy #941410610,in,0,0,0,0,Sheet16,2026.06.29 23:59
2026.06.29 16:37:50,389682425,buy,0.02,XAUUSD-STDc,4035.27,523548085,copy #941425011,in,0,0,0,0,Sheet16,2026.06.29 23:59
2026.06.29 16:40:44,389697237,sell,0.02,XAUUSD-STDc,4037.82,523562818,copy #941437698,in,0,0,0,0,Sheet16,2026.06.29 23:59
2026.06.29 16:42:10,389706569,sell,0.02,XAUUSD-STDc,4039.47,523572441,copy #941444815,in,0,0,0,0,Sheet16,2026.06.29 23:59
2026.06.29 16:42:50,389709244,sell,0.02,XAUUSD-STDc,4041.21,523575653,copy #941446434,out,0,0,0,11.88,Sheet16,2026.06.29 23:59
2026.06.29 16:42:50,389709286,sell,0.02,XAUUSD-STDc,4041.21,523575905,copy #941446528,out,0,0,0,1.14,Sheet16,2026.06.29 23:59
2026.06.29 16:43:14,389713432,sell,0.03,XAUUSD-STDc,4039.9,523579247,copy #941450023,in,0,0,0,0,Sheet16,2026.06.29 23:59
2026.06.29 16:46:04,389722239,buy,0.02,XAUUSD-STDc,4036.81,523590775,copy #941459599,out,0,0,0,5.32,Sheet16,2026.06.29 23:59
2026.06.29 16:46:05,389722727,buy,0.02,XAUUSD-STDc,4036.88,523591581,copy #941459636,out,0,0,0,1.88,Sheet16,2026.06.29 23:59
2026.06.29 16:46:05,389722851,buy,0.03,XAUUSD-STDc,4036.88,523591630,copy #941459641,out,0,0,0,9.06,Sheet16,2026.06.29 23:59
2026.06.29 16:46:42,389736098,buy,0.02,XAUUSD-STDc,4036.25,523602392,copy #941466043,in,0,0,0,0,Sheet16,2026.06.29 23:59
2026.06.29 16:49:11,389748376,buy,0.02,XAUUSD-STDc,4034.94,523614777,copy #941476598,in,0,0,0,0,Sheet16,2026.06.29 23:59
2026.06.29 16:54:24,389765826,buy,0.03,XAUUSD-STDc,4033.06,523632720,copy #941492909,in,0,0,0,0,Sheet16,2026.06.29 23:59
2026.06.29 16:54:56,389770996,buy,0.04,XAUUSD-STDc,4031.8,523638143,copy #941498606,in,0,0,0,0,Sheet16,2026.06.29 23:59
2026.06.29 16:56:44,389785828,buy,0.05,XAUUSD-STDc,4029.77,523653292,copy #941511580,in,0,0,0,0,Sheet16,2026.06.29 23:59
2026.06.29 17:01:02,389807476,sell,0.03,XAUUSD-STDc,4034.83,523677581,copy #941534541,out,0,0,0,5.31,Sheet16,2026.06.29 23:59
2026.06.29 17:01:02,389807505,sell,0.02,XAUUSD-STDc,4034.83,523677274,copy #941534363,out,0,0,0,-2.84,Sheet16,2026.06.29 23:59
2026.06.29 17:01:02,389807506,sell,0.05,XAUUSD-STDc,4034.83,523677750,copy #941534626,out,0,0,0,25.3,Sheet16,2026.06.29 23:59
2026.06.29 17:01:02,389807515,sell,0.04,XAUUSD-STDc,4034.97,523678337,copy #941534636,out,0,0,0,12.68,Sheet16,2026.06.29 23:59
2026.06.29 17:01:02,389807529,sell,0.02,XAUUSD-STDc,4034.97,523677653,copy #941534590,out,0,0,0,0.06,Sheet16,2026.06.29 23:59
2026.06.29 17:01:42,389820352,sell,0.02,XAUUSD-STDc,4033.12,523687967,copy #941542387,in,0,0,0,0,Sheet16,2026.06.29 23:59
2026.06.29 17:02:09,389826968,buy,0.02,XAUUSD-STDc,4031.89,523694712,copy #941545160,out,0,0,0,2.46,Sheet16,2026.06.29 23:59
2026.06.29 17:02:44,389835389,buy,0.02,XAUUSD-STDc,4031.47,523703517,copy #941549701,in,0,0,0,0,Sheet16,2026.06.29 23:59
2026.06.29 17:03:28,389846661,buy,0.02,XAUUSD-STDc,4027.23,523715412,copy #941557781,in,0,0,0,0,Sheet16,2026.06.29 23:59
2026.06.29 17:03:41,389855152,buy,0.03,XAUUSD-STDc,4025.82,523724886,copy #941564125,in,0,0,0,0,Sheet16,2026.06.29 23:59
2026.06.29 17:06:29,389893480,buy,0.04,XAUUSD-STDc,4019.28,523764227,copy #941594998,in,0,0,0,0,Sheet16,2026.06.29 23:59
2026.06.29 17:06:51,389902963,buy,0.05,XAUUSD-STDc,4016.73,523773309,copy #941601645,in,0,0,0,0,Sheet16,2026.06.29 23:59
2026.06.29 17:09:12,389912410,sell,0.02,XAUUSD-STDc,4018.28,523782728,copy #941615472,in,0,0,0,0,Sheet16,2026.06.29 23:59
2026.06.29 17:09:27,389913803,buy,0.02,XAUUSD-STDc,4016.78,523784121,copy #941617204,out,0,0,0,3,Sheet16,2026.06.29 23:59
2026.06.29 17:11:12,389930136,buy,0.06,XAUUSD-STDc,4013.37,523802174,copy #941631574,in,0,0,0,0,Sheet16,2026.06.29 23:59
2026.06.29 17:11:43,389938258,buy,0.08,XAUUSD-STDc,4013.46,523810323,copy #941638209,in,0,0,0,0,Sheet16,2026.06.29 23:59
2026.06.29 17:12:30,389944191,buy,0.11,XAUUSD-STDc,4011.25,523816657,copy #941646138,in,0,0,0,0,Sheet16,2026.06.29 23:59
2026.06.29 17:13:11,389951750,buy,0.14,XAUUSD-STDc,4012.02,523824446,copy #941651911,in,0,0,0,0,Sheet16,2026.06.29 23:59
2026.06.29 17:13:52,389960984,sell,0.14,XAUUSD-STDc,4015.36,523833702,copy #941660168,out,0,0,0,46.76,Sheet16,2026.06.29 23:59
2026.06.29 17:13:52,389961372,sell,0.11,XAUUSD-STDc,4015.37,523834146,copy #941660231,out,0,0,0,45.32,Sheet16,2026.06.29 23:59
2026.06.29 17:13:52,389961802,sell,0.08,XAUUSD-STDc,4015.49,523834383,copy #941660295,out,0,0,0,16.24,Sheet16,2026.06.29 23:59
2026.06.29 17:13:53,389962068,sell,0.06,XAUUSD-STDc,4015.6,523834734,copy #941660465,out,0,0,0,13.38,Sheet16,2026.06.29 23:59
2026.06.29 17:13:53,389962363,sell,0.05,XAUUSD-STDc,4015.43,523835220,copy #941660684,out,0,0,0,-6.5,Sheet16,2026.06.29 23:59
2026.06.29 17:13:53,389962377,sell,0.04,XAUUSD-STDc,4015.43,523835047,copy #941660678,out,0,0,0,-15.4,Sheet16,2026.06.29 23:59
2026.06.29 17:13:54,389962625,sell,0.03,XAUUSD-STDc,4015.42,523835409,copy #941660716,out,0,0,0,-31.2,Sheet16,2026.06.29 23:59
2026.06.29 17:13:54,389962994,sell,0.02,XAUUSD-STDc,4015.51,523835712,copy #941660975,out,0,0,0,-23.44,Sheet16,2026.06.29 23:59
2026.06.29 17:13:55,389963290,sell,0.02,XAUUSD-STDc,4015.7,523835931,copy #941661038,out,0,0,0,-31.54,Sheet16,2026.06.29 23:59
2026.06.29 17:15:37,389992044,buy,0.02,XAUUSD-STDc,4003.18,523866069,copy #941688630,in,0,0,0,0,Sheet16,2026.06.29 23:59
2026.06.29 17:16:31,390007310,sell,0.02,XAUUSD-STDc,4008.64,523881847,copy #941704247,out,0,0,0,10.92,Sheet16,2026.06.29 23:59
2026.06.29 17:16:53,390012928,sell,0.02,XAUUSD-STDc,4009.4,523886685,copy #941709779,in,0,0,0,0,Sheet16,2026.06.29 23:59
2026.06.29 17:17:02,390014529,buy,0.02,XAUUSD-STDc,4008.29,523888289,copy #941711504,out,0,0,0,2.22,Sheet16,2026.06.29 23:59
2026.06.29 17:18:47,390056838,sell,0.02,XAUUSD-STDc,4016.08,523931389,copy #941734640,in,0,0,0,0,Sheet16,2026.06.29 23:59
2026.06.29 17:18:58,390067692,sell,0.02,XAUUSD-STDc,4015.92,523942584,copy #941740366,in,0,0,0,0,Sheet16,2026.06.29 23:59
2026.06.29 17:21:16,390093747,sell,0.03,XAUUSD-STDc,4018.56,523968293,copy #941760076,in,0,0,0,0,Sheet16,2026.06.29 23:59
2026.06.29 17:25:16,390115846,sell,0.04,XAUUSD-STDc,4021.79,523990880,copy #941783924,in,0,0,0,0,Sheet16,2026.06.29 23:59
2026.06.29 17:25:48,390121607,sell,0.05,XAUUSD-STDc,4023.52,523996789,copy #941789107,in,0,0,0,0,Sheet16,2026.06.29 23:59
2026.06.29 17:26:35,390127631,sell,0.06,XAUUSD-STDc,4025.05,524002797,copy #941795375,in,0,0,0,0,Sheet16,2026.06.29 23:59
2026.06.29 17:26:49,390133507,sell,0.08,XAUUSD-STDc,4026.23,524008674,copy #941799261,in,0,0,0,0,Sheet16,2026.06.29 23:59
2026.06.29 17:29:49,390148703,buy,0.02,XAUUSD-STDc,4024.38,524023758,copy #941816844,in,0,0,0,0,Sheet16,2026.06.29 23:59
2026.06.29 17:30:08,390151553,sell,0.02,XAUUSD-STDc,4026.91,524026659,copy #941819688,out,0,0,0,5.06,Sheet16,2026.06.29 23:59
2026.06.29 17:34:40,390162585,buy,0.02,XAUUSD-STDc,4028.29,524038239,copy #941832906,in,0,0,0,0,Sheet16,2026.06.29 23:59
2026.06.29 17:39:16,390177333,buy,0.02,XAUUSD-STDc,4022.53,524053290,copy #941848100,in,0,0,0,0,Sheet16,2026.06.29 23:59
2026.06.29 17:44:19,390186486,buy,0.02,XAUUSD-STDc,4021.29,524063239,copy #941860017,out,0,0,0,-10.42,Sheet16,2026.06.29 23:59
2026.06.29 17:44:20,390187194,buy,0.08,XAUUSD-STDc,4020.75,524063431,copy #941860032,out,0,0,0,43.84,Sheet16,2026.06.29 23:59
2026.06.29 17:44:20,390187218,buy,0.03,XAUUSD-STDc,4020.75,524063799,copy #941860063,out,0,0,0,-6.57,Sheet16,2026.06.29 23:59
2026.06.29 17:44:20,390187319,sell,0.02,XAUUSD-STDc,4020.31,524064448,copy #941860097,out,0,0,0,-4.44,Sheet16,2026.06.29 23:59
2026.06.29 17:44:20,390187558,buy,0.02,XAUUSD-STDc,4020.92,524064326,copy #941860094,out,0,0,0,-10,Sheet16,2026.06.29 23:59
2026.06.29 17:44:20,390187780,buy,0.05,XAUUSD-STDc,4020.92,524064095,copy #941860067,out,0,0,0,13,Sheet16,2026.06.29 23:59
2026.06.29 17:44:21,390188962,buy,0.06,XAUUSD-STDc,4020.88,524064989,copy #941860112,out,0,0,0,25.02,Sheet16,2026.06.29 23:59
2026.06.29 17:44:21,390189128,buy,0.04,XAUUSD-STDc,4020.88,524065110,copy #941860117,out,0,0,0,3.64,Sheet16,2026.06.29 23:59
2026.06.29 17:44:21,390189161,sell,0.02,XAUUSD-STDc,4020.44,524065258,copy #941860180,out,0,0,0,-15.7,Sheet16,2026.06.29 23:59
2026.06.29 17:48:11,390214770,buy,0.02,XAUUSD-STDc,4019.98,524091890,copy #941880306,in,0,0,0,0,Sheet16,2026.06.29 23:59
2026.06.29 17:50:32,390223940,sell,0.02,XAUUSD-STDc,4021.82,524101316,copy #941889637,out,0,0,0,3.68,Sheet16,2026.06.29 23:59
2026.06.29 17:53:01,390241158,sell,0.02,XAUUSD-STDc,4024.15,524118742,copy #941902706,in,0,0,0,0,Sheet16,2026.06.29 23:59
2026.06.29 17:56:33,390258619,sell,0.02,XAUUSD-STDc,4028.57,524136888,copy #941922130,in,0,0,0,0,Sheet16,2026.06.29 23:59
2026.06.29 17:59:26,390274171,buy,0.02,XAUUSD-STDc,4025.22,524152510,copy #941934942,in,0,0,0,0,Sheet16,2026.06.29 23:59
2026.06.29 18:01:03,390280100,buy,0.02,XAUUSD-STDc,4024.39,524158880,copy #941941923,out,0,0,0,8.36,Sheet16,2026.06.29 23:59
2026.06.29 18:01:03,390280633,buy,0.02,XAUUSD-STDc,4024.4,524158820,copy #941941878,out,0,0,0,-0.5,Sheet16,2026.06.29 23:59
2026.06.29 18:03:21,390293460,buy,0.02,XAUUSD-STDc,4022.58,524172388,copy #941952645,in,0,0,0,0,Sheet16,2026.06.29 23:59
2026.06.29 18:13:48,390319658,buy,0.03,XAUUSD-STDc,4020.74,524199232,copy #941981450,in,0,0,0,0,Sheet16,2026.06.29 23:59
2026.06.29 18:15:45,390332257,sell,0.02,XAUUSD-STDc,4025.48,524212881,copy #941991317,out,0,0,0,0.52,Sheet16,2026.06.29 23:59
2026.06.29 18:15:45,390332372,sell,0.02,XAUUSD-STDc,4025.46,524212791,copy #941991310,out,0,0,0,5.76,Sheet16,2026.06.29 23:59
2026.06.29 18:15:45,390332672,sell,0.03,XAUUSD-STDc,4025.46,524212682,copy #941991196,out,0,0,0,14.16,Sheet16,2026.06.29 23:59
2026.06.29 18:21:30,390366358,buy,0.02,XAUUSD-STDc,4021.04,524246960,copy #942016249,in,0,0,0,0,Sheet16,2026.06.29 23:59
2026.06.29 18:24:10,390383520,buy,0.02,XAUUSD-STDc,4018.27,524264340,copy #942027179,in,0,0,0,0,Sheet16,2026.06.29 23:59
2026.06.29 18:29:07,390399983,sell,0.02,XAUUSD-STDc,4022.33,524281251,copy #942042262,out,0,0,0,2.58,Sheet16,2026.06.29 23:59
2026.06.29 18:29:07,390400084,sell,0.02,XAUUSD-STDc,4022.27,524281330,copy #942042268,out,0,0,0,8,Sheet16,2026.06.29 23:59
2026.06.29 18:29:19,390404329,sell,0.02,XAUUSD-STDc,4021.5,524285167,copy #942044368,in,0,0,0,0,Sheet16,2026.06.29 23:59
2026.06.29 18:30:04,390412765,sell,0.02,XAUUSD-STDc,4023.43,524294072,copy #942049863,in,0,0,0,0,Sheet16,2026.06.29 23:59
2026.06.29 18:31:11,390418776,sell,0.03,XAUUSD-STDc,4025.13,524300516,copy #942055624,in,0,0,0,0,Sheet16,2026.06.29 23:59
2026.06.29 18:35:17,390433610,buy,0.02,XAUUSD-STDc,4021.5,524316187,copy #942067420,out,0,0,0,0,Sheet16,2026.06.29 23:59
2026.06.29 18:35:17,390433729,buy,0.03,XAUUSD-STDc,4021.5,524316267,copy #942067427,out,0,0,0,10.89,Sheet16,2026.06.29 23:59
2026.06.29 18:35:17,390433981,buy,0.02,XAUUSD-STDc,4021.47,524316472,copy #942067452,out,0,0,0,3.92,Sheet16,2026.06.29 23:59
2026.06.29 18:38:07,390451268,buy,0.02,XAUUSD-STDc,4018.53,524333595,copy #942079194,in,0,0,0,0,Sheet16,2026.06.29 23:59
2026.06.29 18:39:16,390458137,sell,0.02,XAUUSD-STDc,4021.94,524340692,copy #942084116,out,0,0,0,6.82,Sheet16,2026.06.29 23:59
2026.06.29 18:47:48,390483701,sell,0.02,XAUUSD-STDc,4024.99,524366646,copy #942102109,in,0,0,0,0,Sheet16,2026.06.29 23:59
2026.06.29 18:49:13,390489836,sell,0.02,XAUUSD-STDc,4026.17,524372938,copy #942108109,in,0,0,0,0,Sheet16,2026.06.29 23:59
2026.06.29 18:53:37,390500567,sell,0.03,XAUUSD-STDc,4028.35,524383917,copy #942118240,in,0,0,0,0,Sheet16,2026.06.29 23:59
2026.06.29 19:00:59,390515597,buy,0.02,XAUUSD-STDc,4026.83,524399149,copy #942134094,in,0,0,0,0,Sheet16,2026.06.29 23:59
2026.06.29 19:05:59,390525519,buy,0.02,XAUUSD-STDc,4024.75,524409653,copy #942144166,out,0,0,0,0.48,Sheet16,2026.06.29 23:59
2026.06.29 19:06:00,390525863,buy,0.02,XAUUSD-STDc,4024.76,524409936,copy #942144206,out,0,0,0,2.82,Sheet16,2026.06.29 23:59
2026.06.29 19:06:00,390525914,buy,0.03,XAUUSD-STDc,4024.76,524409756,copy #942144179,out,0,0,0,10.77,Sheet16,2026.06.29 23:59
2026.06.29 19:15:25,390543423,buy,0.02,XAUUSD-STDc,4024.07,524427516,copy #942160759,in,0,0,0,0,Sheet16,2026.06.29 23:59
2026.06.29 19:16:08,390552754,buy,0.03,XAUUSD-STDc,4022.44,524437082,copy #942165690,in,0,0,0,0,Sheet16,2026.06.29 23:59
2026.06.29 19:33:09,390583688,buy,0.04,XAUUSD-STDc,4020.17,524469067,copy #942192767,in,0,0,0,0,Sheet16,2026.06.29 23:59
2026.06.29 19:48:38,390603952,sell,0.02,XAUUSD-STDc,4023.39,524489567,copy #942215421,in,0,0,0,0,Sheet16,2026.06.29 23:59
2026.06.29 19:49:41,390606976,sell,0.04,XAUUSD-STDc,4025.07,524493106,copy #942216839,out,0,0,0,19.6,Sheet16,2026.06.29 23:59
2026.06.29 19:49:42,390607762,sell,0.02,XAUUSD-STDc,4025.06,524493626,copy #942216922,out,0,0,0,1.98,Sheet16,2026.06.29 23:59
2026.06.29 19:49:42,390607965,sell,0.02,XAUUSD-STDc,4025.06,524493858,copy #942216976,out,0,0,0,-3.54,Sheet16,2026.06.29 23:59
2026.06.29 19:49:42,390607984,sell,0.03,XAUUSD-STDc,4025.06,524493350,copy #942216906,out,0,0,0,7.86,Sheet16,2026.06.29 23:59
2026.06.29 19:50:51,390620447,sell,0.02,XAUUSD-STDc,4026.78,524506538,copy #942225597,in,0,0,0,0,Sheet16,2026.06.29 23:59
2026.06.29 20:00:30,390631397,buy,0.02,XAUUSD-STDc,4025.15,524517302,copy #942238364,in,0,0,0,0,Sheet16,2026.06.29 23:59
2026.06.29 20:05:19,390637762,sell,0.02,XAUUSD-STDc,4027.29,524523951,copy #942244154,out,0,0,0,4.28,Sheet16,2026.06.29 23:59
2026.06.29 20:08:39,390653595,sell,0.03,XAUUSD-STDc,4030.06,524541012,copy #942255996,in,0,0,0,0,Sheet16,2026.06.29 23:59
2026.06.29 20:24:31,390680949,buy,0.02,XAUUSD-STDc,4027.81,524568455,copy #942282171,in,0,0,0,0,Sheet16,2026.06.29 23:59
2026.06.29 20:26:02,390692575,buy,0.02,XAUUSD-STDc,4025.07,524580831,copy #942288234,out,0,0,0,3.42,Sheet16,2026.06.29 23:59
2026.06.29 20:26:02,390692708,buy,0.02,XAUUSD-STDc,4025.1,524581088,copy #942288341,out,0,0,0,-3.42,Sheet16,2026.06.29 23:59
2026.06.29 20:26:02,390692770,buy,0.03,XAUUSD-STDc,4025.1,524581267,copy #942288351,out,0,0,0,14.88,Sheet16,2026.06.29 23:59
2026.06.29 20:26:31,390699165,buy,0.02,XAUUSD-STDc,4024.83,524587136,copy #942292153,in,0,0,0,0,Sheet16,2026.06.29 23:59
2026.06.29 20:32:31,390720998,buy,0.03,XAUUSD-STDc,4022.28,524609657,copy #942310607,in,0,0,0,0,Sheet16,2026.06.29 23:59
2026.06.29 20:59:03,390745865,buy,0.04,XAUUSD-STDc,4020.68,524635601,copy #942343570,in,0,0,0,0,Sheet16,2026.06.29 23:59
2026.06.29 21:13:20,390755897,sell,0.02,XAUUSD-STDc,4023.56,524645481,copy #942356010,out,0,0,0,-8.5,Sheet16,2026.06.29 23:59
2026.06.29 21:13:20,390755919,sell,0.02,XAUUSD-STDc,4023.56,524645651,copy #942356011,out,0,0,0,-2.54,Sheet16,2026.06.29 23:59
2026.06.29 21:13:20,390756047,sell,0.03,XAUUSD-STDc,4023.56,524645824,copy #942356012,out,0,0,0,3.84,Sheet16,2026.06.29 23:59
2026.06.29 21:13:20,390756421,sell,0.04,XAUUSD-STDc,4023.6,524645998,copy #942356014,out,0,0,0,11.68,Sheet16,2026.06.29 23:59
