pos_id,dir,open_dt,open_price,lots,close_dt,close_price,implied_entry,price_match_err,partial_open,partial_close,profit,swap,comm,fee,open_deal,close_deal,open_order,close_order,open_copy,close_copy,open_lat,close_lat,duration_s,net,pips,basket
522406683,long,2026-06-29 12:23:35,4049.82,0.02,2026-06-29 12:30:28,4049.88,4049.82,0.0,False,False,0.12,0.0,0.0,0.0,388575101,388619256,522406683,522452861,940513292,940541937,0.0,1.0,413.0,0.12,0.05999999999994543,L001
522426135,long,2026-06-29 12:26:29,4046.78,0.02,2026-06-29 12:30:27,4049.88,4046.78,0.0,False,False,6.2,0.0,0.0,0.0,388593434,388618898,522426135,522452378,940525016,940541725,1.0,0.0,238.0,6.2,3.099999999999909,L001
522517864,long,2026-06-29 12:37:55,4043.23,0.02,2026-06-29 13:10:10,4034.13,4043.23,0.0,False,False,-18.2,0.0,0.0,0.0,388682907,388858975,522517864,522709900,940580469,940735311,1.0,0.0,1935.0,-18.2,-9.099999999999909,L002
522537142,long,2026-06-29 12:40:38,4042.41,0.02,2026-06-29 13:10:10,4034.25,4042.41,0.0,False,False,-16.32,0.0,0.0,0.0,388700545,388858624,522537142,522708441,940590655,940735179,1.0,1.0,1772.0,-16.32,-8.159999999999854,L002
522566376,long,2026-06-29 12:48:33,4039.17,0.03,2026-06-29 13:10:09,4033.97,4039.1699999999996,4.547473508864641e-13,False,False,-15.6,0.0,0.0,0.0,388727253,388858508,522566376,522708189,940613081,940735123,0.0,0.0,1296.0,-15.6,-5.200000000000273,L002
522588627,long,2026-06-29 12:50:26,4036.61,0.04,2026-06-29 13:10:09,4033.53,4036.61,0.0,False,False,-12.32,0.0,0.0,0.0,388747236,388857980,522588627,522707581,940625606,940735024,1.0,1.0,1183.0,-12.32,-3.0799999999999272,L002
522610867,long,2026-06-29 12:51:54,4034.02,0.05,2026-06-29 13:10:09,4033.53,4034.02,0.0,False,False,-2.45,0.0,0.0,0.0,388769413,388858096,522610867,522707756,940643937,940735026,0.0,1.0,1095.0,-2.45,-0.4899999999997817,L002
522636878,long,2026-06-29 12:57:00,4032.53,0.06,2026-06-29 13:10:09,4033.53,4032.53,0.0,False,False,6.0,0.0,0.0,0.0,388793455,388858072,522636878,522707948,940665961,940735031,0.0,0.0,789.0,6.0,1.0,L002
522654708,long,2026-06-29 12:57:39,4025.86,0.08,2026-06-29 13:10:08,4033.47,4025.8599999999997,4.547473508864641e-13,False,False,60.88,0.0,0.0,0.0,388806284,388857533,522654708,522707259,940676092,940734880,0.0,0.0,749.0,60.88,7.609999999999673,L002
522658566,long,2026-06-29 12:57:45,4028.06,0.11,2026-06-29 13:10:08,4033.47,4028.06,0.0,False,False,59.51,0.0,0.0,0.0,388812643,388857412,522658566,522707084,940681269,940734866,1.0,0.0,743.0,59.51,5.4099999999998545,L002
522671974,short,2026-06-29 12:59:27,4030.6,0.02,2026-06-29 13:03:41,4028.76,4030.6000000000004,4.547473508864641e-13,False,False,3.68,0.0,0.0,0.0,388824887,388841311,522671974,522689474,940698709,940718223,0.0,1.0,254.0,3.68,1.8399999999996908,S001
522679260,short,2026-06-29 13:00:56,4031.96,0.02,2026-06-29 13:03:40,4028.65,4031.96,0.0,False,False,6.62,0.0,0.0,0.0,388832152,388840061,522679260,522689522,940707753,940718253,1.0,0.0,164.0,6.62,3.3099999999999454,S001
522921367,long,2026-06-29 14:23:35,4030.66,0.02,2026-06-29 14:30:32,4032.46,4030.66,0.0,False,False,3.6,0.0,0.0,0.0,389069051,389098870,522921367,522952046,940919989,940946812,0.0,0.0,417.0,3.6,1.800000000000182,L003
522934487,long,2026-06-29 14:27:01,4028.67,0.02,2026-06-29 14:30:32,4032.46,4028.67,0.0,False,False,7.58,0.0,0.0,0.0,389081700,389098920,522934487,522952221,940932429,940946822,0.0,0.0,211.0,7.58,3.7899999999999636,L003
522964746,short,2026-06-29 14:31:18,4035.19,0.02,2026-06-29 14:33:03,4033.34,4035.19,0.0,False,False,3.7,0.0,0.0,0.0,389108150,389127865,522964746,522981133,940954983,940968421,1.0,1.0,105.0,3.7,1.849999999999909,S002
522973311,short,2026-06-29 14:31:44,4037.02,0.02,2026-06-29 14:33:03,4033.45,4037.02,0.0,False,False,7.14,0.0,0.0,0.0,389120263,389128257,522973311,522981438,940962635,940968490,1.0,0.0,79.0,7.14,3.5700000000001637,S002
522982741,long,2026-06-29 14:34:25,4034.2,0.02,2026-06-29 14:45:48,4036.51,4034.2000000000003,4.547473508864641e-13,False,False,4.62,0.0,0.0,0.0,389129876,389149259,522982741,523002334,940970399,940993039,0.0,0.0,683.0,4.62,2.3100000000004,L004
523006500,short,2026-06-29 14:48:33,4036.94,0.02,2026-06-29 15:16:56,4046.03,4036.94,0.0,False,False,-18.18,0.0,0.0,0.0,389153329,389288862,523006500,523146813,940997249,941123191,0.0,0.0,1703.0,-18.18,-9.090000000000146,S003
523035942,short,2026-06-29 14:57:15,4041.42,0.02,2026-06-29 15:16:56,4046.04,4041.42,0.0,False,False,-9.24,0.0,0.0,0.0,389182072,389288595,523035942,523146495,941025581,941123141,0.0,0.0,1181.0,-9.24,-4.619999999999891,S003
523069779,short,2026-06-29 15:03:23,4043.8,0.03,2026-06-29 15:16:56,4046.06,4043.7999999999997,4.547473508864641e-13,False,False,-6.78,0.0,0.0,0.0,389214915,389288253,523069779,523146169,941053368,941122946,0.0,1.0,813.0,-6.78,-2.2599999999997635,S003
523083519,short,2026-06-29 15:04:02,4046.15,0.04,2026-06-29 15:16:55,4046.06,4046.15,0.0,False,False,0.36,0.0,0.0,0.0,389227781,389287905,523083519,523145909,941063381,941122871,0.0,0.0,773.0,0.36,0.09000000000014552,S003
523106601,short,2026-06-29 15:10:16,4048.45,0.05,2026-06-29 15:16:55,4046.06,4048.45,0.0,False,False,11.95,0.0,0.0,0.0,389250013,389287819,523106601,523145749,941088157,941122800,1.0,0.0,399.0,11.95,2.3899999999998727,S003
523113204,short,2026-06-29 15:11:01,4049.85,0.06,2026-06-29 15:16:55,4046.06,4049.85,0.0,False,False,22.74,0.0,0.0,0.0,389255433,389287534,523113204,523145556,941093409,941122761,0.0,0.0,354.0,22.74,3.7899999999999636,S003
523123374,short,2026-06-29 15:13:15,4051.16,0.08,2026-06-29 15:16:54,4046.2,4051.16,0.0,False,False,39.68,0.0,0.0,0.0,389265745,389287129,523123374,523145028,941105332,941122534,1.0,0.0,219.0,39.68,4.960000000000036,S003
523184771,long,2026-06-29 15:22:43,4042.99,0.02,2026-06-29 15:33:22,4043.01,4042.9900000000002,4.547473508864641e-13,False,False,0.04,0.0,0.0,0.0,389326959,389370677,523184771,523231034,941149539,941187890,0.0,0.0,639.0,0.04,0.020000000000436557,L005
523199928,long,2026-06-29 15:24:04,4040.05,0.02,2026-06-29 15:33:22,4043.01,4040.05,0.0,False,False,5.92,0.0,0.0,0.0,389341875,389370589,523199928,523230873,941159397,941187870,1.0,0.0,558.0,5.92,2.9600000000000364,L005
523214575,long,2026-06-29 15:26:51,4039.2,0.03,2026-06-29 15:33:22,4043.02,4039.2,0.0,False,False,11.46,0.0,0.0,0.0,389356239,389370868,523214575,523231223,941171332,941187916,1.0,0.0,391.0,11.46,3.8200000000001637,L005
523236275,short,2026-06-29 15:34:18,4042.58,0.02,2026-06-29 16:11:07,4045.02,4042.58,0.0,False,False,-4.88,0.0,0.0,0.0,389377438,389531489,523236275,523395481,941192863,941306139,1.0,0.0,2209.0,-4.88,-2.4400000000000546,S004
523257745,short,2026-06-29 15:37:23,4046.43,0.02,2026-06-29 16:11:07,4044.81,4046.43,0.0,False,False,3.24,0.0,0.0,0.0,389398663,389531150,523257745,523394768,941207145,941305845,0.0,1.0,2024.0,3.24,1.6199999999998909,S004
523277380,long,2026-06-29 15:42:06,4043.12,0.02,2026-06-29 15:45:09,4045.59,4043.1200000000003,4.547473508864641e-13,False,False,4.94,0.0,0.0,0.0,389418180,389423418,523277380,523282729,941222531,941227869,1.0,0.0,183.0,4.94,2.4700000000002547,L006
523345250,short,2026-06-29 16:00:27,4049.01,0.03,2026-06-29 16:11:07,4044.85,4049.0099999999998,4.547473508864641e-13,False,False,12.48,0.0,0.0,0.0,389483806,389531181,523345250,523395144,941269320,941306046,0.0,1.0,640.0,12.48,4.160000000000309,S004
523371039,short,2026-06-29 16:04:57,4050.4,0.04,2026-06-29 16:11:07,4044.8,4050.4,0.0,False,False,22.4,0.0,0.0,0.0,389509190,389531025,523371039,523394851,941288703,941305849,0.0,1.0,370.0,22.4,5.599999999999909,S004
523397355,long,2026-06-29 16:11:19,4045.92,0.02,2026-06-29 16:12:33,4048.81,4045.92,0.0,False,False,5.78,0.0,0.0,0.0,389535021,389540736,523397355,523403211,941308196,941312499,1.0,1.0,74.0,5.78,2.8899999999998727,L007
523437636,long,2026-06-29 16:22:05,4045.08,0.02,2026-06-29 16:31:33,4042.94,4045.08,0.0,False,False,-4.28,0.0,0.0,0.0,389574223,389622888,523437636,523488212,941338854,941381724,0.0,1.0,568.0,-4.28,-2.1399999999998727,L008
523453401,long,2026-06-29 16:25:44,4041.63,0.02,2026-06-29 16:31:34,4042.53,4041.63,0.0,False,False,1.8,0.0,0.0,0.0,389589422,389624635,523453401,523489003,941351943,941381956,1.0,1.0,350.0,1.8,0.900000000000091,L008
523461030,long,2026-06-29 16:27:37,4040.48,0.03,2026-06-29 16:31:34,4042.53,4040.48,0.0,False,False,6.15,0.0,0.0,0.0,389596957,389624571,523461030,523488801,941360059,941381908,0.0,1.0,237.0,6.15,2.050000000000182,L008
523473398,long,2026-06-29 16:30:16,4038.12,0.04,2026-06-29 16:31:33,4042.94,4038.12,0.0,False,False,19.28,0.0,0.0,0.0,389608618,389622917,523473398,523488018,941369954,941381702,0.0,1.0,77.0,19.28,4.820000000000164,L008
523493675,short,2026-06-29 16:32:07,4041.1,0.02,2026-06-29 16:33:29,4040.31,4041.1,0.0,False,False,1.58,0.0,0.0,0.0,389629377,389634061,523493675,523498365,941387612,941392724,0.0,0.0,82.0,1.58,0.7899999999999636,S005
523526723,long,2026-06-29 16:36:26,4040.64,0.02,2026-06-29 16:42:50,4041.21,4040.64,0.0,False,False,1.14,0.0,0.0,0.0,389661801,389709286,523526723,523575905,941410610,941446528,0.0,1.0,384.0,1.14,0.5700000000001637,L009
523548085,long,2026-06-29 16:37:50,4035.27,0.02,2026-06-29 16:42:50,4041.21,4035.27,0.0,False,False,11.88,0.0,0.0,0.0,389682425,389709244,523548085,523575653,941425011,941446434,0.0,1.0,300.0,11.88,5.940000000000055,L009
523562818,short,2026-06-29 16:40:44,4037.82,0.02,2026-06-29 16:46:05,4036.88,4037.82,0.0,False,False,1.88,0.0,0.0,0.0,389697237,389722727,523562818,523591581,941437698,941459636,1.0,1.0,321.0,1.88,0.9400000000000546,S006
523572441,short,2026-06-29 16:42:10,4039.47,0.02,2026-06-29 16:46:04,4036.81,4039.47,0.0,False,False,5.32,0.0,0.0,0.0,389706569,389722239,523572441,523590775,941444815,941459599,0.0,0.0,234.0,5.32,2.6599999999998545,S006
523579247,short,2026-06-29 16:43:14,4039.9,0.03,2026-06-29 16:46:05,4036.88,4039.9,0.0,False,False,9.06,0.0,0.0,0.0,389713432,389722851,523579247,523591630,941450023,941459641,0.0,1.0,171.0,9.06,3.019999999999982,S006
523602392,long,2026-06-29 16:46:42,4036.25,0.02,2026-06-29 17:01:02,4034.83,4036.25,0.0,False,False,-2.84,0.0,0.0,0.0,389736098,389807505,523602392,523677274,941466043,941534363,0.0,1.0,860.0,-2.84,-1.4200000000000728,L010
523614777,long,2026-06-29 16:49:11,4034.94,0.02,2026-06-29 17:01:02,4034.97,4034.9399999999996,4.547473508864641e-13,False,False,0.06,0.0,0.0,0.0,389748376,389807529,523614777,523677653,941476598,941534590,0.0,1.0,711.0,0.06,0.02999999999974534,L010
523632720,long,2026-06-29 16:54:24,4033.06,0.03,2026-06-29 17:01:02,4034.83,4033.06,0.0,False,False,5.31,0.0,0.0,0.0,389765826,389807476,523632720,523677581,941492909,941534541,1.0,1.0,398.0,5.31,1.7699999999999818,L010
523638143,long,2026-06-29 16:54:56,4031.8,0.04,2026-06-29 17:01:02,4034.97,4031.7999999999997,4.547473508864641e-13,False,False,12.68,0.0,0.0,0.0,389770996,389807515,523638143,523678337,941498606,941534636,0.0,1.0,366.0,12.68,3.169999999999618,L010
523653292,long,2026-06-29 16:56:44,4029.77,0.05,2026-06-29 17:01:02,4034.83,4029.77,0.0,False,False,25.3,0.0,0.0,0.0,389785828,389807506,523653292,523677750,941511580,941534626,1.0,1.0,258.0,25.3,5.059999999999945,L010
523687967,short,2026-06-29 17:01:42,4033.12,0.02,2026-06-29 17:02:09,4031.89,4033.12,0.0,False,False,2.46,0.0,0.0,0.0,389820352,389826968,523687967,523694712,941542387,941545160,1.0,0.0,27.0,2.46,1.2300000000000182,S007
523703517,long,2026-06-29 17:02:44,4031.47,0.02,2026-06-29 17:13:55,4015.7,4031.47,0.0,False,False,-31.54,0.0,0.0,0.0,389835389,389963290,523703517,523835931,941549701,941661038,0.0,1.0,671.0,-31.54,-15.769999999999982,L011
523715412,long,2026-06-29 17:03:28,4027.23,0.02,2026-06-29 17:13:54,4015.51,4027.23,0.0,False,False,-23.44,0.0,0.0,0.0,389846661,389962994,523715412,523835712,941557781,941660975,0.0,0.0,626.0,-23.44,-11.7199999999998,L011
523724886,long,2026-06-29 17:03:41,4025.82,0.03,2026-06-29 17:13:54,4015.42,4025.82,0.0,False,False,-31.2,0.0,0.0,0.0,389855152,389962625,523724886,523835409,941564125,941660716,1.0,1.0,613.0,-31.2,-10.400000000000091,L011
523764227,long,2026-06-29 17:06:29,4019.28,0.04,2026-06-29 17:13:53,4015.43,4019.2799999999997,4.547473508864641e-13,False,False,-15.4,0.0,0.0,0.0,389893480,389962377,523764227,523835047,941594998,941660678,0.0,0.0,444.0,-15.4,-3.850000000000364,L011
523773309,long,2026-06-29 17:06:51,4016.73,0.05,2026-06-29 17:13:53,4015.43,4016.73,0.0,False,False,-6.5,0.0,0.0,0.0,389902963,389962363,523773309,523835220,941601645,941660684,1.0,0.0,422.0,-6.5,-1.300000000000182,L011
523782728,short,2026-06-29 17:09:12,4018.28,0.02,2026-06-29 17:09:27,4016.78,4018.28,0.0,False,False,3.0,0.0,0.0,0.0,389912410,389913803,523782728,523784121,941615472,941617204,1.0,1.0,15.0,3.0,1.5,S008
523802174,long,2026-06-29 17:11:12,4013.37,0.06,2026-06-29 17:13:53,4015.6,4013.37,0.0,False,False,13.38,0.0,0.0,0.0,389930136,389962068,523802174,523834734,941631574,941660465,1.0,1.0,161.0,13.38,2.230000000000018,L011
523810323,long,2026-06-29 17:11:43,4013.46,0.08,2026-06-29 17:13:52,4015.49,4013.4599999999996,4.547473508864641e-13,False,False,16.24,0.0,0.0,0.0,389938258,389961802,523810323,523834383,941638209,941660295,0.0,0.0,129.0,16.24,2.0299999999997453,L011
523816657,long,2026-06-29 17:12:30,4011.25,0.11,2026-06-29 17:13:52,4015.37,4011.25,0.0,False,False,45.32,0.0,0.0,0.0,389944191,389961372,523816657,523834146,941646138,941660231,1.0,0.0,82.0,45.32,4.119999999999891,L011
523824446,long,2026-06-29 17:13:11,4012.02,0.14,2026-06-29 17:13:52,4015.36,4012.02,0.0,False,False,46.76,0.0,0.0,0.0,389951750,389960984,523824446,523833702,941651911,941660168,1.0,1.0,41.0,46.76,3.3400000000001455,L011
523866069,long,2026-06-29 17:15:37,4003.18,0.02,2026-06-29 17:16:31,4008.64,4003.18,0.0,False,False,10.92,0.0,0.0,0.0,389992044,390007310,523866069,523881847,941688630,941704247,0.0,1.0,54.0,10.92,5.460000000000036,L012
523886685,short,2026-06-29 17:16:53,4009.4,0.02,2026-06-29 17:17:02,4008.29,4009.4,0.0,False,False,2.22,0.0,0.0,0.0,390012928,390014529,523886685,523888289,941709779,941711504,1.0,1.0,9.0,2.22,1.1100000000001273,S009
523931389,short,2026-06-29 17:18:47,4016.08,0.02,2026-06-29 17:44:19,4021.29,4016.08,0.0,False,False,-10.42,0.0,0.0,0.0,390056838,390186486,523931389,524063239,941734640,941860017,0.0,1.0,1532.0,-10.42,-5.210000000000036,S010
523942584,short,2026-06-29 17:18:58,4015.92,0.02,2026-06-29 17:44:20,4020.92,4015.92,0.0,False,False,-10.0,0.0,0.0,0.0,390067692,390187558,523942584,524064326,941740366,941860094,1.0,1.0,1522.0,-10.0,-5.0,S010
523968293,short,2026-06-29 17:21:16,4018.56,0.03,2026-06-29 17:44:20,4020.75,4018.56,0.0,False,False,-6.57,0.0,0.0,0.0,390093747,390187218,523968293,524063799,941760076,941860063,0.0,1.0,1384.0,-6.57,-2.1900000000000546,S010
523990880,short,2026-06-29 17:25:16,4021.79,0.04,2026-06-29 17:44:21,4020.88,4021.79,0.0,False,False,3.64,0.0,0.0,0.0,390115846,390189128,523990880,524065110,941783924,941860117,0.0,1.0,1145.0,3.64,0.9099999999998545,S010
523996789,short,2026-06-29 17:25:48,4023.52,0.05,2026-06-29 17:44:20,4020.92,4023.52,0.0,False,False,13.0,0.0,0.0,0.0,390121607,390187780,523996789,524064095,941789107,941860067,0.0,1.0,1112.0,13.0,2.599999999999909,S010
524002797,short,2026-06-29 17:26:35,4025.05,0.06,2026-06-29 17:44:21,4020.88,4025.05,0.0,False,False,25.02,0.0,0.0,0.0,390127631,390188962,524002797,524064989,941795375,941860112,0.0,2.0,1066.0,25.02,4.170000000000073,S010
524008674,short,2026-06-29 17:26:49,4026.23,0.08,2026-06-29 17:44:20,4020.75,4026.23,0.0,False,False,43.84,0.0,0.0,0.0,390133507,390187194,524008674,524063431,941799261,941860032,1.0,2.0,1051.0,43.84,5.480000000000018,S010
524023758,long,2026-06-29 17:29:49,4024.38,0.02,2026-06-29 17:30:08,4026.91,4024.3799999999997,4.547473508864641e-13,False,False,5.06,0.0,0.0,0.0,390148703,390151553,524023758,524026659,941816844,941819688,1.0,0.0,19.0,5.06,2.5299999999997453,L013
524038239,long,2026-06-29 17:34:40,4028.29,0.02,2026-06-29 17:44:21,4020.44,4028.29,0.0,False,False,-15.7,0.0,0.0,0.0,390162585,390189161,524038239,524065258,941832906,941860180,1.0,1.0,581.0,-15.7,-7.849999999999909,L014
524053290,long,2026-06-29 17:39:16,4022.53,0.02,2026-06-29 17:44:20,4020.31,4022.5299999999997,4.547473508864641e-13,False,False,-4.44,0.0,0.0,0.0,390177333,390187319,524053290,524064448,941848100,941860097,1.0,1.0,304.0,-4.44,-2.2200000000002547,L014
524091890,long,2026-06-29 17:48:11,4019.98,0.02,2026-06-29 17:50:32,4021.82,4019.98,0.0,False,False,3.68,0.0,0.0,0.0,390214770,390223940,524091890,524101316,941880306,941889637,1.0,0.0,141.0,3.68,1.8400000000001455,L015
524118742,short,2026-06-29 17:53:01,4024.15,0.02,2026-06-29 18:01:03,4024.4,4024.15,0.0,False,False,-0.5,0.0,0.0,0.0,390241158,390280633,524118742,524158820,941902706,941941878,0.0,0.0,482.0,-0.5,-0.25,S011
524136888,short,2026-06-29 17:56:33,4028.57,0.02,2026-06-29 18:01:03,4024.39,4028.5699999999997,4.547473508864641e-13,False,False,8.36,0.0,0.0,0.0,390258619,390280100,524136888,524158880,941922130,941941923,0.0,0.0,270.0,8.36,4.180000000000291,S011
524152510,long,2026-06-29 17:59:26,4025.22,0.02,2026-06-29 18:15:45,4025.48,4025.22,0.0,False,False,0.52,0.0,0.0,0.0,390274171,390332257,524152510,524212881,941934942,941991317,1.0,1.0,979.0,0.52,0.2600000000002183,L016
524172388,long,2026-06-29 18:03:21,4022.58,0.02,2026-06-29 18:15:45,4025.46,4022.58,0.0,False,False,5.76,0.0,0.0,0.0,390293460,390332372,524172388,524212791,941952645,941991310,0.0,1.0,744.0,5.76,2.880000000000109,L016
524199232,long,2026-06-29 18:13:48,4020.74,0.03,2026-06-29 18:15:45,4025.46,4020.7400000000002,4.547473508864641e-13,False,False,14.16,0.0,0.0,0.0,390319658,390332672,524199232,524212682,941981450,941991196,0.0,1.0,117.0,14.16,4.720000000000255,L016
524246960,long,2026-06-29 18:21:30,4021.04,0.02,2026-06-29 18:29:07,4022.33,4021.04,0.0,False,False,2.58,0.0,0.0,0.0,390366358,390399983,524246960,524281251,942016249,942042262,0.0,1.0,457.0,2.58,1.2899999999999636,L017
524264340,long,2026-06-29 18:24:10,4018.27,0.02,2026-06-29 18:29:07,4022.27,4018.27,0.0,False,False,8.0,0.0,0.0,0.0,390383520,390400084,524264340,524281330,942027179,942042268,0.0,1.0,297.0,8.0,4.0,L017
524285167,short,2026-06-29 18:29:19,4021.5,0.02,2026-06-29 18:35:17,4021.5,4021.5,0.0,False,False,0.0,0.0,0.0,0.0,390404329,390433610,524285167,524316187,942044368,942067420,0.0,0.0,358.0,0.0,0.0,S012
524294072,short,2026-06-29 18:30:04,4023.43,0.02,2026-06-29 18:35:17,4021.47,4023.43,0.0,False,False,3.92,0.0,0.0,0.0,390412765,390433981,524294072,524316472,942049863,942067452,0.0,0.0,313.0,3.92,1.9600000000000364,S012
524300516,short,2026-06-29 18:31:11,4025.13,0.03,2026-06-29 18:35:17,4021.5,4025.13,0.0,False,False,10.89,0.0,0.0,0.0,390418776,390433729,524300516,524316267,942055624,942067427,1.0,0.0,246.0,10.89,3.630000000000109,S012
524333595,long,2026-06-29 18:38:07,4018.53,0.02,2026-06-29 18:39:16,4021.94,4018.53,0.0,False,False,6.82,0.0,0.0,0.0,390451268,390458137,524333595,524340692,942079194,942084116,1.0,1.0,69.0,6.82,3.4099999999998545,L018
524366646,short,2026-06-29 18:47:48,4024.99,0.02,2026-06-29 19:05:59,4024.75,4024.99,0.0,False,False,0.48,0.0,0.0,0.0,390483701,390525519,524366646,524409653,942102109,942144166,1.0,0.0,1091.0,0.48,0.23999999999978172,S013
524372938,short,2026-06-29 18:49:13,4026.17,0.02,2026-06-29 19:06:00,4024.76,4026.17,0.0,False,False,2.82,0.0,0.0,0.0,390489836,390525863,524372938,524409936,942108109,942144206,0.0,1.0,1007.0,2.82,1.4099999999998545,S013
524383917,short,2026-06-29 18:53:37,4028.35,0.03,2026-06-29 19:06:00,4024.76,4028.3500000000004,4.547473508864641e-13,False,False,10.77,0.0,0.0,0.0,390500567,390525914,524383917,524409756,942118240,942144179,0.0,1.0,743.0,10.77,3.5899999999996908,S013
524399149,long,2026-06-29 19:00:59,4026.83,0.02,2026-06-29 19:49:42,4025.06,4026.83,0.0,False,False,-3.54,0.0,0.0,0.0,390515597,390607965,524399149,524493858,942134094,942216976,1.0,1.0,2923.0,-3.54,-1.7699999999999818,L019
524427516,long,2026-06-29 19:15:25,4024.07,0.02,2026-06-29 19:49:42,4025.06,4024.07,0.0,False,False,1.98,0.0,0.0,0.0,390543423,390607762,524427516,524493626,942160759,942216922,0.0,1.0,2057.0,1.98,0.9899999999997817,L019
524437082,long,2026-06-29 19:16:08,4022.44,0.03,2026-06-29 19:49:42,4025.06,4022.44,0.0,False,False,7.86,0.0,0.0,0.0,390552754,390607984,524437082,524493350,942165690,942216906,0.0,1.0,2014.0,7.86,2.619999999999891,L019
524469067,long,2026-06-29 19:33:09,4020.17,0.04,2026-06-29 19:49:41,4025.07,4020.17,0.0,False,False,19.6,0.0,0.0,0.0,390583688,390606976,524469067,524493106,942192767,942216839,0.0,0.0,992.0,19.6,4.900000000000091,L019
524489567,short,2026-06-29 19:48:38,4023.39,0.02,2026-06-29 20:26:02,4025.1,4023.39,0.0,False,False,-3.42,0.0,0.0,0.0,390603952,390692708,524489567,524581088,942215421,942288341,1.0,0.0,2244.0,-3.42,-1.7100000000000364,S014
524506538,short,2026-06-29 19:50:51,4026.78,0.02,2026-06-29 20:26:02,4025.07,4026.78,0.0,False,False,3.42,0.0,0.0,0.0,390620447,390692575,524506538,524580831,942225597,942288234,0.0,1.0,2111.0,3.42,1.7100000000000364,S014
524517302,long,2026-06-29 20:00:30,4025.15,0.02,2026-06-29 20:05:19,4027.29,4025.15,0.0,False,False,4.28,0.0,0.0,0.0,390631397,390637762,524517302,524523951,942238364,942244154,0.0,0.0,289.0,4.28,2.1399999999998727,L020
524541012,short,2026-06-29 20:08:39,4030.06,0.03,2026-06-29 20:26:02,4025.1,4030.06,0.0,False,False,14.88,0.0,0.0,0.0,390653595,390692770,524541012,524581267,942255996,942288351,0.0,0.0,1043.0,14.88,4.960000000000036,S014
524568455,long,2026-06-29 20:24:31,4027.81,0.02,2026-06-29 21:13:20,4023.56,4027.81,0.0,False,False,-8.5,0.0,0.0,0.0,390680949,390755897,524568455,524645481,942282171,942356010,0.0,0.0,2929.0,-8.5,-4.25,L021
524587136,long,2026-06-29 20:26:31,4024.83,0.02,2026-06-29 21:13:20,4023.56,4024.83,0.0,False,False,-2.54,0.0,0.0,0.0,390699165,390755919,524587136,524645651,942292153,942356011,0.0,0.0,2809.0,-2.54,-1.2699999999999818,L021
524609657,long,2026-06-29 20:32:31,4022.28,0.03,2026-06-29 21:13:20,4023.56,4022.2799999999997,4.547473508864641e-13,False,False,3.84,0.0,0.0,0.0,390720998,390756047,524609657,524645824,942310607,942356012,0.0,0.0,2449.0,3.84,1.2799999999997453,L021
524635601,long,2026-06-29 20:59:03,4020.68,0.04,2026-06-29 21:13:20,4023.6,4020.68,0.0,False,False,11.68,0.0,0.0,0.0,390745865,390756421,524635601,524645998,942343570,942356014,0.0,0.0,857.0,11.68,2.9200000000000728,L021
528655326,short,2026-06-30 09:30:46,4014.64,0.11,2026-06-30 09:41:30,4023.03,4014.6400000000003,4.547473508864641e-13,False,False,-92.29,0.0,0.0,0.0,394543260,394722750,528655326,528871266,944419908,944529817,0.0,0.0,644.0,-92.29,-8.390000000000327,S015
528655602,short,2026-06-30 09:30:46,4014.64,0.14,2026-06-30 09:41:31,4022.94,4014.64,0.0,False,False,-116.2,0.0,0.0,0.0,394543173,394723001,528655602,528871447,944419909,944529844,0.0,0.0,645.0,-116.2,-8.300000000000182,S015
528655651,short,2026-06-30 09:30:46,4014.64,0.09,2026-06-30 09:41:31,4022.9,4014.64,0.0,False,False,-74.34,0.0,0.0,0.0,394543247,394723103,528655651,528871622,944419929,944529855,0.0,0.0,645.0,-74.34,-8.260000000000218,S015
528657813,short,2026-06-30 09:30:47,4014.76,0.06,2026-06-30 09:41:32,4022.38,4014.76,0.0,False,False,-45.72,0.0,0.0,0.0,394543776,394723351,528657813,528871788,944420325,944529914,1.0,0.0,645.0,-45.72,-7.619999999999891,S015
528679419,short,2026-06-30 09:31:11,4016.39,0.05,2026-06-30 09:41:33,4022.37,4016.39,0.0,False,False,-29.9,0.0,0.0,0.0,394560434,394723498,528679419,528871966,944427961,944529985,0.0,1.0,622.0,-29.9,-5.980000000000018,S015
528686974,short,2026-06-30 09:31:19,4017.62,0.04,2026-06-30 09:41:33,4022.42,4017.62,0.0,False,False,-19.2,0.0,0.0,0.0,394566250,394723643,528686974,528872146,944431912,944530058,0.0,0.0,614.0,-19.2,-4.800000000000182,S015
528689797,short,2026-06-30 09:31:26,4016.73,0.03,2026-06-30 09:41:34,4022.51,4016.73,0.0,False,False,-17.34,0.0,0.0,0.0,394570064,394723886,528689797,528872310,944434285,944530181,1.0,1.0,608.0,-17.34,-5.7800000000002,S015
528690111,short,2026-06-30 09:31:26,4016.73,0.02,2026-06-30 09:40:10,4023.55,4016.73,0.0,False,False,-13.64,0.0,0.0,0.0,394570116,394715929,528690111,528864352,944434394,944522634,1.0,1.0,524.0,-13.64,-6.820000000000164,S015
528690528,short,2026-06-30 09:31:26,4016.46,0.02,2026-06-30 09:40:10,4023.57,4016.46,0.0,False,False,-14.22,0.0,0.0,0.0,394570540,394716086,528690528,528864532,944434473,944522666,0.0,0.0,524.0,-14.22,-7.110000000000127,S015
528690899,short,2026-06-30 09:31:27,4016.65,0.03,2026-06-30 09:41:34,4022.45,4016.6499999999996,4.547473508864641e-13,False,False,-17.4,0.0,0.0,0.0,394571759,394723987,528690899,528872521,944434587,944530245,1.0,0.0,607.0,-17.4,-5.799999999999727,S015
528691239,short,2026-06-30 09:31:28,4017.05,0.02,2026-06-30 09:40:11,4023.77,4017.05,0.0,False,False,-13.44,0.0,0.0,0.0,394573641,394716213,528691239,528864705,944434757,944522707,1.0,1.0,523.0,-13.44,-6.7199999999998,S015
528695954,short,2026-06-30 09:31:41,4016.57,0.18,2026-06-30 09:40:11,4023.98,4016.57,0.0,False,False,-133.38,0.0,0.0,0.0,394577432,394716387,528695954,528864877,944436094,944522738,1.0,0.0,510.0,-133.38,-7.4099999999998545,S015
528698887,short,2026-06-30 09:31:51,4016.51,0.24,2026-06-30 09:40:12,4023.97,4016.5099999999998,4.547473508864641e-13,False,False,-179.04,0.0,0.0,0.0,394578676,394716589,528698887,528865052,944437093,944522798,0.0,0.0,501.0,-179.04,-7.459999999999582,S015
528749495,short,2026-06-30 09:33:24,4022.63,0.31,2026-06-30 09:40:13,4023.33,4022.63,0.0,False,False,-21.7,0.0,0.0,0.0,394617573,394716829,528749495,528865229,944466758,944522864,0.0,0.0,409.0,-21.7,-0.6999999999998181,S015
528808711,short,2026-06-30 09:35:09,4029.92,0.41,2026-06-30 09:40:13,4023.39,4029.92,0.0,False,False,267.73,0.0,0.0,0.0,394665263,394716953,528808711,528865402,944488304,944522944,0.0,0.0,304.0,267.73,6.5300000000002,S015
528835703,long,2026-06-30 09:36:00,4031.86,0.02,2026-06-30 09:40:14,4022.94,4031.86,0.0,False,False,-17.84,0.0,0.0,0.0,394687499,394717105,528835703,528865570,944499178,944523013,1.0,0.0,254.0,-17.84,-8.920000000000073,L022
528836095,short,2026-06-30 09:36:00,4031.21,0.54,2026-06-30 09:40:15,4023.34,4031.21,0.0,False,False,424.98,0.0,0.0,0.0,394687950,394717384,528836095,528865743,944499293,944523085,0.0,1.0,255.0,424.98,7.869999999999891,S015
528854214,long,2026-06-30 09:37:46,4025.11,0.02,2026-06-30 09:40:15,4023.07,4025.11,0.0,False,False,-4.08,0.0,0.0,0.0,394705902,394717431,528854214,528865907,944512808,944523151,0.0,0.0,149.0,-4.08,-2.0399999999999636,L022
528863697,long,2026-06-30 09:39:35,4022.44,0.02,2026-06-30 09:40:16,4023.08,4022.44,0.0,False,False,1.28,0.0,0.0,0.0,394715424,394717616,528863697,528866091,944520644,944523202,1.0,1.0,41.0,1.28,0.6399999999998727,L022
528979048,long,2026-06-30 10:00:07,4030.07,0.02,2026-06-30 10:00:09,4029.28,4030.07,0.0,False,False,-1.58,0.0,0.0,0.0,394819768,394819967,528979048,528979319,944598481,944599000,0.0,0.0,2.0,-1.58,-0.7899999999999636,L023
528989526,long,2026-06-30 10:03:24,4027.2,0.02,2026-06-30 10:03:37,4026.26,4027.2000000000003,4.547473508864641e-13,False,False,-1.88,0.0,0.0,0.0,394827981,394829310,528989526,528990940,944609565,944610232,1.0,1.0,13.0,-1.88,-0.9399999999995998,L024
528989743,long,2026-06-30 10:03:26,4027.01,0.02,2026-06-30 10:03:44,4025.64,4027.0099999999998,4.547473508864641e-13,False,False,-2.74,0.0,0.0,0.0,394828246,394830347,528989743,528991897,944609687,944610849,1.0,0.0,18.0,-2.74,-1.3700000000003456,L024
528989920,short,2026-06-30 10:03:26,4026.58,0.54,2026-06-30 10:12:58,4024.48,4026.58,0.0,False,False,113.4,0.0,0.0,0.0,394828432,394856719,528989920,529020172,944609691,944631905,1.0,0.0,572.0,113.4,2.099999999999909,S016
528990115,short,2026-06-30 10:03:27,4026.81,0.41,2026-06-30 10:12:58,4024.75,4026.81,0.0,False,False,84.46,0.0,0.0,0.0,394828581,394856765,528990115,529020339,944609754,944631968,0.0,0.0,571.0,84.46,2.0599999999999454,S016
528990282,short,2026-06-30 10:03:27,4026.81,0.31,2026-06-30 10:12:58,4024.46,4026.81,0.0,False,False,72.85,0.0,0.0,0.0,394828623,394856455,528990282,529020003,944609756,944631884,0.0,1.0,571.0,72.85,2.349999999999909,S016
528990521,short,2026-06-30 10:03:33,4026.96,0.24,2026-06-30 10:03:46,4025.98,4026.96,0.0,False,False,23.52,0.0,0.0,0.0,394828916,394831562,528990521,528993174,944610036,944611080,1.0,0.0,13.0,23.52,0.9800000000000182,S016
528990701,short,2026-06-30 10:03:34,4026.74,0.18,2026-06-30 10:12:57,4024.45,4026.74,0.0,False,False,41.22,0.0,0.0,0.0,394829071,394856230,528990701,529019825,944610075,944631861,0.0,0.0,563.0,41.22,2.2899999999999636,S016
528991465,short,2026-06-30 10:03:44,4025.53,0.02,2026-06-30 10:12:55,4024.17,4025.53,0.0,False,False,2.72,0.0,0.0,0.0,394829703,394854735,528991465,529018411,944610809,944631479,1.0,0.0,551.0,2.72,1.3600000000001273,S016
528991633,short,2026-06-30 10:03:44,4025.63,0.06,2026-06-30 10:12:57,4024.15,4025.63,0.0,False,False,8.88,0.0,0.0,0.0,394829860,394855860,528991633,529019306,944610840,944631729,0.0,1.0,553.0,8.88,1.4800000000000182,S016
528991967,short,2026-06-30 10:03:44,4025.65,0.03,2026-06-30 10:12:56,4024.18,4025.6499999999996,4.547473508864641e-13,False,False,4.41,0.0,0.0,0.0,394830179,394855143,528991967,529018613,944610843,944631566,0.0,1.0,552.0,4.41,1.4700000000002547,S016
528992145,short,2026-06-30 10:03:44,4025.65,0.02,2026-06-30 10:12:55,4024.17,4025.65,0.0,False,False,2.96,0.0,0.0,0.0,394830116,394854873,528992145,529018240,944610844,944631472,0.0,1.0,551.0,2.96,1.4800000000000182,S016
528992311,short,2026-06-30 10:03:45,4025.64,0.02,2026-06-30 10:12:55,4024.17,4025.64,0.0,False,False,2.94,0.0,0.0,0.0,394830587,394854546,528992311,529018074,944610845,944631468,1.0,1.0,550.0,2.94,1.4699999999998,S016
528992480,short,2026-06-30 10:03:45,4025.64,0.04,2026-06-30 10:12:56,4024.17,4025.64,0.0,False,False,5.88,0.0,0.0,0.0,394830571,394855253,528992480,529018781,944610846,944631619,1.0,1.0,551.0,5.88,1.4699999999998,S016
528992668,short,2026-06-30 10:03:46,4025.57,0.05,2026-06-30 10:12:56,4024.14,4025.5699999999997,4.547473508864641e-13,False,False,7.15,0.0,0.0,0.0,394831150,394855506,528992668,529018951,944611058,944631643,0.0,0.0,550.0,7.15,1.430000000000291,S016
528992836,short,2026-06-30 10:03:46,4025.57,0.11,2026-06-30 10:12:57,4024.15,4025.57,0.0,False,False,15.62,0.0,0.0,0.0,394831187,394855965,528992836,529019470,944611063,944631748,0.0,1.0,551.0,15.62,1.4200000000000728,S016
528993003,short,2026-06-30 10:03:46,4025.6,0.09,2026-06-30 10:12:56,4024.15,4025.6,0.0,False,False,13.05,0.0,0.0,0.0,394831010,394855570,528993003,529019134,944611064,944631715,0.0,0.0,550.0,13.05,1.449999999999818,S016
528993341,short,2026-06-30 10:03:46,4025.55,0.14,2026-06-30 10:12:57,4024.45,4025.5499999999997,4.547473508864641e-13,False,False,15.4,0.0,0.0,0.0,394831530,394856171,528993341,529019656,944611081,944631855,0.0,0.0,551.0,15.4,1.1000000000003638,S016
528993991,long,2026-06-30 10:04:59,4027.6,0.02,2026-06-30 10:05:05,4025.86,4027.6,0.0,False,False,-3.48,0.0,0.0,0.0,394832161,394832731,528993991,528994638,944612941,944613585,1.0,0.0,6.0,-3.48,-1.7399999999997817,L025
528994164,long,2026-06-30 10:04:59,4027.44,0.02,2026-06-30 10:05:07,4025.82,4027.44,0.0,False,False,-3.24,0.0,0.0,0.0,394832288,394832907,528994164,528994806,944612958,944613681,0.0,0.0,8.0,-3.24,-1.6199999999998909,L025
528994330,short,2026-06-30 10:04:59,4027.01,0.24,2026-06-30 10:12:54,4024.18,4027.0099999999998,4.547473508864641e-13,False,False,67.92,0.0,0.0,0.0,394832498,394854398,528994330,529017847,944612963,944631390,0.0,0.0,475.0,67.92,2.830000000000382,S016
529008415,long,2026-06-30 10:07:17,4029.73,0.02,2026-06-30 10:12:54,4023.69,4029.73,0.0,False,False,-12.08,0.0,0.0,0.0,394845512,394854171,529008415,529017680,944621806,944631372,0.0,1.0,337.0,-12.08,-6.039999999999964,L026
529054492,short,2026-06-30 10:21:35,4029.1,0.41,2026-06-30 10:22:45,4027.65,4029.1,0.0,False,False,59.45,0.0,0.0,0.0,394888720,394896039,529054492,529062196,944656232,944660049,1.0,1.0,70.0,59.45,1.449999999999818,S017
529054704,short,2026-06-30 10:21:35,4029.12,0.54,2026-06-30 10:22:45,4027.61,4029.1200000000003,4.547473508864641e-13,False,False,81.54,0.0,0.0,0.0,394888975,394896161,529054704,529062370,944656251,944660132,0.0,0.0,70.0,81.54,1.5099999999997635,S017
529055116,short,2026-06-30 10:21:41,4029.59,0.31,2026-06-30 10:22:44,4027.73,4029.59,0.0,False,False,57.66,0.0,0.0,0.0,394889383,394895803,529055116,529062029,944656564,944660039,0.0,0.0,63.0,57.66,1.8600000000001273,S017
529055288,short,2026-06-30 10:21:41,4029.59,0.24,2026-06-30 10:22:44,4027.74,4029.5899999999997,4.547473508864641e-13,False,False,44.4,0.0,0.0,0.0,394889499,394895576,529055288,529061859,944656569,944659982,0.0,1.0,63.0,44.4,1.8500000000003638,S017
529055455,short,2026-06-30 10:21:42,4029.58,0.02,2026-06-30 10:22:41,4027.78,4029.5800000000004,4.547473508864641e-13,False,False,3.6,0.0,0.0,0.0,394889689,394893891,529055455,529060134,944656580,944659657,1.0,0.0,59.0,3.6,1.7999999999997272,S017
529055623,short,2026-06-30 10:21:42,4029.31,0.11,2026-06-30 10:22:43,4027.74,4029.31,0.0,False,False,17.27,0.0,0.0,0.0,394889864,394895114,529055623,529061355,944656600,944659900,1.0,0.0,61.0,17.27,1.5700000000001637,S017
529055794,short,2026-06-30 10:21:42,4029.34,0.09,2026-06-30 10:22:43,4027.68,4029.3399999999997,4.547473508864641e-13,False,False,14.94,0.0,0.0,0.0,394890078,394894933,529055794,529061177,944656626,944659859,1.0,0.0,61.0,14.94,1.6600000000003092,S017
529055963,short,2026-06-30 10:21:42,4029.34,0.02,2026-06-30 10:22:41,4027.84,4029.34,0.0,False,False,3.0,0.0,0.0,0.0,394890184,394893752,529055963,529059968,944656632,944659656,0.0,0.0,59.0,3.0,1.5,S017
529056133,short,2026-06-30 10:21:42,4029.34,0.02,2026-06-30 10:22:41,4027.73,4029.34,0.0,False,False,3.22,0.0,0.0,0.0,394890282,394894026,529056133,529060308,944656642,944659686,0.0,0.0,59.0,3.22,1.6100000000001273,S017
529056302,short,2026-06-30 10:21:42,4029.34,0.14,2026-06-30 10:22:44,4027.73,4029.34,0.0,False,False,22.54,0.0,0.0,0.0,394890472,394895301,529056302,529061519,944656646,944659918,0.0,1.0,62.0,22.54,1.6100000000001273,S017
529056478,short,2026-06-30 10:21:43,4029.35,0.18,2026-06-30 10:22:44,4027.71,4029.35,0.0,False,False,29.52,0.0,0.0,0.0,394890766,394895368,529056478,529061692,944656657,944659921,1.0,1.0,61.0,29.52,1.6399999999998727,S017
529056659,short,2026-06-30 10:21:45,4029.42,0.06,2026-06-30 10:22:43,4027.65,4029.42,0.0,False,False,10.62,0.0,0.0,0.0,394890916,394894802,529056659,529060994,944656994,944659753,1.0,1.0,58.0,10.62,1.7699999999999818,S017
529056832,short,2026-06-30 10:21:45,4029.41,0.03,2026-06-30 10:22:42,4027.51,4029.4100000000003,4.547473508864641e-13,False,False,5.7,0.0,0.0,0.0,394891042,394894331,529056832,529060482,944657002,944659716,0.0,0.0,57.0,5.7,1.8999999999996362,S017
529056998,short,2026-06-30 10:21:45,4029.41,0.05,2026-06-30 10:22:42,4027.54,4029.41,0.0,False,False,9.35,0.0,0.0,0.0,394891250,394894414,529056998,529060830,944657003,944659737,0.0,0.0,57.0,9.35,1.8699999999998909,S017
529057169,short,2026-06-30 10:21:45,4029.42,0.04,2026-06-30 10:22:42,4027.61,4029.42,0.0,False,False,7.24,0.0,0.0,0.0,394891418,394894486,529057169,529060654,944657017,944659735,0.0,0.0,57.0,7.24,1.8099999999999454,S017
529130848,short,2026-06-30 10:40:34,4029.33,0.54,2026-06-30 10:50:36,4026.21,4029.33,0.0,False,False,168.48,0.0,0.0,0.0,394957887,394972970,529130848,529147014,944713779,944728979,1.0,0.0,602.0,168.48,3.119999999999891,S018
529131057,short,2026-06-30 10:40:34,4029.42,0.41,2026-06-30 10:50:35,4026.21,4029.42,0.0,False,False,131.61,0.0,0.0,0.0,394958050,394972538,529131057,529146599,944713798,944728744,0.0,0.0,601.0,131.61,3.2100000000000364,S018
529131229,short,2026-06-30 10:40:35,4029.41,0.31,2026-06-30 10:50:36,4026.21,4029.41,0.0,False,False,99.2,0.0,0.0,0.0,394958309,394972676,529131229,529146806,944713809,944728820,1.0,1.0,601.0,99.2,3.199999999999818,S018
529131398,short,2026-06-30 10:40:35,4029.41,0.24,2026-06-30 10:50:35,4026.13,4029.4100000000003,4.547473508864641e-13,False,False,78.72,0.0,0.0,0.0,394958444,394972068,529131398,529146334,944713825,944728538,0.0,0.0,600.0,78.72,3.2799999999997453,S018
529131572,short,2026-06-30 10:40:36,4029.41,0.18,2026-06-30 10:50:35,4026.13,4029.4100000000003,4.547473508864641e-13,False,False,59.04,0.0,0.0,0.0,394958650,394972002,529131572,529146044,944713849,944728467,1.0,0.0,599.0,59.04,3.2799999999997453,S018
529131750,short,2026-06-30 10:40:36,4029.4,0.09,2026-06-30 10:50:34,4026.25,4029.4,0.0,False,False,28.35,0.0,0.0,0.0,394958931,394971044,529131750,529144910,944713926,944728219,0.0,1.0,598.0,28.35,3.150000000000091,S018
529131921,short,2026-06-30 10:40:36,4029.4,0.11,2026-06-30 10:50:34,4026.03,4029.4,0.0,False,False,37.07,0.0,0.0,0.0,394959123,394971154,529131921,529145098,944713929,944728297,0.0,0.0,598.0,37.07,3.369999999999891,S018
529132088,short,2026-06-30 10:40:36,4029.4,0.14,2026-06-30 10:50:34,4025.91,4029.3999999999996,4.547473508864641e-13,False,False,48.86,0.0,0.0,0.0,394959165,394971475,529132088,529145459,944713930,944728353,0.0,0.0,598.0,48.86,3.4900000000002365,S018
529132278,short,2026-06-30 10:40:43,4029.44,0.03,2026-06-30 10:50:33,4026.31,4029.44,0.0,False,False,9.39,0.0,0.0,0.0,394959440,394970398,529132278,529144381,944714310,944727958,0.0,0.0,590.0,9.39,3.130000000000109,S018
529132449,short,2026-06-30 10:40:43,4029.44,0.04,2026-06-30 10:50:33,4026.31,4029.44,0.0,False,False,12.52,0.0,0.0,0.0,394959489,394970393,529132449,529144201,944714311,944727895,0.0,0.0,590.0,12.52,3.130000000000109,S018
529132633,short,2026-06-30 10:40:44,4029.42,0.05,2026-06-30 10:50:33,4026.27,4029.42,0.0,False,False,15.75,0.0,0.0,0.0,394959700,394970701,529132633,529144556,944714334,944728061,1.0,0.0,589.0,15.75,3.150000000000091,S018
529132807,short,2026-06-30 10:40:44,4029.42,0.06,2026-06-30 10:50:34,4026.24,4029.4199999999996,4.547473508864641e-13,False,False,19.08,0.0,0.0,0.0,394959905,394970868,529132807,529144731,944714345,944728107,1.0,1.0,590.0,19.08,3.180000000000291,S018
529132982,short,2026-06-30 10:40:49,4029.41,0.02,2026-06-30 10:50:33,4026.34,4029.4100000000003,4.547473508864641e-13,False,False,6.14,0.0,0.0,0.0,394959991,394970154,529132982,529144021,944714574,944727877,0.0,1.0,584.0,6.14,3.069999999999709,S018
529133158,short,2026-06-30 10:40:50,4029.34,0.02,2026-06-30 10:50:32,4026.22,4029.3399999999997,4.547473508864641e-13,False,False,6.24,0.0,0.0,0.0,394960201,394969998,529133158,529143764,944714596,944727737,0.0,0.0,582.0,6.24,3.1200000000003456,S018
529133323,short,2026-06-30 10:40:51,4029.31,0.02,2026-06-30 10:50:32,4026.24,4029.31,0.0,False,False,6.14,0.0,0.0,0.0,394960368,394969935,529133323,529143581,944714648,944727731,1.0,0.0,581.0,6.14,3.0700000000001637,S018
534005641,short,2026-07-01 14:26:59,4022.74,0.7,2026-07-01 15:02:03,4030.69,4022.7400000000002,4.547473508864641e-13,False,False,-556.5,0.0,0.0,0.0,399395555,399453652,534005641,534064913,949007463,949109414,0.0,0.0,2104.0,-556.5,-7.950000000000273,S019
534005815,short,2026-07-01 14:26:59,4022.74,0.54,2026-07-01 15:02:05,4030.65,4022.7400000000002,4.547473508864641e-13,False,False,-427.14,0.0,0.0,0.0,399395662,399454348,534005815,534065443,949007469,949109685,0.0,0.0,2106.0,-427.14,-7.910000000000309,S019
534006027,short,2026-07-01 14:27:00,4022.95,0.41,2026-07-01 15:02:05,4030.69,4022.9500000000003,4.547473508864641e-13,False,False,-317.34,0.0,0.0,0.0,399396068,399454078,534006027,534065275,949007536,949109645,0.0,1.0,2105.0,-317.34,-7.7400000000002365,S019
534006306,short,2026-07-01 14:27:03,4022.9,0.31,2026-07-01 15:02:04,4030.71,4022.9,0.0,False,False,-242.11,0.0,0.0,0.0,399396259,399453915,534006306,534065098,949007986,949109556,1.0,0.0,2101.0,-242.11,-7.809999999999945,S019
534006594,short,2026-07-01 14:27:12,4023.4,0.24,2026-07-01 15:02:06,4030.62,4023.4,0.0,False,False,-173.28,0.0,0.0,0.0,399396655,399454714,534006594,534065987,949008471,949109842,1.0,0.0,2094.0,-173.28,-7.2199999999998,S019
534006787,short,2026-07-01 14:27:23,4023.71,0.18,2026-07-01 15:02:06,4030.6,4023.71,0.0,False,False,-124.02,0.0,0.0,0.0,399396715,399454634,534006787,534065814,949008705,949109826,0.0,1.0,2083.0,-124.02,-6.889999999999873,S019
534006964,short,2026-07-01 14:27:25,4022.83,0.14,2026-07-01 15:02:05,4030.59,4022.83,0.0,False,False,-108.64,0.0,0.0,0.0,399397103,399454540,534006964,534065632,949008753,949109750,0.0,0.0,2080.0,-108.64,-7.760000000000218,S019
534007137,short,2026-07-01 14:27:25,4022.83,0.09,2026-07-01 15:02:06,4030.31,4022.83,0.0,False,False,-67.32,0.0,0.0,0.0,399397014,399455080,534007137,534066160,949008770,949109917,0.0,0.0,2081.0,-67.32,-7.480000000000018,S019
534007311,short,2026-07-01 14:27:25,4022.83,0.11,2026-07-01 15:02:07,4030.29,4022.83,0.0,False,False,-82.06,0.0,0.0,0.0,399397135,399455136,534007311,534066337,949008772,949109968,0.0,1.0,2082.0,-82.06,-7.460000000000036,S019
534016043,short,2026-07-01 14:29:48,4025.97,0.9,2026-07-01 15:02:03,4030.69,4025.9700000000003,4.547473508864641e-13,False,False,-424.8,0.0,0.0,0.0,399405897,399453605,534016043,534064736,949017503,949109396,0.0,0.0,1935.0,-424.8,-4.720000000000255,S019
534035730,short,2026-07-01 14:43:47,4029.17,1.17,2026-07-01 15:02:03,4030.34,4029.17,0.0,False,False,-136.89,0.0,0.0,0.0,399425166,399453446,534035730,534064570,949051066,949109255,0.0,1.0,1096.0,-136.89,-1.1700000000000728,S019
534039271,short,2026-07-01 14:44:05,4030.86,1.52,2026-07-01 15:02:02,4030.34,4030.86,0.0,False,False,79.04,0.0,0.0,0.0,399428710,399453016,534039271,534064203,949056413,949109025,1.0,1.0,1077.0,79.04,0.5199999999999818,S019
534046101,short,2026-07-01 14:47:26,4032.09,1.98,2026-07-01 15:02:02,4030.29,4032.09,0.0,False,False,356.4,0.0,0.0,0.0,399435483,399453221,534046101,534064397,949070405,949109210,0.0,0.0,876.0,356.4,1.800000000000182,S019
534049497,short,2026-07-01 14:48:25,4033.09,2.57,2026-07-01 15:02:01,4029.81,4033.09,0.0,False,False,842.96,0.0,0.0,0.0,399438862,399452809,534049497,534064014,949075703,949108824,1.0,0.0,816.0,842.96,3.2800000000002,S019
534054858,short,2026-07-01 14:50:39,4034.87,3.34,2026-07-01 15:02:01,4029.63,4034.87,0.0,False,False,1750.16,0.0,0.0,0.0,399444101,399452725,534054858,534063818,949085383,949108681,1.0,1.0,682.0,1750.16,5.239999999999782,S019
536312523,short,2026-07-02 09:01:03,4070.43,0.02,2026-07-02 09:05:35,4068.75,4070.43,0.0,False,False,3.36,0.0,0.0,0.0,401642164,401689366,536312523,536359480,951731113,951761635,1.0,1.0,272.0,3.36,1.6799999999998363,S020
536336924,short,2026-07-02 09:02:37,4074.44,0.02,2026-07-02 09:05:35,4068.74,4074.4399999999996,4.547473508864641e-13,False,False,11.4,0.0,0.0,0.0,401667350,401689425,536336924,536359775,951747005,951761782,0.0,1.0,178.0,11.4,5.700000000000273,S020
536397567,long,2026-07-02 09:15:19,4068.45,0.02,2026-07-02 09:17:00,4071.24,4068.45,0.0,False,False,5.58,0.0,0.0,0.0,401727552,401733483,536397567,536405804,951791673,951796081,0.0,0.0,101.0,5.58,2.7899999999999636,L027
536439469,short,2026-07-02 09:21:20,4075.12,0.02,2026-07-02 09:30:03,4074.95,4075.12,0.0,False,False,0.34,0.0,0.0,0.0,401768320,401813726,536439469,536486257,951814680,951843433,1.0,0.0,523.0,0.34,0.17000000000007276,S021
536460563,short,2026-07-02 09:22:57,4078.56,0.02,2026-07-02 09:30:03,4074.96,4078.56,0.0,False,False,7.2,0.0,0.0,0.0,401788690,401813347,536460563,536486009,951825451,951843406,1.0,1.0,426.0,7.2,3.599999999999909,S021
536486754,long,2026-07-02 09:30:03,4074.95,0.02,2026-07-02 09:50:06,4073.96,4074.95,0.0,False,False,-1.98,0.0,0.0,0.0,401814181,401889713,536486754,536562241,951843685,951907510,0.0,1.0,1203.0,-1.98,-0.9899999999997817,L028
536501337,long,2026-07-02 09:39:48,4073.54,0.02,2026-07-02 09:50:06,4073.96,4073.54,0.0,False,False,0.84,0.0,0.0,0.0,401829238,401889730,536501337,536562150,951859995,951907503,0.0,1.0,618.0,0.84,0.42000000000007276,L028
536529404,long,2026-07-02 09:43:23,4067.16,0.03,2026-07-02 09:50:05,4073.82,4067.1600000000003,4.547473508864641e-13,False,False,19.98,0.0,0.0,0.0,401856931,401888900,536529404,536561608,951878348,951907405,0.0,1.0,402.0,19.98,6.660000000000309,L028
536568083,short,2026-07-02 09:50:10,4073.35,0.02,2026-07-02 10:00:17,4071.42,4073.35,0.0,False,False,3.86,0.0,0.0,0.0,401894877,401946287,536568083,536622443,951910723,951943828,1.0,1.0,607.0,3.86,1.9299999999998363,S022
536609923,short,2026-07-02 09:57:39,4075.18,0.02,2026-07-02 10:00:17,4071.35,4075.18,0.0,False,False,7.66,0.0,0.0,0.0,401936878,401946468,536609923,536622745,951934194,951944030,0.0,1.0,158.0,7.66,3.8299999999999272,S022
536640463,long,2026-07-02 10:04:06,4068.97,0.02,2026-07-02 10:08:13,4071.84,4068.9700000000003,4.547473508864641e-13,False,False,5.74,0.0,0.0,0.0,401965966,401975620,536640463,536650892,951957479,951968869,0.0,1.0,247.0,5.74,2.8700000000003456,L029
536670759,short,2026-07-02 10:10:46,4072.67,0.02,2026-07-02 10:12:46,4069.51,4072.67,0.0,False,False,6.32,0.0,0.0,0.0,401996345,402004308,536670759,536680657,951978953,951984009,0.0,0.0,120.0,6.32,3.1599999999998545,S023
536687830,long,2026-07-02 10:13:22,4069.12,0.02,2026-07-02 10:38:48,4067.62,4069.12,0.0,False,False,-3.0,0.0,0.0,0.0,402013131,402081721,536687830,536758349,951988057,952054058,0.0,1.0,1526.0,-3.0,-1.5,L030
536697096,long,2026-07-02 10:17:15,4067.29,0.02,2026-07-02 10:38:48,4067.62,4067.29,0.0,False,False,0.66,0.0,0.0,0.0,402021805,402081773,536697096,536758474,951997271,952054082,0.0,1.0,1293.0,0.66,0.32999999999992724,L030
536706175,long,2026-07-02 10:20:23,4066.15,0.03,2026-07-02 10:38:48,4067.62,4066.15,0.0,False,False,4.41,0.0,0.0,0.0,402030192,402081669,536706175,536758671,952005227,952054103,1.0,1.0,1105.0,4.41,1.4699999999998,L030
536719689,long,2026-07-02 10:24:02,4063.01,0.04,2026-07-02 10:38:48,4067.62,4063.0099999999998,4.547473508864641e-13,False,False,18.44,0.0,0.0,0.0,402043370,402081470,536719689,536758120,952017084,952054053,1.0,1.0,886.0,18.44,4.609999999999673,L030
536781530,short,2026-07-02 10:40:31,4070.39,0.02,2026-07-02 10:48:02,4067.91,4070.39,0.0,False,False,4.96,0.0,0.0,0.0,402103951,402147345,536781530,536827351,952068981,952107054,0.0,1.0,451.0,4.96,2.480000000000018,S024
536803541,short,2026-07-02 10:42:49,4074.25,0.02,2026-07-02 10:48:01,4068.02,4074.25,0.0,False,False,12.46,0.0,0.0,0.0,402125002,402146801,536803541,536827096,952085279,952107004,1.0,0.0,312.0,12.46,6.230000000000018,S024
536831119,long,2026-07-02 10:48:26,4069.01,0.02,2026-07-02 11:05:25,4068.38,4069.01,0.0,False,False,-1.26,0.0,0.0,0.0,402152350,402198340,536831119,536886132,952109674,952167545,1.0,0.0,1019.0,-1.26,-0.6300000000001091,L031
536846545,long,2026-07-02 10:54:58,4066.71,0.02,2026-07-02 11:05:26,4068.37,4066.71,0.0,False,False,3.32,0.0,0.0,0.0,402167669,402199454,536846545,536886834,952125753,952167707,0.0,1.0,628.0,3.32,1.6599999999998545,L031
536852380,long,2026-07-02 10:55:46,4064.76,0.03,2026-07-02 11:05:25,4068.34,4064.76,0.0,False,False,10.74,0.0,0.0,0.0,402173037,402198689,536852380,536886562,952132122,952167632,1.0,0.0,579.0,10.74,3.5799999999999272,L031
536862561,long,2026-07-02 11:00:39,4063.28,0.04,2026-07-02 11:05:25,4068.35,4063.2799999999997,4.547473508864641e-13,False,False,20.28,0.0,0.0,0.0,402183297,402198444,536862561,536886372,952147884,952167609,1.0,0.0,286.0,20.28,5.069999999999709,L031
536898249,short,2026-07-02 11:06:15,4068.0,0.02,2026-07-02 12:06:47,4072.75,4068.0,0.0,False,False,-9.5,0.0,0.0,0.0,402218690,402378455,536898249,537060517,952175311,952340720,0.0,1.0,3632.0,-9.5,-4.75,S025
536924869,short,2026-07-02 11:10:59,4072.64,0.02,2026-07-02 12:06:47,4072.75,4072.64,0.0,False,False,-0.22,0.0,0.0,0.0,402244571,402378632,536924869,537060708,952196856,952340749,0.0,0.0,3348.0,-0.22,-0.11000000000012733,S025
536936833,long,2026-07-02 11:14:49,4070.36,0.02,2026-07-02 11:19:59,4073.12,4070.3599999999997,4.547473508864641e-13,False,False,5.52,0.0,0.0,0.0,402256628,402265764,536936833,536947733,952208241,952220213,1.0,0.0,310.0,5.52,2.7599999999997635,L032
536968061,short,2026-07-02 11:23:22,4076.46,0.03,2026-07-02 12:06:47,4072.79,4076.46,0.0,False,False,11.01,0.0,0.0,0.0,402287414,402378074,536968061,537060121,952238579,952340652,1.0,1.0,2605.0,11.01,3.6700000000000728,S025
536980616,long,2026-07-02 11:33:07,4074.52,0.02,2026-07-02 11:41:24,4075.95,4074.52,0.0,False,False,2.86,0.0,0.0,0.0,402299883,402309087,536980616,536991623,952255461,952270902,1.0,1.0,497.0,2.86,1.4299999999998363,L033
537017526,short,2026-07-02 11:49:39,4077.97,0.04,2026-07-02 12:06:47,4072.67,4077.9700000000003,4.547473508864641e-13,False,False,21.2,0.0,0.0,0.0,402336096,402378373,537017526,537060299,952296129,952340684,1.0,1.0,1028.0,21.2,5.299999999999727,S025
537024904,long,2026-07-02 11:52:17,4075.23,0.02,2026-07-02 11:53:58,4077.71,4075.23,0.0,False,False,4.96,0.0,0.0,0.0,402343445,402351895,537024904,537033351,952304904,952310390,0.0,0.0,101.0,4.96,2.480000000000018,L034
537053043,long,2026-07-02 12:06:06,4075.08,0.02,2026-07-02 12:42:49,4071.92,4075.08,0.0,False,False,-6.32,0.0,0.0,0.0,402371385,402443917,537053043,537126490,952335751,952431560,1.0,1.0,2203.0,-6.32,-3.1599999999998545,L035
537066233,long,2026-07-02 12:07:23,4072.17,0.02,2026-07-02 12:42:49,4071.92,4072.17,0.0,False,False,-0.5,0.0,0.0,0.0,402384466,402444343,537066233,537126993,952346905,952431763,1.0,1.0,2126.0,-0.5,-0.25,L035
537077727,long,2026-07-02 12:17:22,4071.48,0.03,2026-07-02 12:42:49,4071.92,4071.48,0.0,False,False,1.32,0.0,0.0,0.0,402396253,402444643,537077727,537126862,952368286,952431743,1.0,1.0,1527.0,1.32,0.44000000000005457,L035
537095302,long,2026-07-02 12:25:41,4067.79,0.04,2026-07-02 12:42:49,4071.92,4067.79,0.0,False,False,16.52,0.0,0.0,0.0,402413357,402444514,537095302,537126717,952390584,952431742,1.0,1.0,1028.0,16.52,4.130000000000109,L035
537102167,long,2026-07-02 12:31:30,4066.0,0.05,2026-07-02 12:42:49,4071.92,4066.0,0.0,False,False,29.6,0.0,0.0,0.0,402420204,402444529,537102167,537126548,952404585,952431618,0.0,1.0,679.0,29.6,5.920000000000073,L035
537130716,short,2026-07-02 12:43:35,4069.55,0.02,2026-07-02 12:54:08,4067.31,4069.5499999999997,4.547473508864641e-13,False,False,4.48,0.0,0.0,0.0,402448802,402460511,537130716,537142592,952436895,952455539,0.0,0.0,633.0,4.48,2.2400000000002365,S026
537147804,long,2026-07-02 12:56:01,4066.1,0.02,2026-07-02 13:42:05,4068.53,4066.1000000000004,4.547473508864641e-13,False,False,4.86,0.0,0.0,0.0,402465546,402496084,537147804,537179352,952463084,952536628,0.0,0.0,2764.0,4.86,2.430000000000291,L036
537154665,long,2026-07-02 13:04:13,4064.84,0.02,2026-07-02 13:42:05,4068.51,4064.84,0.0,False,False,7.34,0.0,0.0,0.0,402472229,402496422,537154665,537179569,952480814,952536753,0.0,0.0,2272.0,7.34,3.6700000000000728,L036
537169478,short,2026-07-02 13:22:46,4066.51,0.02,2026-07-02 13:33:01,4064.24,4066.5099999999998,4.547473508864641e-13,False,False,4.54,0.0,0.0,0.0,402486668,402490294,537169478,537173360,952512798,952523467,1.0,0.0,615.0,4.54,2.2700000000004366,S027
537193517,short,2026-07-02 13:59:22,4066.87,0.02,2026-07-02 14:00:41,4063.49,4066.87,0.0,False,False,6.76,0.0,0.0,0.0,402508620,402510936,537193517,537196046,952566965,952572467,0.0,1.0,79.0,6.76,3.380000000000109,S028
537201295,long,2026-07-02 14:04:29,4061.41,0.02,2026-07-02 14:12:35,4062.56,4061.41,0.0,False,False,2.3,0.0,0.0,0.0,402515528,402523767,537201295,537210744,952584754,952606751,1.0,1.0,486.0,2.3,1.150000000000091,L037
537204205,long,2026-07-02 14:06:25,4059.14,0.02,2026-07-02 14:12:35,4062.52,4059.14,0.0,False,False,6.76,0.0,0.0,0.0,402518169,402523565,537204205,537210564,952591791,952606643,1.0,1.0,370.0,6.76,3.380000000000109,L037
537211108,short,2026-07-02 14:12:45,4061.69,0.02,2026-07-02 14:58:09,4068.14,4061.69,0.0,False,False,-12.9,0.0,0.0,0.0,402524156,402546649,537211108,537237813,952608735,952693192,0.0,0.0,2724.0,-12.9,-6.449999999999818,S029
537215344,short,2026-07-02 14:17:06,4064.06,0.02,2026-07-02 14:58:10,4068.15,4064.06,0.0,False,False,-8.18,0.0,0.0,0.0,402527650,402546777,537215344,537237987,952618699,952693272,1.0,0.0,2464.0,-8.18,-4.0900000000001455,S029
537218589,short,2026-07-02 14:20:01,4065.03,0.03,2026-07-02 14:58:10,4068.16,4065.0299999999997,4.547473508864641e-13,False,False,-9.39,0.0,0.0,0.0,402530521,402547057,537218589,537238169,952626074,952693303,0.0,0.0,2289.0,-9.39,-3.1299999999996544,S029
537227274,short,2026-07-02 14:43:36,4069.02,0.04,2026-07-02 14:58:11,4068.17,4069.02,0.0,False,False,3.4,0.0,0.0,0.0,402538758,402547121,537227274,537238342,952663541,952693327,1.0,1.0,875.0,3.4,0.849999999999909,S029
537229571,short,2026-07-02 14:45:14,4070.83,0.05,2026-07-02 14:58:11,4068.15,4070.83,0.0,False,False,13.4,0.0,0.0,0.0,402540548,402547329,537229571,537238516,952669961,952693389,1.0,0.0,777.0,13.4,2.6799999999998363,S029
537386016,long,2026-07-02 16:08:07,4119.73,0.02,2026-07-02 16:10:27,4120.56,4119.7300000000005,9.094947017729282e-13,False,False,1.66,0.0,0.0,0.0,402686876,402690239,537386016,537389542,953127908,953137015,1.0,0.0,140.0,1.66,0.8300000000008367,L038
537388053,long,2026-07-02 16:09:09,4117.5,0.02,2026-07-02 16:10:28,4120.5,4117.5,0.0,False,False,6.0,0.0,0.0,0.0,402688763,402690491,537388053,537389725,953132481,953137083,0.0,1.0,79.0,6.0,3.0,L038
537389973,short,2026-07-02 16:10:29,4120.26,0.02,2026-07-02 16:17:30,4120.49,4120.26,0.0,False,False,-0.46,0.0,0.0,0.0,402690642,402702504,537389973,537401993,953137473,953163246,0.0,0.0,421.0,-0.46,-0.22999999999956344,S030
537391625,short,2026-07-02 16:11:18,4121.15,0.02,2026-07-02 16:17:30,4120.33,4121.15,0.0,False,False,1.64,0.0,0.0,0.0,402692256,402702198,537391625,537401811,953140985,953163224,0.0,0.0,372.0,1.64,0.819999999999709,S030
537393793,short,2026-07-02 16:11:57,4124.25,0.03,2026-07-02 16:17:30,4120.49,4124.25,0.0,False,False,11.28,0.0,0.0,0.0,402694450,402702585,537393793,537402177,953144888,953163519,1.0,0.0,333.0,11.28,3.7600000000002183,S030
537400714,long,2026-07-02 16:16:12,4121.25,0.02,2026-07-02 16:23:26,4119.27,4121.25,0.0,False,False,-3.96,0.0,0.0,0.0,402701216,402712410,537400714,537412127,953160973,953187996,0.0,0.0,434.0,-3.96,-1.9799999999995634,L039
537405033,long,2026-07-02 16:18:33,4116.02,0.02,2026-07-02 16:23:26,4119.12,4116.0199999999995,9.094947017729282e-13,False,False,6.2,0.0,0.0,0.0,402705369,402712771,537405033,537412497,953169605,953188046,1.0,0.0,293.0,6.2,3.0999999999994543,L039
537410246,long,2026-07-02 16:22:17,4115.08,0.03,2026-07-02 16:23:26,4119.12,4115.08,0.0,False,False,12.12,0.0,0.0,0.0,402710585,402712628,537410246,537412315,953184052,953188003,0.0,0.0,69.0,12.12,4.039999999999964,L039
537415837,long,2026-07-02 16:24:57,4114.24,0.02,2026-07-02 16:27:06,4114.3,4114.24,0.0,False,False,0.12,0.0,0.0,0.0,402716125,402720943,537415837,537420846,953194789,953209790,1.0,1.0,129.0,0.12,0.06000000000040018,L040
537417421,long,2026-07-02 16:25:40,4112.81,0.02,2026-07-02 16:27:05,4114.31,4112.81,0.0,False,False,3.0,0.0,0.0,0.0,402717533,402720826,537417421,537420668,953200157,953209757,1.0,0.0,85.0,3.0,1.5,L040
537418920,long,2026-07-02 16:25:54,4110.94,0.03,2026-07-02 16:27:05,4114.37,4110.94,0.0,False,False,10.29,0.0,0.0,0.0,402719096,402720601,537418920,537420481,953203706,953209742,0.0,0.0,71.0,10.29,3.430000000000291,L040
537424819,long,2026-07-02 16:30:06,4113.73,0.02,2026-07-02 16:30:46,4115.65,4113.73,0.0,False,False,3.84,0.0,0.0,0.0,402724890,402727333,537424819,537427367,953221058,953225296,0.0,1.0,40.0,3.84,1.9200000000000728,L041
537426067,long,2026-07-02 16:30:24,4111.99,0.02,2026-07-02 16:30:46,4115.68,4111.990000000001,9.094947017729282e-13,False,False,7.38,0.0,0.0,0.0,402726074,402727489,537426067,537427580,953223485,953225376,0.0,1.0,22.0,7.38,3.6900000000005093,L041
537430147,short,2026-07-02 16:30:57,4116.81,0.02,2026-07-02 16:41:58,4128.98,4116.8099999999995,9.094947017729282e-13,False,False,-24.34,0.0,0.0,0.0,402730043,402768879,537430147,537469355,953228301,953308511,0.0,1.0,661.0,-24.34,-12.169999999999163,S031
537432827,short,2026-07-02 16:31:15,4118.69,0.02,2026-07-02 16:41:58,4128.98,4118.69,0.0,False,False,-20.58,0.0,0.0,0.0,402732716,402768899,537432827,537469530,953233395,953308524,0.0,1.0,643.0,-20.58,-10.289999999999964,S031
537437467,short,2026-07-02 16:32:43,4121.9,0.03,2026-07-02 16:41:57,4128.95,4121.9,0.0,False,False,-21.15,0.0,0.0,0.0,402737349,402768582,537437467,537469169,953242675,953308343,0.0,0.0,554.0,-21.15,-7.050000000000182,S031
537439323,short,2026-07-02 16:33:08,4123.87,0.04,2026-07-02 16:41:57,4129.03,4123.87,0.0,False,False,-20.64,0.0,0.0,0.0,402739155,402768455,537439323,537468959,953247194,953308310,0.0,0.0,529.0,-20.64,-5.1599999999998545,S031
537443276,short,2026-07-02 16:34:06,4127.96,0.05,2026-07-02 16:41:57,4129.13,4127.96,0.0,False,False,-5.85,0.0,0.0,0.0,402742956,402768119,537443276,537468772,953257343,953308216,0.0,1.0,471.0,-5.85,-1.1700000000000728,S031
537445917,short,2026-07-02 16:35:21,4130.1,0.06,2026-07-02 16:41:56,4129.12,4130.099999999999,9.094947017729282e-13,False,False,5.88,0.0,0.0,0.0,402745488,402767974,537445917,537468596,953265042,953308210,1.0,0.0,395.0,5.88,0.9800000000004729,S031
537448066,short,2026-07-02 16:35:38,4133.47,0.08,2026-07-02 16:41:56,4129.35,4133.47,0.0,False,False,32.96,0.0,0.0,0.0,402747575,402767825,537448066,537468385,953269886,953308136,0.0,1.0,378.0,32.96,4.119999999999891,S031
537450213,short,2026-07-02 16:35:57,4136.25,0.11,2026-07-02 16:41:56,4129.4,4136.25,0.0,False,False,75.35,0.0,0.0,0.0,402749800,402767643,537450213,537468202,953274732,953308119,1.0,1.0,359.0,75.35,6.850000000000364,S031
537458335,long,2026-07-02 16:38:20,4129.64,0.02,2026-07-02 16:39:32,4134.8,4129.64,0.0,False,False,10.32,0.0,0.0,0.0,402757985,402760007,537458335,537460348,953290410,953294367,1.0,1.0,72.0,10.32,5.1599999999998545,L042
537488131,short,2026-07-02 16:47:14,4138.56,0.02,2026-07-02 16:48:07,4137.41,4138.5599999999995,9.094947017729282e-13,False,False,2.3,0.0,0.0,0.0,402787218,402790125,537488131,537491026,953335161,953340967,1.0,0.0,53.0,2.3,1.1500000000005457,S032
537492697,short,2026-07-02 16:48:35,4139.36,0.02,2026-07-02 16:48:42,4139.39,4139.360000000001,9.094947017729282e-13,False,False,-0.06,0.0,0.0,0.0,402791639,402792035,537492697,537493020,953343134,953343530,0.0,1.0,7.0,-0.06,-0.030000000000654836,S033
537509315,long,2026-07-02 16:54:49,4134.57,0.02,2026-07-02 16:55:46,4136.39,4134.570000000001,9.094947017729282e-13,False,False,3.64,0.0,0.0,0.0,402807954,402809512,537509315,537510983,953372778,953377441,1.0,0.0,57.0,3.64,1.8200000000006185,L043
537511585,long,2026-07-02 16:56:03,4137.89,0.02,2026-07-02 16:56:16,4138.18,4137.89,0.0,False,False,0.58,0.0,0.0,0.0,402810177,402811621,537511585,537513117,953378563,953380577,1.0,0.0,13.0,0.58,0.2899999999999636,L044
537513429,long,2026-07-02 16:56:26,4138.61,0.02,2026-07-02 16:56:27,4138.14,4138.610000000001,9.094947017729282e-13,False,False,-0.94,0.0,0.0,0.0,402811902,402812068,537513429,537513605,953381260,953381322,0.0,0.0,1.0,-0.94,-0.46999999999934516,L045
537520262,long,2026-07-02 16:59:28,4137.35,0.02,2026-07-02 17:08:33,4134.06,4137.35,0.0,False,False,-6.58,0.0,0.0,0.0,402818737,402837281,537520262,537539520,953390202,953429468,0.0,0.0,545.0,-6.58,-3.2899999999999636,L046
537522977,long,2026-07-02 17:00:35,4134.09,0.02,2026-07-02 17:08:33,4134.45,4134.09,0.0,False,False,0.72,0.0,0.0,0.0,402821221,402836601,537522977,537538831,953397417,953428988,1.0,1.0,478.0,0.72,0.3599999999996726,L046
537526023,long,2026-07-02 17:01:47,4131.94,0.03,2026-07-02 17:08:33,4134.37,4131.94,0.0,False,False,7.29,0.0,0.0,0.0,402824202,402836754,537526023,537539131,953404109,953429412,0.0,0.0,406.0,7.29,2.430000000000291,L046
537531816,long,2026-07-02 17:04:35,4129.39,0.04,2026-07-02 17:08:33,4134.22,4129.39,0.0,False,False,19.32,0.0,0.0,0.0,402829757,402837206,537531816,537539315,953416305,953429444,0.0,0.0,238.0,19.32,4.829999999999927,L046
537535351,short,2026-07-02 17:06:56,4130.43,0.02,2026-07-02 17:07:49,4129.38,4130.43,0.0,False,False,2.1,0.0,0.0,0.0,402833269,402834059,537535351,537536141,953424418,953426355,0.0,0.0,53.0,2.1,1.050000000000182,S034
537546516,long,2026-07-02 17:10:48,4125.95,0.02,2026-07-02 17:12:44,4129.16,4125.95,0.0,False,False,6.42,0.0,0.0,0.0,402844115,402847484,537546516,537549821,953442456,953449856,0.0,1.0,116.0,6.42,3.2100000000000364,L047
537552147,short,2026-07-02 17:13:04,4129.49,0.02,2026-07-02 17:17:22,4130.06,4129.490000000001,9.094947017729282e-13,False,False,-1.14,0.0,0.0,0.0,402849684,402861742,537552147,537564389,953452493,953468088,0.0,0.0,258.0,-1.14,-0.5700000000006185,S035
537559365,short,2026-07-02 17:16:34,4134.31,0.02,2026-07-02 17:17:22,4130.06,4134.31,0.0,False,False,8.5,0.0,0.0,0.0,402856699,402861856,537559365,537564584,953462649,953468153,0.0,0.0,48.0,8.5,4.25,S035
537561853,short,2026-07-02 17:17:07,4135.22,0.03,2026-07-02 17:17:22,4130.06,4135.22,0.0,False,False,15.48,0.0,0.0,0.0,402859144,402861757,537561853,537564184,953466104,953468086,1.0,0.0,15.0,15.48,5.1599999999998545,S035
537569014,long,2026-07-02 17:19:23,4128.34,0.02,2026-07-02 17:31:24,4121.54,4128.34,0.0,False,False,-13.6,0.0,0.0,0.0,402866140,402898365,537569014,537602561,953477300,953535517,0.0,0.0,721.0,-13.6,-6.800000000000182,L048
537575199,long,2026-07-02 17:20:59,4125.05,0.02,2026-07-02 17:31:24,4121.57,4125.049999999999,9.094947017729282e-13,False,False,-6.96,0.0,0.0,0.0,402872097,402899072,537575199,537602918,953486980,953535558,0.0,0.0,625.0,-6.96,-3.480000000000473,L048
537577470,long,2026-07-02 17:21:34,4122.87,0.03,2026-07-02 17:31:24,4121.56,4122.870000000001,9.094947017729282e-13,False,False,-3.93,0.0,0.0,0.0,402874337,402898710,537577470,537602734,953491951,953535524,0.0,0.0,590.0,-3.93,-1.3099999999994907,L048
537585796,long,2026-07-02 17:26:51,4120.81,0.04,2026-07-02 17:31:24,4121.57,4120.8099999999995,9.094947017729282e-13,False,False,3.04,0.0,0.0,0.0,402882409,402898240,537585796,537602209,953507978,953535430,0.0,0.0,273.0,3.04,0.7599999999993088,L048
537590079,long,2026-07-02 17:28:08,4117.03,0.05,2026-07-02 17:31:24,4121.57,4117.03,0.0,False,False,22.7,0.0,0.0,0.0,402886448,402898162,537590079,537602021,953517701,953535427,0.0,1.0,196.0,22.7,4.539999999999964,L048
537593297,long,2026-07-02 17:29:28,4115.52,0.06,2026-07-02 17:31:24,4121.56,4115.52,0.0,False,False,36.24,0.0,0.0,0.0,402889603,402898589,537593297,537602386,953523870,953535457,0.0,0.0,116.0,36.24,6.039999999999964,L048
537596967,short,2026-07-02 17:30:29,4118.14,0.02,2026-07-02 17:34:50,4119.87,4118.14,0.0,False,False,-3.46,0.0,0.0,0.0,402893187,402913897,537596967,537617828,953529439,953555190,1.0,0.0,261.0,-3.46,-1.7299999999995634,S036
537605401,short,2026-07-02 17:31:43,4122.44,0.02,2026-07-02 17:34:50,4119.87,4122.44,0.0,False,False,5.14,0.0,0.0,0.0,402901597,402913905,537605401,537618021,953539171,953555247,0.0,0.0,187.0,5.14,2.569999999999709,S036
537608981,short,2026-07-02 17:31:56,4124.2,0.03,2026-07-02 17:34:50,4119.59,4124.2,0.0,False,False,13.83,0.0,0.0,0.0,402905225,402913550,537608981,537617588,953542736,953555066,1.0,0.0,174.0,13.83,4.609999999999673,S036
537641924,long,2026-07-02 17:48:41,4117.74,0.02,2026-07-02 17:49:11,4119.19,4117.74,0.0,False,False,2.9,0.0,0.0,0.0,402937146,402938037,537641924,537642965,953603051,953604666,0.0,0.0,30.0,2.9,1.449999999999818,L049
537652970,short,2026-07-02 17:51:55,4125.13,0.02,2026-07-02 17:52:39,4121.88,4125.13,0.0,False,False,6.5,0.0,0.0,0.0,402947972,402949992,537652970,537655176,953618865,953622694,0.0,0.0,44.0,6.5,3.25,S037
537664987,short,2026-07-02 17:56:27,4126.84,0.02,2026-07-02 18:05:38,4125.38,4126.84,0.0,False,False,2.92,0.0,0.0,0.0,402959911,402975753,537664987,537681533,953636389,953668176,1.0,1.0,551.0,2.92,1.4600000000000364,S038
537667217,short,2026-07-02 17:58:32,4128.0,0.02,2026-07-02 18:05:38,4125.64,4128.0,0.0,False,False,4.72,0.0,0.0,0.0,402962014,402975550,537667217,537681100,953641883,953667852,1.0,1.0,426.0,4.72,2.3599999999996726,S038
537673044,short,2026-07-02 18:01:44,4129.55,0.03,2026-07-02 18:05:38,4125.64,4129.55,0.0,False,False,11.73,0.0,0.0,0.0,402967571,402975656,537673044,537681321,953655622,953668023,0.0,1.0,234.0,11.73,3.9099999999998545,S038
537677979,long,2026-07-02 18:05:04,4127.88,0.02,2026-07-02 18:11:10,4124.76,4127.88,0.0,False,False,-6.24,0.0,0.0,0.0,402972384,403004036,537677979,537710194,953665816,953702106,1.0,1.0,366.0,-6.24,-3.119999999999891,L050
537688282,long,2026-07-02 18:06:08,4122.83,0.02,2026-07-02 18:11:10,4124.7,4122.83,0.0,False,False,3.74,0.0,0.0,0.0,402982392,403004353,537688282,537710382,953674926,953702114,1.0,1.0,302.0,3.74,1.8699999999998909,L050
537695920,long,2026-07-02 18:07:41,4116.15,0.03,2026-07-02 18:11:10,4124.7,4116.15,0.0,False,False,25.65,0.0,0.0,0.0,402989738,403004432,537695920,537710552,953685363,953702155,0.0,1.0,209.0,25.65,8.550000000000182,L050
537704312,short,2026-07-02 18:10:08,4120.8,0.02,2026-07-02 18:17:44,4121.61,4120.799999999999,9.094947017729282e-13,False,False,-1.62,0.0,0.0,0.0,402998484,403025956,537704312,537732521,953696765,953731579,0.0,0.0,456.0,-1.62,-0.8099999999994907,S039
537708730,short,2026-07-02 18:10:42,4122.69,0.02,2026-07-02 18:17:44,4121.6,4122.6900000000005,9.094947017729282e-13,False,False,2.18,0.0,0.0,0.0,403002718,403025402,537708730,537732026,953700472,953731513,0.0,1.0,422.0,2.18,1.089999999999236,S039
537717863,short,2026-07-02 18:12:28,4128.89,0.03,2026-07-02 18:17:44,4121.61,4128.889999999999,9.094947017729282e-13,False,False,21.84,0.0,0.0,0.0,403011586,403025839,537717863,537732286,953712532,953731552,1.0,1.0,316.0,21.84,7.280000000000655,S039
537726606,long,2026-07-02 18:16:18,4124.16,0.02,2026-07-02 18:21:45,4126.31,4124.160000000001,9.094947017729282e-13,False,False,4.3,0.0,0.0,0.0,403020126,403032687,537726606,537739251,953726229,953743626,0.0,0.0,327.0,4.3,2.1500000000005457,L051
537734293,long,2026-07-02 18:18:18,4122.08,0.02,2026-07-02 18:21:45,4126.33,4122.08,0.0,False,False,8.5,0.0,0.0,0.0,403027823,403032294,537734293,537738971,953734440,953743462,1.0,1.0,207.0,8.5,4.25,L051
537740223,short,2026-07-02 18:22:22,4125.37,0.02,2026-07-02 18:29:48,4123.01,4125.37,0.0,False,False,4.72,0.0,0.0,0.0,403033726,403054845,537740223,537761885,953745529,953772104,1.0,1.0,446.0,4.72,2.3599999999996726,S040
537748413,short,2026-07-02 18:24:34,4130.98,0.02,2026-07-02 18:30:58,4125.62,4130.98,0.0,False,False,10.72,0.0,0.0,0.0,403041743,403058221,537748413,537765024,953754848,953777188,1.0,0.0,384.0,10.72,5.359999999999673,S040
537755789,long,2026-07-02 18:28:07,4126.35,0.02,2026-07-02 18:31:47,4127.75,4126.35,0.0,False,False,2.8,0.0,0.0,0.0,403048843,403061556,537755789,537769001,953765583,953779906,0.0,0.0,220.0,2.8,1.3999999999996362,L052
537762700,long,2026-07-02 18:30:05,4124.19,0.02,2026-07-02 18:31:47,4127.75,4124.19,0.0,False,False,7.12,0.0,0.0,0.0,403055849,403061433,537762700,537768779,953773951,953779850,0.0,0.0,102.0,7.12,3.5600000000004,L052
537783365,long,2026-07-02 18:41:20,4126.91,0.02,2026-07-02 18:47:48,4129.02,4126.910000000001,9.094947017729282e-13,False,False,4.22,0.0,0.0,0.0,403076206,403084317,537783365,537791667,953805319,953817785,1.0,0.0,388.0,4.22,2.110000000000582,L053
537794431,short,2026-07-02 18:49:20,4128.98,0.02,2026-07-02 18:51:19,4126.69,4128.98,0.0,False,False,4.58,0.0,0.0,0.0,403087221,403089440,537794431,537796814,953820712,953824659,1.0,1.0,119.0,4.58,2.2899999999999636,S041
538598514,short,2026-07-03 04:31:44,4186.44,0.67,2026-07-03 04:39:57,4185.03,4186.44,0.0,False,False,94.47,0.0,0.0,0.0,403875705,403917291,538598514,538641825,954820073,954854795,1.0,1.0,493.0,94.47,1.4099999999998545,S042
538598691,short,2026-07-03 04:31:44,4186.4,0.52,2026-07-03 04:39:57,4185.05,4186.400000000001,9.094947017729282e-13,False,False,70.2,0.0,0.0,0.0,403875857,403917708,538598691,538642172,954820090,954854800,0.0,1.0,493.0,70.2,1.3499999999994543,S042
538599435,short,2026-07-03 04:31:49,4187.58,0.4,2026-07-03 04:39:57,4185.05,4187.58,0.0,False,False,101.2,0.0,0.0,0.0,403876552,403917700,538599435,538642526,954820475,954854804,0.0,1.0,488.0,101.2,2.5299999999997453,S042
538604092,short,2026-07-03 04:31:58,4190.41,0.31,2026-07-03 04:39:57,4185.05,4190.41,0.0,False,False,166.16,0.0,0.0,0.0,403880983,403917642,538604092,538642344,954822463,954854803,1.0,1.0,479.0,166.16,5.359999999999673,S042
538609481,short,2026-07-03 04:32:11,4190.66,0.18,2026-07-03 04:39:58,4185.25,4190.66,0.0,False,False,97.38,0.0,0.0,0.0,403886331,403919309,538609481,538643924,954826225,954854816,0.0,1.0,467.0,97.38,5.4099999999998545,S042
538609669,short,2026-07-03 04:32:11,4190.66,0.23,2026-07-03 04:39:57,4185.05,4190.66,0.0,False,False,129.03,0.0,0.0,0.0,403886433,403917441,538609669,538641996,954826359,954854799,0.0,1.0,466.0,129.03,5.609999999999673,S042
538609900,short,2026-07-03 04:32:12,4190.65,0.14,2026-07-03 04:39:58,4185.23,4190.65,0.0,False,False,75.88,0.0,0.0,0.0,403886744,403919035,538609900,538643573,954826503,954854812,0.0,1.0,466.0,75.88,5.420000000000073,S042
538610099,short,2026-07-03 04:32:12,4190.45,0.02,2026-07-03 04:39:58,4185.21,4190.45,0.0,False,False,10.48,0.0,0.0,0.0,403886829,403918497,538610099,538643048,954826543,954854809,0.0,1.0,466.0,10.48,5.239999999999782,S042
538610279,short,2026-07-03 04:32:13,4190.44,0.11,2026-07-03 04:39:58,4185.18,4190.4400000000005,9.094947017729282e-13,False,False,57.86,0.0,0.0,0.0,403887161,403918884,538610279,538643397,954826546,954854811,1.0,1.0,465.0,57.86,5.259999999999309,S042
538610455,short,2026-07-03 04:32:13,4190.44,0.05,2026-07-03 04:39:58,4185.02,4190.4400000000005,9.094947017729282e-13,False,False,27.1,0.0,0.0,0.0,403887222,403918207,538610455,538642697,954826564,954854807,1.0,2.0,465.0,27.1,5.419999999999163,S042
538610632,short,2026-07-03 04:32:13,4190.44,0.08,2026-07-03 04:39:58,4185.14,4190.4400000000005,9.094947017729282e-13,False,False,42.4,0.0,0.0,0.0,403887568,403918236,538610632,538642873,954826574,954854808,1.0,2.0,465.0,42.4,5.299999999999272,S042
538610810,short,2026-07-03 04:32:13,4190.44,0.03,2026-07-03 04:39:58,4185.25,4190.44,0.0,False,False,15.57,0.0,0.0,0.0,403887541,403919362,538610810,538644279,954826589,954854869,1.0,1.0,465.0,15.57,5.1899999999996,S042
538610993,short,2026-07-03 04:32:13,4190.51,0.07,2026-07-03 04:39:58,4185.25,4190.51,0.0,False,False,36.82,0.0,0.0,0.0,403887743,403919272,538610993,538644103,954826592,954854847,1.0,1.0,465.0,36.82,5.260000000000218,S042
538611198,short,2026-07-03 04:32:13,4190.46,0.04,2026-07-03 04:39:58,4185.23,4190.459999999999,9.094947017729282e-13,False,False,20.92,0.0,0.0,0.0,403888036,403919006,538611198,538643217,954826594,954854810,0.0,1.0,465.0,20.92,5.230000000000473,S042
538611376,short,2026-07-03 04:32:13,4190.43,0.02,2026-07-03 04:39:58,4185.25,4190.43,0.0,False,False,10.36,0.0,0.0,0.0,403888170,403919620,538611376,538643757,954826606,954854813,0.0,1.0,465.0,10.36,5.180000000000291,S042
538685080,long,2026-07-03 04:49:21,4182.77,0.2,2026-07-03 04:53:35,4175.26,4182.77,0.0,False,False,-150.2,0.0,0.0,0.0,403960593,403975757,538685080,538700667,954887514,954897876,0.0,1.0,254.0,-150.2,-7.510000000000218,L054
538704976,long,2026-07-03 04:55:06,4180.04,0.2,2026-07-03 04:55:31,4180.85,4180.04,0.0,False,False,16.2,0.0,0.0,0.0,403980083,403983529,538704976,538708564,954901051,954902289,0.0,1.0,25.0,16.2,0.8100000000004002,L055
539626796,short,2026-07-03 10:46:02,4179.27,0.02,2026-07-03 10:57:08,4177.19,4179.2699999999995,9.094947017729282e-13,False,False,4.16,0.0,0.0,0.0,404869115,404885219,539626796,539643294,955661637,955685655,1.0,0.0,666.0,4.16,2.0800000000008367,S043
539657875,long,2026-07-03 10:59:22,4176.61,0.02,2026-07-03 11:00:04,4178.47,4176.610000000001,9.094947017729282e-13,False,False,3.72,0.0,0.0,0.0,404899816,404905221,539657875,539663672,955695860,955698637,1.0,0.0,42.0,3.72,1.860000000000582,L056
539672528,short,2026-07-03 11:00:58,4180.4,0.02,2026-07-03 11:46:59,4180.76,4180.400000000001,9.094947017729282e-13,False,False,-0.72,0.0,0.0,0.0,404914238,404995907,539672528,539757685,955708880,955811916,1.0,1.0,2761.0,-0.72,-0.3600000000005821,S044
539683721,short,2026-07-03 11:03:07,4183.34,0.02,2026-07-03 11:46:59,4180.76,4183.34,0.0,False,False,5.16,0.0,0.0,0.0,404924728,404996366,539683721,539757838,955721565,955811937,1.0,1.0,2632.0,5.16,2.5799999999999272,S044
539720847,long,2026-07-03 11:31:54,4182.27,0.02,2026-07-03 11:33:47,4184.69,4182.2699999999995,9.094947017729282e-13,False,False,4.84,0.0,0.0,0.0,404960603,404963960,539720847,539724269,955772078,955775855,1.0,1.0,113.0,4.84,2.4199999999991633,L057
539730415,short,2026-07-03 11:35:08,4185.28,0.03,2026-07-03 11:46:59,4180.76,4185.280000000001,9.094947017729282e-13,False,False,13.56,0.0,0.0,0.0,404969817,404996382,539730415,539757795,955783293,955811919,1.0,1.0,711.0,13.56,4.519999999999527,S044
539773420,long,2026-07-03 11:50:33,4178.39,0.02,2026-07-03 11:58:06,4181.97,4178.39,0.0,False,False,7.16,0.0,0.0,0.0,405011452,405021838,539773420,539783967,955827068,955841139,1.0,0.0,453.0,7.16,3.5799999999999272,L058
539786649,short,2026-07-03 11:58:38,4181.34,0.02,2026-07-03 12:09:16,4179.08,4181.34,0.0,False,False,4.52,0.0,0.0,0.0,405024651,405033338,539786649,539795555,955843874,955856787,0.0,1.0,638.0,4.52,2.2600000000002183,S045
539805713,long,2026-07-03 12:11:12,4177.32,0.02,2026-07-03 12:15:01,4180.16,4177.32,0.0,False,False,5.68,0.0,0.0,0.0,405042674,405048593,539805713,539811674,955865663,955872422,0.0,1.0,229.0,5.68,2.8400000000001455,L059
539832729,long,2026-07-03 12:25:31,4174.5,0.02,2026-07-03 12:55:00,4174.64,4174.5,0.0,False,False,0.28,0.0,0.0,0.0,405069085,405108811,539832729,539873703,955896967,955954314,1.0,1.0,1769.0,0.28,0.14000000000032742,L060
539838360,long,2026-07-03 12:27:26,4172.98,0.02,2026-07-03 12:55:00,4174.63,4172.9800000000005,9.094947017729282e-13,False,False,3.3,0.0,0.0,0.0,405074788,405108961,539838360,539873984,955902897,955954386,0.0,1.0,1654.0,3.3,1.6500000000005457,L060
539853375,long,2026-07-03 12:34:31,4170.65,0.03,2026-07-03 12:55:00,4174.63,4170.650000000001,9.094947017729282e-13,False,False,11.94,0.0,0.0,0.0,405089331,405108849,539853375,539874019,955920857,955954399,0.0,1.0,1229.0,11.94,3.980000000000473,L060
539876495,short,2026-07-03 12:56:36,4173.8,0.02,2026-07-03 13:00:03,4171.58,4173.8,0.0,False,False,4.44,0.0,0.0,0.0,405112376,405116245,539876495,539880525,955957733,955963159,0.0,1.0,207.0,4.44,2.2200000000002547,S046
539902639,short,2026-07-03 13:09:25,4178.99,0.02,2026-07-03 13:48:48,4175.36,4178.99,0.0,False,False,7.26,0.0,0.0,0.0,405138015,405161161,539902639,539926127,955993682,956043172,1.0,1.0,2363.0,7.26,3.630000000000109,S047
539920485,long,2026-07-03 13:38:01,4177.2,0.02,2026-07-03 14:05:11,4178.97,4177.2,0.0,False,False,3.54,0.0,0.0,0.0,405155469,405170513,539920485,539935670,956032303,956063783,0.0,0.0,1630.0,3.54,1.7700000000004366,L061
539949193,short,2026-07-03 14:17:32,4183.85,0.02,2026-07-03 14:57:17,4180.24,4183.849999999999,9.094947017729282e-13,False,False,7.22,0.0,0.0,0.0,405183604,405205032,539949193,539971799,956094810,956152325,1.0,0.0,2385.0,7.22,3.610000000000582,S048
539960643,short,2026-07-03 14:46:01,4185.17,0.02,2026-07-03 14:57:17,4180.24,4185.17,0.0,False,False,9.86,0.0,0.0,0.0,405194239,405204999,539960643,539971606,956131946,956152293,1.0,0.0,676.0,9.86,4.930000000000291,S048
539975083,long,2026-07-03 14:59:17,4179.82,0.02,2026-07-03 15:08:43,4182.98,4179.82,0.0,False,False,6.32,0.0,0.0,0.0,405208332,405216557,539975083,539983368,956159752,956181883,1.0,1.0,566.0,6.32,3.1599999999998545,L062
539994753,long,2026-07-03 15:19:07,4176.7,0.02,2026-07-03 15:34:57,4176.99,4176.7,0.0,False,False,0.58,0.0,0.0,0.0,405227551,405238469,539994753,540005958,956206357,956235454,1.0,0.0,950.0,0.58,0.2899999999999636,L063
539997795,long,2026-07-03 15:20:19,4174.83,0.02,2026-07-03 15:34:57,4176.99,4174.83,0.0,False,False,4.32,0.0,0.0,0.0,405230352,405238267,539997795,540005786,956212044,956235390,0.0,0.0,878.0,4.32,2.1599999999998545,L063
540000638,long,2026-07-03 15:27:36,4173.54,0.03,2026-07-03 15:34:57,4176.99,4173.54,0.0,False,False,10.35,0.0,0.0,0.0,405233278,405238687,540000638,540006141,956223236,956235537,0.0,0.0,441.0,10.35,3.449999999999818,L063
540003622,short,2026-07-03 15:34:01,4174.48,0.02,2026-07-03 15:37:36,4173.69,4174.48,0.0,False,False,1.58,0.0,0.0,0.0,405236224,405243680,540003622,540011258,956232406,956244257,0.0,0.0,215.0,1.58,0.7899999999999636,S049
540008634,short,2026-07-03 15:36:34,4176.57,0.02,2026-07-03 15:37:36,4173.66,4176.57,0.0,False,False,5.82,0.0,0.0,0.0,405241222,405243452,540008634,540011014,956240220,956244184,0.0,0.0,62.0,5.82,2.9099999999998545,S049
540014998,short,2026-07-03 15:49:36,4176.77,0.02,2026-07-03 15:56:47,4174.22,4176.77,0.0,False,False,5.1,0.0,0.0,0.0,405247582,405249995,540014998,540017621,956259077,956268515,0.0,0.0,431.0,5.1,2.550000000000182,S050
540019869,long,2026-07-03 15:59:02,4174.35,0.02,2026-07-03 15:59:59,4176.96,4174.35,0.0,False,False,5.22,0.0,0.0,0.0,405252221,405254014,540019869,540021657,956273079,956275766,0.0,0.0,57.0,5.22,2.6099999999996726,L064
540026867,short,2026-07-03 16:00:23,4177.25,0.02,2026-07-03 16:00:34,4175.93,4177.25,0.0,False,False,2.64,0.0,0.0,0.0,405259218,405260520,540026867,540028340,956283545,956285050,0.0,0.0,11.0,2.64,1.319999999999709,S051
540032684,long,2026-07-03 16:01:55,4174.24,0.02,2026-07-03 16:16:57,4170.15,4174.24,0.0,False,False,-8.18,0.0,0.0,0.0,405264830,405286081,540032684,540054460,956290532,956346951,1.0,1.0,902.0,-8.18,-4.0900000000001455,L065
540038142,long,2026-07-03 16:06:47,4171.63,0.02,2026-07-03 16:16:57,4170.15,4171.629999999999,9.094947017729282e-13,False,False,-2.96,0.0,0.0,0.0,405270083,405286222,540038142,540054635,956305266,956346953,0.0,1.0,610.0,-2.96,-1.480000000000473,L065
540044464,long,2026-07-03 16:10:12,4167.4,0.03,2026-07-03 16:16:57,4170.1,4167.400000000001,9.094947017729282e-13,False,False,8.1,0.0,0.0,0.0,405276174,405286589,540044464,540054806,956321458,956346954,1.0,1.0,405.0,8.1,2.7000000000007276,L065
540049032,long,2026-07-03 16:13:25,4166.02,0.04,2026-07-03 16:16:57,4170.15,4166.0199999999995,9.094947017729282e-13,False,False,16.52,0.0,0.0,0.0,405280758,405286267,540049032,540054983,956334436,956346957,1.0,1.0,212.0,16.52,4.1299999999992,L065
540055378,short,2026-07-03 16:17:48,4169.33,0.02,2026-07-03 16:30:58,4167.86,4169.33,0.0,False,False,2.94,0.0,0.0,0.0,405287143,405299345,540055378,540067758,956348500,956378794,0.0,0.0,790.0,2.94,1.4700000000002547,S052
540056479,long,2026-07-03 16:18:06,4168.48,0.02,2026-07-03 17:15:47,4164.25,4168.48,0.0,False,False,-8.46,0.0,0.0,0.0,405288121,405346481,540056479,540115657,956351278,956509742,0.0,0.0,3461.0,-8.46,-4.229999999999563,L066
540065019,short,2026-07-03 16:30:03,4171.18,0.02,2026-07-03 16:30:58,4167.86,4171.179999999999,9.094947017729282e-13,False,False,6.64,0.0,0.0,0.0,405296479,405299404,540065019,540068004,956374446,956378809,0.0,0.0,55.0,6.64,3.3200000000006185,S052
540073276,long,2026-07-03 16:37:49,4166.92,0.02,2026-07-03 17:15:47,4164.17,4166.92,0.0,False,False,-5.5,0.0,0.0,0.0,405304560,405346293,540073276,540115474,956391622,956509708,0.0,1.0,2278.0,-5.5,-2.75,L066
540079820,long,2026-07-03 16:49:03,4164.85,0.03,2026-07-03 17:15:46,4164.17,4164.85,0.0,False,False,-2.04,0.0,0.0,0.0,405310842,405346105,540079820,540115299,956412865,956509477,1.0,0.0,1603.0,-2.04,-0.680000000000291,L066
540103277,long,2026-07-03 17:09:13,4157.28,0.04,2026-07-03 17:15:46,4164.17,4157.28,0.0,False,False,27.56,0.0,0.0,0.0,405334149,405345982,540103277,540115120,956485645,956509391,1.0,0.0,393.0,27.56,6.890000000000327,L066
545146168,long,2026-07-07 01:35:35,4167.33,0.02,2026-07-07 03:21:21,4160.05,4167.33,0.0,False,False,-14.56,0.0,0.0,0.0,410244370,410382293,545146168,545291070,960808958,960918832,1.0,1.0,6346.0,-14.56,-7.279999999999745,L067
545167615,long,2026-07-07 02:30:42,4164.06,0.02,2026-07-07 03:21:21,4160.06,4164.06,0.0,False,False,-8.0,0.0,0.0,0.0,410264947,410382738,545167615,545291971,960835215,960919125,1.0,1.0,3039.0,-8.0,-4.0,L067
545182347,long,2026-07-07 02:43:15,4162.12,0.02,2026-07-07 03:21:21,4160.05,4162.12,0.0,False,False,-4.14,0.0,0.0,0.0,410279083,410382274,545182347,545290936,960844752,960918749,0.0,1.0,2286.0,-4.14,-2.069999999999709,L067
545216410,long,2026-07-07 03:00:04,4157.3,0.03,2026-07-07 03:21:21,4160.07,4157.299999999999,9.094947017729282e-13,False,False,8.31,0.0,0.0,0.0,410311997,410382827,545216410,545291782,960867551,960918981,1.0,1.0,1277.0,8.31,2.769999999999527,L067
545224221,long,2026-07-07 03:00:45,4156.62,0.04,2026-07-07 03:21:21,4160.07,4156.62,0.0,False,False,13.8,0.0,0.0,0.0,410319944,410382876,545224221,545291325,960871332,960918905,1.0,1.0,1236.0,13.8,3.449999999999818,L067
545248530,long,2026-07-07 03:12:42,4154.11,0.05,2026-07-07 03:21:21,4160.06,4154.110000000001,9.094947017729282e-13,False,False,29.75,0.0,0.0,0.0,410343546,410382773,545248530,545291598,960893229,960918953,0.0,1.0,519.0,29.75,5.950000000000728,L067
545296448,short,2026-07-07 03:21:36,4159.18,0.02,2026-07-07 03:34:41,4157.52,4159.18,0.0,False,False,3.32,0.0,0.0,0.0,410390451,410435707,545296448,545341902,960923030,960955129,0.0,0.0,785.0,3.32,1.6599999999998545,S053
545329244,short,2026-07-07 03:30:43,4161.28,0.02,2026-07-07 03:34:41,4157.6,4161.280000000001,9.094947017729282e-13,False,False,7.36,0.0,0.0,0.0,410423092,410435591,545329244,545342091,960945955,960955133,0.0,0.0,238.0,7.36,3.6799999999993815,S053
545373418,long,2026-07-07 03:38:29,4152.09,0.02,2026-07-07 03:53:17,4152.26,4152.09,0.0,False,False,0.34,0.0,0.0,0.0,410466539,410509045,545373418,545416479,960972106,961005610,1.0,0.0,888.0,0.34,0.17000000000007276,L068
545384383,long,2026-07-07 03:40:19,4150.52,0.02,2026-07-07 03:53:17,4152.26,4150.52,0.0,False,False,3.48,0.0,0.0,0.0,410477187,410509281,545384383,545416664,960979567,961005612,0.0,0.0,778.0,3.48,1.7399999999997817,L068
545402527,long,2026-07-07 03:48:19,4149.21,0.03,2026-07-07 03:53:17,4152.31,4149.21,0.0,False,False,9.3,0.0,0.0,0.0,410495021,410509405,545402527,545416847,960994738,961005617,0.0,0.0,298.0,9.3,3.100000000000364,L068
547372643,short,2026-07-07 08:55:49,4125.97,0.02,2026-07-07 09:09:11,4124.05,4125.97,0.0,False,False,3.84,0.0,0.0,0.0,412318028,412388157,547372643,547451328,962018749,962063917,0.0,2.0,802.0,3.84,1.9200000000000728,S054
547415250,short,2026-07-07 09:03:01,4128.04,0.02,2026-07-07 09:09:09,4124.0,4128.04,0.0,False,False,8.08,0.0,0.0,0.0,412356822,412385737,547415250,547450911,962045379,962063865,0.0,0.0,368.0,8.08,4.039999999999964,S054
547486293,long,2026-07-07 09:12:18,4122.77,0.02,2026-07-07 09:20:24,4125.92,4122.77,0.0,False,False,6.3,0.0,0.0,0.0,412422888,412446588,547486293,547515646,962081458,962100194,1.0,1.0,486.0,6.3,3.149999999999636,L069
547526530,short,2026-07-07 09:22:19,4125.8,0.02,2026-07-07 10:03:06,4126.29,4125.8,0.0,False,False,-0.98,0.0,0.0,0.0,412457800,412615121,547526530,547703529,962106146,962206245,1.0,0.0,2447.0,-0.98,-0.4899999999997817,S055
547548873,short,2026-07-07 09:25:51,4128.31,0.02,2026-07-07 10:03:06,4126.29,4128.31,0.0,False,False,4.04,0.0,0.0,0.0,412477677,412614909,547548873,547703772,962117185,962206406,1.0,0.0,2235.0,4.04,2.0200000000004366,S055
547573914,long,2026-07-07 09:30:41,4126.87,0.02,2026-07-07 09:33:38,4128.38,4126.87,0.0,False,False,3.02,0.0,0.0,0.0,412500286,412509486,547573914,547584349,962131396,962137290,0.0,0.0,177.0,3.02,1.5100000000002183,L070
547628802,short,2026-07-07 09:40:55,4131.19,0.03,2026-07-07 10:03:06,4126.28,4131.19,0.0,False,False,14.73,0.0,0.0,0.0,412549751,412614654,547628802,547703413,962158055,962206173,0.0,1.0,1331.0,14.73,4.9099999999998545,S055
547722920,long,2026-07-07 10:04:21,4126.39,0.02,2026-07-07 10:13:39,4129.35,4126.39,0.0,False,False,5.92,0.0,0.0,0.0,412633468,412667405,547722920,547761376,962215332,962237226,0.0,0.0,558.0,5.92,2.9600000000000364,L071
547769577,short,2026-07-07 10:14:14,4129.17,0.02,2026-07-07 10:24:18,4127.41,4129.17,0.0,False,False,3.52,0.0,0.0,0.0,412675755,412723466,547769577,547823481,962240651,962273640,0.0,0.0,604.0,3.52,1.7600000000002183,S056
547785635,short,2026-07-07 10:17:15,4131.02,0.02,2026-07-07 10:24:19,4127.42,4131.02,0.0,False,False,7.2,0.0,0.0,0.0,412690224,412724015,547785635,547823820,962249849,962273728,0.0,1.0,424.0,7.2,3.600000000000364,S056
547891943,short,2026-07-07 10:44:57,4129.74,0.02,2026-07-07 10:48:27,4128.86,4129.74,0.0,False,False,1.76,0.0,0.0,0.0,412784145,412823865,547891943,547935145,962314814,962334334,1.0,0.0,210.0,1.76,0.8800000000001091,S057
547913740,short,2026-07-07 10:47:37,4132.28,0.02,2026-07-07 10:48:27,4128.86,4132.28,0.0,False,False,6.84,0.0,0.0,0.0,412803342,412823475,547913740,547934897,962326904,962334322,1.0,0.0,50.0,6.84,3.4200000000000728,S057
547976847,long,2026-07-07 10:56:23,4125.98,0.02,2026-07-07 11:03:10,4129.7,4125.98,0.0,False,False,7.44,0.0,0.0,0.0,412861947,412881222,547976847,548001752,962359498,962377099,0.0,1.0,407.0,7.44,3.7200000000002547,L072
548065821,short,2026-07-07 11:12:03,4135.28,0.02,2026-07-07 11:33:05,4133.52,4135.280000000001,9.094947017729282e-13,False,False,3.52,0.0,0.0,0.0,412941907,413026593,548065821,548161572,962416391,962485676,0.0,0.0,1262.0,3.52,1.7599999999993088,S058
548076244,short,2026-07-07 11:12:44,4136.54,0.02,2026-07-07 11:33:06,4133.52,4136.540000000001,9.094947017729282e-13,False,False,6.04,0.0,0.0,0.0,412951867,413026802,548076244,548161793,962423267,962485700,1.0,1.0,1222.0,6.04,3.019999999999527,S058
548087440,short,2026-07-07 11:13:53,4137.87,0.03,2026-07-07 11:33:06,4133.51,4137.87,0.0,False,False,13.08,0.0,0.0,0.0,412961641,413027106,548087440,548162027,962431128,962485764,1.0,1.0,1153.0,13.08,4.359999999999673,S058
548115219,long,2026-07-07 11:22:03,4135.14,0.02,2026-07-07 11:24:33,4137.87,4135.14,0.0,False,False,5.46,0.0,0.0,0.0,412985487,412992670,548115219,548123750,962453474,962459984,0.0,0.0,150.0,5.46,2.7299999999995634,L073
548187887,long,2026-07-07 11:36:35,4132.04,0.02,2026-07-07 12:18:40,4129.4,4132.04,0.0,False,False,-5.28,0.0,0.0,0.0,413050920,413214988,548187887,548376515,962500922,962622177,1.0,1.0,2525.0,-5.28,-2.6400000000003274,L074
548224302,long,2026-07-07 11:43:22,4130.34,0.02,2026-07-07 12:18:40,4129.4,4130.339999999999,9.094947017729282e-13,False,False,-1.88,0.0,0.0,0.0,413084613,413215082,548224302,548376285,962519362,962622156,1.0,1.0,2118.0,-1.88,-0.9400000000005093,L074
548270570,long,2026-07-07 11:52:41,4126.87,0.03,2026-07-07 12:18:40,4129.42,4126.87,0.0,False,False,7.65,0.0,0.0,0.0,413121453,413215482,548270570,548376754,962548384,962622242,0.0,1.0,1559.0,7.65,2.550000000000182,L074
548298447,long,2026-07-07 11:54:04,4123.3,0.04,2026-07-07 12:18:40,4129.42,4123.3,0.0,False,False,24.48,0.0,0.0,0.0,413146971,413215579,548298447,548376944,962564147,962622250,0.0,0.0,1476.0,24.48,6.119999999999891,L074
548348322,short,2026-07-07 12:09:34,4127.24,0.02,2026-07-07 12:27:39,4125.07,4127.24,0.0,False,False,4.34,0.0,0.0,0.0,413189990,413253079,548348322,548423263,962605143,962645296,1.0,1.0,1085.0,4.34,2.1700000000000728,S059
548390872,short,2026-07-07 12:19:00,4129.67,0.02,2026-07-07 12:27:39,4125.05,4129.67,0.0,False,False,9.24,0.0,0.0,0.0,413229162,413253540,548390872,548423670,962627414,962645964,0.0,1.0,519.0,9.24,4.619999999999891,S059
548430439,long,2026-07-07 12:27:47,4124.72,0.02,2026-07-07 12:31:17,4125.51,4124.72,0.0,False,False,1.58,0.0,0.0,0.0,413264127,413329578,548430439,548497890,962650510,962679928,0.0,1.0,210.0,1.58,0.7899999999999636,L075
548467707,long,2026-07-07 12:29:56,4121.5,0.02,2026-07-07 12:31:17,4125.51,4121.5,0.0,False,False,8.02,0.0,0.0,0.0,413300069,413329545,548467707,548497687,962667981,962679912,1.0,1.0,81.0,8.02,4.010000000000218,L075
548491251,short,2026-07-07 12:30:44,4123.94,0.02,2026-07-07 12:50:35,4126.66,4123.94,0.0,False,False,-5.44,0.0,0.0,0.0,413323381,413427708,548491251,548603615,962676200,962741570,0.0,1.0,1191.0,-5.44,-2.7200000000002547,S060
548522203,short,2026-07-07 12:35:02,4126.94,0.02,2026-07-07 12:50:34,4126.79,4126.94,0.0,False,False,0.3,0.0,0.0,0.0,413352321,413426028,548522203,548602530,962694638,962741250,1.0,1.0,932.0,0.3,0.1499999999996362,S060
548543838,short,2026-07-07 12:36:04,4130.55,0.03,2026-07-07 12:50:34,4126.85,4130.55,0.0,False,False,11.1,0.0,0.0,0.0,413373048,413427442,548543838,548602805,962704241,962741357,1.0,1.0,870.0,11.1,3.699999999999818,S060
548568771,short,2026-07-07 12:45:03,4132.27,0.04,2026-07-07 12:50:35,4126.75,4132.27,0.0,False,False,22.08,0.0,0.0,0.0,413394442,413427542,548568771,548603467,962721644,962741402,1.0,1.0,332.0,22.08,5.520000000000437,S060
548619944,long,2026-07-07 12:51:15,4126.31,0.02,2026-07-07 12:54:52,4130.09,4126.31,0.0,False,False,7.56,0.0,0.0,0.0,413444367,413461154,548619944,548637717,962749002,962760302,1.0,0.0,217.0,7.56,3.7799999999997453,L076
548666236,short,2026-07-07 13:01:14,4132.67,0.02,2026-07-07 14:04:05,4134.63,4132.67,0.0,False,False,-3.92,0.0,0.0,0.0,413489816,413583074,548666236,548767585,962778634,962874552,1.0,0.0,3771.0,-3.92,-1.9600000000000364,S061
548685279,short,2026-07-07 13:14:36,4133.59,0.02,2026-07-07 14:04:04,4134.65,4133.589999999999,9.094947017729282e-13,False,False,-2.12,0.0,0.0,0.0,413508210,413582856,548685279,548767394,962796397,962874410,0.0,1.0,2968.0,-2.12,-1.0599999999994907,S061
548705928,short,2026-07-07 13:20:03,4135.83,0.03,2026-07-07 14:04:03,4134.63,4135.83,0.0,False,False,3.6,0.0,0.0,0.0,413525821,413582589,548705928,548767211,962812121,962874355,1.0,1.0,2640.0,3.6,1.199999999999818,S061
548725119,short,2026-07-07 13:27:31,4137.68,0.04,2026-07-07 14:04:02,4134.55,4137.68,0.0,False,False,12.52,0.0,0.0,0.0,413543238,413582535,548725119,548767020,962828007,962874293,0.0,1.0,2191.0,12.52,3.130000000000109,S061
548834684,short,2026-07-07 14:19:38,4141.14,0.02,2026-07-07 15:23:54,4164.85,4141.14,0.0,False,False,-47.42,0.0,0.0,0.0,413648726,413965486,548834684,549168956,962921987,963218035,1.0,0.0,3856.0,-47.42,-23.710000000000036,S062
548857968,short,2026-07-07 14:26:14,4143.5,0.02,2026-07-07 15:23:54,4164.94,4143.5,0.0,False,False,-42.88,0.0,0.0,0.0,413669957,413965340,548857968,549168762,962945619,963217993,1.0,1.0,3460.0,-42.88,-21.4399999999996,S062
548911650,short,2026-07-07 14:36:25,4146.51,0.03,2026-07-07 15:23:51,4164.73,4146.509999999999,9.094947017729282e-13,False,False,-54.66,0.0,0.0,0.0,413722169,413964798,548911650,549168456,962978845,963217732,1.0,0.0,2846.0,-54.66,-18.219999999999345,S062
548928937,short,2026-07-07 14:45:06,4147.93,0.04,2026-07-07 15:23:46,4164.49,4147.929999999999,9.094947017729282e-13,False,False,-66.24,0.0,0.0,0.0,413737856,413963517,548928937,549167340,962994657,963216665,1.0,1.0,2320.0,-66.24,-16.55999999999949,S062
548941639,short,2026-07-07 14:45:56,4150.24,0.05,2026-07-07 15:23:45,4163.88,4150.24,0.0,False,False,-68.2,0.0,0.0,0.0,413750425,413962953,548941639,549167074,963003747,963216310,0.0,0.0,2269.0,-68.2,-13.640000000000327,S062
548955610,short,2026-07-07 14:51:45,4151.6,0.06,2026-07-07 15:23:45,4163.88,4151.6,0.0,False,False,-73.68,0.0,0.0,0.0,413761874,413962916,548955610,549166882,963022408,963216225,1.0,0.0,1920.0,-73.68,-12.279999999999745,S062
548995433,long,2026-07-07 14:59:49,4157.59,0.02,2026-07-07 15:00:02,4157.24,4157.59,0.0,False,False,-0.7,0.0,0.0,0.0,413794174,413805835,548995433,549003623,963054331,963062787,0.0,0.0,13.0,-0.7,-0.3500000000003638,L077
548999680,short,2026-07-07 14:59:54,4156.26,0.08,2026-07-07 15:23:45,4163.88,4156.26,0.0,False,False,-60.96,0.0,0.0,0.0,413800333,413963012,548999680,549166694,963059068,963215983,0.0,0.0,1431.0,-60.96,-7.619999999999891,S062
549033486,short,2026-07-07 15:05:05,4158.76,0.11,2026-07-07 15:23:45,4163.88,4158.76,0.0,False,False,-56.32,0.0,0.0,0.0,413834067,413962800,549033486,549166503,963091695,963215972,1.0,1.0,1120.0,-56.32,-5.119999999999891,S062
549050335,short,2026-07-07 15:07:16,4161.78,0.14,2026-07-07 15:23:45,4163.88,4161.78,0.0,False,False,-29.4,0.0,0.0,0.0,413850104,413962656,549050335,549166306,963106131,963215932,1.0,1.0,989.0,-29.4,-2.100000000000364,S062
549057249,short,2026-07-07 15:07:38,4162.9,0.18,2026-07-07 15:23:45,4163.9,4162.9,0.0,False,False,-18.0,0.0,0.0,0.0,413856764,413962266,549057249,549166068,963112177,963215159,1.0,1.0,967.0,-18.0,-1.0,S062
549071530,long,2026-07-07 15:09:46,4169.87,0.02,2026-07-07 15:09:57,4169.15,4169.87,0.0,False,False,-1.44,0.0,0.0,0.0,413868309,413878800,549071530,549080047,963122603,963136115,0.0,0.0,11.0,-1.44,-0.7200000000002547,L078
549074172,short,2026-07-07 15:09:49,4168.94,0.23,2026-07-07 15:23:44,4163.94,4168.94,0.0,False,False,115.0,0.0,0.0,0.0,413871626,413962001,549074172,549165873,963126652,963214920,1.0,0.0,835.0,115.0,5.0,S062
549076651,long,2026-07-07 15:09:52,4170.52,0.02,2026-07-07 15:12:59,4169.82,4170.5199999999995,9.094947017729282e-13,False,False,-1.4,0.0,0.0,0.0,413875474,413894410,549076651,549096011,963133056,963153449,0.0,1.0,187.0,-1.4,-0.7000000000007276,L078
549079267,short,2026-07-07 15:09:56,4169.45,0.3,2026-07-07 15:23:42,4163.81,4169.450000000001,9.094947017729282e-13,False,False,169.2,0.0,0.0,0.0,413878065,413960934,549079267,549164731,963135590,963214359,0.0,0.0,826.0,169.2,5.639999999999418,S062
549082010,long,2026-07-07 15:10:14,4169.52,0.02,2026-07-07 15:12:59,4169.9,4169.5199999999995,9.094947017729282e-13,False,False,0.76,0.0,0.0,0.0,413880792,413894616,549082010,549096391,963139858,963153472,0.0,1.0,165.0,0.76,0.37999999999919964,L078
549087536,long,2026-07-07 15:11:29,4167.87,0.02,2026-07-07 15:12:59,4169.9,4167.87,0.0,False,False,4.06,0.0,0.0,0.0,413886085,413894607,549087536,549096203,963146672,963153458,1.0,1.0,90.0,4.06,2.0299999999997453,L078
549122726,short,2026-07-07 15:14:36,4173.16,0.39,2026-07-07 15:23:43,4163.81,4173.160000000001,9.094947017729282e-13,False,False,364.65,0.0,0.0,0.0,413919951,413961401,549122726,549165027,963169067,963214394,0.0,1.0,547.0,364.65,9.349999999999454,S062
549134458,long,2026-07-07 15:18:56,4170.03,0.02,2026-07-07 15:23:41,4163.86,4170.03,0.0,False,False,-12.34,0.0,0.0,0.0,413931114,413960400,549134458,549163994,963187185,963214078,1.0,0.0,285.0,-12.34,-6.170000000000073,L079
549149931,long,2026-07-07 15:20:26,4166.41,0.02,2026-07-07 15:23:41,4163.86,4166.41,0.0,False,False,-5.1,0.0,0.0,0.0,413946387,413960456,549149931,549164207,963200066,963214113,0.0,0.0,195.0,-5.1,-2.550000000000182,L079
549207205,long,2026-07-07 15:37:36,4163.81,0.02,2026-07-07 15:39:51,4166.3,4163.81,0.0,False,False,4.98,0.0,0.0,0.0,414002595,414008365,549207205,549213172,963267981,963274788,1.0,0.0,135.0,4.98,2.4899999999997817,L080
549227792,long,2026-07-07 15:42:19,4163.73,0.02,2026-07-07 15:43:12,4165.86,4163.73,0.0,False,False,4.26,0.0,0.0,0.0,414022464,414026395,549227792,549231863,963286429,963290568,1.0,0.0,53.0,4.26,2.130000000000109,L081
549245283,short,2026-07-07 15:45:53,4167.32,0.02,2026-07-07 15:48:52,4164.99,4167.32,0.0,False,False,4.66,0.0,0.0,0.0,414039333,414044096,549245283,549250432,963301161,963307315,0.0,0.0,179.0,4.66,2.3299999999999272,S063
549287289,short,2026-07-07 15:59:18,4171.03,0.02,2026-07-07 16:01:17,4170.17,4171.03,0.0,False,False,1.72,0.0,0.0,0.0,414079722,414122743,549287289,549331709,963340664,963367993,0.0,0.0,119.0,1.72,0.8599999999996726,S064
549303823,short,2026-07-07 16:00:17,4174.88,0.02,2026-07-07 16:01:18,4170.18,4174.88,0.0,False,False,9.4,0.0,0.0,0.0,414095607,414122858,549303823,549331519,963355378,963367969,0.0,1.0,61.0,9.4,4.699999999999818,S064
549345407,long,2026-07-07 16:02:18,4168.01,0.02,2026-07-07 16:12:06,4166.76,4168.01,0.0,False,False,-2.5,0.0,0.0,0.0,414136733,414199882,549345407,549410385,963376829,963426153,1.0,1.0,588.0,-2.5,-1.25,L082
549355824,long,2026-07-07 16:04:51,4166.66,0.02,2026-07-07 16:12:05,4166.67,4166.66,0.0,False,False,0.02,0.0,0.0,0.0,414146928,414199239,549355824,549410168,963388382,963426006,1.0,0.0,434.0,0.02,0.010000000000218279,L082
549368558,long,2026-07-07 16:07:03,4164.19,0.03,2026-07-07 16:12:06,4166.71,4164.19,0.0,False,False,7.56,0.0,0.0,0.0,414159312,414200606,549368558,549410600,963398362,963426195,1.0,1.0,303.0,7.56,2.5200000000004366,L082
549398154,long,2026-07-07 16:11:17,4161.77,0.04,2026-07-07 16:12:06,4166.71,4161.77,0.0,False,False,19.76,0.0,0.0,0.0,414188747,414200603,549398154,549410797,963418723,963426212,1.0,1.0,49.0,19.76,4.9399999999996,L082
549447213,short,2026-07-07 16:15:12,4170.28,0.02,2026-07-07 16:24:55,4166.28,4170.28,0.0,False,False,8.0,0.0,0.0,0.0,414236451,414265875,549447213,549479458,963445721,963473430,0.0,1.0,583.0,8.0,4.0,S065
549527597,short,2026-07-07 16:31:49,4169.95,0.02,2026-07-07 16:38:24,4171.49,4169.95,0.0,False,False,-3.08,0.0,0.0,0.0,414312333,414379760,549527597,549597502,963506520,963551579,0.0,1.0,395.0,-3.08,-1.5399999999999636,S066
549555398,short,2026-07-07 16:36:19,4175.71,0.02,2026-07-07 16:38:24,4171.46,4175.71,0.0,False,False,8.5,0.0,0.0,0.0,414339354,414380352,549555398,549598374,963527825,963551659,1.0,0.0,125.0,8.5,4.25,S066
549569438,short,2026-07-07 16:36:57,4178.27,0.03,2026-07-07 16:38:24,4171.46,4178.27,0.0,False,False,20.43,0.0,0.0,0.0,414352756,414380256,549569438,549598190,963537786,963551646,0.0,0.0,87.0,20.43,6.8100000000004,S066
549593278,long,2026-07-07 16:38:19,4173.55,0.02,2026-07-07 16:40:49,4174.41,4173.55,0.0,False,False,1.72,0.0,0.0,0.0,414374717,414407549,549593278,549625652,963550763,963570547,0.0,1.0,150.0,1.72,0.8599999999996726,L083
549611624,long,2026-07-07 16:39:07,4169.67,0.02,2026-07-07 16:40:49,4174.39,4169.67,0.0,False,False,9.44,0.0,0.0,0.0,414394250,414407848,549611624,549625840,963559948,963570568,1.0,1.0,102.0,9.44,4.720000000000255,L083
549628794,short,2026-07-07 16:41:05,4173.95,0.02,2026-07-07 16:46:49,4174.04,4173.95,0.0,False,False,-0.18,0.0,0.0,0.0,414410949,414463979,549628794,549684029,963573381,963604929,1.0,1.0,344.0,-0.18,-0.09000000000014552,S067
549637881,short,2026-07-07 16:41:25,4176.49,0.02,2026-07-07 16:46:49,4174.11,4176.49,0.0,False,False,4.76,0.0,0.0,0.0,414418760,414463813,549637881,549683837,963577055,963604923,1.0,1.0,324.0,4.76,2.380000000000109,S067
549647103,short,2026-07-07 16:41:40,4177.3,0.03,2026-07-07 16:46:49,4174.13,4177.3,0.0,False,False,9.51,0.0,0.0,0.0,414428927,414464482,549647103,549684747,963580330,963605191,0.0,1.0,309.0,9.51,3.1700000000000728,S067
549657688,short,2026-07-07 16:42:48,4178.76,0.04,2026-07-07 16:46:49,4173.98,4178.759999999999,9.094947017729282e-13,False,False,19.12,0.0,0.0,0.0,414438906,414464149,549657688,549684447,963587271,963605089,0.0,1.0,241.0,19.12,4.780000000000655,S067
549717585,long,2026-07-07 16:51:59,4170.95,0.02,2026-07-07 17:18:08,4158.08,4170.95,0.0,False,False,-25.74,0.0,0.0,0.0,414496774,414673176,549717585,549900291,963631507,963807187,0.0,0.0,1569.0,-25.74,-12.86999999999989,L084
549729351,long,2026-07-07 16:53:39,4167.42,0.02,2026-07-07 17:18:08,4158.05,4167.42,0.0,False,False,-18.74,0.0,0.0,0.0,414507875,414673079,549729351,549900106,963643055,963807186,1.0,0.0,1469.0,-18.74,-9.36999999999989,L084
549734960,long,2026-07-07 16:54:40,4165.79,0.03,2026-07-07 17:18:08,4157.91,4165.79,0.0,False,False,-23.64,0.0,0.0,0.0,414513389,414672807,549734960,549899910,963649423,963807083,0.0,1.0,1408.0,-23.64,-7.880000000000109,L084
549743988,long,2026-07-07 16:56:35,4164.38,0.04,2026-07-07 17:18:07,4157.85,4164.38,0.0,False,False,-26.12,0.0,0.0,0.0,414522142,414672493,549743988,549899719,963661428,963806983,0.0,0.0,1292.0,-26.12,-6.529999999999745,L084
549753109,long,2026-07-07 16:57:06,4162.09,0.05,2026-07-07 17:18:07,4157.87,4162.09,0.0,False,False,-21.1,0.0,0.0,0.0,414530754,414672559,549753109,549899534,963667604,963806966,1.0,0.0,1261.0,-21.1,-4.220000000000255,L084
549766367,long,2026-07-07 16:57:58,4159.26,0.06,2026-07-07 17:18:07,4157.86,4159.259999999999,9.094947017729282e-13,False,False,-8.4,0.0,0.0,0.0,414544050,414672250,549766367,549899346,963679299,963806907,1.0,0.0,1209.0,-8.4,-1.4000000000005457,L084
549777398,long,2026-07-07 16:59:12,4157.43,0.08,2026-07-07 17:18:06,4157.87,4157.43,0.0,False,False,3.52,0.0,0.0,0.0,414555070,414671988,549777398,549898957,963695638,963806814,1.0,0.0,1134.0,3.52,0.4399999999995998,L084
549783222,short,2026-07-07 17:00:05,4158.92,0.02,2026-07-07 17:00:25,4157.1,4158.92,0.0,False,False,3.64,0.0,0.0,0.0,414561132,414565959,549783222,549788193,963702922,963706013,1.0,0.0,20.0,3.64,1.819999999999709,S068
549805581,short,2026-07-07 17:02:58,4161.54,0.02,2026-07-07 17:03:25,4160.95,4161.54,0.0,False,False,1.18,0.0,0.0,0.0,414582552,414582942,549805581,549806063,963722697,963723630,1.0,1.0,27.0,1.18,0.5900000000001455,S069
549811320,short,2026-07-07 17:03:44,4157.71,0.02,2026-07-07 17:03:53,4155.86,4157.71,0.0,False,False,3.7,0.0,0.0,0.0,414587523,414591261,549811320,549817481,963726905,963729699,1.0,0.0,9.0,3.7,1.8500000000003638,S070
549818967,long,2026-07-07 17:03:56,4155.58,0.11,2026-07-07 17:18:06,4157.87,4155.58,0.0,False,False,25.19,0.0,0.0,0.0,414594931,414671942,549818967,549899144,963732342,963806829,1.0,0.0,850.0,25.19,2.2899999999999636,L084
549828436,long,2026-07-07 17:04:55,4154.75,0.14,2026-07-07 17:18:06,4157.9,4154.75,0.0,False,False,44.1,0.0,0.0,0.0,414604362,414671564,549828436,549898739,963741645,963806704,1.0,1.0,791.0,44.1,3.149999999999636,L084
549839826,short,2026-07-07 17:08:12,4153.28,0.02,2026-07-07 17:10:13,4153.87,4153.28,0.0,False,False,-1.18,0.0,0.0,0.0,414615266,414632255,549839826,549857540,963755051,963768738,1.0,0.0,121.0,-1.18,-0.5900000000001455,S071
549850436,short,2026-07-07 17:09:22,4155.48,0.02,2026-07-07 17:10:13,4153.94,4155.48,0.0,False,False,3.08,0.0,0.0,0.0,414625467,414631691,549850436,549856838,963762945,963768643,0.0,1.0,51.0,3.08,1.5399999999999636,S071
549853763,short,2026-07-07 17:09:29,4156.9,0.02,2026-07-07 17:10:13,4154.02,4156.900000000001,9.094947017729282e-13,False,False,5.76,0.0,0.0,0.0,414628840,414631490,549853763,549856642,963765174,963768638,1.0,1.0,44.0,5.76,2.8799999999991996,S071
549866303,short,2026-07-07 17:11:17,4153.6,0.02,2026-07-07 17:14:22,4152.55,4153.6,0.0,False,False,2.1,0.0,0.0,0.0,414640815,414649390,549866303,549876029,963774425,963785153,1.0,0.0,185.0,2.1,1.050000000000182,S072
549875592,short,2026-07-07 17:14:22,4152.31,0.02,2026-07-07 17:18:06,4158.34,4152.31,0.0,False,False,-12.06,0.0,0.0,0.0,414649239,414671411,549875592,549898554,963785097,963806691,0.0,1.0,224.0,-12.06,-6.029999999999745,S073
549880071,long,2026-07-07 17:14:29,4152.88,0.18,2026-07-07 17:18:05,4157.79,4152.88,0.0,False,False,88.38,0.0,0.0,0.0,414653664,414671094,549880071,549898297,963788182,963806540,1.0,1.0,216.0,88.38,4.9099999999998545,L084
549895508,short,2026-07-07 17:17:13,4156.07,0.02,2026-07-07 17:18:05,4158.22,4156.070000000001,9.094947017729282e-13,False,False,-4.3,0.0,0.0,0.0,414668577,414671114,549895508,549898106,963803245,963806536,0.0,1.0,52.0,-4.3,-2.1500000000005457,S073
549918083,long,2026-07-07 17:21:42,4155.93,0.02,2026-07-07 17:28:05,4156.37,4155.93,0.0,False,False,0.88,0.0,0.0,0.0,414690454,414715135,549918083,549943965,963824121,963848090,1.0,0.0,383.0,0.88,0.4399999999995998,L085
549927349,long,2026-07-07 17:23:24,4153.52,0.02,2026-07-07 17:28:05,4156.51,4153.52,0.0,False,False,5.98,0.0,0.0,0.0,414699236,414714980,549927349,549943758,963831124,963848042,1.0,0.0,281.0,5.98,2.9899999999997817,L085
549952093,short,2026-07-07 17:30:10,4157.87,0.02,2026-07-07 17:32:28,4153.82,4157.87,0.0,False,False,8.1,0.0,0.0,0.0,414723390,414730773,549952093,549960385,963856971,963865246,0.0,0.0,138.0,8.1,4.050000000000182,S074
549963942,long,2026-07-07 17:32:44,4154.43,0.02,2026-07-07 17:43:23,4150.5,4154.43,0.0,False,False,-7.86,0.0,0.0,0.0,414734941,414802474,549963942,550032624,963868320,963932538,0.0,0.0,639.0,-7.86,-3.930000000000291,L086
549972051,long,2026-07-07 17:34:44,4152.1,0.02,2026-07-07 17:43:23,4150.5,4152.1,0.0,False,False,-3.2,0.0,0.0,0.0,414742800,414802714,549972051,550033186,963876611,963932688,0.0,0.0,519.0,-3.2,-1.6000000000003638,L086
549989244,long,2026-07-07 17:35:37,4147.81,0.03,2026-07-07 17:43:23,4150.5,4147.81,0.0,False,False,8.07,0.0,0.0,0.0,414759885,414802655,549989244,550033424,963890522,963932755,0.0,0.0,466.0,8.07,2.6899999999996,L086
550009377,long,2026-07-07 17:41:25,4147.08,0.04,2026-07-07 17:43:23,4150.49,4147.08,0.0,False,False,13.64,0.0,0.0,0.0,414779665,414802206,550009377,550033028,963914548,963932664,0.0,0.0,118.0,13.64,3.4099999999998545,L086
550021468,long,2026-07-07 17:42:16,4144.73,0.05,2026-07-07 17:43:23,4150.48,4144.73,0.0,False,False,28.75,0.0,0.0,0.0,414791467,414801863,550021468,550032367,963924293,963932523,1.0,0.0,67.0,28.75,5.75,L086
550072072,short,2026-07-07 17:46:36,4155.77,0.02,2026-07-07 18:03:05,4150.48,4155.7699999999995,9.094947017729282e-13,False,False,10.58,0.0,0.0,0.0,414841950,414886998,550072072,550118213,963958340,964006580,0.0,0.0,989.0,10.58,5.290000000000873,S075
550098326,long,2026-07-07 18:00:05,4153.07,0.02,2026-07-07 18:08:01,4154.35,4153.070000000001,9.094947017729282e-13,False,False,2.56,0.0,0.0,0.0,414868248,414900965,550098326,550132262,963990557,964020048,0.0,1.0,476.0,2.56,1.2800000000006548,L087
550106164,long,2026-07-07 18:00:36,4152.59,0.02,2026-07-07 18:08:01,4154.35,4152.59,0.0,False,False,3.52,0.0,0.0,0.0,414875524,414901160,550106164,550132549,963997152,964020099,0.0,1.0,445.0,3.52,1.7600000000002183,L087
550125322,long,2026-07-07 18:05:50,4150.97,0.03,2026-07-07 18:08:01,4154.33,4150.97,0.0,False,False,10.08,0.0,0.0,0.0,414894576,414900843,550125322,550132111,964014808,964020001,1.0,1.0,131.0,10.08,3.3599999999996726,L087
550164795,long,2026-07-07 18:14:01,4149.86,0.02,2026-07-07 19:06:20,4143.07,4149.86,0.0,False,False,-13.58,0.0,0.0,0.0,414932857,415098115,550164795,550333814,964042946,964196710,1.0,0.0,3139.0,-13.58,-6.789999999999964,L088
550178307,long,2026-07-07 18:15:44,4146.39,0.02,2026-07-07 19:06:20,4143.02,4146.39,0.0,False,False,-6.74,0.0,0.0,0.0,414946004,415098182,550178307,550334194,964053608,964196771,1.0,0.0,3036.0,-6.74,-3.369999999999891,L088
550194738,long,2026-07-07 18:18:33,4142.87,0.03,2026-07-07 19:06:21,4143.0,4142.87,0.0,False,False,0.39,0.0,0.0,0.0,414962004,415098554,550194738,550334593,964067472,964196901,0.0,1.0,2868.0,0.39,0.13000000000010914,L088
550241422,short,2026-07-07 18:41:49,4146.51,0.02,2026-07-07 18:49:50,4143.6,4146.51,0.0,False,False,5.82,0.0,0.0,0.0,415008131,415024966,550241422,550258745,964121289,964137757,0.0,1.0,481.0,5.82,2.9099999999998545,S076
550278118,long,2026-07-07 18:52:05,4142.19,0.04,2026-07-07 19:06:21,4143.0,4142.19,0.0,False,False,3.24,0.0,0.0,0.0,415044149,415098636,550278118,550334805,964149282,964196903,0.0,1.0,856.0,3.24,0.8100000000004002,L088
550295871,long,2026-07-07 18:54:45,4138.83,0.05,2026-07-07 19:06:21,4143.02,4138.830000000001,9.094947017729282e-13,False,False,20.95,0.0,0.0,0.0,415061103,415098491,550295871,550334385,964162667,964196780,1.0,1.0,696.0,20.95,4.190000000000509,L088
550303132,long,2026-07-07 18:55:44,4137.75,0.06,2026-07-07 19:06:20,4143.02,4137.75,0.0,False,False,31.62,0.0,0.0,0.0,415068299,415098238,550303132,550333994,964171535,964196724,1.0,0.0,636.0,31.62,5.270000000000437,L088
550311610,short,2026-07-07 19:00:08,4138.33,0.02,2026-07-07 19:46:18,4141.35,4138.33,0.0,False,False,-6.04,0.0,0.0,0.0,415076769,415165309,550311610,550401358,964180373,964269295,0.0,0.0,2770.0,-6.04,-3.0200000000004366,S077
550337153,short,2026-07-07 19:07:15,4142.79,0.02,2026-07-07 19:46:18,4141.35,4142.79,0.0,False,False,2.88,0.0,0.0,0.0,415101997,415164989,550337153,550400950,964200703,964269270,1.0,0.0,2343.0,2.88,1.4399999999995998,S077
550360490,short,2026-07-07 19:20:26,4144.2,0.03,2026-07-07 19:46:18,4141.37,4144.2,0.0,False,False,8.49,0.0,0.0,0.0,415125074,415164823,550360490,550400740,964225256,964269249,1.0,1.0,1552.0,8.49,2.8299999999999272,S077
550376663,short,2026-07-07 19:30:01,4145.87,0.04,2026-07-07 19:46:18,4141.35,4145.870000000001,9.094947017729282e-13,False,False,18.08,0.0,0.0,0.0,415141159,415165257,550376663,550401154,964244483,964269279,1.0,0.0,977.0,18.08,4.519999999999527,S077
550387396,long,2026-07-07 19:36:43,4144.18,0.02,2026-07-07 19:49:52,4144.2,4144.179999999999,9.094947017729282e-13,False,False,0.04,0.0,0.0,0.0,415151915,415169719,550387396,550405580,964255692,964274056,0.0,1.0,789.0,0.04,0.019999999999527063,L089
550402029,long,2026-07-07 19:46:57,4142.15,0.02,2026-07-07 19:49:51,4144.2,4142.15,0.0,False,False,4.1,0.0,0.0,0.0,415166278,415169384,550402029,550405387,964270656,964274008,0.0,1.0,174.0,4.1,2.050000000000182,L089
553394671,short,2026-07-08 08:32:03,4125.51,0.02,2026-07-08 08:48:12,4126.39,4125.51,0.0,False,False,-1.76,0.0,0.0,0.0,418072987,418187320,553394671,553511859,965964466,966020829,0.0,1.0,969.0,-1.76,-0.8800000000001091,S078
553424527,short,2026-07-08 08:35:02,4126.76,0.02,2026-07-08 08:48:11,4126.6,4126.76,0.0,False,False,0.32,0.0,0.0,0.0,418102523,418187076,553424527,553511515,965976496,966020683,0.0,1.0,789.0,0.32,0.15999999999985448,S078
553452871,short,2026-07-08 08:39:07,4128.79,0.03,2026-07-08 08:48:11,4126.86,4128.79,0.0,False,False,5.79,0.0,0.0,0.0,418130112,418186167,553452871,553511040,965990532,966020556,1.0,1.0,544.0,5.79,1.930000000000291,S078
553485484,short,2026-07-08 08:43:32,4130.56,0.04,2026-07-08 08:48:11,4126.6,4130.56,0.0,False,False,15.84,0.0,0.0,0.0,418161831,418187088,553485484,553511749,966008113,966020785,0.0,0.0,279.0,15.84,3.9600000000000364,S078
553521858,long,2026-07-08 08:48:31,4127.39,0.02,2026-07-08 09:12:41,4127.14,4127.39,0.0,False,False,-0.5,0.0,0.0,0.0,418197552,418304395,553521858,553633559,966024733,966084720,0.0,0.0,1450.0,-0.5,-0.25,L090
553592322,long,2026-07-08 09:05:48,4124.91,0.02,2026-07-08 09:12:41,4127.14,4124.910000000001,9.094947017729282e-13,False,False,4.46,0.0,0.0,0.0,418266606,418304329,553592322,553633855,966066836,966084849,0.0,0.0,413.0,4.46,2.230000000000473,L090
553604308,long,2026-07-08 09:07:34,4123.79,0.03,2026-07-08 09:12:41,4127.14,4123.79,0.0,False,False,10.05,0.0,0.0,0.0,418277952,418304316,553604308,553633742,966072684,966084787,1.0,0.0,307.0,10.05,3.350000000000364,L090
553653462,short,2026-07-08 09:13:07,4128.62,0.02,2026-07-08 09:31:58,4127.55,4128.62,0.0,False,False,2.14,0.0,0.0,0.0,418326796,418420444,553653462,553754166,966092811,966145541,0.0,0.0,1131.0,2.14,1.069999999999709,S079
553671819,short,2026-07-08 09:15:44,4130.61,0.02,2026-07-08 09:31:58,4127.58,4130.61,0.0,False,False,6.06,0.0,0.0,0.0,418344658,418420762,553671819,553754362,966103464,966145598,1.0,0.0,974.0,6.06,3.0299999999997453,S079
553686998,short,2026-07-08 09:16:53,4131.68,0.03,2026-07-08 09:31:59,4127.8,4131.68,0.0,False,False,11.64,0.0,0.0,0.0,418359626,418421256,553686998,553754695,966109417,966145964,1.0,1.0,906.0,11.64,3.880000000000109,S079
553775054,long,2026-07-08 09:33:46,4126.77,0.02,2026-07-08 10:28:33,4121.07,4126.7699999999995,9.094947017729282e-13,False,False,-11.4,0.0,0.0,0.0,418445452,418630520,553775054,553971078,966156121,966313998,1.0,0.0,3287.0,-11.4,-5.700000000000728,L091
553802553,long,2026-07-08 09:48:50,4125.35,0.02,2026-07-08 10:28:33,4121.07,4125.349999999999,9.094947017729282e-13,False,False,-8.56,0.0,0.0,0.0,418471759,418630352,553802553,553970881,966181544,966313878,1.0,0.0,2383.0,-8.56,-4.280000000000655,L091
553826429,long,2026-07-08 10:00:32,4123.79,0.03,2026-07-08 10:28:33,4120.99,4123.79,0.0,False,False,-8.4,0.0,0.0,0.0,418493621,418630037,553826429,553970563,966202703,966313749,1.0,0.0,1681.0,-8.4,-2.800000000000182,L091
553844994,long,2026-07-08 10:04:42,4122.45,0.04,2026-07-08 10:28:33,4120.99,4122.45,0.0,False,False,-5.84,0.0,0.0,0.0,418510557,418630099,553844994,553970322,966215902,966313622,1.0,2.0,1431.0,-5.84,-1.4600000000000364,L091
553868216,long,2026-07-08 10:06:09,4119.22,0.05,2026-07-08 10:28:33,4120.99,4119.219999999999,9.094947017729282e-13,False,False,8.85,0.0,0.0,0.0,418532272,418630175,553868216,553970401,966231880,966313645,0.0,1.0,1344.0,8.85,1.769999999999527,L091
553894467,long,2026-07-08 10:13:23,4118.18,0.06,2026-07-08 10:28:33,4120.98,4118.179999999999,9.094947017729282e-13,False,False,16.8,0.0,0.0,0.0,418557459,418629995,553894467,553970158,966253529,966313583,1.0,2.0,910.0,16.8,2.7999999999992724,L091
553911248,short,2026-07-08 10:17:03,4117.68,0.02,2026-07-08 10:18:04,4116.69,4117.679999999999,9.094947017729282e-13,False,False,1.98,0.0,0.0,0.0,418573353,418575227,553911248,553913697,966266048,966268096,0.0,0.0,61.0,1.98,0.9900000000006912,S080
553930068,long,2026-07-08 10:19:51,4116.39,0.08,2026-07-08 10:28:30,4120.95,4116.389999999999,9.094947017729282e-13,False,False,36.48,0.0,0.0,0.0,418590359,418625653,553930068,553969753,966278537,966313382,0.0,1.0,519.0,36.48,4.559999999999491,L091
554152498,long,2026-07-08 10:52:26,4123.65,0.02,2026-07-08 11:20:10,4096.86,4123.65,0.0,False,False,-53.58,0.0,0.0,0.0,418809632,419102242,554152498,554464263,966421613,966622844,0.0,1.0,1664.0,-53.58,-26.789999999999964,L092
554169008,long,2026-07-08 10:54:01,4121.87,0.02,2026-07-08 11:20:09,4094.84,4121.87,0.0,False,False,-54.06,0.0,0.0,0.0,418825647,419101003,554169008,554460537,966429077,966622502,0.0,1.0,1568.0,-54.06,-27.029999999999745,L092
554183681,long,2026-07-08 10:56:21,4120.56,0.03,2026-07-08 11:20:10,4096.74,4120.5599999999995,9.094947017729282e-13,False,False,-71.46,0.0,0.0,0.0,418839782,419101998,554183681,554461982,966437345,966622735,0.0,2.0,1429.0,-71.46,-23.82000000000062,L092
554207838,long,2026-07-08 11:02:09,4118.18,0.04,2026-07-08 11:20:10,4096.86,4118.179999999999,9.094947017729282e-13,False,False,-85.28,0.0,0.0,0.0,418862582,419102525,554207838,554463968,966456521,966622812,1.0,1.0,1081.0,-85.28,-21.32000000000062,L092
554276988,long,2026-07-08 11:16:43,4113.2,0.05,2026-07-08 11:20:10,4096.14,4113.200000000001,9.094947017729282e-13,False,False,-85.3,0.0,0.0,0.0,418926001,419101434,554276988,554461300,966511095,966622717,1.0,2.0,207.0,-85.3,-17.05999999999949,L092
554297947,long,2026-07-08 11:17:03,4104.3,0.06,2026-07-08 11:20:09,4094.59,4104.3,0.0,False,False,-58.26,0.0,0.0,0.0,418946538,419100570,554297947,554460214,966528323,966622483,1.0,1.0,186.0,-58.26,-9.710000000000036,L092
554308175,short,2026-07-08 11:17:14,4102.0,0.02,2026-07-08 11:17:15,4104.09,4102.0,0.0,False,False,-4.18,0.0,0.0,0.0,418958513,418959546,554308175,554311335,966538080,966538880,1.0,0.0,1.0,-4.18,-2.0900000000001455,S081
554312853,long,2026-07-08 11:17:18,4104.18,0.08,2026-07-08 11:20:09,4096.12,4104.18,0.0,False,False,-64.48,0.0,0.0,0.0,418964022,419101223,554312853,554460650,966540756,966622581,0.0,1.0,171.0,-64.48,-8.0600000000004,L092
554329208,short,2026-07-08 11:17:31,4099.65,0.02,2026-07-08 11:17:33,4100.56,4099.650000000001,9.094947017729282e-13,False,False,-1.82,0.0,0.0,0.0,418976699,418979222,554329208,554330209,966546737,966548316,1.0,1.0,2.0,-1.82,-0.910000000000764,S082
554331399,long,2026-07-08 11:17:33,4100.98,0.11,2026-07-08 11:20:10,4096.78,4100.98,0.0,False,False,-46.2,0.0,0.0,0.0,418979846,419101798,554331399,554461668,966550271,966622723,1.0,2.0,157.0,-46.2,-4.199999999999818,L092
554363155,short,2026-07-08 11:18:06,4086.18,0.02,2026-07-08 11:18:19,4086.54,4086.18,0.0,False,False,-0.72,0.0,0.0,0.0,419010048,419024599,554363155,554375021,966570441,966582444,1.0,0.0,13.0,-0.72,-0.36000000000012733,S083
554364246,long,2026-07-08 11:18:08,4086.68,0.14,2026-07-08 11:20:09,4094.73,4086.68,0.0,False,False,112.7,0.0,0.0,0.0,419012684,419100718,554364246,554460160,966571414,966622477,2.0,1.0,121.0,112.7,8.050000000000182,L092
554367457,short,2026-07-08 11:18:11,4086.14,0.02,2026-07-08 11:18:19,4086.81,4086.14,0.0,False,False,-1.34,0.0,0.0,0.0,419016309,419023775,554367457,554374468,966575356,966582308,1.0,1.0,8.0,-1.34,-0.6700000000000728,S083
554369653,long,2026-07-08 11:18:13,4088.98,0.18,2026-07-08 11:20:10,4096.14,4088.9800000000005,4.547473508864641e-13,False,False,128.88,0.0,0.0,0.0,419017380,419101546,554369653,554461042,966577136,966622637,0.0,2.0,117.0,128.88,7.160000000000309,L092
554377449,short,2026-07-08 11:18:22,4084.97,0.03,2026-07-08 11:18:24,4084.16,4084.97,0.0,False,False,2.43,0.0,0.0,0.0,419026657,419028761,554377449,554383917,966583844,966585291,1.0,0.0,2.0,2.43,0.8099999999999454,S084
554385271,long,2026-07-08 11:18:26,4085.46,0.23,2026-07-08 11:20:10,4096.74,4085.4599999999996,4.547473508864641e-13,False,False,259.44,0.0,0.0,0.0,419030510,419102159,554385271,554461802,966587031,966622731,1.0,2.0,104.0,259.44,11.279999999999745,L092
554399644,long,2026-07-08 11:18:39,4081.63,0.3,2026-07-08 11:20:09,4096.12,4081.63,0.0,False,False,434.7,0.0,0.0,0.0,419044482,419101226,554399644,554460858,966594851,966622618,0.0,1.0,90.0,434.7,14.489999999999782,L092
554413170,short,2026-07-08 11:19:03,4087.85,0.02,2026-07-08 11:19:18,4087.28,4087.8500000000004,4.547473508864641e-13,False,False,1.14,0.0,0.0,0.0,419060673,419073234,554413170,554426034,966601629,966607178,0.0,0.0,15.0,1.14,0.569999999999709,S085
554420190,short,2026-07-08 11:19:12,4085.66,0.02,2026-07-08 11:19:22,4090.16,4085.66,0.0,False,False,-9.0,0.0,0.0,0.0,419066823,419075704,554420190,554428862,966604885,966607834,1.0,1.0,10.0,-9.0,-4.5,S085
554438175,short,2026-07-08 11:19:32,4091.31,0.02,2026-07-08 11:20:09,4095.03,4091.3100000000004,4.547473508864641e-13,False,False,-7.44,0.0,0.0,0.0,419083405,419100492,554438175,554459533,966611965,966621877,1.0,1.0,37.0,-7.44,-3.7200000000002547,S086
554490005,long,2026-07-08 11:20:38,4090.48,0.02,2026-07-08 11:26:01,4087.72,4090.48,0.0,False,False,-5.52,0.0,0.0,0.0,419134616,419303679,554490005,554666863,966636934,966697727,0.0,1.0,323.0,-5.52,-2.7600000000002183,L093
554540967,long,2026-07-08 11:22:33,4088.83,0.02,2026-07-08 11:26:01,4087.72,4088.83,0.0,False,False,-2.22,0.0,0.0,0.0,419184410,419303500,554540967,554667085,966655314,966697768,1.0,1.0,208.0,-2.22,-1.1100000000001273,L093
554574785,long,2026-07-08 11:23:19,4088.59,0.03,2026-07-08 11:26:00,4087.72,4088.5899999999997,4.547473508864641e-13,False,False,-2.61,0.0,0.0,0.0,419216848,419303191,554574785,554666662,966665435,966697675,1.0,0.0,161.0,-2.61,-0.8700000000003456,L093
554623587,long,2026-07-08 11:24:44,4084.46,0.04,2026-07-08 11:26:01,4087.72,4084.4599999999996,4.547473508864641e-13,False,False,13.04,0.0,0.0,0.0,419262162,419303763,554623587,554667252,966681462,966697795,0.0,1.0,77.0,13.04,3.2599999999997635,L093
554647835,long,2026-07-08 11:25:24,4082.07,0.05,2026-07-08 11:26:01,4087.75,4082.07,0.0,False,False,28.4,0.0,0.0,0.0,419284612,419304874,554647835,554667429,966691327,966697804,1.0,1.0,37.0,28.4,5.679999999999836,L093
554669027,short,2026-07-08 11:26:03,4086.57,0.02,2026-07-08 11:30:07,4087.57,4086.57,0.0,False,False,-2.0,0.0,0.0,0.0,419306317,419366783,554669027,554730575,966698935,966731608,1.0,1.0,244.0,-2.0,-1.0,S087
554678555,short,2026-07-08 11:26:22,4088.52,0.02,2026-07-08 11:30:07,4086.94,4088.52,0.0,False,False,3.16,0.0,0.0,0.0,419316154,419366662,554678555,554730691,966702983,966731615,0.0,1.0,225.0,3.16,1.5799999999999272,S087
554687755,short,2026-07-08 11:26:40,4089.72,0.03,2026-07-08 11:30:06,4087.22,4089.72,0.0,False,False,7.5,0.0,0.0,0.0,419324869,419365200,554687755,554730122,966705731,966731529,1.0,1.0,206.0,7.5,2.5,S087
554740275,short,2026-07-08 11:30:46,4090.82,0.02,2026-07-08 11:31:01,4088.48,4090.82,0.0,False,False,4.68,0.0,0.0,0.0,419376198,419378931,554740275,554743110,966739729,966741565,0.0,0.0,15.0,4.68,2.3400000000001455,S088
554752471,long,2026-07-08 11:31:45,4087.61,0.02,2026-07-08 11:47:17,4071.86,4087.61,0.0,False,False,-31.5,0.0,0.0,0.0,419387880,419629493,554752471,555061770,966749105,966906940,1.0,1.0,932.0,-31.5,-15.75,L094
554783748,long,2026-07-08 11:32:48,4079.42,0.02,2026-07-08 11:47:16,4071.79,4079.42,0.0,False,False,-15.26,0.0,0.0,0.0,419416137,419628809,554783748,555060720,966765683,966906787,0.0,1.0,868.0,-15.26,-7.630000000000109,L094
554801272,short,2026-07-08 11:33:32,4082.76,0.02,2026-07-08 11:34:02,4080.74,4082.7599999999998,4.547473508864641e-13,False,False,4.04,0.0,0.0,0.0,419431752,419437770,554801272,554808438,966773242,966776547,1.0,0.0,30.0,4.04,2.0200000000004366,S089
554842120,long,2026-07-08 11:35:24,4078.93,0.03,2026-07-08 11:47:16,4071.79,4078.93,0.0,False,False,-21.42,0.0,0.0,0.0,419468133,419628616,554842120,555060364,966792446,966906725,1.0,1.0,712.0,-21.42,-7.139999999999873,L094
554870361,long,2026-07-08 11:36:40,4075.19,0.04,2026-07-08 11:47:16,4071.79,4075.19,0.0,False,False,-13.6,0.0,0.0,0.0,419485109,419628777,554870361,555060771,966803245,966906818,1.0,1.0,636.0,-13.6,-3.400000000000091,L094
554894500,long,2026-07-08 11:37:17,4073.48,0.05,2026-07-08 11:47:15,4071.65,4073.48,0.0,False,False,-9.15,0.0,0.0,0.0,419507494,419626941,554894500,555059872,966818026,966906694,0.0,0.0,598.0,-9.15,-1.8299999999999272,L094
554942424,long,2026-07-08 11:39:34,4069.1,0.06,2026-07-08 11:47:15,4071.65,4069.1,0.0,False,False,15.3,0.0,0.0,0.0,419539815,419627054,554942424,555059656,966837554,966906680,0.0,0.0,461.0,15.3,2.550000000000182,L094
554969024,long,2026-07-08 11:40:51,4065.25,0.08,2026-07-08 11:47:16,4071.78,4065.25,0.0,False,False,52.24,0.0,0.0,0.0,419555149,419628370,554969024,555060173,966854412,966906721,0.0,1.0,385.0,52.24,6.5300000000002,L094
554988210,short,2026-07-08 11:41:45,4062.46,0.02,2026-07-08 11:49:08,4066.33,4062.46,0.0,False,False,-7.74,0.0,0.0,0.0,419570461,419670397,554988210,555103357,966862500,966937999,0.0,1.0,443.0,-7.74,-3.869999999999891,S090
555001109,long,2026-07-08 11:42:05,4062.76,0.11,2026-07-08 11:47:16,4071.84,4062.76,0.0,False,False,99.88,0.0,0.0,0.0,419583114,419629246,555001109,555061220,966869860,966906881,1.0,1.0,311.0,99.88,9.079999999999927,L094
555016842,short,2026-07-08 11:43:10,4063.95,0.02,2026-07-08 11:49:07,4065.84,4063.9500000000003,4.547473508864641e-13,False,False,-3.78,0.0,0.0,0.0,419592449,419668213,555016842,555102894,966877443,966937445,0.0,1.0,357.0,-3.78,-1.8900000000003274,S090
555037819,short,2026-07-08 11:44:50,4065.72,0.02,2026-07-08 11:49:08,4065.96,4065.7200000000003,4.547473508864641e-13,False,False,-0.48,0.0,0.0,0.0,419607253,419670482,555037819,555103756,966888489,966938275,0.0,1.0,258.0,-0.48,-0.24000000000023647,S090
555048020,short,2026-07-08 11:46:11,4068.39,0.03,2026-07-08 11:49:08,4065.96,4068.39,0.0,False,False,7.29,0.0,0.0,0.0,419615965,419670467,555048020,555103634,966898336,966938150,1.0,1.0,177.0,7.29,2.4299999999998363,S090
555081239,short,2026-07-08 11:48:28,4074.39,0.04,2026-07-08 11:49:07,4066.03,4074.3900000000003,4.547473508864641e-13,False,False,33.44,0.0,0.0,0.0,419649790,419669065,555081239,555103207,966925287,966937725,1.0,0.0,39.0,33.44,8.359999999999673,S090
555128581,long,2026-07-08 11:50:07,4064.03,0.02,2026-07-08 11:52:58,4068.13,4064.03,0.0,False,False,8.2,0.0,0.0,0.0,419694716,419727901,555128581,555164117,966949868,966971799,1.0,1.0,171.0,8.2,4.099999999999909,L095
555134284,long,2026-07-08 11:50:17,4064.12,0.02,2026-07-08 11:52:57,4068.19,4064.12,0.0,False,False,8.14,0.0,0.0,0.0,419701583,419727715,555134284,555163813,966953547,966971666,1.0,0.0,160.0,8.14,4.070000000000164,L095
555166704,short,2026-07-08 11:53:36,4067.96,0.02,2026-07-08 11:54:18,4064.79,4067.96,0.0,False,False,6.34,0.0,0.0,0.0,419730771,419736811,555166704,555173122,966975678,966979989,1.0,0.0,42.0,6.34,3.1700000000000728,S091
555229095,long,2026-07-08 11:56:54,4057.94,0.02,2026-07-08 12:15:05,4056.97,4057.9399999999996,4.547473508864641e-13,False,False,-1.94,0.0,0.0,0.0,419781988,419898863,555229095,555412971,967011553,967118681,0.0,0.0,1091.0,-1.94,-0.9700000000002547,L096
555258965,long,2026-07-08 11:58:51,4053.18,0.02,2026-07-08 12:15:05,4056.99,4053.18,0.0,False,False,7.62,0.0,0.0,0.0,419792673,419898604,555258965,555412548,967023042,967118663,1.0,0.0,974.0,7.62,3.8099999999999454,L096
555282614,long,2026-07-08 12:00:32,4054.11,0.03,2026-07-08 12:15:05,4056.97,4054.1099999999997,4.547473508864641e-13,False,False,8.58,0.0,0.0,0.0,419816402,419899062,555282614,555413062,967045156,967118691,0.0,0.0,873.0,8.58,2.8599999999996726,L096
555373397,long,2026-07-08 12:09:49,4052.35,0.04,2026-07-08 12:15:05,4056.98,4052.35,0.0,False,False,18.52,0.0,0.0,0.0,419876790,419899453,555373397,555413258,967096007,967118698,0.0,0.0,316.0,18.52,4.630000000000109,L096
555421975,short,2026-07-08 12:15:38,4058.05,0.02,2026-07-08 12:17:10,4054.91,4058.0499999999997,4.547473508864641e-13,False,False,6.28,0.0,0.0,0.0,419908065,419914640,555421975,555429318,967126727,967134148,1.0,0.0,92.0,6.28,3.1400000000003274,S092
555434084,long,2026-07-08 12:17:21,4055.3,0.02,2026-07-08 12:18:53,4057.81,4055.2999999999997,4.547473508864641e-13,False,False,5.02,0.0,0.0,0.0,419919610,419924007,555434084,555438569,967136173,967141126,1.0,1.0,92.0,5.02,2.5099999999997635,L097
555447487,short,2026-07-08 12:19:41,4060.09,0.02,2026-07-08 12:21:26,4056.42,4060.09,0.0,False,False,7.34,0.0,0.0,0.0,419932828,419938990,555447487,555453951,967147759,967154118,0.0,1.0,105.0,7.34,3.6700000000000728,S093
555472145,short,2026-07-08 12:24:24,4058.7,0.02,2026-07-08 12:25:12,4056.24,4058.7,0.0,False,False,4.92,0.0,0.0,0.0,419956755,419960929,555472145,555478055,967167751,967171445,0.0,1.0,48.0,4.92,2.4600000000000364,S094
555483818,long,2026-07-08 12:25:30,4055.93,0.02,2026-07-08 12:26:19,4058.63,4055.9300000000003,4.547473508864641e-13,False,False,5.4,0.0,0.0,0.0,419967961,419970730,555483818,555486545,967173958,967176603,0.0,0.0,49.0,5.4,2.700000000000273,L098
555491783,short,2026-07-08 12:27:16,4058.92,0.02,2026-07-08 12:28:13,4056.95,4058.9199999999996,4.547473508864641e-13,False,False,3.94,0.0,0.0,0.0,419975920,419979510,555491783,555495631,967180504,967183292,0.0,1.0,57.0,3.94,1.9700000000002547,S095
555516416,long,2026-07-08 12:30:50,4053.66,0.02,2026-07-08 12:35:16,4057.69,4053.66,0.0,False,False,8.06,0.0,0.0,0.0,419999721,420020771,555516416,555544713,967193518,967211830,1.0,0.0,266.0,8.06,4.0300000000002,L099
555541188,short,2026-07-08 12:34:26,4055.22,0.02,2026-07-08 12:37:26,4054.54,4055.22,0.0,False,False,1.36,0.0,0.0,0.0,420017223,420028725,555541188,555552912,967208814,967218950,0.0,0.0,180.0,1.36,0.6799999999998363,S096
555548442,short,2026-07-08 12:36:27,4057.34,0.02,2026-07-08 12:37:26,4054.54,4057.34,0.0,False,False,5.6,0.0,0.0,0.0,420024409,420028221,555548442,555552683,967215846,967218826,0.0,1.0,59.0,5.6,2.800000000000182,S096
555583549,long,2026-07-08 12:39:14,4052.09,0.02,2026-07-08 12:47:00,4052.64,4052.0899999999997,4.547473508864641e-13,False,False,1.1,0.0,0.0,0.0,420049202,420097587,555583549,555667929,967229980,967276290,1.0,0.0,466.0,1.1,0.5499999999997272,L100
555639610,long,2026-07-08 12:43:31,4046.03,0.02,2026-07-08 12:47:00,4052.65,4046.03,0.0,False,False,13.24,0.0,0.0,0.0,420080623,420097246,555639610,555667529,967256819,967276228,0.0,0.0,209.0,13.24,6.619999999999891,L100
555668680,short,2026-07-08 12:47:08,4051.34,0.02,2026-07-08 12:48:10,4048.34,4051.34,0.0,False,False,6.0,0.0,0.0,0.0,420098395,420104275,555668680,555676906,967277597,967281522,1.0,0.0,62.0,6.0,3.0,S097
555755082,long,2026-07-08 12:59:03,4042.37,0.02,2026-07-08 13:03:22,4047.14,4042.37,0.0,False,False,9.54,0.0,0.0,0.0,420161071,420181068,555755082,555789942,967320972,967339782,0.0,1.0,259.0,9.54,4.769999999999982,L101
555794200,short,2026-07-08 13:03:50,4047.05,0.02,2026-07-08 13:06:08,4044.16,4047.0499999999997,4.547473508864641e-13,False,False,5.78,0.0,0.0,0.0,420185296,420189526,555794200,555800242,967343625,967350352,0.0,0.0,138.0,5.78,2.8900000000003274,S098
555834909,long,2026-07-08 13:09:41,4042.46,0.02,2026-07-08 13:16:25,4045.48,4042.46,0.0,False,False,6.04,0.0,0.0,0.0,420209867,420232239,555834909,555882145,967361784,967381898,1.0,1.0,404.0,6.04,3.019999999999982,L102
555919730,short,2026-07-08 13:21:03,4054.03,0.02,2026-07-08 14:00:37,4052.02,4054.03,0.0,False,False,4.02,0.0,0.0,0.0,420269362,420358264,555919730,556009870,967408568,967506020,0.0,1.0,2374.0,4.02,2.0100000000002183,S099
555938864,long,2026-07-08 13:28:19,4050.79,0.02,2026-07-08 13:31:44,4052.83,4050.79,0.0,False,False,4.08,0.0,0.0,0.0,420288568,420293103,555938864,555943755,967430203,967436004,0.0,0.0,205.0,4.08,2.0399999999999636,L103
555953512,short,2026-07-08 13:33:49,4055.16,0.02,2026-07-08 14:00:37,4052.02,4055.16,0.0,False,False,6.28,0.0,0.0,0.0,420302667,420357994,555953512,556009407,967443607,967505887,0.0,1.0,1608.0,6.28,3.1399999999998727,S099
555981532,short,2026-07-08 13:43:34,4056.76,0.03,2026-07-08 14:00:37,4052.02,4056.7599999999998,4.547473508864641e-13,False,False,14.22,0.0,0.0,0.0,420330347,420358379,555981532,556009654,967469918,967505988,0.0,1.0,1023.0,14.22,4.7400000000002365,S099
555990893,long,2026-07-08 13:49:53,4055.68,0.02,2026-07-08 14:02:21,4055.99,4055.68,0.0,False,False,0.62,0.0,0.0,0.0,420339831,420371545,555990893,556023196,967483797,967516991,1.0,0.0,748.0,0.62,0.30999999999994543,L104
556012551,long,2026-07-08 14:00:41,4051.98,0.02,2026-07-08 14:02:21,4055.98,4051.98,0.0,False,False,8.0,0.0,0.0,0.0,420361179,420371179,556012551,556022982,967508632,967516960,1.0,0.0,100.0,8.0,4.0,L104
556046769,long,2026-07-08 14:10:02,4050.96,0.02,2026-07-08 14:16:34,4054.04,4050.96,0.0,False,False,6.16,0.0,0.0,0.0,420395033,420410715,556046769,556062868,967538569,967558459,0.0,1.0,392.0,6.16,3.0799999999999272,L105
556059781,short,2026-07-08 14:16:08,4051.34,0.02,2026-07-08 14:22:26,4050.67,4051.34,0.0,False,False,1.34,0.0,0.0,0.0,420407792,420421818,556059781,556073877,967556037,967571929,1.0,0.0,378.0,1.34,0.6700000000000728,S100
556065182,short,2026-07-08 14:16:55,4053.48,0.02,2026-07-08 14:22:26,4050.67,4053.48,0.0,False,False,5.62,0.0,0.0,0.0,420413111,420422024,556065182,556074144,967559904,967572076,1.0,0.0,331.0,5.62,2.8099999999999454,S100
556090737,short,2026-07-08 14:28:03,4050.68,0.02,2026-07-08 14:31:43,4048.73,4050.68,0.0,False,False,3.9,0.0,0.0,0.0,420438362,420443152,556090737,556095710,967585636,967590697,1.0,1.0,220.0,3.9,1.949999999999818,S101
556112578,long,2026-07-08 14:33:18,4047.65,0.02,2026-07-08 14:43:36,4052.73,4047.65,0.0,False,False,10.16,0.0,0.0,0.0,420459716,420494705,556112578,556153611,967600837,967633738,0.0,0.0,618.0,10.16,5.079999999999927,L106
556123581,long,2026-07-08 14:37:30,4045.96,0.02,2026-07-08 14:43:38,4053.3,4045.96,0.0,False,False,14.68,0.0,0.0,0.0,420470648,420496729,556123581,556155774,967611724,967634099,0.0,1.0,368.0,14.68,7.3400000000001455,L106
556134410,long,2026-07-08 14:38:40,4042.63,0.03,2026-07-08 14:43:36,4052.73,4042.63,0.0,False,False,30.3,0.0,0.0,0.0,420480941,420494703,556134410,556153752,967620727,967633761,1.0,0.0,296.0,30.3,10.099999999999909,L106
556158220,short,2026-07-08 14:43:42,4054.11,0.02,2026-07-08 14:49:18,4063.45,4054.1099999999997,4.547473508864641e-13,False,False,-18.68,0.0,0.0,0.0,420502473,420626141,556158220,556282399,967639131,967721394,0.0,1.0,336.0,-18.68,-9.33999999999969,S102
556164274,short,2026-07-08 14:43:49,4054.22,0.02,2026-07-08 14:49:18,4063.45,4054.22,0.0,False,False,-18.46,0.0,0.0,0.0,420509802,420625511,556164274,556282703,967645304,967721425,1.0,1.0,329.0,-18.46,-9.230000000000018,S102
556180391,short,2026-07-08 14:44:08,4061.46,0.03,2026-07-08 14:49:18,4063.45,4061.46,0.0,False,False,-5.97,0.0,0.0,0.0,420524688,420626213,556180391,556282596,967652892,967721405,1.0,1.0,310.0,-5.97,-1.9899999999997817,S102
556194128,short,2026-07-08 14:44:26,4062.81,0.04,2026-07-08 14:49:18,4063.44,4062.81,0.0,False,False,-2.52,0.0,0.0,0.0,420539873,420626440,556194128,556282814,967662450,967721429,0.0,1.0,292.0,-2.52,-0.6300000000001091,S102
556202615,short,2026-07-08 14:44:40,4063.41,0.05,2026-07-08 14:49:18,4063.45,4063.41,0.0,False,False,-0.2,0.0,0.0,0.0,420546872,420625293,556202615,556283069,967666651,967721468,1.0,1.0,278.0,-0.2,-0.03999999999996362,S102
556229283,short,2026-07-08 14:45:32,4067.13,0.06,2026-07-08 14:49:18,4063.45,4067.1299999999997,4.547473508864641e-13,False,False,22.08,0.0,0.0,0.0,420575103,420626068,556229283,556282942,967684372,967721462,0.0,1.0,226.0,22.08,3.680000000000291,S102
556241862,short,2026-07-08 14:46:27,4068.69,0.08,2026-07-08 14:49:18,4063.44,4068.69,0.0,False,False,42.0,0.0,0.0,0.0,420588086,420626382,556241862,556283297,967696123,967721515,1.0,1.0,171.0,42.0,5.25,S102
556246347,short,2026-07-08 14:46:38,4070.56,0.11,2026-07-08 14:49:18,4063.45,4070.56,0.0,False,False,78.21,0.0,0.0,0.0,420592379,420625837,556246347,556283186,967699552,967721484,0.0,1.0,160.0,78.21,7.110000000000127,S102
556307955,short,2026-07-08 14:55:26,4063.36,0.02,2026-07-08 14:57:14,4060.29,4063.36,0.0,False,False,6.14,0.0,0.0,0.0,420654105,420658802,556307955,556312829,967743852,967749463,0.0,0.0,108.0,6.14,3.0700000000001637,S103
556317275,short,2026-07-08 15:00:08,4060.53,0.02,2026-07-08 15:00:09,4061.6,4060.5299999999997,4.547473508864641e-13,False,False,-2.14,0.0,0.0,0.0,420663331,420663595,556317275,556317676,967757353,967757893,0.0,0.0,1.0,-2.14,-1.069999999999709,S104
556335875,short,2026-07-08 15:04:03,4065.06,0.02,2026-07-08 15:22:28,4070.43,4065.06,0.0,False,False,-10.74,0.0,0.0,0.0,420681386,420751321,556335875,556406101,967774206,967855378,0.0,1.0,1105.0,-10.74,-5.369999999999891,S105
556345145,short,2026-07-08 15:06:01,4067.62,0.02,2026-07-08 15:22:28,4070.36,4067.6200000000003,4.547473508864641e-13,False,False,-5.48,0.0,0.0,0.0,420690217,420751816,556345145,556407060,967784142,967855408,1.0,1.0,987.0,-5.48,-2.7400000000002365,S105
556358228,short,2026-07-08 15:10:11,4070.08,0.03,2026-07-08 15:22:28,4070.43,4070.08,0.0,False,False,-1.05,0.0,0.0,0.0,420703274,420751024,556358228,556406292,967801424,967855381,0.0,1.0,737.0,-1.05,-0.34999999999990905,S105
556365108,short,2026-07-08 15:11:34,4072.14,0.04,2026-07-08 15:22:28,4070.36,4072.1400000000003,4.547473508864641e-13,False,False,7.12,0.0,0.0,0.0,420710208,420751617,556365108,556406678,967808807,967855399,0.0,1.0,654.0,7.12,1.7799999999997453,S105
556383430,short,2026-07-08 15:18:31,4073.31,0.05,2026-07-08 15:22:28,4070.43,4073.31,0.0,False,False,14.4,0.0,0.0,0.0,420728638,420751210,556383430,556406492,967832493,967855392,1.0,1.0,237.0,14.4,2.880000000000109,S105
556391001,short,2026-07-08 15:19:11,4075.85,0.06,2026-07-08 15:22:28,4070.36,4075.85,0.0,False,False,32.94,0.0,0.0,0.0,420736054,420751787,556391001,556406874,967839246,967855404,0.0,1.0,197.0,32.94,5.489999999999782,S105
556429823,short,2026-07-08 15:27:22,4070.19,0.02,2026-07-08 15:30:39,4069.16,4070.19,0.0,False,False,2.06,0.0,0.0,0.0,420774928,420790385,556429823,556445912,967875524,967889377,0.0,1.0,197.0,2.06,1.0300000000002,S106
556439054,short,2026-07-08 15:30:08,4073.01,0.02,2026-07-08 15:30:39,4069.08,4073.0099999999998,4.547473508864641e-13,False,False,7.86,0.0,0.0,0.0,420783834,420790439,556439054,556446116,967885243,967889419,1.0,1.0,31.0,7.86,3.930000000000291,S106
556461439,short,2026-07-08 15:35:08,4072.26,0.02,2026-07-08 15:35:42,4069.6,4072.2599999999998,4.547473508864641e-13,False,False,5.32,0.0,0.0,0.0,420805772,420808371,556461439,556463938,967904861,967906671,0.0,0.0,34.0,5.32,2.6600000000003092,S107
556480149,short,2026-07-08 15:40:22,4073.23,0.02,2026-07-08 15:56:40,4077.8,4073.23,0.0,False,False,-9.14,0.0,0.0,0.0,420824095,420898350,556480149,556559674,967920885,967992580,0.0,1.0,978.0,-9.14,-4.570000000000164,S108
556489365,short,2026-07-08 15:42:52,4075.52,0.02,2026-07-08 15:56:40,4077.84,4075.52,0.0,False,False,-4.64,0.0,0.0,0.0,420833105,420898599,556489365,556559951,967930029,967992629,1.0,1.0,828.0,-4.64,-2.3200000000001637,S108
556494640,short,2026-07-08 15:44:02,4077.03,0.03,2026-07-08 15:56:40,4077.84,4077.03,0.0,False,False,-2.43,0.0,0.0,0.0,420838122,420898533,556494640,556559433,967936770,967992537,1.0,1.0,758.0,-2.43,-0.8099999999999454,S108
556510807,short,2026-07-08 15:46:45,4081.34,0.04,2026-07-08 15:56:41,4077.98,4081.34,0.0,False,False,13.44,0.0,0.0,0.0,420854146,420900171,556510807,556560715,967950539,967992801,0.0,1.0,596.0,13.44,3.3600000000001273,S108
556523174,short,2026-07-08 15:50:59,4083.21,0.05,2026-07-08 15:56:40,4077.8,4083.21,0.0,False,False,27.05,0.0,0.0,0.0,420866330,420898289,556523174,556558835,967965758,967992471,0.0,1.0,341.0,27.05,5.4099999999998545,S108
556530950,short,2026-07-08 15:52:02,4085.1,0.06,2026-07-08 15:56:40,4077.67,4085.1,0.0,False,False,44.58,0.0,0.0,0.0,420874047,420898885,556530950,556560199,967973467,967992657,0.0,1.0,278.0,44.58,7.429999999999836,S108
556553496,long,2026-07-08 15:56:36,4079.69,0.02,2026-07-08 16:04:22,4078.97,4079.6899999999996,4.547473508864641e-13,False,False,-1.44,0.0,0.0,0.0,420895296,420965362,556553496,556623422,967989389,968053814,2.0,1.0,466.0,-1.44,-0.7200000000002547,L107
556562087,long,2026-07-08 15:56:44,4078.17,0.02,2026-07-08 16:04:21,4078.97,4078.1699999999996,4.547473508864641e-13,False,False,1.6,0.0,0.0,0.0,420904186,420964653,556562087,556622783,967995538,968053670,0.0,0.0,457.0,1.6,0.7999999999997272,L107
556571113,long,2026-07-08 15:56:56,4076.29,0.03,2026-07-08 16:04:22,4078.97,4076.29,0.0,False,False,8.04,0.0,0.0,0.0,420913510,420965342,556571113,556622866,968001934,968053692,1.0,1.0,446.0,8.04,2.6799999999998363,L107
556575431,short,2026-07-08 15:57:09,4077.49,0.02,2026-07-08 15:57:31,4075.65,4077.4900000000002,4.547473508864641e-13,False,False,3.68,0.0,0.0,0.0,420918419,420920920,556575431,556578025,968004953,968007288,0.0,1.0,22.0,3.68,1.8399999999996908,S109
556592523,long,2026-07-08 15:59:37,4072.95,0.04,2026-07-08 16:04:21,4078.97,4072.95,0.0,False,False,24.08,0.0,0.0,0.0,420935155,420964635,556592523,556622566,968022000,968053568,0.0,0.0,284.0,24.08,6.019999999999982,L107
556612055,short,2026-07-08 16:02:02,4075.51,0.02,2026-07-08 16:06:49,4078.02,4075.5099999999998,4.547473508864641e-13,False,False,-5.02,0.0,0.0,0.0,420954768,420985694,556612055,556643872,968043826,968072983,1.0,0.0,287.0,-5.02,-2.5099999999997635,S110
556618809,short,2026-07-08 16:04:12,4076.93,0.02,2026-07-08 16:06:50,4078.07,4076.9300000000003,4.547473508864641e-13,False,False,-2.28,0.0,0.0,0.0,420961051,420986101,556618809,556644071,968052147,968072999,1.0,1.0,158.0,-2.28,-1.1400000000003274,S110
556626721,short,2026-07-08 16:04:55,4079.38,0.03,2026-07-08 16:06:50,4078.08,4079.38,0.0,False,False,3.9,0.0,0.0,0.0,420968897,420986217,556626721,556644269,968057466,968073010,0.0,1.0,115.0,3.9,1.300000000000182,S110
556634522,short,2026-07-08 16:05:38,4079.63,0.04,2026-07-08 16:06:50,4078.07,4079.63,0.0,False,False,6.24,0.0,0.0,0.0,420976696,420985861,556634522,556644455,968063559,968073012,0.0,1.0,72.0,6.24,1.5599999999999454,S110
556638084,short,2026-07-08 16:05:51,4081.26,0.05,2026-07-08 16:06:49,4077.62,4081.2599999999998,4.547473508864641e-13,False,False,18.2,0.0,0.0,0.0,420979972,420985352,556638084,556643647,968066412,968072913,0.0,0.0,58.0,18.2,3.6400000000003274,S110
556658258,long,2026-07-08 16:08:06,4074.09,0.02,2026-07-08 16:26:15,4074.23,4074.09,0.0,False,False,0.28,0.0,0.0,0.0,420999659,421051076,556658258,556711672,968083859,968148722,0.0,1.0,1089.0,0.28,0.13999999999987267,L108
556678510,long,2026-07-08 16:14:11,4072.18,0.02,2026-07-08 16:26:15,4074.56,4072.18,0.0,False,False,4.76,0.0,0.0,0.0,421019735,421051551,556678510,556711874,968108724,968148851,1.0,1.0,724.0,4.76,2.380000000000109,L108
556704167,long,2026-07-08 16:24:12,4070.05,0.03,2026-07-08 16:26:15,4074.33,4070.0499999999997,4.547473508864641e-13,False,False,12.84,0.0,0.0,0.0,421044538,421051520,556704167,556712088,968140509,968148888,0.0,1.0,123.0,12.84,4.279999999999745,L108
556713855,short,2026-07-08 16:26:19,4073.73,0.02,2026-07-08 16:29:23,4069.93,4073.73,0.0,False,False,7.6,0.0,0.0,0.0,421053972,421059209,556713855,556719834,968150392,968158765,0.0,0.0,184.0,7.6,3.800000000000182,S111
556726124,long,2026-07-08 16:29:35,4067.36,0.02,2026-07-08 16:30:48,4070.66,4067.3599999999997,4.547473508864641e-13,False,False,6.6,0.0,0.0,0.0,421065890,421075297,556726124,556735970,968164556,968175504,1.0,0.0,73.0,6.6,3.299999999999727,L109
556730504,long,2026-07-08 16:29:43,4067.5,0.02,2026-07-08 16:30:48,4070.61,4067.5,0.0,False,False,6.22,0.0,0.0,0.0,421070180,421075482,556730504,556736168,968167668,968175540,1.0,0.0,65.0,6.22,3.1100000000001273,L109
556754668,short,2026-07-08 16:32:12,4076.82,0.02,2026-07-08 16:35:46,4074.33,4076.8199999999997,4.547473508864641e-13,False,False,4.98,0.0,0.0,0.0,421093842,421112747,556754668,556773987,968190840,968213239,0.0,1.0,214.0,4.98,2.4900000000002365,S112
556763166,short,2026-07-08 16:33:01,4078.71,0.02,2026-07-08 16:35:46,4074.36,4078.71,0.0,False,False,8.7,0.0,0.0,0.0,421102213,421112938,556763166,556773783,968198983,968213196,0.0,1.0,165.0,8.7,4.349999999999909,S112
556776068,long,2026-07-08 16:35:56,4074.82,0.02,2026-07-08 16:36:28,4077.16,4074.8199999999997,4.547473508864641e-13,False,False,4.68,0.0,0.0,0.0,421115026,421117422,556776068,556778456,968215074,968217905,0.0,1.0,32.0,4.68,2.3399999999996908,L110
556780649,short,2026-07-08 16:36:37,4075.51,0.02,2026-07-08 16:42:11,4075.83,4075.5099999999998,4.547473508864641e-13,False,False,-0.64,0.0,0.0,0.0,421119581,421138555,556780649,556800112,968219325,968243025,0.0,0.0,334.0,-0.64,-0.31999999999970896,S113
556794834,short,2026-07-08 16:39:44,4079.01,0.02,2026-07-08 16:42:11,4075.8,4079.01,0.0,False,False,6.42,0.0,0.0,0.0,421133433,421138367,556794834,556799899,968234837,968243003,1.0,0.0,147.0,6.42,3.2100000000000364,S113
556844850,long,2026-07-08 16:50:04,4071.08,0.02,2026-07-08 17:18:14,4060.04,4071.08,0.0,False,False,-22.08,0.0,0.0,0.0,421182469,421337778,556844850,557003967,968283732,968430936,0.0,1.0,1690.0,-22.08,-11.039999999999964,L111
556872868,long,2026-07-08 17:00:34,4065.67,0.02,2026-07-08 17:18:14,4060.01,4065.67,0.0,False,False,-11.32,0.0,0.0,0.0,421209604,421338558,556872868,557004202,968322114,968431046,0.0,1.0,1060.0,-11.32,-5.6599999999998545,L111
556908727,long,2026-07-08 17:07:13,4063.16,0.03,2026-07-08 17:18:14,4060.04,4063.16,0.0,False,False,-9.36,0.0,0.0,0.0,421244832,421338154,556908727,557004330,968353833,968431048,0.0,1.0,661.0,-9.36,-3.119999999999891,L111
556945033,long,2026-07-08 17:11:35,4060.63,0.04,2026-07-08 17:18:14,4060.01,4060.63,0.0,False,False,-2.48,0.0,0.0,0.0,421280477,421338275,556945033,557004097,968379279,968431044,0.0,1.0,399.0,-2.48,-0.6199999999998909,L111
556971533,long,2026-07-08 17:15:11,4058.65,0.05,2026-07-08 17:18:14,4060.04,4058.65,0.0,False,False,6.95,0.0,0.0,0.0,421306262,421337921,556971533,557003836,968400068,968430915,1.0,1.0,183.0,6.95,1.3899999999998727,L111
556980124,long,2026-07-08 17:16:07,4055.87,0.06,2026-07-08 17:18:12,4060.47,4055.87,0.0,False,False,27.6,0.0,0.0,0.0,421314589,421335583,556980124,557002953,968410601,968430673,0.0,0.0,125.0,27.6,4.599999999999909,L111
556987028,long,2026-07-08 17:16:26,4052.59,0.08,2026-07-08 17:18:14,4060.04,4052.59,0.0,False,False,59.6,0.0,0.0,0.0,421321341,421337571,556987028,557003234,968417411,968430864,1.0,2.0,108.0,59.6,7.449999999999818,L111
557041248,long,2026-07-08 17:24:20,4058.57,0.02,2026-07-08 17:25:03,4060.54,4058.57,0.0,False,False,3.94,0.0,0.0,0.0,421375113,421376522,557041248,557042765,968466084,968468450,0.0,1.0,43.0,3.94,1.9699999999998,L112
557055550,short,2026-07-08 17:26:15,4064.56,0.02,2026-07-08 17:27:14,4059.01,4064.5600000000004,4.547473508864641e-13,False,False,11.1,0.0,0.0,0.0,421389037,421393961,557055550,557060736,968481016,968486724,0.0,0.0,59.0,11.1,5.549999999999727,S114
557061966,long,2026-07-08 17:27:20,4060.99,0.02,2026-07-08 17:27:37,4062.71,4060.9900000000002,4.547473508864641e-13,False,False,3.44,0.0,0.0,0.0,421395436,421397181,557061966,557063715,968488694,968490550,0.0,0.0,17.0,3.44,1.7200000000002547,L113
557073419,long,2026-07-08 17:30:44,4059.36,0.02,2026-07-08 17:51:51,4042.79,4059.36,0.0,False,False,-33.14,0.0,0.0,0.0,421406564,421574534,557073419,557244033,968500598,968644617,0.0,0.0,1267.0,-33.14,-16.570000000000164,L114
557090634,long,2026-07-08 17:32:48,4053.24,0.02,2026-07-08 17:51:51,4042.82,4053.2400000000002,4.547473508864641e-13,False,False,-20.84,0.0,0.0,0.0,421423268,421573950,557090634,557243537,968514584,968644595,1.0,1.0,1143.0,-20.84,-10.419999999999618,L114
557097307,short,2026-07-08 17:34:30,4056.35,0.02,2026-07-08 17:35:55,4053.1,4056.35,0.0,False,False,6.5,0.0,0.0,0.0,421430010,421432723,557097307,557100005,968521929,968525716,0.0,0.0,85.0,6.5,3.25,S115
557107542,long,2026-07-08 17:36:12,4052.62,0.03,2026-07-08 17:51:51,4042.79,4052.62,0.0,False,False,-29.49,0.0,0.0,0.0,421440006,421574419,557107542,557243836,968530169,968644611,1.0,0.0,939.0,-29.49,-9.829999999999927,L114
557113760,long,2026-07-08 17:36:43,4050.46,0.04,2026-07-08 17:51:48,4042.47,4050.4599999999996,4.547473508864641e-13,False,False,-31.96,0.0,0.0,0.0,421446207,421573632,557113760,557243255,968535313,968644287,0.0,0.0,905.0,-31.96,-7.9900000000002365,L114
557125447,long,2026-07-08 17:37:29,4047.03,0.05,2026-07-08 17:51:42,4042.21,4047.03,0.0,False,False,-24.1,0.0,0.0,0.0,421457557,421572671,557125447,557242336,968547071,968642599,0.0,0.0,853.0,-24.1,-4.820000000000164,L114
557143113,long,2026-07-08 17:39:27,4044.32,0.06,2026-07-08 17:51:40,4041.8,4044.32,0.0,False,False,-15.12,0.0,0.0,0.0,421475052,421571688,557143113,557241214,968558422,968642221,1.0,0.0,733.0,-15.12,-2.519999999999982,L114
557146721,long,2026-07-08 17:39:33,4044.39,0.08,2026-07-08 17:51:40,4041.87,4044.39,0.0,False,False,-20.16,0.0,0.0,0.0,421478747,421571446,557146721,557241004,968561276,968642132,0.0,1.0,727.0,-20.16,-2.519999999999982,L114
557150372,short,2026-07-08 17:40:06,4043.99,0.02,2026-07-08 17:42:48,4044.36,4043.9900000000002,4.547473508864641e-13,False,False,-0.74,0.0,0.0,0.0,421482289,421499289,557150372,557167290,968566270,968581050,1.0,0.0,162.0,-0.74,-0.3700000000003456,S116
557168331,short,2026-07-08 17:42:56,4044.05,0.02,2026-07-08 17:43:20,4042.45,4044.0499999999997,4.547473508864641e-13,False,False,3.2,0.0,0.0,0.0,421500143,421505318,557168331,557173524,968582175,968584080,0.0,0.0,24.0,3.2,1.6000000000003638,S117
557179445,long,2026-07-08 17:43:34,4041.56,0.11,2026-07-08 17:51:40,4041.93,4041.56,0.0,False,False,4.07,0.0,0.0,0.0,421511127,421571205,557179445,557240810,968589112,968642119,1.0,1.0,486.0,4.07,0.36999999999989086,L114
557187060,long,2026-07-08 17:44:10,4040.58,0.14,2026-07-08 17:51:39,4041.95,4040.58,0.0,False,False,19.18,0.0,0.0,0.0,421518366,421571008,557187060,557240611,968596172,968642054,0.0,0.0,449.0,19.18,1.3699999999998909,L114
557196693,short,2026-07-08 17:44:45,4036.4,0.02,2026-07-08 17:47:03,4035.43,4036.3999999999996,4.547473508864641e-13,False,False,1.94,0.0,0.0,0.0,421527857,421538870,557196693,557207593,968604276,968617442,1.0,1.0,138.0,1.94,0.9700000000002547,S118
557199091,long,2026-07-08 17:44:58,4036.52,0.18,2026-07-08 17:51:39,4041.94,4036.52,0.0,False,False,97.56,0.0,0.0,0.0,421530206,421570728,557199091,557240201,968606886,968642011,0.0,0.0,401.0,97.56,5.420000000000073,L114
557209127,short,2026-07-08 17:47:04,4035.29,0.02,2026-07-08 17:47:10,4034.49,4035.29,0.0,False,False,1.6,0.0,0.0,0.0,421540324,421543027,557209127,557212141,968618119,968619788,0.0,0.0,6.0,1.6,0.8000000000001819,S119
557213786,long,2026-07-08 17:47:14,4036.28,0.23,2026-07-08 17:51:39,4041.94,4036.28,0.0,False,False,130.18,0.0,0.0,0.0,421544706,421570759,557213786,557240398,968621328,968642016,1.0,0.0,265.0,130.18,5.6599999999998545,L114
557219314,short,2026-07-08 17:48:09,4038.29,0.02,2026-07-08 17:50:02,4036.58,4038.29,0.0,False,False,3.42,0.0,0.0,0.0,421550147,421557391,557219314,557226604,968625992,968631651,0.0,1.0,113.0,3.42,1.7100000000000364,S120
557263772,long,2026-07-08 17:57:30,4041.78,0.02,2026-07-08 18:05:33,4041.94,4041.78,0.0,False,False,0.32,0.0,0.0,0.0,421594322,421630266,557263772,557300434,968670784,968704622,1.0,1.0,483.0,0.32,0.15999999999985448,L115
557273316,long,2026-07-08 18:00:30,4039.66,0.02,2026-07-08 18:05:33,4041.95,4039.66,0.0,False,False,4.58,0.0,0.0,0.0,421603333,421630561,557273316,557301015,968682299,968704811,0.0,1.0,303.0,4.58,2.2899999999999636,L115
557286454,long,2026-07-08 18:02:14,4038.23,0.03,2026-07-08 18:05:33,4041.94,4038.23,0.0,False,False,11.13,0.0,0.0,0.0,421616342,421630235,557286454,557300655,968692219,968704629,1.0,1.0,199.0,11.13,3.7100000000000364,L115
557307669,long,2026-07-08 18:07:58,4040.67,0.02,2026-07-08 18:20:43,4035.51,4040.67,0.0,False,False,-10.32,0.0,0.0,0.0,421637321,421689202,557307669,557361116,968716429,968781681,0.0,0.0,765.0,-10.32,-5.1599999999998545,L116
557321443,long,2026-07-08 18:12:54,4038.14,0.02,2026-07-08 18:20:44,4035.55,4038.1400000000003,4.547473508864641e-13,False,False,-5.18,0.0,0.0,0.0,421650833,421689929,557321443,557361311,968730587,968781763,0.0,1.0,470.0,-5.18,-2.5899999999996908,L116
557331284,long,2026-07-08 18:15:02,4035.0,0.03,2026-07-08 18:20:43,4035.67,4035.0,0.0,False,False,2.01,0.0,0.0,0.0,421660331,421689036,557331284,557360703,968741405,968781557,0.0,0.0,341.0,2.01,0.6700000000000728,L116
557334394,long,2026-07-08 18:15:29,4033.65,0.04,2026-07-08 18:20:44,4035.55,4033.65,0.0,False,False,7.6,0.0,0.0,0.0,421663180,421689877,557334394,557361704,968745936,968781820,0.0,1.0,315.0,7.6,1.900000000000091,L116
557339657,long,2026-07-08 18:15:44,4031.34,0.05,2026-07-08 18:20:43,4035.58,4031.34,0.0,False,False,21.2,0.0,0.0,0.0,421668271,421689628,557339657,557361515,968751020,968781818,1.0,0.0,299.0,21.2,4.239999999999782,L116
557346064,long,2026-07-08 18:16:42,4030.41,0.06,2026-07-08 18:20:43,4035.51,4030.4100000000003,4.547473508864641e-13,False,False,30.6,0.0,0.0,0.0,421674627,421689098,557346064,557360926,968760746,968781653,1.0,0.0,241.0,30.6,5.100000000000364,L116
557349590,short,2026-07-08 18:17:56,4030.55,0.02,2026-07-08 18:21:44,4030.78,4030.55,0.0,False,False,-0.46,0.0,0.0,0.0,421678135,421696217,557349590,557368020,968766991,968791146,0.0,0.0,228.0,-0.46,-0.2300000000000182,S121
557354503,short,2026-07-08 18:19:49,4032.42,0.02,2026-07-08 18:21:44,4030.81,4032.42,0.0,False,False,3.22,0.0,0.0,0.0,421683026,421695957,557354503,557367614,968774977,968791102,0.0,0.0,115.0,3.22,1.6100000000001273,S121
557363161,short,2026-07-08 18:21:00,4034.55,0.03,2026-07-08 18:21:44,4030.79,4034.55,0.0,False,False,11.28,0.0,0.0,0.0,421691428,421696058,557363161,557367827,968787002,968791138,0.0,0.0,44.0,11.28,3.7600000000002183,S121
557378656,long,2026-07-08 18:23:10,4029.21,0.02,2026-07-08 18:28:17,4031.68,4029.21,0.0,False,False,4.94,0.0,0.0,0.0,421706660,421721124,557378656,557393418,968798473,968817512,0.0,1.0,307.0,4.94,2.4699999999998,L117
557386734,long,2026-07-08 18:25:04,4027.99,0.02,2026-07-08 18:28:17,4031.68,4027.99,0.0,False,False,7.38,0.0,0.0,0.0,421714551,421721247,557386734,557393830,968807160,968817545,1.0,1.0,193.0,7.38,3.6900000000000546,L117
557394598,short,2026-07-08 18:28:22,4030.69,0.02,2026-07-08 18:30:25,4027.91,4030.69,0.0,False,False,5.56,0.0,0.0,0.0,421722205,421726920,557394598,557399522,968818286,968825562,0.0,0.0,123.0,5.56,2.7800000000002,S122
557420146,long,2026-07-08 18:32:38,4023.39,0.02,2026-07-08 18:35:25,4026.96,4023.39,0.0,False,False,7.14,0.0,0.0,0.0,421747046,421753015,557420146,557426029,968844362,968853636,0.0,0.0,167.0,7.14,3.5700000000001637,L118
557434029,short,2026-07-08 18:36:04,4029.38,0.02,2026-07-08 18:56:09,4031.99,4029.3799999999997,4.547473508864641e-13,False,False,-5.22,0.0,0.0,0.0,421760802,421796517,557434029,557470350,968860798,968920501,0.0,0.0,1205.0,-5.22,-2.6099999999996726,S123
557438568,short,2026-07-08 18:38:55,4030.59,0.02,2026-07-08 18:56:10,4031.99,4030.5899999999997,4.547473508864641e-13,False,False,-2.8,0.0,0.0,0.0,421765458,421796558,557438568,557470140,968868778,968920469,1.0,1.0,1035.0,-2.8,-1.3999999999996362,S123
557447115,short,2026-07-08 18:44:42,4032.37,0.03,2026-07-08 18:56:09,4031.85,4032.37,0.0,False,False,1.56,0.0,0.0,0.0,421773924,421796035,557447115,557469694,968884608,968920373,1.0,0.0,687.0,1.56,0.5199999999999818,S123
557455247,short,2026-07-08 18:50:35,4034.54,0.04,2026-07-08 18:56:10,4031.91,4034.54,0.0,False,False,10.52,0.0,0.0,0.0,421781734,421796783,557455247,557470566,968899785,968920532,0.0,1.0,335.0,10.52,2.630000000000109,S123
557460926,short,2026-07-08 18:53:40,4037.06,0.05,2026-07-08 18:56:09,4031.85,4037.06,0.0,False,False,26.05,0.0,0.0,0.0,421787373,421796130,557460926,557469913,968910229,968920421,0.0,0.0,149.0,26.05,5.210000000000036,S123
557473067,long,2026-07-08 18:57:05,4031.87,0.02,2026-07-08 19:00:04,4035.17,4031.87,0.0,False,False,6.6,0.0,0.0,0.0,421799386,421802901,557473067,557476758,968924594,968930233,1.0,1.0,179.0,6.6,3.300000000000182,L119
557482379,short,2026-07-08 19:04:51,4036.37,0.02,2026-07-08 19:37:28,4040.6,4036.37,0.0,False,False,-8.46,0.0,0.0,0.0,421808470,421860768,557482379,557535149,968939585,969023193,0.0,1.0,1957.0,-8.46,-4.230000000000018,S124
557485886,short,2026-07-08 19:06:31,4038.35,0.02,2026-07-08 19:37:28,4040.6,4038.35,0.0,False,False,-4.5,0.0,0.0,0.0,421811688,421860583,557485886,557534758,968944829,969023167,1.0,1.0,1857.0,-4.5,-2.25,S124
557488151,short,2026-07-08 19:07:53,4039.41,0.03,2026-07-08 19:37:28,4040.59,4039.4100000000003,4.547473508864641e-13,False,False,-3.54,0.0,0.0,0.0,421813907,421861152,557488151,557535531,968950485,969023227,0.0,1.0,1775.0,-3.54,-1.180000000000291,S124
557494527,short,2026-07-08 19:11:34,4040.82,0.04,2026-07-08 19:37:28,4040.59,4040.82,0.0,False,False,0.92,0.0,0.0,0.0,421820099,421860892,557494527,557535337,968962148,969023218,1.0,1.0,1554.0,0.92,0.2300000000000182,S124
557512196,short,2026-07-08 19:27:41,4044.51,0.05,2026-07-08 19:37:27,4040.61,4044.51,0.0,False,False,19.5,0.0,0.0,0.0,421837406,421860153,557512196,557534547,968992046,969023161,1.0,0.0,586.0,19.5,3.900000000000091,S124
557520608,short,2026-07-08 19:31:28,4046.21,0.06,2026-07-08 19:37:28,4040.6,4046.21,0.0,False,False,33.66,0.0,0.0,0.0,421845930,421860631,557520608,557534942,969005497,969023176,0.0,1.0,360.0,33.66,5.610000000000127,S124
557533602,long,2026-07-08 19:37:09,4041.91,0.02,2026-07-08 19:39:51,4045.39,4041.91,0.0,False,False,6.96,0.0,0.0,0.0,421859256,421867239,557533602,557541669,969022168,969029681,0.0,1.0,162.0,6.96,3.480000000000018,L120
557539411,short,2026-07-08 19:39:47,4042.89,0.02,2026-07-08 20:45:46,4068.57,4042.8900000000003,4.547473508864641e-13,False,False,-51.36,0.0,0.0,0.0,421865105,421989394,557539411,557668581,969028805,969212099,1.0,0.0,3959.0,-51.36,-25.68000000000029,S125
557542569,short,2026-07-08 19:39:52,4044.59,0.02,2026-07-08 20:45:46,4068.57,4044.59,0.0,False,False,-47.96,0.0,0.0,0.0,421868076,421989373,557542569,557668202,969030215,969212069,0.0,0.0,3954.0,-47.96,-23.980000000000018,S125
557550198,short,2026-07-08 19:40:49,4049.11,0.03,2026-07-08 20:45:46,4068.56,4049.11,0.0,False,False,-58.35,0.0,0.0,0.0,421875374,421989211,557550198,557668392,969040107,969212070,0.0,0.0,3897.0,-58.35,-19.449999999999818,S125
557559727,short,2026-07-08 19:42:37,4049.3,0.04,2026-07-08 20:45:46,4068.49,4049.2999999999997,4.547473508864641e-13,False,False,-76.76,0.0,0.0,0.0,421884996,421988933,557559727,557667963,969050223,969211956,0.0,1.0,3789.0,-76.76,-19.1899999999996,S125
557566410,short,2026-07-08 19:43:58,4052.4,0.05,2026-07-08 20:45:46,4068.49,4052.3999999999996,4.547473508864641e-13,False,False,-80.45,0.0,0.0,0.0,421891220,421988641,557566410,557667772,969057595,969211905,0.0,1.0,3708.0,-80.45,-16.08999999999969,S125
557572385,short,2026-07-08 19:45:13,4056.69,0.06,2026-07-08 20:45:45,4068.5,4056.69,0.0,False,False,-70.86,0.0,0.0,0.0,421896914,421988394,557572385,557667588,969067743,969211839,0.0,0.0,3632.0,-70.86,-11.809999999999945,S125
557579897,short,2026-07-08 19:49:22,4057.85,0.08,2026-07-08 20:45:45,4068.5,4057.85,0.0,False,False,-85.2,0.0,0.0,0.0,421904231,421988338,557579897,557667387,969079214,969211810,1.0,0.0,3383.0,-85.2,-10.650000000000091,S125
557586603,long,2026-07-08 19:52:05,4061.8,0.02,2026-07-08 19:52:34,4062.4,4061.8,0.0,False,False,1.2,0.0,0.0,0.0,421910461,421912420,557586603,557588760,969088373,969091009,0.0,0.0,29.0,1.2,0.599999999999909,L121
557589201,short,2026-07-08 19:52:55,4061.49,0.11,2026-07-08 20:45:45,4068.5,4061.49,0.0,False,False,-77.11,0.0,0.0,0.0,421912906,421988449,557589201,557667182,969091866,969211783,0.0,0.0,3170.0,-77.11,-7.010000000000218,S125
557594634,short,2026-07-08 19:55:30,4063.26,0.14,2026-07-08 20:45:45,4068.45,4063.2599999999998,4.547473508864641e-13,False,False,-72.66,0.0,0.0,0.0,421918120,421987540,557594634,557666801,969100477,969211656,0.0,1.0,3015.0,-72.66,-5.1899999999996,S125
557609478,short,2026-07-08 20:07:11,4067.06,0.18,2026-07-08 20:45:44,4068.48,4067.06,0.0,False,False,-25.56,0.0,0.0,0.0,421932361,421987234,557609478,557666559,969126259,969211644,1.0,0.0,2313.0,-25.56,-1.4200000000000728,S125
557618357,short,2026-07-08 20:13:47,4068.4,0.23,2026-07-08 20:45:44,4068.48,4068.4,0.0,False,False,-1.84,0.0,0.0,0.0,421940883,421986992,557618357,557666072,969144438,969211532,1.0,0.0,1917.0,-1.84,-0.07999999999992724,S125
557625021,long,2026-07-08 20:19:14,4064.99,0.02,2026-07-08 20:21:52,4067.98,4064.9900000000002,4.547473508864641e-13,False,False,5.98,0.0,0.0,0.0,421947431,421950247,557625021,557627952,969155408,969159823,0.0,0.0,158.0,5.98,2.9900000000002365,L122
557632706,long,2026-07-08 20:22:36,4070.91,0.02,2026-07-08 20:25:44,4071.76,4070.9100000000003,4.547473508864641e-13,False,False,1.7,0.0,0.0,0.0,421954495,421958730,557632706,557637305,969163892,969171750,0.0,0.0,188.0,1.7,0.8500000000003638,L123
557633131,short,2026-07-08 20:22:43,4069.76,0.3,2026-07-08 20:45:44,4068.49,4069.7599999999998,4.547473508864641e-13,False,False,38.1,0.0,0.0,0.0,421955074,421986653,557633131,557665918,969164939,969211444,1.0,0.0,1381.0,38.1,1.2700000000004366,S125
557638132,long,2026-07-08 20:25:46,4072.5,0.02,2026-07-08 20:28:31,4073.11,4072.5,0.0,False,False,1.22,0.0,0.0,0.0,421959618,421964739,557638132,557643207,969172591,969180897,0.0,0.0,165.0,1.22,0.6100000000001273,L124
557639860,short,2026-07-08 20:25:55,4071.2,0.39,2026-07-08 20:45:44,4068.48,4071.2,0.0,False,False,106.08,0.0,0.0,0.0,421961321,421987016,557639860,557665655,969174102,969211317,0.0,0.0,1189.0,106.08,2.7199999999998,S125
557644945,short,2026-07-08 20:29:01,4071.61,0.51,2026-07-08 20:45:44,4068.49,4071.6099999999997,4.547473508864641e-13,False,False,159.12,0.0,0.0,0.0,421966383,421986579,557644945,557665423,969183207,969211239,0.0,0.0,1003.0,159.12,3.1200000000003456,S125
557648483,long,2026-07-08 20:30:07,4074.56,0.02,2026-07-08 20:30:51,4075.73,4074.56,0.0,False,False,2.34,0.0,0.0,0.0,421969749,421972254,557648483,557651416,969187365,969190836,1.0,0.0,44.0,2.34,1.1700000000000728,L125
557653364,short,2026-07-08 20:31:35,4074.58,0.67,2026-07-08 20:45:44,4068.49,4074.58,0.0,False,False,408.03,0.0,0.0,0.0,421974312,421986417,557653364,557665265,969194432,969211218,0.0,0.0,849.0,408.03,6.0900000000001455,S125
557658218,long,2026-07-08 20:36:30,4071.21,0.02,2026-07-08 20:45:42,4068.23,4071.21,0.0,False,False,-5.96,0.0,0.0,0.0,421979275,421984237,557658218,557664970,969202692,969211149,0.0,0.0,552.0,-5.96,-2.980000000000018,L126
557679643,long,2026-07-08 20:56:02,4066.84,0.02,2026-07-08 21:00:50,4068.06,4066.84,0.0,False,False,2.44,0.0,0.0,0.0,422000764,422009314,557679643,557688282,969227869,969240713,1.0,0.0,288.0,2.44,1.2199999999998,L127
557685426,long,2026-07-08 21:00:20,4065.44,0.02,2026-07-08 21:00:50,4068.07,4065.44,0.0,False,False,5.26,0.0,0.0,0.0,422006426,422009106,557685426,557688089,969238212,969240686,0.0,0.0,30.0,5.26,2.630000000000109,L127
557694629,short,2026-07-08 21:01:26,4070.86,0.02,2026-07-08 21:03:22,4069.36,4070.86,0.0,False,False,3.0,0.0,0.0,0.0,422015492,422026717,557694629,557706178,969246620,969255039,0.0,1.0,116.0,3.0,1.5,S126
557701075,short,2026-07-08 21:02:09,4073.31,0.02,2026-07-08 21:03:22,4069.36,4073.31,0.0,False,False,7.9,0.0,0.0,0.0,422021612,422026732,557701075,557705990,969250548,969255038,1.0,1.0,73.0,7.9,3.949999999999818,S126
557709318,long,2026-07-08 21:05:42,4068.97,0.02,2026-07-08 21:10:52,4071.22,4068.97,0.0,False,False,4.5,0.0,0.0,0.0,422029678,422036184,557709318,557715826,969260042,969269218,0.0,0.0,310.0,4.5,2.25,L128
557712596,long,2026-07-08 21:08:16,4067.86,0.02,2026-07-08 21:10:52,4071.22,4067.8599999999997,4.547473508864641e-13,False,False,6.72,0.0,0.0,0.0,422032894,422036119,557712596,557715631,969264803,969269185,0.0,1.0,156.0,6.72,3.3599999999996726,L128
559541660,long,2026-07-09 08:21:17,4067.89,0.02,2026-07-09 08:28:02,4070.57,4067.8900000000003,4.547473508864641e-13,False,False,5.36,0.0,0.0,0.0,423819435,423831725,559541660,559554602,970534126,970544239,1.0,1.0,405.0,5.36,2.680000000000291,L129
559593127,long,2026-07-09 08:30:27,4069.11,0.02,2026-07-09 08:34:33,4070.23,4069.11,0.0,False,False,2.24,0.0,0.0,0.0,423869875,423925470,559593127,559649390,970558922,970583769,0.0,1.0,246.0,2.24,1.1199999999998909,L130
559612696,long,2026-07-09 08:31:24,4066.87,0.02,2026-07-09 08:34:32,4070.22,4066.87,0.0,False,False,6.7,0.0,0.0,0.0,423889348,423925252,559612696,559649168,970566474,970583691,0.0,0.0,188.0,6.7,3.349999999999909,L130
559666369,short,2026-07-09 08:35:13,4070.3,0.02,2026-07-09 12:00:22,4107.52,4070.3000000000006,4.547473508864641e-13,False,False,-74.44,0.0,0.0,0.0,423942079,424922958,559666369,560854943,970589763,971301477,0.0,0.0,12309.0,-74.44,-37.220000000000255,S127
559704148,short,2026-07-09 08:39:47,4075.62,0.02,2026-07-09 12:00:22,4107.52,4075.6200000000003,4.547473508864641e-13,False,False,-63.8,0.0,0.0,0.0,423977503,424922685,559704148,560854718,970609120,971301326,0.0,1.0,12035.0,-63.8,-31.900000000000546,S127
559752305,short,2026-07-09 08:50:13,4078.72,0.03,2026-07-09 12:00:21,4107.52,4078.7200000000003,4.547473508864641e-13,False,False,-86.4,0.0,0.0,0.0,424023150,424922432,559752305,560854505,970643325,971301228,1.0,0.0,11408.0,-86.4,-28.800000000000637,S127
559769510,short,2026-07-09 08:51:28,4081.26,0.04,2026-07-09 12:00:21,4107.52,4081.26,0.0,False,False,-105.04,0.0,0.0,0.0,424039728,424922161,559769510,560854219,970654816,971301189,0.0,0.0,11333.0,-105.04,-26.26000000000022,S127
559804004,short,2026-07-09 08:57:45,4082.87,0.05,2026-07-09 12:00:21,4107.52,4082.8700000000003,4.547473508864641e-13,False,False,-123.25,0.0,0.0,0.0,424072704,424921932,559804004,560853989,970677828,971300986,0.0,1.0,10956.0,-123.25,-24.650000000000546,S127
559843461,short,2026-07-09 09:00:33,4097.23,0.06,2026-07-09 12:00:20,4107.52,4097.2300000000005,9.094947017729282e-13,False,False,-61.74,0.0,0.0,0.0,424106706,424921591,559843461,560853557,970713617,971300968,1.0,0.0,10787.0,-61.74,-10.290000000000873,S127
559869647,long,2026-07-09 09:01:53,4096.7,0.02,2026-07-09 09:15:51,4094.39,4096.7,0.0,False,False,-4.62,0.0,0.0,0.0,424134837,424195020,559869647,559939019,970728416,970783475,0.0,0.0,838.0,-4.62,-2.3099999999999454,L131
559876978,long,2026-07-09 09:02:33,4093.79,0.02,2026-07-09 09:15:51,4093.99,4093.79,0.0,False,False,0.4,0.0,0.0,0.0,424140703,424194535,559876978,559938917,970734702,970783405,1.0,1.0,798.0,0.4,0.1999999999998181,L131
559891469,long,2026-07-09 09:04:01,4091.02,0.03,2026-07-09 09:15:51,4094.39,4091.02,0.0,False,False,10.11,0.0,0.0,0.0,424151622,424195030,559891469,559939236,970743815,970783553,1.0,0.0,710.0,10.11,3.369999999999891,L131
559915878,long,2026-07-09 09:07:58,4089.79,0.04,2026-07-09 09:15:51,4093.99,4089.79,0.0,False,False,16.8,0.0,0.0,0.0,424173492,424194404,559915878,559938542,970760159,970783391,0.0,1.0,473.0,16.8,4.199999999999818,L131
559957253,long,2026-07-09 09:17:35,4096.07,0.02,2026-07-09 09:21:10,4096.1,4096.070000000001,9.094947017729282e-13,False,False,0.06,0.0,0.0,0.0,424211621,424231104,559957253,559979486,970790485,970801048,1.0,0.0,215.0,0.06,0.030000000000654836,L132
559981331,long,2026-07-09 09:21:12,4096.98,0.02,2026-07-09 09:21:22,4099.16,4096.98,0.0,False,False,4.36,0.0,0.0,0.0,424232962,424241840,559981331,559992394,970801437,970805094,1.0,0.0,10.0,4.36,2.180000000000291,L133
560011670,long,2026-07-09 09:22:29,4100.08,0.02,2026-07-09 09:25:58,4101.39,4100.08,0.0,False,False,2.62,0.0,0.0,0.0,424257102,424276275,560011670,560040258,970815822,970830583,1.0,1.0,209.0,2.62,1.3100000000004002,L134
560014356,short,2026-07-09 09:22:32,4099.31,0.08,2026-07-09 12:00:20,4107.52,4099.31,0.0,False,False,-65.68,0.0,0.0,0.0,424260888,424921635,560014356,560853788,970816916,971300978,0.0,0.0,9468.0,-65.68,-8.210000000000036,S127
560043707,long,2026-07-09 09:26:00,4101.56,0.02,2026-07-09 09:27:23,4102.01,4101.56,0.0,False,False,0.9,0.0,0.0,0.0,424279316,424294739,560043707,560064583,970832089,970841492,1.0,1.0,83.0,0.9,0.4499999999998181,L135
560050461,short,2026-07-09 09:26:21,4100.96,0.11,2026-07-09 12:00:20,4107.52,4100.96,0.0,False,False,-72.16,0.0,0.0,0.0,424285273,424921393,560050461,560853331,970836014,971300815,1.0,0.0,9239.0,-72.16,-6.5600000000004,S127
560066646,long,2026-07-09 09:27:31,4102.1,0.02,2026-07-09 09:31:14,4103.12,4102.099999999999,9.094947017729282e-13,False,False,2.04,0.0,0.0,0.0,424298184,424315713,560066646,560090341,970843151,970856581,1.0,1.0,223.0,2.04,1.019999999999527,L136
560096132,long,2026-07-09 09:31:42,4102.21,0.02,2026-07-09 09:32:26,4103.69,4102.21,0.0,False,False,2.96,0.0,0.0,0.0,424320542,424323543,560096132,560101166,970859061,970861582,1.0,1.0,44.0,2.96,1.4799999999995634,L137
560106923,long,2026-07-09 09:32:30,4104.45,0.02,2026-07-09 09:33:06,4105.84,4104.45,0.0,False,False,2.78,0.0,0.0,0.0,424327551,424338094,560106923,560120235,970863487,970870412,1.0,1.0,36.0,2.78,1.3900000000003274,L138
560128869,short,2026-07-09 09:33:48,4105.27,0.14,2026-07-09 12:00:19,4107.61,4105.2699999999995,9.094947017729282e-13,False,False,-32.76,0.0,0.0,0.0,424344556,424921037,560128869,560853113,970875491,971299933,1.0,0.0,8791.0,-32.76,-2.339999999999236,S127
560170679,long,2026-07-09 09:39:02,4100.42,0.02,2026-07-09 09:43:45,4102.36,4100.42,0.0,False,False,3.88,0.0,0.0,0.0,424369979,424412025,560170679,560219282,970898353,970923244,0.0,0.0,283.0,3.88,1.9399999999995998,L139
560177471,long,2026-07-09 09:40:05,4099.24,0.02,2026-07-09 09:43:45,4102.35,4099.240000000001,9.094947017729282e-13,False,False,6.22,0.0,0.0,0.0,424376685,424411369,560177471,560218693,970903131,970922866,0.0,1.0,220.0,6.22,3.110000000000582,L139
560194159,long,2026-07-09 09:41:07,4097.82,0.03,2026-07-09 09:43:45,4102.3,4097.820000000001,9.094947017729282e-13,False,False,13.44,0.0,0.0,0.0,424393390,424411580,560194159,560219055,970910444,970923024,0.0,0.0,158.0,13.44,4.480000000000473,L139
560281685,long,2026-07-09 09:58:48,4106.85,0.02,2026-07-09 09:59:53,4107.3,4106.85,0.0,False,False,0.9,0.0,0.0,0.0,424463947,424470362,560281685,560291615,970958918,970963966,0.0,1.0,65.0,0.9,0.4499999999998181,L140
560295174,short,2026-07-09 10:00:03,4107.57,0.18,2026-07-09 12:00:20,4107.61,4107.57,0.0,False,False,-0.72,0.0,0.0,0.0,424474183,424921066,560295174,560852915,970966945,971299916,0.0,1.0,7217.0,-0.72,-0.03999999999996362,S127
560317926,short,2026-07-09 10:02:27,4109.04,0.23,2026-07-09 12:00:19,4107.63,4109.04,0.0,False,False,32.43,0.0,0.0,0.0,424490079,424920655,560317926,560852693,970982111,971299736,1.0,0.0,7072.0,32.43,1.4099999999998545,S127
560375973,long,2026-07-09 10:15:03,4103.03,0.02,2026-07-09 10:25:05,4106.18,4103.030000000001,9.094947017729282e-13,False,False,6.3,0.0,0.0,0.0,424532866,424550184,560375973,560400449,971019320,971040037,0.0,0.0,602.0,6.3,3.1500000000005457,L141
560434387,long,2026-07-09 10:29:19,4109.09,0.02,2026-07-09 10:36:52,4108.53,4109.09,0.0,False,False,-1.12,0.0,0.0,0.0,424583038,424622614,560434387,560480236,971056978,971083683,1.0,1.0,453.0,-1.12,-0.5600000000004002,L142
560621422,long,2026-07-09 11:06:56,4108.95,0.02,2026-07-09 11:07:24,4109.73,4108.95,0.0,False,False,1.56,0.0,0.0,0.0,424725015,424732142,560621422,560629307,971152674,971155488,1.0,0.0,28.0,1.56,0.7799999999997453,L143
560659943,long,2026-07-09 11:14:47,4107.33,0.02,2026-07-09 11:15:19,4109.37,4107.33,0.0,False,False,4.08,0.0,0.0,0.0,424756863,424762621,560659943,560666325,971170233,971173766,1.0,0.0,32.0,4.08,2.0399999999999636,L144
560696060,short,2026-07-09 11:17:48,4111.77,0.3,2026-07-09 12:00:19,4107.64,4111.77,0.0,False,False,123.9,0.0,0.0,0.0,424788816,424920326,560696060,560852449,971186226,971299537,1.0,1.0,2551.0,123.9,4.130000000000109,S127
560699484,long,2026-07-09 11:18:13,4111.59,0.02,2026-07-09 11:20:47,4112.18,4111.59,0.0,False,False,1.18,0.0,0.0,0.0,424791213,424802477,560699484,560712767,971188893,971196409,1.0,0.0,154.0,1.18,0.5900000000001455,L145
560717193,long,2026-07-09 11:21:06,4112.88,0.02,2026-07-09 11:21:14,4113.74,4112.88,0.0,False,False,1.72,0.0,0.0,0.0,424806025,424810412,560717193,560723956,971198404,971200729,0.0,1.0,8.0,1.72,0.8599999999996726,L146
560736403,short,2026-07-09 11:21:34,4113.78,0.39,2026-07-09 12:00:19,4107.64,4113.780000000001,9.094947017729282e-13,False,False,239.46,0.0,0.0,0.0,424823761,424920457,560736403,560852253,971208815,971299514,0.0,1.0,2325.0,239.46,6.139999999999418,S127
560760663,short,2026-07-09 11:23:39,4116.1,0.51,2026-07-09 12:00:19,4107.63,4116.1,0.0,False,False,431.97,0.0,0.0,0.0,424841564,424920166,560760663,560852060,971222126,971299384,0.0,1.0,2200.0,431.97,8.470000000000255,S127
560801697,long,2026-07-09 11:35:01,4111.55,0.02,2026-07-09 11:39:25,4114.87,4111.55,0.0,False,False,6.64,0.0,0.0,0.0,424873854,424884351,560801697,560813125,971248599,971259017,0.0,0.0,264.0,6.64,3.319999999999709,L147
560859786,long,2026-07-09 12:01:02,4108.04,0.02,2026-07-09 12:18:12,4111.36,4108.04,0.0,False,False,6.64,0.0,0.0,0.0,424928088,424952883,560859786,560886131,971306424,971336056,0.0,0.0,1030.0,6.64,3.319999999999709,L148
560891867,short,2026-07-09 12:18:49,4110.69,0.02,2026-07-09 12:24:26,4107.85,4110.6900000000005,9.094947017729282e-13,False,False,5.68,0.0,0.0,0.0,424959476,424973489,560891867,560906631,971340608,971353821,1.0,0.0,337.0,5.68,2.839999999999236,S128
560927178,long,2026-07-09 12:35:01,4106.61,0.02,2026-07-09 13:02:03,4108.11,4106.61,0.0,False,False,3.0,0.0,0.0,0.0,424993314,425040477,560927178,560976053,971372689,971423223,0.0,1.0,1622.0,3.0,1.5,L149
560948540,long,2026-07-09 12:41:32,4105.0,0.02,2026-07-09 13:02:04,4108.32,4105.0,0.0,False,False,6.64,0.0,0.0,0.0,425013795,425041032,560948540,560976459,971389232,971423293,0.0,2.0,1232.0,6.64,3.319999999999709,L149
560992646,short,2026-07-09 13:05:13,4108.74,0.02,2026-07-09 13:08:49,4106.18,4108.740000000001,9.094947017729282e-13,False,False,5.12,0.0,0.0,0.0,425057352,425066281,560992646,561002011,971433952,971441937,1.0,1.0,216.0,5.12,2.5599999999994907,S129
561028515,long,2026-07-09 13:33:29,4103.86,0.02,2026-07-09 14:02:06,4102.65,4103.86,0.0,False,False,-2.42,0.0,0.0,0.0,425091792,425203381,561028515,561138984,971468830,971564383,0.0,0.0,1717.0,-2.42,-1.2100000000000364,L150
561062420,long,2026-07-09 13:49:49,4101.05,0.02,2026-07-09 14:02:06,4102.7,4101.05,0.0,False,False,3.3,0.0,0.0,0.0,425125966,425203064,561062420,561138733,971502329,971564334,1.0,0.0,737.0,3.3,1.6499999999996362,L150
561092639,long,2026-07-09 13:53:03,4095.4,0.03,2026-07-09 14:02:06,4102.7,4095.3999999999996,4.547473508864641e-13,False,False,21.9,0.0,0.0,0.0,425156706,425203114,561092639,561138519,971529114,971564329,1.0,0.0,543.0,21.9,7.299999999999727,L150
561147552,short,2026-07-09 14:05:23,4102.72,0.02,2026-07-09 14:06:19,4101.26,4102.72,0.0,False,False,2.92,0.0,0.0,0.0,425212327,425214302,561147552,561149582,971575911,971578428,1.0,1.0,56.0,2.92,1.4600000000000364,S130
561160424,short,2026-07-09 14:13:26,4104.12,0.02,2026-07-09 14:23:08,4102.83,4104.12,0.0,False,False,2.58,0.0,0.0,0.0,425225164,425245439,561160424,561180931,971593051,971613535,0.0,0.0,582.0,2.58,1.2899999999999636,S131
561172404,short,2026-07-09 14:18:15,4106.04,0.02,2026-07-09 14:23:08,4102.83,4106.04,0.0,False,False,6.42,0.0,0.0,0.0,425236940,425244971,561172404,561181066,971605276,971613655,1.0,0.0,293.0,6.42,3.2100000000000364,S131
561239594,short,2026-07-09 14:42:50,4108.12,0.02,2026-07-09 15:17:39,4110.65,4108.12,0.0,False,False,-5.06,0.0,0.0,0.0,425302833,425422940,561239594,561365702,971670543,971776096,0.0,1.0,2089.0,-5.06,-2.5299999999997453,S132
561271953,short,2026-07-09 14:56:42,4108.82,0.02,2026-07-09 15:17:39,4110.65,4108.82,0.0,False,False,-3.66,0.0,0.0,0.0,425334831,425423139,561271953,561365474,971700070,971776081,1.0,1.0,1257.0,-3.66,-1.8299999999999272,S132
561282602,long,2026-07-09 15:04:58,4108.21,0.02,2026-07-09 15:07:26,4109.37,4108.21,0.0,False,False,2.32,0.0,0.0,0.0,425345391,425348108,561282602,561285537,971714047,971718962,0.0,1.0,148.0,2.32,1.1599999999998545,L151
561300798,short,2026-07-09 15:08:19,4111.93,0.03,2026-07-09 15:17:38,4110.65,4111.929999999999,9.094947017729282e-13,False,False,3.84,0.0,0.0,0.0,425362764,425422733,561300798,561364966,971730083,971775993,0.0,0.0,559.0,3.84,1.2800000000006548,S132
561319469,short,2026-07-09 15:09:01,4118.2,0.04,2026-07-09 15:17:39,4110.64,4118.200000000001,9.094947017729282e-13,False,False,30.24,0.0,0.0,0.0,425380568,425423206,561319469,561365329,971745071,971776010,0.0,1.0,518.0,30.24,7.559999999999491,S132
561370759,long,2026-07-09 15:18:32,4111.29,0.02,2026-07-09 15:32:21,4111.73,4111.29,0.0,False,False,0.88,0.0,0.0,0.0,425428493,425466496,561370759,561409448,971779495,971827229,1.0,0.0,829.0,0.88,0.4399999999995998,L152
561380895,long,2026-07-09 15:20:03,4108.16,0.02,2026-07-09 15:32:21,4111.67,4108.16,0.0,False,False,7.02,0.0,0.0,0.0,425438608,425467012,561380895,561409861,971788078,971827323,0.0,0.0,738.0,7.02,3.5100000000002183,L152
561385969,long,2026-07-09 15:20:34,4107.96,0.03,2026-07-09 15:32:21,4111.73,4107.959999999999,9.094947017729282e-13,False,False,11.31,0.0,0.0,0.0,425443581,425466805,561385969,561409649,971792239,971827272,0.0,0.0,707.0,11.31,3.769999999999527,L152
561412880,short,2026-07-09 15:32:34,4111.37,0.02,2026-07-09 15:43:56,4114.51,4111.37,0.0,False,False,-6.28,0.0,0.0,0.0,425469963,425574211,561412880,561519283,971829394,971894788,1.0,1.0,682.0,-6.28,-3.1400000000003274,S133
561428015,short,2026-07-09 15:34:12,4112.42,0.02,2026-07-09 15:43:56,4114.51,4112.42,0.0,False,False,-4.18,0.0,0.0,0.0,425484983,425574270,561428015,561519681,971837989,971894938,0.0,0.0,584.0,-4.18,-2.0900000000001455,S133
561442587,short,2026-07-09 15:35:14,4115.9,0.03,2026-07-09 15:43:56,4114.51,4115.900000000001,9.094947017729282e-13,False,False,4.17,0.0,0.0,0.0,425499194,425574454,561442587,561519487,971845805,971894854,0.0,1.0,522.0,4.17,1.389999999999418,S133
561452892,short,2026-07-09 15:35:39,4116.78,0.04,2026-07-09 15:43:56,4114.51,4116.780000000001,9.094947017729282e-13,False,False,9.08,0.0,0.0,0.0,425509273,425573783,561452892,561519084,971851394,971894763,0.0,1.0,497.0,9.08,2.269999999999527,S133
561468249,short,2026-07-09 15:38:16,4119.86,0.05,2026-07-09 15:43:56,4114.51,4119.860000000001,9.094947017729282e-13,False,False,26.75,0.0,0.0,0.0,425523058,425573707,561468249,561518884,971865834,971894751,0.0,1.0,340.0,26.75,5.349999999999454,S133
561532067,long,2026-07-09 15:45:20,4113.29,0.02,2026-07-09 16:01:13,4113.36,4113.29,0.0,False,False,0.14,0.0,0.0,0.0,425586793,425628267,561532067,561574756,971903064,971954575,0.0,1.0,953.0,0.14,0.06999999999970896,L153
561550148,long,2026-07-09 15:56:32,4111.0,0.02,2026-07-09 16:01:13,4113.38,4111.0,0.0,False,False,4.76,0.0,0.0,0.0,425604645,425628724,561550148,561574969,971932176,971954669,1.0,1.0,281.0,4.76,2.380000000000109,L153
561558214,long,2026-07-09 16:00:02,4109.17,0.03,2026-07-09 16:01:13,4113.38,4109.17,0.0,False,False,12.63,0.0,0.0,0.0,425612427,425628582,561558214,561574526,971943124,971954444,0.0,1.0,71.0,12.63,4.210000000000036,L153
561611689,short,2026-07-09 16:08:55,4116.34,0.02,2026-07-09 16:20:17,4119.64,4116.34,0.0,False,False,-6.6,0.0,0.0,0.0,425664569,425744241,561611689,561693283,971986347,972051346,0.0,3.0,682.0,-6.6,-3.300000000000182,S134
561631863,short,2026-07-09 16:14:38,4120.05,0.02,2026-07-09 16:20:17,4119.65,4120.049999999999,9.094947017729282e-13,False,False,0.8,0.0,0.0,0.0,425684666,425744439,561631863,561693553,972007046,972051553,0.0,0.0,339.0,0.8,0.4000000000005457,S134
561644120,short,2026-07-09 16:15:32,4122.87,0.03,2026-07-09 16:20:17,4119.65,4122.87,0.0,False,False,9.66,0.0,0.0,0.0,425696696,425744703,561644120,561693453,972016050,972051522,1.0,0.0,285.0,9.66,3.2200000000002547,S134
561658588,short,2026-07-09 16:17:12,4125.05,0.04,2026-07-09 16:20:17,4119.65,4125.049999999999,9.094947017729282e-13,False,False,21.6,0.0,0.0,0.0,425710452,425744421,561658588,561693417,972029414,972051513,1.0,0.0,185.0,21.6,5.400000000000546,S134
561685256,long,2026-07-09 16:19:55,4120.76,0.02,2026-07-09 16:23:13,4124.12,4120.76,0.0,False,False,6.72,0.0,0.0,0.0,425736298,425755531,561685256,561705043,972048186,972062527,0.0,0.0,198.0,6.72,3.3599999999996726,L154
561707180,short,2026-07-09 16:23:26,4123.34,0.02,2026-07-09 16:30:24,4121.29,4123.34,0.0,False,False,4.1,0.0,0.0,0.0,425758043,425791189,561707180,561742819,972064745,972090045,1.0,1.0,418.0,4.1,2.050000000000182,S135
561723214,short,2026-07-09 16:25:23,4126.18,0.02,2026-07-09 16:30:24,4121.28,4126.179999999999,9.094947017729282e-13,False,False,9.8,0.0,0.0,0.0,425773124,425791384,561723214,561742695,972074042,972089971,0.0,1.0,301.0,9.8,4.900000000000546,S135
561749622,long,2026-07-09 16:30:32,4121.19,0.02,2026-07-09 16:32:33,4124.8,4121.1900000000005,9.094947017729282e-13,False,False,7.22,0.0,0.0,0.0,425798742,425808277,561749622,561759295,972093543,972102050,0.0,0.0,121.0,7.22,3.610000000000582,L155
561765886,short,2026-07-09 16:33:06,4124.84,0.02,2026-07-09 16:35:09,4124.01,4124.84,0.0,False,False,1.66,0.0,0.0,0.0,425814805,425841112,561765886,561792807,972105089,972120700,0.0,0.0,123.0,1.66,0.8299999999999272,S136
561784191,short,2026-07-09 16:34:17,4128.23,0.02,2026-07-09 16:35:09,4124.04,4128.23,0.0,False,False,8.38,0.0,0.0,0.0,425832474,425841257,561784191,561793018,972115038,972120748,0.0,0.0,52.0,8.38,4.1899999999996,S136
561793943,long,2026-07-09 16:35:13,4124.99,0.02,2026-07-09 16:38:28,4127.42,4124.99,0.0,False,False,4.86,0.0,0.0,0.0,425842398,425857208,561793943,561809167,972121453,972131625,0.0,0.0,195.0,4.86,2.430000000000291,L156
561824929,long,2026-07-09 16:40:36,4123.65,0.02,2026-07-09 16:42:54,4126.21,4123.65,0.0,False,False,5.12,0.0,0.0,0.0,425872994,425878036,561824929,561829895,972141299,972146966,0.0,1.0,138.0,5.12,2.5600000000004,L157
561845289,short,2026-07-09 16:44:33,4127.66,0.02,2026-07-09 16:45:44,4124.56,4127.660000000001,9.094947017729282e-13,False,False,6.2,0.0,0.0,0.0,425892754,425902077,561845289,561857394,972154872,972161430,1.0,0.0,71.0,6.2,3.0999999999994543,S137
561867501,long,2026-07-09 16:46:59,4122.81,0.02,2026-07-09 16:51:30,4124.98,4122.8099999999995,9.094947017729282e-13,False,False,4.34,0.0,0.0,0.0,425914637,425922287,561867501,561875353,972168128,972179390,0.0,0.0,271.0,4.34,2.1699999999991633,L158
561899855,long,2026-07-09 16:55:35,4120.5,0.02,2026-07-09 17:00:06,4125.32,4120.5,0.0,False,False,9.64,0.0,0.0,0.0,425946326,425958327,561899855,561914908,972196855,972211884,1.0,1.0,271.0,9.64,4.819999999999709,L159
561919894,short,2026-07-09 17:00:12,4123.66,0.02,2026-07-09 17:07:09,4127.7,4123.66,0.0,False,False,-8.08,0.0,0.0,0.0,425964181,426050795,561919894,562009176,972215281,972267798,1.0,1.0,417.0,-8.08,-4.039999999999964,S138
561937399,short,2026-07-09 17:00:36,4127.45,0.02,2026-07-09 17:07:09,4127.7,4127.45,0.0,False,False,-0.5,0.0,0.0,0.0,425983373,426050810,561937399,562009382,972220947,972267840,1.0,1.0,393.0,-0.5,-0.25,S138
561951339,short,2026-07-09 17:01:25,4130.53,0.03,2026-07-09 17:07:09,4127.71,4130.53,0.0,False,False,8.46,0.0,0.0,0.0,425996785,426051423,561951339,562010540,972231496,972267998,0.0,1.0,344.0,8.46,2.819999999999709,S138
561970481,short,2026-07-09 17:04:06,4133.72,0.04,2026-07-09 17:07:09,4127.71,4133.72,0.0,False,False,24.04,0.0,0.0,0.0,426013860,426051447,561970481,562010164,972245967,972267985,0.0,1.0,183.0,24.04,6.010000000000218,S138
561989001,short,2026-07-09 17:05:45,4135.3,0.05,2026-07-09 17:07:09,4127.7,4135.3,0.0,False,False,38.0,0.0,0.0,0.0,426031580,426051222,561989001,562009221,972258046,972267813,1.0,1.0,84.0,38.0,7.600000000000364,S138
562040620,long,2026-07-09 17:11:11,4122.9,0.02,2026-07-09 17:23:49,4122.75,4122.9,0.0,False,False,-0.3,0.0,0.0,0.0,426084392,426140984,562040620,562098174,972291944,972350046,0.0,1.0,758.0,-0.3,-0.1499999999996362,L160
562058505,long,2026-07-09 17:15:57,4117.89,0.02,2026-07-09 17:23:49,4122.41,4117.889999999999,9.094947017729282e-13,False,False,9.04,0.0,0.0,0.0,426101874,426141579,562058505,562099420,972311740,972350116,0.0,1.0,472.0,9.04,4.519999999999527,L160
562078726,long,2026-07-09 17:20:31,4116.0,0.03,2026-07-09 17:23:49,4122.35,4116.0,0.0,False,False,19.05,0.0,0.0,0.0,426122180,426141370,562078726,562099303,972334607,972350050,1.0,1.0,198.0,19.05,6.350000000000364,L160
562116053,short,2026-07-09 17:25:36,4123.95,0.02,2026-07-09 17:39:24,4121.67,4123.95,0.0,False,False,4.56,0.0,0.0,0.0,426159044,426197953,562116053,562155745,972362003,972400149,0.0,0.0,828.0,4.56,2.2799999999997453,S139
562144555,short,2026-07-09 17:36:10,4125.47,0.02,2026-07-09 17:39:24,4121.67,4125.47,0.0,False,False,7.6,0.0,0.0,0.0,426187185,426197719,562144555,562155541,972391580,972400136,1.0,1.0,194.0,7.6,3.800000000000182,S139
562156278,long,2026-07-09 17:39:49,4122.86,0.02,2026-07-09 17:46:17,4125.05,4122.860000000001,9.094947017729282e-13,False,False,4.38,0.0,0.0,0.0,426198739,426210068,562156278,562168004,972401356,972414022,0.0,0.0,388.0,4.38,2.1900000000005093,L161
562196924,short,2026-07-09 17:54:03,4122.17,0.02,2026-07-09 19:05:38,4126.19,4122.169999999999,9.094947017729282e-13,False,False,-8.04,0.0,0.0,0.0,426238677,426392940,562196924,562354195,972441126,972589397,1.0,1.0,4295.0,-8.04,-4.019999999999527,S140
562202797,short,2026-07-09 17:55:05,4123.19,0.02,2026-07-09 19:05:38,4126.17,4123.1900000000005,9.094947017729282e-13,False,False,-5.96,0.0,0.0,0.0,426244475,426393682,562202797,562354984,972445522,972589471,1.0,0.0,4233.0,-5.96,-2.980000000000473,S140
562224216,short,2026-07-09 17:59:03,4127.04,0.03,2026-07-09 19:05:38,4126.17,4127.04,0.0,False,False,2.61,0.0,0.0,0.0,426264313,426393604,562224216,562354787,972459390,972589453,0.0,0.0,3995.0,2.61,0.8699999999998909,S140
562245736,short,2026-07-09 18:07:12,4129.49,0.04,2026-07-09 19:05:38,4126.1,4129.490000000001,9.094947017729282e-13,False,False,13.56,0.0,0.0,0.0,426285273,426393326,562245736,562354596,972481104,972589424,1.0,0.0,3506.0,13.56,3.389999999999418,S140
562262682,long,2026-07-09 18:11:27,4126.16,0.02,2026-07-09 18:23:04,4128.61,4126.16,0.0,False,False,4.9,0.0,0.0,0.0,426302144,426312592,562262682,562273018,972492445,972510105,1.0,0.0,697.0,4.9,2.449999999999818,L162
562322530,short,2026-07-09 18:46:37,4131.37,0.05,2026-07-09 19:05:38,4126.1,4131.370000000001,9.094947017729282e-13,False,False,26.35,0.0,0.0,0.0,426361439,426393303,562322530,562354400,972554053,972589423,1.0,0.0,1141.0,26.35,5.269999999999527,S140
562387134,short,2026-07-09 19:16:35,4132.18,0.02,2026-07-09 19:35:41,4134.83,4132.18,0.0,False,False,-5.3,0.0,0.0,0.0,426425122,426473951,562387134,562437748,972617327,972660818,0.0,0.0,1146.0,-5.3,-2.649999999999636,S141
562414704,short,2026-07-09 19:30:25,4133.1,0.02,2026-07-09 19:35:41,4134.88,4133.1,0.0,False,False,-3.56,0.0,0.0,0.0,426452283,426473756,562414704,562437559,972640033,972660782,0.0,1.0,316.0,-3.56,-1.7799999999997453,S141
562431516,short,2026-07-09 19:33:19,4136.51,0.03,2026-07-09 19:35:41,4134.89,4136.51,0.0,False,False,4.86,0.0,0.0,0.0,426467941,426473524,562431516,562437364,972655768,972660778,0.0,1.0,142.0,4.86,1.6199999999998909,S141
565854507,short,2026-07-10 17:48:55,4103.45,0.14,2026-07-10 17:56:01,4098.82,4103.45,0.0,False,False,64.82,0.0,0.0,0.0,429816639,429837443,565854507,565875775,975526019,975557399,0.0,0.0,426.0,64.82,4.630000000000109,S142
565854699,short,2026-07-10 17:48:56,4103.45,0.11,2026-07-10 17:56:03,4098.78,4103.45,0.0,False,False,51.37,0.0,0.0,0.0,429816738,429837912,565854699,565876251,975526025,975557839,1.0,0.0,427.0,51.37,4.670000000000073,S142
565854899,short,2026-07-10 17:48:56,4103.49,0.06,2026-07-10 17:56:02,4098.8,4103.49,0.0,False,False,28.14,0.0,0.0,0.0,429816982,429837751,565854899,565876022,975526088,975557656,0.0,0.0,426.0,28.14,4.6899999999996,S142
565855091,short,2026-07-10 17:48:56,4103.48,0.08,2026-07-10 17:56:05,4098.84,4103.4800000000005,9.094947017729282e-13,False,False,37.12,0.0,0.0,0.0,429817184,429838162,565855091,565876479,975526090,975558086,0.0,1.0,429.0,37.12,4.639999999999418,S142
565855287,short,2026-07-10 17:48:57,4103.47,0.05,2026-07-10 17:56:00,4098.63,4103.47,0.0,False,False,24.2,0.0,0.0,0.0,429817330,429837267,565855287,565875499,975526108,975556883,1.0,0.0,423.0,24.2,4.8400000000001455,S142
565855607,short,2026-07-10 17:49:07,4104.48,0.04,2026-07-10 17:55:59,4098.85,4104.4800000000005,9.094947017729282e-13,False,False,22.52,0.0,0.0,0.0,429817682,429836838,565855607,565875143,975526799,975556583,0.0,0.0,412.0,22.52,5.6299999999992,S142
565858628,short,2026-07-10 17:49:31,4106.51,0.03,2026-07-10 17:55:58,4098.86,4106.509999999999,9.094947017729282e-13,False,False,22.95,0.0,0.0,0.0,429820391,429836533,565858628,565874698,975530595,975555974,0.0,1.0,387.0,22.95,7.650000000000546,S142
565859832,short,2026-07-10 17:50:10,4105.86,0.18,2026-07-10 17:55:56,4098.46,4105.86,0.0,False,False,133.2,0.0,0.0,0.0,429821740,429835323,565859832,565873533,975534762,975555101,1.0,0.0,346.0,133.2,7.399999999999636,S142
580027847,long,2026-07-15 09:13:17,4028.98,0.02,2026-07-15 09:25:44,4028.08,4028.98,0.0,False,False,-1.8,0.0,0.0,0.0,443441751,443571677,580027847,580169535,985645134,985710100,1.0,1.0,747.0,-1.8,-0.900000000000091,L163
580054251,long,2026-07-15 09:15:28,4027.04,0.02,2026-07-15 09:25:44,4028.08,4027.04,0.0,False,False,2.08,0.0,0.0,0.0,443467312,443571601,580054251,580169414,985656659,985710058,1.0,1.0,616.0,2.08,1.0399999999999636,L163
580081149,long,2026-07-15 09:18:56,4025.19,0.03,2026-07-15 09:25:44,4028.08,4025.19,0.0,False,False,8.67,0.0,0.0,0.0,443493376,443571638,580081149,580169340,985670861,985709978,1.0,1.0,408.0,8.67,2.8899999999998727,L163
580127633,long,2026-07-15 09:22:41,4023.25,0.04,2026-07-15 09:25:44,4028.08,4023.25,0.0,False,False,19.32,0.0,0.0,0.0,443537313,443571696,580127633,580169491,985693115,985710092,1.0,1.0,183.0,19.32,4.829999999999927,L163
580175975,short,2026-07-15 09:25:58,4027.62,0.02,2026-07-15 09:31:00,4024.74,4027.62,0.0,False,False,5.76,0.0,0.0,0.0,443584956,443602728,580175975,580194803,985716535,985730235,0.0,1.0,302.0,5.76,2.880000000000109,S143
580258451,short,2026-07-15 09:37:18,4027.81,0.02,2026-07-15 10:21:50,4027.87,4027.81,0.0,False,False,-0.12,0.0,0.0,0.0,443664615,443814110,580258451,580417958,985758243,985864604,0.0,0.0,2672.0,-0.12,-0.05999999999994543,S144
580275466,short,2026-07-15 09:38:39,4029.71,0.02,2026-07-15 10:21:50,4027.82,4029.71,0.0,False,False,3.78,0.0,0.0,0.0,443681392,443814645,580275466,580418526,985766899,985864610,0.0,0.0,2591.0,3.78,1.8899999999998727,S144
580300660,short,2026-07-15 09:45:05,4031.81,0.03,2026-07-15 10:21:50,4027.82,4031.81,0.0,False,False,11.97,0.0,0.0,0.0,443705431,443814606,580300660,580418224,985785692,985864607,1.0,0.0,2205.0,11.97,3.9899999999997817,S144
580402991,long,2026-07-15 10:14:33,4029.33,0.02,2026-07-15 11:28:20,4025.41,4029.33,0.0,False,False,-7.84,0.0,0.0,0.0,443800634,444247942,580402991,580873124,985853393,986121821,0.0,0.0,4427.0,-7.84,-3.9200000000000728,L164
580447850,long,2026-07-15 10:23:37,4026.6,0.02,2026-07-15 11:28:21,4025.3,4026.6000000000004,4.547473508864641e-13,False,False,-2.6,0.0,0.0,0.0,443843362,444249291,580447850,580874034,985875796,986121854,0.0,1.0,3884.0,-2.6,-1.2999999999997272,L164
580504437,long,2026-07-15 10:27:40,4021.82,0.03,2026-07-15 11:28:21,4025.3,4021.82,0.0,False,False,10.44,0.0,0.0,0.0,443896417,444249407,580504437,580873644,985906028,986121836,0.0,1.0,3641.0,10.44,3.480000000000018,L164
580548917,short,2026-07-15 10:33:01,4025.14,0.02,2026-07-15 10:35:08,4023.22,4025.14,0.0,False,False,3.84,0.0,0.0,0.0,443940412,443959957,580548917,580570444,985932985,985944082,0.0,0.0,127.0,3.84,1.9200000000000728,S145
580737509,short,2026-07-15 11:02:56,4024.54,0.02,2026-07-15 11:10:06,4022.37,4024.54,0.0,False,False,4.34,0.0,0.0,0.0,444118768,444138973,580737509,580758879,986040432,986054822,0.0,0.0,430.0,4.34,2.1700000000000728,S146
580816374,long,2026-07-15 11:14:17,4018.67,0.04,2026-07-15 11:28:21,4025.3,4018.67,0.0,False,False,26.52,0.0,0.0,0.0,444193697,444249166,580816374,580873840,986080197,986121847,1.0,1.0,844.0,26.52,6.630000000000109,L164
580861382,short,2026-07-15 11:19:39,4024.24,0.02,2026-07-15 12:34:23,4026.96,4024.2400000000002,4.547473508864641e-13,False,False,-5.44,0.0,0.0,0.0,444237625,444475797,580861382,581115213,986106725,986296887,1.0,0.0,4484.0,-5.44,-2.7200000000002547,S147
580899546,short,2026-07-15 11:30:39,4026.73,0.02,2026-07-15 12:34:23,4026.99,4026.7299999999996,4.547473508864641e-13,False,False,-0.52,0.0,0.0,0.0,444273531,444474897,580899546,581114589,986135590,986296856,1.0,1.0,3824.0,-0.52,-0.25999999999976353,S147
580954814,short,2026-07-15 11:47:29,4028.1,0.03,2026-07-15 12:34:24,4026.96,4028.1,0.0,False,False,3.42,0.0,0.0,0.0,444325144,444475895,580954814,581115483,986178075,986296909,0.0,1.0,2815.0,3.42,1.1399999999998727,S147
580974203,short,2026-07-15 11:55:27,4029.54,0.04,2026-07-15 12:34:23,4026.99,4029.54,0.0,False,False,10.2,0.0,0.0,0.0,444342818,444475169,580974203,581114677,986194626,986296884,1.0,1.0,2336.0,10.2,2.550000000000182,S147
580996089,short,2026-07-15 11:58:27,4031.77,0.05,2026-07-15 12:34:23,4026.96,4031.77,0.0,False,False,24.05,0.0,0.0,0.0,444362299,444475720,580996089,581115344,986208682,986296895,1.0,0.0,2156.0,24.05,4.809999999999945,S147
581101936,long,2026-07-15 12:30:04,4028.51,0.02,2026-07-15 12:59:38,4030.21,4028.51,0.0,False,False,3.4,0.0,0.0,0.0,444463442,444522971,581101936,581165586,986287130,986341991,1.0,1.0,1774.0,3.4,1.699999999999818,L165
581133073,long,2026-07-15 12:37:39,4027.07,0.02,2026-07-15 12:59:42,4029.84,4027.07,0.0,False,False,5.54,0.0,0.0,0.0,444492996,444523612,581133073,581166260,986309061,986342260,1.0,0.0,1323.0,5.54,2.769999999999982,L165
581168624,short,2026-07-15 13:00:37,4029.04,0.02,2026-07-15 13:24:59,4029.71,4029.04,0.0,False,False,-1.34,0.0,0.0,0.0,444526607,444639365,581168624,581288145,986346061,986419337,0.0,1.0,1462.0,-1.34,-0.6700000000000728,S148
581192243,short,2026-07-15 13:07:38,4032.12,0.02,2026-07-15 13:24:58,4029.69,4032.12,0.0,False,False,4.86,0.0,0.0,0.0,444548716,444638669,581192243,581286501,986363718,986419330,0.0,1.0,1040.0,4.86,2.4299999999998363,S148
581235140,short,2026-07-15 13:14:44,4034.61,0.03,2026-07-15 13:24:58,4029.37,4034.6099999999997,4.547473508864641e-13,False,False,15.72,0.0,0.0,0.0,444589737,444638374,581235140,581286173,986390369,986419291,0.0,1.0,614.0,15.72,5.2400000000002365,S148
581292713,long,2026-07-15 13:25:23,4029.97,0.02,2026-07-15 13:36:09,4031.65,4029.9700000000003,4.547473508864641e-13,False,False,3.36,0.0,0.0,0.0,444645612,444681585,581292713,581332271,986423739,986449158,1.0,0.0,646.0,3.36,1.680000000000291,L166
581305646,long,2026-07-15 13:26:14,4027.97,0.02,2026-07-15 13:36:10,4031.66,4027.97,0.0,False,False,7.38,0.0,0.0,0.0,444658438,444681966,581305646,581332580,986430439,986449209,0.0,1.0,596.0,7.38,3.6900000000000546,L166
581349179,short,2026-07-15 13:40:23,4032.98,0.02,2026-07-15 13:46:56,4029.85,4032.98,0.0,False,False,6.26,0.0,0.0,0.0,444697236,444712227,581349179,581367024,986459696,986472753,1.0,1.0,393.0,6.26,3.130000000000109,S149
581380683,long,2026-07-15 13:48:18,4028.78,0.02,2026-07-15 14:06:13,4031.38,4028.78,0.0,False,False,5.2,0.0,0.0,0.0,444725406,444751944,581380683,581409729,986480885,986511324,1.0,1.0,1075.0,5.2,2.599999999999909,L167
581513386,short,2026-07-15 14:42:09,4037.83,0.02,2026-07-15 15:06:32,4037.82,4037.8300000000004,4.547473508864641e-13,False,False,0.02,0.0,0.0,0.0,444849295,444919801,581513386,581588794,986590977,986662861,0.0,1.0,1463.0,0.02,0.009999999999763531,S150
581562034,short,2026-07-15 15:02:13,4038.98,0.02,2026-07-15 15:06:31,4037.66,4038.98,0.0,False,False,2.64,0.0,0.0,0.0,444894666,444919711,581562034,581588583,986640327,986662775,1.0,0.0,258.0,2.64,1.3200000000001637,S150
581576926,short,2026-07-15 15:04:28,4041.6,0.03,2026-07-15 15:06:31,4037.68,4041.6,0.0,False,False,11.76,0.0,0.0,0.0,444908429,444919513,581576926,581588367,986651204,986662758,0.0,1.0,123.0,11.76,3.9200000000000728,S150
581650409,short,2026-07-15 15:30:24,4048.4,0.02,2026-07-15 16:10:32,4066.24,4048.3999999999996,4.547473508864641e-13,False,False,-35.68,0.0,0.0,0.0,444977367,445334381,581650409,582024159,986713833,987028842,0.0,1.0,2408.0,-35.68,-17.83999999999969,S151
581655517,short,2026-07-15 15:30:28,4049.28,0.02,2026-07-15 16:10:32,4066.09,4049.28,0.0,False,False,-33.62,0.0,0.0,0.0,444980956,445334591,581655517,582024409,986715288,987028917,0.0,0.0,2404.0,-33.62,-16.809999999999945,S151
581666059,short,2026-07-15 15:30:47,4049.98,0.03,2026-07-15 16:10:33,4066.17,4049.98,0.0,False,False,-48.57,0.0,0.0,0.0,444992327,445335001,581666059,582024686,986722656,987029015,0.0,1.0,2386.0,-48.57,-16.190000000000055,S151
581671113,short,2026-07-15 15:31:06,4049.08,0.05,2026-07-15 16:10:29,4065.61,4049.08,0.0,False,False,-82.65,0.0,0.0,0.0,444997393,445331079,581671113,582021721,986734718,987028158,0.0,0.0,2363.0,-82.65,-16.5300000000002,S151
581671334,short,2026-07-15 15:31:06,4049.07,0.04,2026-07-15 16:10:33,4066.13,4049.07,0.0,False,False,-68.24,0.0,0.0,0.0,444997456,445335096,581671334,582024905,986734725,987029137,0.0,1.0,2367.0,-68.24,-17.059999999999945,S151
581703243,short,2026-07-15 15:32:55,4052.54,0.06,2026-07-15 16:10:29,4065.61,4052.54,0.0,False,False,-78.42,0.0,0.0,0.0,445028439,445331063,581703243,582021772,986762811,987028200,1.0,0.0,2254.0,-78.42,-13.070000000000164,S151
581722364,long,2026-07-15 15:34:24,4054.47,0.02,2026-07-15 15:35:18,4056.37,4054.47,0.0,False,False,3.8,0.0,0.0,0.0,445046703,445056914,581722364,581735098,986784296,986792053,1.0,1.0,54.0,3.8,1.900000000000091,L168
581725005,short,2026-07-15 15:34:30,4052.99,0.08,2026-07-15 16:10:30,4065.65,4052.9900000000002,4.547473508864641e-13,False,False,-101.28,0.0,0.0,0.0,445049669,445332164,581725005,582022186,986786231,987028406,1.0,1.0,2160.0,-101.28,-12.66000000000031,S151
581743500,short,2026-07-15 15:35:26,4057.77,0.11,2026-07-15 16:10:30,4065.68,4057.77,0.0,False,False,-87.01,0.0,0.0,0.0,445066914,445332732,581743500,582022523,986798200,987028457,0.0,0.0,2104.0,-87.01,-7.9099999999998545,S151
581768600,short,2026-07-15 15:36:49,4059.2,0.14,2026-07-15 16:10:31,4065.61,4059.2000000000003,4.547473508864641e-13,False,False,-89.74,0.0,0.0,0.0,445091633,445333206,581768600,582023096,986815500,987028562,1.0,1.0,2022.0,-89.74,-6.410000000000309,S151
581791229,short,2026-07-15 15:37:53,4063.23,0.18,2026-07-15 16:10:31,4065.64,4063.23,0.0,False,False,-43.38,0.0,0.0,0.0,445113520,445333610,581791229,582023430,986832927,987028620,1.0,1.0,1958.0,-43.38,-2.4099999999998545,S151
581808751,short,2026-07-15 15:39:35,4064.42,0.23,2026-07-15 16:10:31,4065.68,4064.4199999999996,4.547473508864641e-13,False,False,-28.98,0.0,0.0,0.0,445129479,445333758,581808751,582023675,986849034,987028679,0.0,0.0,1856.0,-28.98,-1.2599999999997635,S151
581916819,short,2026-07-15 15:58:35,4069.2,0.3,2026-07-15 16:10:31,4065.64,4069.2,0.0,False,False,106.8,0.0,0.0,0.0,445231335,445333874,581916819,582023908,986945275,987028707,0.0,0.0,716.0,106.8,3.5599999999999454,S151
581925299,short,2026-07-15 15:58:48,4070.09,0.39,2026-07-15 16:10:23,4065.15,4070.09,0.0,False,False,192.66,0.0,0.0,0.0,445239221,445325251,581925299,582020529,986950451,987026668,1.0,1.0,695.0,192.66,4.940000000000055,S151
581937172,long,2026-07-15 16:00:16,4066.19,0.02,2026-07-15 16:02:24,4068.59,4066.19,0.0,False,False,4.8,0.0,0.0,0.0,445250983,445260466,581937172,581947449,986964278,986975469,0.0,0.0,128.0,4.8,2.400000000000091,L169
581950828,long,2026-07-15 16:02:34,4069.36,0.02,2026-07-15 16:04:17,4070.11,4069.36,0.0,False,False,1.5,0.0,0.0,0.0,445263985,445270113,581950828,581958761,986977824,986984137,0.0,1.0,103.0,1.5,0.75,L170
581983857,short,2026-07-15 16:05:27,4072.88,0.51,2026-07-15 16:10:23,4065.15,4072.88,0.0,False,False,394.23,0.0,0.0,0.0,445295521,445325224,581983857,582020187,987000198,987026409,0.0,1.0,296.0,394.23,7.730000000000018,S151
582025240,long,2026-07-15 16:10:34,4066.51,0.02,2026-07-15 16:42:15,4062.24,4066.5099999999998,4.547473508864641e-13,False,False,-8.54,0.0,0.0,0.0,445335477,445498798,582025240,582195929,987029453,987172246,0.0,1.0,1901.0,-8.54,-4.270000000000437,L171
582047940,long,2026-07-15 16:13:46,4063.78,0.02,2026-07-15 16:42:15,4062.27,4063.78,0.0,False,False,-3.02,0.0,0.0,0.0,445357793,445499350,582047940,582196417,987045433,987172270,0.0,0.0,1709.0,-3.02,-1.5100000000002183,L171
582109277,long,2026-07-15 16:26:03,4059.35,0.03,2026-07-15 16:42:15,4062.27,4059.35,0.0,False,False,8.76,0.0,0.0,0.0,445417222,445499265,582109277,582196662,987098342,987172275,1.0,0.0,972.0,8.76,2.9200000000000728,L171
582128183,long,2026-07-15 16:27:41,4055.88,0.04,2026-07-15 16:42:15,4062.24,4055.8799999999997,4.547473508864641e-13,False,False,25.44,0.0,0.0,0.0,445435877,445499094,582128183,582196205,987113400,987172259,1.0,0.0,874.0,25.44,6.359999999999673,L171
582148389,short,2026-07-15 16:31:15,4058.6,0.02,2026-07-15 16:46:18,4059.22,4058.6,0.0,False,False,-1.24,0.0,0.0,0.0,445455045,445511568,582148389,582209893,987133332,987184565,0.0,0.0,903.0,-1.24,-0.6199999999998909,S152
582167303,short,2026-07-15 16:36:32,4060.56,0.02,2026-07-15 16:46:18,4059.25,4060.56,0.0,False,False,2.62,0.0,0.0,0.0,445471874,445511358,582167303,582209682,987153107,987184541,0.0,1.0,586.0,2.62,1.3099999999999454,S152
582197306,short,2026-07-15 16:42:19,4061.91,0.03,2026-07-15 16:46:19,4059.11,4061.9100000000003,4.547473508864641e-13,False,False,8.4,0.0,0.0,0.0,445500088,445511824,582197306,582210124,987172984,987184707,0.0,1.0,240.0,8.4,2.799999999999727,S152
582263496,short,2026-07-15 16:55:19,4059.18,0.02,2026-07-15 17:21:30,4059.6,4059.18,0.0,False,False,-0.84,0.0,0.0,0.0,445562115,445676091,582263496,582388230,987229059,987323874,1.0,1.0,1571.0,-0.84,-0.42000000000007276,S153
582273542,short,2026-07-15 16:56:13,4060.67,0.02,2026-07-15 17:21:30,4059.57,4060.67,0.0,False,False,2.2,0.0,0.0,0.0,445571783,445676639,582273542,582388675,987234314,987323927,0.0,0.0,1517.0,2.2,1.099999999999909,S153
582291848,short,2026-07-15 16:57:52,4063.86,0.03,2026-07-15 17:21:30,4059.57,4063.86,0.0,False,False,12.87,0.0,0.0,0.0,445589324,445676534,582291848,582388310,987246125,987323876,1.0,1.0,1418.0,12.87,4.289999999999964,S153
582400349,long,2026-07-15 17:23:49,4059.34,0.02,2026-07-15 17:33:37,4059.59,4059.34,0.0,False,False,0.5,0.0,0.0,0.0,445688056,445712979,582400349,582428430,987334356,987366756,0.0,0.0,588.0,0.5,0.25,L172
582408268,long,2026-07-15 17:24:40,4056.98,0.02,2026-07-15 17:33:37,4059.59,4056.98,0.0,False,False,5.22,0.0,0.0,0.0,445695724,445712921,582408268,582428222,987340473,987366755,1.0,1.0,537.0,5.22,2.6100000000001273,L172
582422983,short,2026-07-15 17:30:47,4059.12,0.02,2026-07-15 17:33:37,4060.01,4059.1200000000003,4.547473508864641e-13,False,False,-1.78,0.0,0.0,0.0,445708639,445712757,582422983,582428009,987359842,987366743,0.0,1.0,170.0,-1.78,-0.8900000000003274,S154
584826985,short,2026-07-16 04:41:08,4044.07,0.04,2026-07-16 04:50:08,4040.12,4044.0699999999997,4.547473508864641e-13,False,False,15.8,0.0,0.0,0.0,447969551,448026266,584826985,584888990,988821186,988845989,1.0,0.0,540.0,15.8,3.950000000000273,S155
584827202,short,2026-07-16 04:41:08,4044.16,0.03,2026-07-16 04:50:09,4040.12,4044.16,0.0,False,False,12.12,0.0,0.0,0.0,447969747,448026401,584827202,584889285,988821254,988846003,0.0,1.0,541.0,12.12,4.039999999999964,S155
584827416,short,2026-07-16 04:41:09,4044.22,0.02,2026-07-16 04:50:09,4040.12,4044.22,0.0,False,False,8.2,0.0,0.0,0.0,447970078,448026604,584827416,584888760,988821284,988845976,0.0,1.0,540.0,8.2,4.099999999999909,S155
584828063,short,2026-07-16 04:41:10,4044.77,0.02,2026-07-16 04:50:09,4040.12,4044.77,0.0,False,False,9.3,0.0,0.0,0.0,447970642,448026589,584828063,584889151,988821318,988845992,1.0,1.0,539.0,9.3,4.650000000000091,S155
584865110,long,2026-07-16 04:46:14,4041.92,0.02,2026-07-16 06:06:02,4032.43,4041.9199999999996,4.547473508864641e-13,False,False,-18.98,0.0,0.0,0.0,448004639,448497518,584865110,585394829,988837162,989073186,0.0,0.0,4788.0,-18.98,-9.490000000000236,L173
584925119,long,2026-07-16 04:53:26,4038.68,0.02,2026-07-16 06:06:03,4032.34,4038.6800000000003,4.547473508864641e-13,False,False,-12.68,0.0,0.0,0.0,448059047,448497889,584925119,585395225,988857561,989073275,0.0,0.0,4357.0,-12.68,-6.339999999999691,L173
585002263,long,2026-07-16 05:06:43,4035.25,0.03,2026-07-16 06:06:05,4032.51,4035.25,0.0,False,False,-8.22,0.0,0.0,0.0,448134434,448499061,585002263,585396275,988891255,989073385,0.0,0.0,3562.0,-8.22,-2.7399999999997817,L173
585040135,long,2026-07-16 05:11:43,4033.71,0.04,2026-07-16 06:06:04,4032.33,4033.71,0.0,False,False,-5.52,0.0,0.0,0.0,448169111,448498532,585040135,585395850,988906433,989073352,1.0,0.0,3261.0,-5.52,-1.3800000000001091,L173
585094088,long,2026-07-16 05:16:24,4030.46,0.05,2026-07-16 06:06:04,4032.29,4030.46,0.0,False,False,9.15,0.0,0.0,0.0,448219760,448498227,585094088,585395544,988926811,989073333,0.0,1.0,2980.0,9.15,1.8299999999999272,L173
585132342,short,2026-07-16 05:23:24,4033.74,0.02,2026-07-16 05:32:17,4031.17,4033.7400000000002,4.547473508864641e-13,False,False,5.14,0.0,0.0,0.0,448256304,448290522,585132342,585173141,988947874,988970473,0.0,1.0,533.0,5.14,2.569999999999709,S156
585239637,long,2026-07-16 05:39:21,4027.52,0.06,2026-07-16 06:06:06,4032.5,4027.52,0.0,False,False,29.88,0.0,0.0,0.0,448353511,448499295,585239637,585396717,988996900,989073526,1.0,1.0,1605.0,29.88,4.980000000000018,L173
585270826,long,2026-07-16 05:41:52,4025.62,0.08,2026-07-16 06:06:06,4032.5,4025.62,0.0,False,False,55.04,0.0,0.0,0.0,448379868,448499328,585270826,585396561,989010363,989073490,1.0,1.0,1454.0,55.04,6.880000000000109,L173
585307037,short,2026-07-16 05:50:24,4028.98,0.02,2026-07-16 05:51:58,4026.62,4028.98,0.0,False,False,4.72,0.0,0.0,0.0,448414281,448422119,585307037,585315791,989033989,989039205,0.0,1.0,94.0,4.72,2.3600000000001273,S157
585323597,short,2026-07-16 05:52:02,4024.91,0.02,2026-07-16 08:02:05,4032.21,4024.91,0.0,False,False,-14.6,0.0,0.0,0.0,448425471,448785368,585323597,585712071,989040696,989253796,0.0,0.0,7803.0,-14.6,-7.300000000000182,S158
585447939,long,2026-07-16 06:22:00,4029.18,0.02,2026-07-16 06:26:13,4031.75,4029.18,0.0,False,False,5.14,0.0,0.0,0.0,448546589,448561605,585447939,585464451,989102517,989110027,0.0,1.0,253.0,5.14,2.5700000000001637,L174
585491071,short,2026-07-16 06:30:03,4033.47,0.02,2026-07-16 08:02:07,4032.07,4033.4700000000003,4.547473508864641e-13,False,False,2.8,0.0,0.0,0.0,448586757,448787232,585491071,585712490,989122381,989253970,0.0,2.0,5524.0,2.8,1.3999999999996362,S158
585533908,short,2026-07-16 06:45:20,4034.86,0.02,2026-07-16 08:02:07,4032.19,4034.86,0.0,False,False,5.34,0.0,0.0,0.0,448625126,448788800,585533908,585713509,989148011,989254115,1.0,0.0,4607.0,5.34,2.6700000000000728,S158
585617156,short,2026-07-16 07:15:02,4035.84,0.03,2026-07-16 08:02:07,4032.19,4035.84,0.0,False,False,10.95,0.0,0.0,0.0,448701437,448788784,585617156,585712929,989200395,989254077,1.0,0.0,2825.0,10.95,3.650000000000091,S158
585728431,long,2026-07-16 08:03:58,4032.38,0.02,2026-07-16 08:32:54,4031.5,4032.38,0.0,False,False,-1.76,0.0,0.0,0.0,448804028,448965348,585728431,585906805,989260077,989335670,0.0,1.0,1736.0,-1.76,-0.8800000000001091,L175
585790891,long,2026-07-16 08:19:13,4030.71,0.02,2026-07-16 08:32:54,4031.5,4030.71,0.0,False,False,1.58,0.0,0.0,0.0,448863705,448965556,585790891,585908081,989290368,989335754,0.0,1.0,821.0,1.58,0.7899999999999636,L175
585829466,long,2026-07-16 08:22:29,4028.53,0.03,2026-07-16 08:32:54,4031.58,4028.5299999999997,4.547473508864641e-13,False,False,9.15,0.0,0.0,0.0,448900310,448965853,585829466,585907962,989304406,989335751,1.0,1.0,625.0,9.15,3.049999999999727,L175
585863729,long,2026-07-16 08:30:15,4027.75,0.04,2026-07-16 08:32:54,4031.5,4027.75,0.0,False,False,15.0,0.0,0.0,0.0,448929613,448965768,585863729,585907839,989323323,989335677,2.0,1.0,159.0,15.0,3.75,L175
586019011,short,2026-07-16 08:44:52,4032.17,0.02,2026-07-16 08:46:42,4029.6,4032.17,0.0,False,False,5.14,0.0,0.0,0.0,449081741,449102956,586019011,586043267,989386420,989395294,1.0,0.0,110.0,5.14,2.5700000000001637,S159
586119005,long,2026-07-16 08:54:12,4026.77,0.02,2026-07-16 09:00:35,4030.06,4026.77,0.0,False,False,6.58,0.0,0.0,0.0,449178588,449210938,586119005,586152816,989422299,989438963,1.0,0.0,383.0,6.58,3.2899999999999636,L176
586165350,short,2026-07-16 09:01:03,4030.03,0.02,2026-07-16 09:12:55,4031.58,4030.0299999999997,4.547473508864641e-13,False,False,-3.1,0.0,0.0,0.0,449223962,449310581,586165350,586261789,989443389,989491037,0.0,1.0,712.0,-3.1,-1.5499999999997272,S160
586184959,short,2026-07-16 09:03:13,4031.84,0.02,2026-07-16 09:12:55,4031.61,4031.84,0.0,False,False,0.46,0.0,0.0,0.0,449242656,449310896,586184959,586262119,989452585,989491074,1.0,0.0,582.0,0.46,0.2300000000000182,S160
586212146,short,2026-07-16 09:05:44,4034.39,0.03,2026-07-16 09:12:56,4031.65,4034.39,0.0,False,False,8.22,0.0,0.0,0.0,449269270,449311159,586212146,586262390,989465391,989491169,0.0,0.0,432.0,8.22,2.7399999999997817,S160
586387630,long,2026-07-16 09:34:52,4027.52,0.02,2026-07-16 09:52:57,4029.21,4027.52,0.0,False,False,3.38,0.0,0.0,0.0,449431263,449518960,586387630,586479058,989552291,989611257,1.0,1.0,1085.0,3.38,1.6900000000000546,L177
586402264,long,2026-07-16 09:35:12,4025.38,0.02,2026-07-16 09:52:57,4029.15,4025.38,0.0,False,False,7.54,0.0,0.0,0.0,449439618,449519571,586402264,586479563,989560656,989611331,1.0,0.0,1065.0,7.54,3.769999999999982,L177
586471848,short,2026-07-16 09:49:22,4027.86,0.02,2026-07-16 10:14:23,4027.41,4027.8599999999997,4.547473508864641e-13,False,False,0.9,0.0,0.0,0.0,449512154,449581496,586471848,586545603,989605162,989660022,0.0,1.0,1501.0,0.9,0.45000000000027285,S161
586513674,short,2026-07-16 09:59:03,4030.52,0.02,2026-07-16 10:14:21,4027.39,4030.52,0.0,False,False,6.26,0.0,0.0,0.0,449551881,449581245,586513674,586545376,989628256,989659935,1.0,1.0,918.0,6.26,3.130000000000109,S161
586590158,long,2026-07-16 10:17:43,4025.65,0.02,2026-07-16 10:46:07,4028.97,4025.6499999999996,4.547473508864641e-13,False,False,6.64,0.0,0.0,0.0,449624401,449716209,586590158,586688079,989676175,989742948,0.0,1.0,1704.0,6.64,3.319999999999709,L178
586697023,short,2026-07-16 10:47:21,4028.84,0.02,2026-07-16 10:53:07,4027.0,4028.84,0.0,False,False,3.68,0.0,0.0,0.0,449725821,449769397,586697023,586744803,989748618,989774160,0.0,1.0,346.0,3.68,1.8400000000001455,S162
586717959,short,2026-07-16 10:49:08,4030.4,0.02,2026-07-16 10:53:07,4027.0,4030.4,0.0,False,False,6.8,0.0,0.0,0.0,449745859,449769320,586717959,586744570,989758763,989774147,1.0,1.0,239.0,6.8,3.400000000000091,S162
586800286,short,2026-07-16 11:03:17,4032.87,0.02,2026-07-16 11:05:56,4029.43,4032.87,0.0,False,False,6.88,0.0,0.0,0.0,449824657,449844207,586800286,586821117,989807248,989819322,0.0,0.0,159.0,6.88,3.4400000000000546,S163
586948731,short,2026-07-16 11:20:52,4030.57,0.02,2026-07-16 12:27:16,4031.7,4030.5699999999997,4.547473508864641e-13,False,False,-2.26,0.0,0.0,0.0,449967712,450124747,586948731,587128219,989878843,990013727,0.0,1.0,3984.0,-2.26,-1.1299999999996544,S164
586973811,short,2026-07-16 11:26:42,4032.59,0.02,2026-07-16 12:27:16,4031.7,4032.5899999999997,4.547473508864641e-13,False,False,1.78,0.0,0.0,0.0,449989917,450125146,586973811,587129162,989894258,990013746,1.0,1.0,3634.0,1.78,0.8900000000003274,S164
587012628,short,2026-07-16 11:37:25,4034.54,0.03,2026-07-16 12:27:16,4031.69,4034.54,0.0,False,False,8.55,0.0,0.0,0.0,450026552,450124998,587012628,587129201,989918674,990013748,0.0,1.0,2991.0,8.55,2.849999999999909,S164
587078926,short,2026-07-16 12:04:08,4036.09,0.04,2026-07-16 12:27:16,4031.7,4036.0899999999997,4.547473508864641e-13,False,False,17.56,0.0,0.0,0.0,450084236,450125158,587078926,587129233,989969922,990013773,1.0,1.0,1388.0,17.56,4.390000000000327,S164
587163324,long,2026-07-16 12:32:16,4031.84,0.02,2026-07-16 12:43:58,4034.75,4031.84,0.0,False,False,5.82,0.0,0.0,0.0,450165037,450185630,587163324,587185223,990034515,990050764,0.0,0.0,702.0,5.82,2.9099999999998545,L179
587219496,short,2026-07-16 12:55:03,4034.92,0.02,2026-07-16 12:57:24,4033.02,4034.92,0.0,False,False,3.8,0.0,0.0,0.0,450218095,450227804,587219496,587231060,990074804,990082073,0.0,0.0,141.0,3.8,1.900000000000091,S165
587360203,long,2026-07-16 13:59:55,4029.99,0.02,2026-07-16 14:33:59,4028.87,4029.99,0.0,False,False,-2.24,0.0,0.0,0.0,450348886,450480400,587360203,587499806,990184977,990288986,1.0,0.0,2044.0,-2.24,-1.1199999999998909,L180
587390514,long,2026-07-16 14:14:21,4027.92,0.02,2026-07-16 14:33:59,4028.87,4027.92,0.0,False,False,1.9,0.0,0.0,0.0,450377028,450480369,587390514,587500225,990213661,990288992,1.0,0.0,1178.0,1.9,0.9499999999998181,L180
587431330,long,2026-07-16 14:25:50,4022.96,0.03,2026-07-16 14:33:59,4028.87,4022.96,0.0,False,False,17.73,0.0,0.0,0.0,450412289,450480462,587431330,587500020,990246276,990288991,0.0,0.0,489.0,17.73,5.9099999999998545,L180
587524442,short,2026-07-16 14:37:34,4031.17,0.02,2026-07-16 14:50:04,4032.75,4031.17,0.0,False,False,-3.16,0.0,0.0,0.0,450504509,450589758,587524442,587631534,990308006,990379201,1.0,1.0,750.0,-3.16,-1.5799999999999272,S166
587553466,short,2026-07-16 14:44:18,4034.39,0.02,2026-07-16 14:50:05,4030.94,4034.39,0.0,False,False,6.9,0.0,0.0,0.0,450532293,450590741,587553466,587632156,990335699,990379331,1.0,1.0,347.0,6.9,3.449999999999818,S166
587583421,short,2026-07-16 14:47:08,4038.95,0.03,2026-07-16 14:50:06,4032.12,4038.95,0.0,False,False,20.49,0.0,0.0,0.0,450560717,450591032,587583421,587632777,990359231,990379556,0.0,1.0,178.0,20.49,6.829999999999927,S166
587604653,short,2026-07-16 14:49:16,4041.1,0.04,2026-07-16 14:50:04,4032.75,4041.1,0.0,False,False,33.4,0.0,0.0,0.0,450581019,450589667,587604653,587631749,990374669,990379250,1.0,1.0,48.0,33.4,8.349999999999909,S166
587635927,long,2026-07-16 14:50:16,4033.67,0.02,2026-07-16 14:52:00,4036.48,4033.67,0.0,False,False,5.62,0.0,0.0,0.0,450603197,450626581,587635927,587658968,990390523,990413122,1.0,0.0,104.0,5.62,2.8099999999999454,L181
587639191,long,2026-07-16 14:50:19,4033.73,0.02,2026-07-16 14:52:00,4036.48,4033.73,0.0,False,False,5.5,0.0,0.0,0.0,450607507,450626562,587639191,587659148,990392261,990413128,0.0,0.0,101.0,5.5,2.75,L181
587655217,short,2026-07-16 14:51:12,4033.68,0.02,2026-07-16 15:06:33,4036.57,4033.6800000000003,4.547473508864641e-13,False,False,-5.78,0.0,0.0,0.0,450623485,450756164,587655217,587794309,990410613,990481424,0.0,1.0,921.0,-5.78,-2.8900000000003274,S167
587659914,short,2026-07-16 14:52:04,4035.6,0.02,2026-07-16 15:06:33,4036.57,4035.6000000000004,4.547473508864641e-13,False,False,-1.94,0.0,0.0,0.0,450627558,450756305,587659914,587794230,990414073,990481421,0.0,1.0,869.0,-1.94,-0.9700000000002547,S167
587704199,short,2026-07-16 14:54:54,4038.99,0.03,2026-07-16 15:06:33,4036.54,4038.99,0.0,False,False,7.35,0.0,0.0,0.0,450670540,450756148,587704199,587794134,990429066,990481399,0.0,1.0,699.0,7.35,2.449999999999818,S167
587748553,short,2026-07-16 15:03:57,4041.04,0.04,2026-07-16 15:06:33,4036.57,4041.04,0.0,False,False,17.88,0.0,0.0,0.0,450713044,450756161,587748553,587794431,990462293,990481434,0.0,1.0,156.0,17.88,4.4699999999998,S167
587795594,long,2026-07-16 15:06:33,4036.57,0.02,2026-07-16 15:17:52,4022.0,4036.57,0.0,False,False,-29.14,0.0,0.0,0.0,450756198,450933124,587795594,587971036,990482310,990578269,1.0,0.0,679.0,-29.14,-14.570000000000164,L182
587822947,long,2026-07-16 15:07:32,4034.9,0.02,2026-07-16 15:17:53,4022.12,4034.9,0.0,False,False,-25.56,0.0,0.0,0.0,450784750,450934447,587822947,587971883,990493778,990578447,1.0,0.0,621.0,-25.56,-12.7800000000002,L182
587849331,long,2026-07-16 15:11:07,4031.67,0.03,2026-07-16 15:17:53,4022.07,4031.67,0.0,False,False,-28.8,0.0,0.0,0.0,450812918,450933284,587849331,587971584,990510197,990578401,1.0,1.0,406.0,-28.8,-9.599999999999909,L182
587857708,long,2026-07-16 15:11:18,4030.3,0.04,2026-07-16 15:17:54,4022.36,4030.3,0.0,False,False,-31.76,0.0,0.0,0.0,450821245,450935398,587857708,587972753,990513916,990578671,1.0,1.0,396.0,-31.76,-7.940000000000055,L182
587896023,long,2026-07-16 15:15:28,4028.21,0.05,2026-07-16 15:17:54,4022.36,4028.21,0.0,False,False,-29.25,0.0,0.0,0.0,450858642,450935475,587896023,587972559,990534418,990578589,1.0,1.0,146.0,-29.25,-5.849999999999909,L182
587923787,long,2026-07-16 15:16:22,4016.92,0.06,2026-07-16 15:17:54,4022.37,4016.92,0.0,False,False,32.7,0.0,0.0,0.0,450883361,450935322,587923787,587972211,990550153,990578572,0.0,1.0,92.0,32.7,5.449999999999818,L182
587925796,long,2026-07-16 15:16:26,4017.94,0.08,2026-07-16 15:17:55,4022.61,4017.94,0.0,False,False,37.36,0.0,0.0,0.0,450887494,450936383,587925796,587973701,990554328,990578890,1.0,0.0,89.0,37.36,4.670000000000073,L182
587934687,long,2026-07-16 15:16:39,4015.16,0.11,2026-07-16 15:17:55,4022.59,4015.1600000000003,4.547473508864641e-13,False,False,81.73,0.0,0.0,0.0,450895944,450936138,587934687,587973466,990562545,990578848,1.0,1.0,76.0,81.73,7.430000000000291,L182
587942511,long,2026-07-16 15:16:47,4014.16,0.14,2026-07-16 15:17:55,4022.59,4014.1600000000003,4.547473508864641e-13,False,False,118.02,0.0,0.0,0.0,450903084,450936009,587942511,587973251,990566001,990578808,0.0,1.0,68.0,118.02,8.430000000000291,L182
587964881,short,2026-07-16 15:17:35,4020.98,0.02,2026-07-16 15:24:34,4021.41,4020.98,0.0,False,False,-0.86,0.0,0.0,0.0,450927664,451025948,587964881,588065006,990575427,990615755,1.0,0.0,419.0,-0.86,-0.4299999999998363,S168
587989591,short,2026-07-16 15:18:14,4023.99,0.02,2026-07-16 15:24:35,4021.3,4023.9900000000002,4.547473508864641e-13,False,False,5.38,0.0,0.0,0.0,450952054,451026641,587989591,588065655,990583958,990615856,1.0,0.0,381.0,5.38,2.6899999999996,S168
588011395,short,2026-07-16 15:18:56,4027.14,0.03,2026-07-16 15:24:35,4021.35,4027.14,0.0,False,False,17.37,0.0,0.0,0.0,450972030,451026463,588011395,588065400,990591247,990615826,1.0,1.0,339.0,17.37,5.789999999999964,S168
588072595,long,2026-07-16 15:24:54,4021.69,0.02,2026-07-16 15:26:48,4021.94,4021.69,0.0,False,False,0.5,0.0,0.0,0.0,451033401,451075174,588072595,588115292,990617465,990631164,0.0,0.0,114.0,0.5,0.25,L183
588090111,long,2026-07-16 15:25:25,4019.89,0.02,2026-07-16 15:26:48,4021.94,4019.89,0.0,False,False,4.1,0.0,0.0,0.0,451050488,451075089,588090111,588114872,990622144,990631025,1.0,1.0,83.0,4.1,2.050000000000182,L183
588102637,long,2026-07-16 15:26:02,4019.07,0.03,2026-07-16 15:26:49,4022.06,4019.07,0.0,False,False,8.97,0.0,0.0,0.0,451062832,451075887,588102637,588115809,990626661,990631319,1.0,1.0,47.0,8.97,2.9899999999997817,L183
588147908,short,2026-07-16 15:30:06,4022.33,0.02,2026-07-16 15:30:21,4024.5,4022.33,0.0,False,False,-4.34,0.0,0.0,0.0,451104946,451116846,588147908,588156908,990644134,990649262,1.0,0.0,15.0,-4.34,-2.1700000000000728,S169
588194892,long,2026-07-16 15:33:01,4023.69,0.02,2026-07-16 16:11:12,3985.15,4023.69,0.0,False,False,-77.08,0.0,0.0,0.0,451153761,451755718,588194892,588810264,990667470,990995934,1.0,1.0,2291.0,-77.08,-38.539999999999964,L184
588218732,long,2026-07-16 15:35:21,4022.62,0.02,2026-07-16 16:11:12,3985.19,4022.62,0.0,False,False,-74.86,0.0,0.0,0.0,451177296,451755995,588218732,588810483,990674284,990995959,1.0,1.0,2151.0,-74.86,-37.429999999999836,L184
588244446,long,2026-07-16 15:37:27,4017.44,0.03,2026-07-16 16:11:10,3985.82,4017.44,0.0,False,False,-94.86,0.0,0.0,0.0,451201875,451754412,588244446,588808965,990687378,990995572,0.0,1.0,2023.0,-94.86,-31.61999999999989,L184
588299452,long,2026-07-16 15:41:04,4009.8,0.04,2026-07-16 16:11:10,3985.44,4009.8,0.0,False,False,-97.44,0.0,0.0,0.0,451256026,451754651,588299452,588809185,990718550,990995624,1.0,0.0,1806.0,-97.44,-24.360000000000127,L184
588307687,long,2026-07-16 15:41:24,4009.23,0.05,2026-07-16 16:11:10,3985.34,4009.23,0.0,False,False,-119.45,0.0,0.0,0.0,451263922,451754824,588307687,588809401,990724350,990995680,1.0,0.0,1786.0,-119.45,-23.889999999999873,L184
588333933,long,2026-07-16 15:43:51,4005.59,0.06,2026-07-16 16:11:11,3985.46,4005.59,0.0,False,False,-120.78,0.0,0.0,0.0,451289088,451755183,588333933,588809610,990740072,990995728,1.0,1.0,1640.0,-120.78,-20.13000000000011,L184
588348173,long,2026-07-16 15:44:08,4003.97,0.08,2026-07-16 16:11:11,3985.09,4003.9700000000003,4.547473508864641e-13,False,False,-151.04,0.0,0.0,0.0,451302574,451755356,588348173,588809824,990749689,990995788,0.0,1.0,1623.0,-151.04,-18.879999999999654,L184
588361955,short,2026-07-16 15:44:41,4001.18,0.02,2026-07-16 15:45:20,4001.38,4001.1800000000003,4.547473508864641e-13,False,False,-0.4,0.0,0.0,0.0,451315641,451329927,588361955,588375582,990756978,990764801,0.0,0.0,39.0,-0.4,-0.20000000000027285,S170
588383004,long,2026-07-16 15:45:29,4001.82,0.11,2026-07-16 16:11:11,3985.04,4001.82,0.0,False,False,-184.58,0.0,0.0,0.0,451338015,451755542,588383004,588810040,990769206,990995831,1.0,0.0,1542.0,-184.58,-16.7800000000002,L184
588414206,short,2026-07-16 15:47:05,4007.26,0.02,2026-07-16 15:47:50,4004.28,4007.26,0.0,False,False,5.96,0.0,0.0,0.0,451369210,451379340,588414206,588424431,990786745,990791223,1.0,0.0,45.0,5.96,2.980000000000018,S171
588426525,short,2026-07-16 15:47:53,4003.39,0.02,2026-07-16 15:47:55,4001.9,4003.39,0.0,False,False,2.98,0.0,0.0,0.0,451381607,451382766,588426525,588431207,990791731,990792215,0.0,0.0,2.0,2.98,1.4899999999997817,S172
588437749,short,2026-07-16 15:48:01,4000.02,0.02,2026-07-16 15:50:02,3999.53,4000.02,0.0,False,False,0.98,0.0,0.0,0.0,451389743,451412289,588437749,588458563,990795970,990806577,1.0,1.0,121.0,0.98,0.4899999999997817,S173
588460089,short,2026-07-16 15:50:05,3999.39,0.02,2026-07-16 15:50:11,3997.35,3999.39,0.0,False,False,4.08,0.0,0.0,0.0,451414294,451419132,588460089,588468249,990807544,990810212,1.0,0.0,6.0,4.08,2.0399999999999636,S174
588472884,long,2026-07-16 15:50:16,3997.95,0.14,2026-07-16 16:11:07,3985.74,3997.95,0.0,False,False,-170.94,0.0,0.0,0.0,451425060,451753626,588472884,588808054,990813864,990995199,0.0,0.0,1251.0,-170.94,-12.210000000000036,L184
588475720,short,2026-07-16 15:50:20,3996.94,0.02,2026-07-16 15:54:31,3997.42,3996.94,0.0,False,False,-0.96,0.0,0.0,0.0,451428767,451458301,588475720,588505118,990814481,990832819,1.0,0.0,251.0,-0.96,-0.4800000000000182,S175
588493285,short,2026-07-16 15:52:39,4000.48,0.02,2026-07-16 15:54:32,3997.18,4000.48,0.0,False,False,6.6,0.0,0.0,0.0,451446953,451458711,588493285,588505383,990825866,990832837,0.0,1.0,113.0,6.6,3.300000000000182,S175
588511904,short,2026-07-16 15:54:34,3995.59,0.02,2026-07-16 15:54:38,3996.19,3995.59,0.0,False,False,-1.2,0.0,0.0,0.0,451460951,451464886,588511904,588514266,990834340,990837336,0.0,1.0,4.0,-1.2,-0.599999999999909,S176
588515261,long,2026-07-16 15:54:39,3996.29,0.18,2026-07-16 16:11:07,3985.69,3996.29,0.0,False,False,-190.8,0.0,0.0,0.0,451466605,451753908,588515261,588808270,990837627,990995220,1.0,0.0,988.0,-190.8,-10.599999999999909,L184
588534038,short,2026-07-16 15:55:19,3992.31,0.02,2026-07-16 15:55:22,3992.63,3992.31,0.0,False,False,-0.64,0.0,0.0,0.0,451483635,451487328,588534038,588537130,990845623,990847356,1.0,1.0,3.0,-0.64,-0.3200000000001637,S177
588540067,long,2026-07-16 15:55:26,3993.28,0.23,2026-07-16 16:11:07,3985.7,3993.2799999999997,4.547473508864641e-13,False,False,-174.34,0.0,0.0,0.0,451492634,451753939,588540067,588808483,990849518,990995263,0.0,0.0,941.0,-174.34,-7.580000000000382,L184
588557761,short,2026-07-16 15:57:41,3994.13,0.02,2026-07-16 15:58:06,3992.93,3994.1299999999997,4.547473508864641e-13,False,False,2.4,0.0,0.0,0.0,451509860,451510762,588557761,588558801,990861417,990862866,0.0,1.0,25.0,2.4,1.2000000000002728,S178
588579244,long,2026-07-16 15:58:35,3991.79,0.3,2026-07-16 16:11:08,3985.6,3991.79,0.0,False,False,-185.7,0.0,0.0,0.0,451530780,451754218,588579244,588808695,990869946,990995328,1.0,1.0,753.0,-185.7,-6.190000000000055,L184
588595093,short,2026-07-16 15:59:39,3992.22,0.02,2026-07-16 16:00:45,3993.57,3992.2200000000003,4.547473508864641e-13,False,False,-2.7,0.0,0.0,0.0,451546287,451561029,588595093,588610932,990875736,990886961,1.0,1.0,66.0,-2.7,-1.3500000000003638,S179
588606023,short,2026-07-16 16:00:32,3994.15,0.02,2026-07-16 16:00:45,3993.57,3994.15,0.0,False,False,1.16,0.0,0.0,0.0,451556860,451560834,588606023,588610401,990884981,990886938,1.0,1.0,13.0,1.16,0.5799999999999272,S179
588613489,short,2026-07-16 16:00:48,3992.39,0.02,2026-07-16 16:00:50,3991.85,3992.39,0.0,False,False,1.08,0.0,0.0,0.0,451563258,451566051,588613489,588615903,990887331,990887984,1.0,0.0,2.0,1.08,0.5399999999999636,S180
588643287,long,2026-07-16 16:01:56,3990.49,0.39,2026-07-16 16:11:05,3985.19,3990.4900000000002,4.547473508864641e-13,False,False,-206.7,0.0,0.0,0.0,451593078,451753024,588643287,588807560,990898060,990994699,0.0,1.0,549.0,-206.7,-5.299999999999727,L184
588666524,long,2026-07-16 16:02:54,3977.75,0.51,2026-07-16 16:11:05,3985.71,3977.75,0.0,False,False,405.96,0.0,0.0,0.0,451612998,451753286,588666524,588807809,990912020,990994822,1.0,0.0,491.0,405.96,7.960000000000036,L184
588670314,short,2026-07-16 16:02:59,3978.79,0.02,2026-07-16 16:03:06,3981.31,3978.79,0.0,False,False,-5.04,0.0,0.0,0.0,451619487,451624143,588670314,588676103,990918402,990926747,1.0,1.0,7.0,-5.04,-2.519999999999982,S181
588672522,long,2026-07-16 16:03:01,3979.56,0.67,2026-07-16 16:11:05,3985.09,3979.56,0.0,False,False,370.51,0.0,0.0,0.0,451621169,451752859,588672522,588807299,990922945,990994609,0.0,1.0,484.0,370.51,5.5300000000002,L184
588678156,short,2026-07-16 16:03:09,3979.9,0.02,2026-07-16 16:04:39,3980.58,3979.9,0.0,False,False,-1.36,0.0,0.0,0.0,451627674,451652416,588678156,588704931,990927589,990942167,1.0,0.0,90.0,-1.36,-0.6799999999998363,S182
588695095,short,2026-07-16 16:03:59,3985.09,0.02,2026-07-16 16:04:39,3980.45,3985.0899999999997,4.547473508864641e-13,False,False,9.28,0.0,0.0,0.0,451644185,451652445,588695095,588705453,990937541,990942176,0.0,0.0,40.0,9.28,4.640000000000327,S182
588707777,short,2026-07-16 16:04:42,3979.07,0.02,2026-07-16 16:04:46,3979.3,3979.07,0.0,False,False,-0.46,0.0,0.0,0.0,451655333,451659533,588707777,588712640,990943349,990944843,1.0,1.0,4.0,-0.46,-0.2300000000000182,S183
588760719,long,2026-07-16 16:05:58,3983.91,0.87,2026-07-16 16:11:03,3986.09,3983.9100000000003,4.547473508864641e-13,False,False,189.66,0.0,0.0,0.0,451708537,451752110,588760719,588806498,990965650,990994530,0.0,0.0,305.0,189.66,2.180000000000291,L184
588761542,short,2026-07-16 16:05:59,3983.36,0.02,2026-07-16 16:33:21,3998.63,3983.36,0.0,False,False,-30.54,0.0,0.0,0.0,451709311,451952165,588761542,589011660,990965907,991136695,0.0,1.0,1642.0,-30.54,-15.269999999999982,S184
588795335,short,2026-07-16 16:07:40,3985.84,0.02,2026-07-16 16:33:31,3997.91,3985.8399999999997,4.547473508864641e-13,False,False,-24.14,0.0,0.0,0.0,451742475,451964366,588795335,589022652,990979312,991142369,0.0,2.0,1551.0,-24.14,-12.069999999999709,S184
588805351,short,2026-07-16 16:10:50,3986.73,0.02,2026-07-16 16:33:30,3997.77,3986.73,0.0,False,False,-22.08,0.0,0.0,0.0,451750741,451962944,588805351,589021754,990993306,991142331,0.0,1.0,1360.0,-22.08,-11.039999999999964,S184
588816351,short,2026-07-16 16:11:32,3986.88,0.03,2026-07-16 16:33:31,3997.91,3986.8799999999997,4.547473508864641e-13,False,False,-33.09,0.0,0.0,0.0,451761756,451964357,588816351,589022832,990999067,991142371,0.0,1.0,1319.0,-33.09,-11.029999999999745,S184
588826983,short,2026-07-16 16:12:43,3989.17,0.04,2026-07-16 16:33:30,3997.71,3989.17,0.0,False,False,-34.16,0.0,0.0,0.0,451772088,451962296,588826983,589020776,991006680,991142293,0.0,1.0,1247.0,-34.16,-8.539999999999964,S184
588852192,short,2026-07-16 16:13:44,3992.77,0.05,2026-07-16 16:33:21,3998.63,3992.77,0.0,False,False,-29.3,0.0,0.0,0.0,451790013,451951905,588852192,589011900,991019652,991136699,0.0,1.0,1177.0,-29.3,-5.860000000000127,S184
588872974,short,2026-07-16 16:16:29,3994.77,0.06,2026-07-16 16:33:30,3997.71,3994.77,0.0,False,False,-17.64,0.0,0.0,0.0,451813751,451962328,588872974,589021009,991036407,991142301,0.0,1.0,1021.0,-17.64,-2.9400000000000546,S184
588882127,long,2026-07-16 16:20:03,3994.83,0.02,2026-07-16 16:24:20,3997.07,3994.8300000000004,4.547473508864641e-13,False,False,4.48,0.0,0.0,0.0,451823990,451831823,588882127,588893243,991047004,991058225,1.0,0.0,257.0,4.48,2.2400000000002365,L185
588898268,long,2026-07-16 16:24:24,3998.57,0.02,2026-07-16 16:24:31,3998.87,3998.5699999999997,4.547473508864641e-13,False,False,0.6,0.0,0.0,0.0,451835870,451844119,588898268,588903006,991060526,991064704,1.0,0.0,7.0,0.6,0.29999999999972715,L186
588904265,short,2026-07-16 16:24:34,3998.12,0.08,2026-07-16 16:33:31,3997.9,3998.12,0.0,False,False,1.76,0.0,0.0,0.0,451845530,451963937,588904265,589021980,991066028,991142341,1.0,2.0,537.0,1.76,0.2199999999997999,S184
588925978,short,2026-07-16 16:26:49,4001.03,0.11,2026-07-16 16:33:31,3997.91,4001.0299999999997,4.547473508864641e-13,False,False,34.32,0.0,0.0,0.0,451866829,451964121,588925978,589022424,991083470,991142363,0.0,2.0,402.0,34.32,3.1200000000003456,S184
588939815,short,2026-07-16 16:27:20,4002.27,0.14,2026-07-16 16:33:31,3997.9,4002.27,0.0,False,False,61.18,0.0,0.0,0.0,451880842,451963787,588939815,589022202,991090633,991142357,1.0,2.0,371.0,61.18,4.369999999999891,S184
588963129,short,2026-07-16 16:29:52,4005.1,0.18,2026-07-16 16:33:30,3997.76,4005.1000000000004,4.547473508864641e-13,False,False,132.12,0.0,0.0,0.0,451904093,451962680,588963129,589021476,991106417,991142325,0.0,1.0,218.0,132.12,7.339999999999691,S184
588973253,short,2026-07-16 16:30:12,4007.12,0.23,2026-07-16 16:33:30,3997.7,4007.12,0.0,False,False,216.66,0.0,0.0,0.0,451914167,451962562,588973253,589021260,991113607,991142315,0.0,1.0,198.0,216.66,9.420000000000073,S184
589001667,long,2026-07-16 16:32:34,4001.08,0.02,2026-07-16 16:47:06,3992.73,4001.08,0.0,False,False,-16.7,0.0,0.0,0.0,451942903,452163930,589001667,589226028,991130970,991240164,0.0,3.0,872.0,-16.7,-8.349999999999909,L187
589027509,long,2026-07-16 16:33:40,3997.19,0.02,2026-07-16 16:47:06,3992.49,3997.1899999999996,4.547473508864641e-13,False,False,-9.4,0.0,0.0,0.0,451968471,452163344,589027509,589225558,991145179,991240144,0.0,3.0,806.0,-9.4,-4.700000000000273,L187
589061760,long,2026-07-16 16:35:02,3994.0,0.03,2026-07-16 16:47:06,3992.41,3994.0,0.0,False,False,-4.77,0.0,0.0,0.0,452002168,452163472,589061760,589225808,991159555,991240162,1.0,3.0,724.0,-4.77,-1.5900000000001455,L187
589083655,long,2026-07-16 16:35:46,3991.39,0.04,2026-07-16 16:47:06,3992.49,3991.39,0.0,False,False,4.4,0.0,0.0,0.0,452023959,452163330,589083655,589224879,991169626,991240137,1.0,4.0,680.0,4.4,1.099999999999909,L187
589096446,long,2026-07-16 16:36:35,3988.5,0.05,2026-07-16 16:47:06,3992.73,3988.5,0.0,False,False,21.15,0.0,0.0,0.0,452036802,452163947,589096446,589226280,991177197,991240165,0.0,3.0,631.0,21.15,4.230000000000018,L187
589127495,long,2026-07-16 16:38:42,3986.9,0.06,2026-07-16 16:47:03,3992.41,3986.8999999999996,4.547473508864641e-13,False,False,33.06,0.0,0.0,0.0,452066484,452160696,589127495,589224664,991192121,991240133,1.0,1.0,501.0,33.06,5.5099999999997635,L187
589149681,long,2026-07-16 16:39:47,3983.68,0.08,2026-07-16 16:47:03,3992.39,3983.68,0.0,False,False,69.68,0.0,0.0,0.0,452087566,452160961,589149681,589225224,991201837,991240141,1.0,0.0,436.0,69.68,8.710000000000036,L187
589193141,short,2026-07-16 16:43:57,3988.16,0.02,2026-07-16 16:55:53,3990.5,3988.16,0.0,False,False,-4.68,0.0,0.0,0.0,452131635,452257082,589193141,589320452,991224124,991289383,1.0,1.0,716.0,-4.68,-2.3400000000001455,S185
589219071,short,2026-07-16 16:46:54,3990.88,0.02,2026-07-16 16:55:52,3990.49,3990.8799999999997,4.547473508864641e-13,False,False,0.78,0.0,0.0,0.0,452156997,452256974,589219071,589320661,991238721,991289385,0.0,0.0,538.0,0.78,0.3900000000003274,S185
589232016,short,2026-07-16 16:47:35,3991.61,0.03,2026-07-16 16:55:53,3990.49,3991.6099999999997,4.547473508864641e-13,False,False,3.36,0.0,0.0,0.0,452169696,452257007,589232016,589320243,991244375,991289382,0.0,1.0,498.0,3.36,1.1200000000003456,S185
589272912,short,2026-07-16 16:50:50,3994.7,0.04,2026-07-16 16:55:53,3990.5,3994.7,0.0,False,False,16.8,0.0,0.0,0.0,452210059,452257061,589272912,589320873,991263805,991289386,1.0,1.0,303.0,16.8,4.199999999999818,S185
589342769,long,2026-07-16 16:57:01,3989.98,0.02,2026-07-16 17:00:07,3993.35,3989.98,0.0,False,False,6.74,0.0,0.0,0.0,452278656,452291991,589342769,589359224,991295571,991305259,0.0,1.0,186.0,6.74,3.369999999999891,L188
589388241,short,2026-07-16 17:01:25,3996.17,0.02,2026-07-16 17:03:19,3992.65,3996.17,0.0,False,False,7.04,0.0,0.0,0.0,452323439,452335289,589388241,589401656,991316924,991324537,0.0,0.0,114.0,7.04,3.519999999999982,S186
589404429,long,2026-07-16 17:03:34,3993.43,0.02,2026-07-16 17:04:31,3995.59,3993.4300000000003,4.547473508864641e-13,False,False,4.32,0.0,0.0,0.0,452339223,452344836,589404429,589410202,991326647,991329181,1.0,0.0,57.0,4.32,2.1600000000003092,L189
589465470,long,2026-07-16 17:11:26,3990.3,0.02,2026-07-16 17:16:42,3992.97,3990.2999999999997,4.547473508864641e-13,False,False,5.34,0.0,0.0,0.0,452398281,452431236,589465470,589502157,991356315,991374202,0.0,0.0,316.0,5.34,2.669999999999618,L190
589480672,long,2026-07-16 17:12:37,3988.56,0.02,2026-07-16 17:16:42,3992.97,3988.56,0.0,False,False,8.82,0.0,0.0,0.0,452412533,452431066,589480672,589501753,991362885,991374187,0.0,0.0,245.0,8.82,4.4099999999998545,L190
589497053,short,2026-07-16 17:16:18,3990.7,0.02,2026-07-16 17:23:47,3991.01,3990.7000000000003,4.547473508864641e-13,False,False,-0.62,0.0,0.0,0.0,452429322,452510171,589497053,589583109,991373173,991408207,0.0,0.0,449.0,-0.62,-0.3100000000004002,S187
589516948,short,2026-07-16 17:17:08,3992.79,0.02,2026-07-16 17:23:48,3991.16,3992.79,0.0,False,False,3.26,0.0,0.0,0.0,452448805,452511393,589516948,589583478,991380200,991408250,0.0,1.0,400.0,3.26,1.6300000000001091,S187
589540308,short,2026-07-16 17:18:38,3994.97,0.03,2026-07-16 17:23:47,3991.19,3994.9700000000003,4.547473508864641e-13,False,False,11.34,0.0,0.0,0.0,452472123,452509930,589540308,589582883,991388749,991408199,0.0,0.0,309.0,11.34,3.7799999999997453,S187
589625474,short,2026-07-16 17:27:31,3998.89,0.02,2026-07-16 17:49:51,3999.97,3998.89,0.0,False,False,-2.16,0.0,0.0,0.0,452555426,452703721,589625474,589779799,991427843,991511787,1.0,1.0,1340.0,-2.16,-1.0799999999999272,S188
589677534,short,2026-07-16 17:34:05,4001.86,0.02,2026-07-16 17:49:50,3999.94,4001.86,0.0,False,False,3.84,0.0,0.0,0.0,452606092,452703082,589677534,589779560,991456660,991511774,1.0,0.0,945.0,3.84,1.9200000000000728,S188
589688879,short,2026-07-16 17:34:48,4003.15,0.03,2026-07-16 17:49:51,3999.97,4003.1499999999996,4.547473508864641e-13,False,False,9.54,0.0,0.0,0.0,452617270,452703774,589688879,589780119,991461274,991511844,1.0,1.0,903.0,9.54,3.180000000000291,S188
589745038,short,2026-07-16 17:45:06,4003.93,0.04,2026-07-16 17:49:50,3999.95,4003.93,0.0,False,False,15.92,0.0,0.0,0.0,452672138,452703263,589745038,589779293,991492269,991511734,1.0,0.0,284.0,15.92,3.980000000000018,S188
589800148,long,2026-07-16 17:51:10,3999.23,0.02,2026-07-16 17:58:33,3998.93,3999.23,0.0,False,False,-0.6,0.0,0.0,0.0,452726446,452791245,589800148,589865703,991521576,991553535,1.0,0.0,443.0,-0.6,-0.3000000000001819,L191
589825116,long,2026-07-16 17:53:31,3996.29,0.02,2026-07-16 17:58:34,3998.91,3996.29,0.0,False,False,5.24,0.0,0.0,0.0,452751008,452791421,589825116,589866228,991532475,991553608,0.0,1.0,303.0,5.24,2.619999999999891,L191
589842349,long,2026-07-16 17:55:36,3993.82,0.03,2026-07-16 17:58:33,3998.93,3993.8199999999997,4.547473508864641e-13,False,False,15.33,0.0,0.0,0.0,452767914,452791220,589842349,589865924,991540895,991553546,0.0,0.0,177.0,15.33,5.109999999999673,L191
589861509,short,2026-07-16 17:57:40,3997.27,0.02,2026-07-16 18:02:08,3995.36,3997.27,0.0,False,False,3.82,0.0,0.0,0.0,452786497,452801032,589861509,589876165,991550601,991564005,1.0,0.0,268.0,3.82,1.9099999999998545,S189
589897306,long,2026-07-16 18:03:57,3993.77,0.02,2026-07-16 18:09:41,3995.29,3993.77,0.0,False,False,3.04,0.0,0.0,0.0,452821620,452858106,589897306,589938468,991572044,991590593,1.0,1.0,344.0,3.04,1.5199999999999818,L192
589921588,long,2026-07-16 18:06:23,3991.44,0.02,2026-07-16 18:09:44,3995.28,3991.44,0.0,False,False,7.68,0.0,0.0,0.0,452845265,452862293,589921588,589938791,991582860,991590713,1.0,3.0,201.0,7.68,3.8400000000001455,L192
589970383,long,2026-07-16 18:13:59,3990.56,0.02,2026-07-16 18:15:16,3994.22,3990.56,0.0,False,False,7.32,0.0,0.0,0.0,452892981,452903284,589970383,589981739,991605800,991611453,1.0,1.0,77.0,7.32,3.6599999999998545,L193
590002283,short,2026-07-16 18:18:30,3996.96,0.02,2026-07-16 19:00:38,4004.65,3996.96,0.0,False,False,-15.38,0.0,0.0,0.0,452924458,453197541,590002283,590280402,991625786,991787908,1.0,1.0,2528.0,-15.38,-7.690000000000055,S190
590034580,short,2026-07-16 18:20:40,3999.9,0.02,2026-07-16 19:00:38,4004.65,3999.9,0.0,False,False,-9.5,0.0,0.0,0.0,452956396,453197578,590034580,590280537,991635870,991787911,1.0,1.0,2398.0,-9.5,-4.75,S190
590050823,short,2026-07-16 18:21:57,4002.79,0.03,2026-07-16 19:00:38,4004.65,4002.79,0.0,False,False,-5.58,0.0,0.0,0.0,452972256,453197373,590050823,590279694,991643226,991787895,0.0,1.0,2321.0,-5.58,-1.8600000000001273,S190
590065843,short,2026-07-16 18:23:07,4005.55,0.04,2026-07-16 19:00:38,4004.63,4005.55,0.0,False,False,3.68,0.0,0.0,0.0,452987038,453197038,590065843,590279477,991652621,991787892,0.0,1.0,2251.0,3.68,0.9200000000000728,S190
590078097,short,2026-07-16 18:24:25,4008.17,0.05,2026-07-16 19:00:38,4004.63,4008.17,0.0,False,False,17.7,0.0,0.0,0.0,452999086,453197351,590078097,590279912,991659772,991787902,1.0,1.0,2173.0,17.7,3.5399999999999636,S190
590114784,short,2026-07-16 18:26:03,4016.1,0.06,2026-07-16 19:00:38,4004.65,4016.1,0.0,False,False,68.7,0.0,0.0,0.0,453035621,453197688,590114784,590280124,991683219,991787905,0.0,1.0,2075.0,68.7,11.449999999999818,S190
590127701,long,2026-07-16 18:30:05,4011.52,0.02,2026-07-16 18:33:43,4013.57,4011.52,0.0,False,False,4.1,0.0,0.0,0.0,453048318,453076435,590127701,590157296,991698719,991716945,0.0,1.0,218.0,4.1,2.050000000000182,L194
590147298,long,2026-07-16 18:30:57,4008.92,0.02,2026-07-16 18:33:43,4013.53,4008.92,0.0,False,False,9.22,0.0,0.0,0.0,453067840,453076008,590147298,590157065,991708791,991716927,0.0,1.0,166.0,9.22,4.610000000000127,L194
590189850,long,2026-07-16 18:36:45,4012.46,0.02,2026-07-16 18:38:07,4015.05,4012.46,0.0,False,False,5.18,0.0,0.0,0.0,453109195,453112014,590189850,590193079,991730483,991732444,1.0,1.0,82.0,5.18,2.5900000000001455,L195
590197687,long,2026-07-16 18:38:20,4015.76,0.02,2026-07-16 19:45:01,3991.8,4015.76,0.0,False,False,-47.92,0.0,0.0,0.0,453116749,453454108,590197687,590542429,991733687,991959534,1.0,0.0,4001.0,-47.92,-23.960000000000036,L196
590216414,long,2026-07-16 18:41:38,4010.94,0.02,2026-07-16 19:45:01,3991.78,4010.94,0.0,False,False,-38.32,0.0,0.0,0.0,453135033,453453934,590216414,590541702,991743279,991959368,0.0,1.0,3803.0,-38.32,-19.159999999999854,L196
590265148,long,2026-07-16 18:58:08,4007.01,0.02,2026-07-16 19:45:01,3991.8,4007.01,0.0,False,False,-30.42,0.0,0.0,0.0,453182527,453453559,590265148,590541452,991779639,991959291,1.0,1.0,2813.0,-30.42,-15.210000000000036,L196
590285568,long,2026-07-16 19:01:06,4004.65,0.03,2026-07-16 19:45:00,3991.84,4004.65,0.0,False,False,-38.43,0.0,0.0,0.0,453202927,453453321,590285568,590541197,991793645,991959189,0.0,0.0,2634.0,-38.43,-12.809999999999945,L196
590307699,long,2026-07-16 19:02:52,4002.66,0.04,2026-07-16 19:45:00,3991.81,4002.66,0.0,False,False,-43.4,0.0,0.0,0.0,453224598,453452991,590307699,590540824,991804440,991959124,0.0,0.0,2528.0,-43.4,-10.849999999999909,L196
590330728,long,2026-07-16 19:05:19,4000.28,0.05,2026-07-16 19:45:00,3991.9,4000.28,0.0,False,False,-41.9,0.0,0.0,0.0,453247394,453452578,590330728,590540565,991818723,991959035,1.0,1.0,2381.0,-41.9,-8.38000000000011,L196
590381808,long,2026-07-16 19:13:10,3993.21,0.06,2026-07-16 19:44:59,3991.9,3993.21,0.0,False,False,-7.86,0.0,0.0,0.0,453297035,453452330,590381808,590540235,991850867,991958963,0.0,0.0,1909.0,-7.86,-1.3099999999999454,L196
590400330,long,2026-07-16 19:15:05,3990.26,0.08,2026-07-16 19:44:59,3991.91,3990.2599999999998,4.547473508864641e-13,False,False,13.2,0.0,0.0,0.0,453314782,453452141,590400330,590540031,991862028,991958938,0.0,0.0,1794.0,13.2,1.6499999999996362,L196
590427814,short,2026-07-16 19:18:51,3987.81,0.02,2026-07-16 19:19:49,3985.88,3987.81,0.0,False,False,3.86,0.0,0.0,0.0,453341816,453352602,590427814,590439534,991875135,991882396,0.0,1.0,58.0,3.86,1.9299999999998363,S191
590431375,long,2026-07-16 19:19:08,3988.42,0.11,2026-07-16 19:44:59,3991.9,3988.42,0.0,False,False,38.28,0.0,0.0,0.0,453345445,453451686,590431375,590539687,991878398,991958895,1.0,0.0,1551.0,38.28,3.480000000000018,L196
590444699,long,2026-07-16 19:19:55,3987.12,0.14,2026-07-16 19:44:59,3992.02,3987.12,0.0,False,False,68.6,0.0,0.0,0.0,453358689,453451511,590444699,590539384,991884882,991958817,0.0,1.0,1504.0,68.6,4.900000000000091,L196
590459314,long,2026-07-16 19:20:21,3983.18,0.18,2026-07-16 19:44:59,3992.02,3983.18,0.0,False,False,159.12,0.0,0.0,0.0,453372165,453451439,590459314,590539121,991892476,991958721,1.0,1.0,1478.0,159.12,8.840000000000146,L196
590473389,short,2026-07-16 19:21:24,3987.43,0.02,2026-07-16 19:44:58,3992.68,3987.43,0.0,False,False,-10.5,0.0,0.0,0.0,453387276,453450721,590473389,590538713,991901746,991958692,1.0,0.0,1414.0,-10.5,-5.25,S192
593001670,short,2026-07-17 06:28:12,4000.7,0.14,2026-07-17 06:34:07,3997.88,4000.7000000000003,4.547473508864641e-13,False,False,39.48,0.0,0.0,0.0,455787939,455839942,593001670,593056629,993198364,993224241,0.0,1.0,355.0,39.48,2.819999999999709,S193
593001904,short,2026-07-17 06:28:13,4000.68,0.11,2026-07-17 06:34:07,3997.87,4000.68,0.0,False,False,30.91,0.0,0.0,0.0,455788059,455839746,593001904,593056420,993198398,993224179,1.0,1.0,354.0,30.91,2.8099999999999454,S193
593002145,short,2026-07-17 06:28:13,4000.54,0.08,2026-07-17 06:34:06,3997.85,4000.54,0.0,False,False,21.52,0.0,0.0,0.0,455788318,455839534,593002145,593056203,993198445,993224142,0.0,0.0,353.0,21.52,2.6900000000000546,S193
593002579,short,2026-07-17 06:28:14,4000.68,0.06,2026-07-17 06:34:06,3997.81,4000.68,0.0,False,False,17.22,0.0,0.0,0.0,455788746,455839366,593002579,593055991,993198540,993224111,0.0,0.0,352.0,17.22,2.869999999999891,S193
593002842,short,2026-07-17 06:28:15,4000.44,0.05,2026-07-17 06:34:06,3997.83,4000.44,0.0,False,False,13.05,0.0,0.0,0.0,455789030,455839041,593002842,593055782,993198674,993224090,0.0,1.0,351.0,13.05,2.6100000000001273,S193
593003148,short,2026-07-17 06:28:16,4000.42,0.04,2026-07-17 06:34:05,3997.8,4000.42,0.0,False,False,10.48,0.0,0.0,0.0,455789302,455838828,593003148,593055563,993198914,993224047,1.0,0.0,349.0,10.48,2.619999999999891,S193
593003769,short,2026-07-17 06:28:22,4000.76,0.03,2026-07-17 06:34:05,3997.8,4000.76,0.0,False,False,8.88,0.0,0.0,0.0,455789644,455838782,593003769,593055353,993199339,993224034,0.0,0.0,343.0,8.88,2.9600000000000364,S193
593272013,long,2026-07-17 07:23:15,3988.26,0.06,2026-07-17 08:30:46,3984.02,3988.2599999999998,4.547473508864641e-13,False,False,-25.44,0.0,0.0,0.0,456043489,456351914,593272013,593608708,993347617,993531969,1.0,2.0,4051.0,-25.44,-4.2400000000002365,L197
593272238,long,2026-07-17 07:23:15,3988.15,0.05,2026-07-17 08:30:46,3984.02,3988.15,0.0,False,False,-20.65,0.0,0.0,0.0,456043597,456351622,593272238,593610001,993347646,993531983,0.0,2.0,4051.0,-20.65,-4.130000000000109,L197
593272468,long,2026-07-17 07:23:16,3988.12,0.04,2026-07-17 08:30:46,3984.02,3988.12,0.0,False,False,-16.4,0.0,0.0,0.0,456043931,456351939,593272468,593609905,993347701,993531980,0.0,2.0,4050.0,-16.4,-4.099999999999909,L197
593272686,long,2026-07-17 07:23:17,3988.21,0.03,2026-07-17 08:30:46,3984.02,3988.21,0.0,False,False,-12.57,0.0,0.0,0.0,456044031,456352347,593272686,593610092,993347765,993531993,1.0,2.0,4049.0,-12.57,-4.190000000000055,L197
593283144,long,2026-07-17 07:24:21,3987.2,0.08,2026-07-17 08:30:46,3984.02,3987.2,0.0,False,False,-25.44,0.0,0.0,0.0,456053707,456351921,593283144,593609834,993353327,993531971,1.0,2.0,3985.0,-25.44,-3.1799999999998363,L197
593323309,long,2026-07-17 07:34:59,3985.27,0.11,2026-07-17 08:30:46,3984.02,3985.27,0.0,False,False,-13.75,0.0,0.0,0.0,456089936,456351824,593323309,593610146,993377723,993531994,1.0,2.0,3347.0,-13.75,-1.25,L197
593357655,long,2026-07-17 07:38:56,3982.73,0.14,2026-07-17 08:30:46,3984.02,3982.73,0.0,False,False,18.06,0.0,0.0,0.0,456120744,456351890,593357655,593610594,993394295,993532005,1.0,2.0,3110.0,18.06,1.2899999999999636,L197
593452769,long,2026-07-17 08:07:30,3979.35,0.18,2026-07-17 08:30:46,3984.02,3979.35,0.0,False,False,84.06,0.0,0.0,0.0,456209474,456352561,593452769,593610424,993452051,993532002,0.0,2.0,1396.0,84.06,4.670000000000073,L197
593500065,long,2026-07-17 08:17:04,3977.52,0.23,2026-07-17 08:30:46,3983.83,3977.52,0.0,False,False,145.13,0.0,0.0,0.0,456252372,456351330,593500065,593610291,993474468,993531999,1.0,2.0,822.0,145.13,6.309999999999945,L197
593612324,long,2026-07-17 08:30:47,3984.83,0.19,2026-07-17 08:30:47,3984.59,3984.83,0.0,False,False,-4.56,0.0,0.0,0.0,456353919,456354696,593612324,593613100,993534505,993534916,1.0,0.0,0.0,-4.56,-0.23999999999978172,L197
593614454,long,2026-07-17 08:30:49,3985.53,0.16,2026-07-17 08:30:49,3984.35,3985.5299999999997,4.547473508864641e-13,False,False,-18.88,0.0,0.0,0.0,456356246,456357172,593614454,593615580,993535282,993535513,1.0,0.0,0.0,-18.88,-1.180000000000291,L197
594058322,short,2026-07-17 09:11:36,3998.01,0.03,2026-07-17 09:37:08,4001.21,3998.01,0.0,False,False,-9.6,0.0,0.0,0.0,456764685,456929950,594058322,594269922,993734781,993835338,0.0,0.0,1532.0,-9.6,-3.199999999999818,S194
594121508,short,2026-07-17 09:18:36,4001.13,0.04,2026-07-17 09:37:09,4001.22,4001.1299999999997,4.547473508864641e-13,False,False,-0.36,0.0,0.0,0.0,456808634,456930454,594121508,594270573,993763144,993835350,0.0,1.0,1113.0,-0.36,-0.08999999999969077,S194
594143484,short,2026-07-17 09:20:47,4003.38,0.05,2026-07-17 09:37:09,4001.22,4003.3799999999997,4.547473508864641e-13,False,False,10.8,0.0,0.0,0.0,456822905,456930533,594143484,594270782,993774023,993835353,0.0,1.0,982.0,10.8,2.1600000000003092,S194
594171523,short,2026-07-17 09:23:16,4004.14,0.06,2026-07-17 09:37:08,4001.22,4004.14,0.0,False,False,17.52,0.0,0.0,0.0,456847112,456930128,594171523,594270351,993786577,993835349,1.0,0.0,832.0,17.52,2.9200000000000728,S194
594217259,short,2026-07-17 09:30:32,4004.74,0.08,2026-07-17 09:37:08,4001.22,4004.74,0.0,False,False,28.16,0.0,0.0,0.0,456888466,456930151,594217259,594270139,993810597,993835339,0.0,0.0,396.0,28.16,3.519999999999982,S194
594820235,long,2026-07-17 11:28:24,3989.96,0.03,2026-07-17 11:47:19,3993.64,3989.96,0.0,False,False,11.04,0.0,0.0,0.0,457456763,457533070,594820235,594898364,994190238,994240851,0.0,0.0,1135.0,11.04,3.6799999999998363,L198
595218810,long,2026-07-17 13:52:51,3992.82,0.03,2026-07-17 14:54:23,3997.12,3992.8199999999997,4.547473508864641e-13,False,False,12.9,0.0,0.0,0.0,457839282,457944213,595218810,595337114,994523845,994648118,0.0,1.0,3692.0,12.9,4.299999999999727,L199
595433390,long,2026-07-17 15:20:59,3987.9,0.03,2026-07-17 16:03:55,3969.8,3987.9,0.0,False,False,-54.3,0.0,0.0,0.0,458035452,458234770,595433390,595645890,994731533,994958009,0.0,0.0,2576.0,-54.3,-18.09999999999991,L200
595446468,long,2026-07-17 15:22:27,3986.74,0.04,2026-07-17 16:03:56,3970.09,3986.7400000000002,4.547473508864641e-13,False,False,-66.6,0.0,0.0,0.0,458047611,458235857,595446468,595647168,994742221,994958021,0.0,1.0,2489.0,-66.6,-16.649999999999636,L200
595478367,long,2026-07-17 15:33:03,3983.4,0.05,2026-07-17 16:03:56,3970.02,3983.4,0.0,False,False,-66.9,0.0,0.0,0.0,458076779,458235787,595478367,595646741,994775341,994958017,0.0,1.0,1853.0,-66.9,-13.38000000000011,L200
595493761,long,2026-07-17 15:38:03,3980.96,0.06,2026-07-17 16:03:55,3969.8,3980.96,0.0,False,False,-66.96,0.0,0.0,0.0,458090707,458234516,595493761,595645676,994792711,994958007,0.0,0.0,1552.0,-66.96,-11.159999999999854,L200
595510497,long,2026-07-17 15:41:43,3977.12,0.08,2026-07-17 16:03:56,3970.51,3977.1200000000003,4.547473508864641e-13,False,False,-52.88,0.0,0.0,0.0,458105763,458236442,595510497,595647390,994813644,994958023,1.0,1.0,1333.0,-52.88,-6.609999999999673,L200
595521627,long,2026-07-17 15:42:52,3973.82,0.11,2026-07-17 16:03:56,3969.98,3973.82,0.0,False,False,-42.24,0.0,0.0,0.0,458116492,458235492,595521627,595646531,994824015,994958014,1.0,1.0,1264.0,-42.24,-3.8400000000001455,L200
595533806,long,2026-07-17 15:43:13,3968.84,0.14,2026-07-17 16:03:56,3970.09,3968.84,0.0,False,False,17.5,0.0,0.0,0.0,458128531,458235872,595533806,595646960,994835792,994958018,0.0,1.0,1243.0,17.5,1.25,L200
595578425,long,2026-07-17 15:50:47,3966.05,0.18,2026-07-17 16:03:56,3969.81,3966.0499999999997,4.547473508864641e-13,False,False,67.68,0.0,0.0,0.0,458170674,458235197,595578425,595646315,994885321,994958013,1.0,1.0,789.0,67.68,3.7599999999997635,L200
595612761,long,2026-07-17 16:00:11,3964.5,0.23,2026-07-17 16:03:55,3969.8,3964.5,0.0,False,False,121.9,0.0,0.0,0.0,458202813,458234841,595612761,595646106,994924990,994958011,0.0,0.0,224.0,121.9,5.300000000000182,L200
595630109,long,2026-07-17 16:01:48,3960.62,0.3,2026-07-17 16:03:56,3970.51,3960.6200000000003,4.547473508864641e-13,False,False,296.7,0.0,0.0,0.0,458219041,458236406,595630109,595647602,994940448,994958026,0.0,1.0,128.0,296.7,9.890000000000327,L200
595674938,short,2026-07-17 16:04:42,3973.86,0.03,2026-07-17 16:11:04,3968.19,3973.86,0.0,False,False,17.01,0.0,0.0,0.0,458263966,458300671,595674938,595714058,994972774,995008647,1.0,1.0,382.0,17.01,5.670000000000073,S195
595905089,short,2026-07-17 16:38:14,3984.37,0.03,2026-07-17 16:40:04,3992.05,3984.3700000000003,4.547473508864641e-13,False,False,-23.04,0.0,0.0,0.0,458483445,458525500,595905089,595948036,995176192,995220865,0.0,0.0,110.0,-23.04,-7.680000000000291,S196
595907173,short,2026-07-17 16:38:20,3985.94,0.04,2026-07-17 16:40:04,3991.58,3985.94,0.0,False,False,-22.56,0.0,0.0,0.0,458485616,458525190,595907173,595947885,995178388,995220857,0.0,1.0,104.0,-22.56,-5.639999999999873,S196
595914382,short,2026-07-17 16:38:36,3988.83,0.05,2026-07-17 16:40:05,3991.27,3988.83,0.0,False,False,-12.2,0.0,0.0,0.0,458492383,458526710,595914382,595949110,995185805,995220954,0.0,1.0,89.0,-12.2,-2.4400000000000546,S196
595922081,short,2026-07-17 16:39:03,3990.74,0.06,2026-07-17 16:40:05,3991.49,3990.74,0.0,False,False,-4.5,0.0,0.0,0.0,458499758,458526457,595922081,595948922,995193934,995220939,0.0,1.0,62.0,-4.5,-0.75,S196
595934109,short,2026-07-17 16:39:25,4001.33,0.08,2026-07-17 16:40:04,3991.52,4001.33,0.0,False,False,78.48,0.0,0.0,0.0,458511585,458525990,595934109,595948595,995205136,995220911,0.0,0.0,39.0,78.48,9.809999999999945,S196
595938157,short,2026-07-17 16:39:34,3998.69,0.11,2026-07-17 16:40:04,3992.05,3998.69,0.0,False,False,73.04,0.0,0.0,0.0,458515725,458525592,595938157,595948399,995210927,995220886,1.0,0.0,30.0,73.04,6.639999999999873,S196
595981535,long,2026-07-17 16:41:14,3987.6,0.03,2026-07-17 16:49:00,3989.85,3987.6,0.0,False,False,6.75,0.0,0.0,0.0,458559559,458624538,595981535,596048834,995237298,995283392,1.0,0.0,466.0,6.75,2.25,L201
596005834,long,2026-07-17 16:42:46,3985.92,0.04,2026-07-17 16:49:00,3989.85,3985.92,0.0,False,False,15.72,0.0,0.0,0.0,458583740,458624597,596005834,596048637,995249785,995283378,1.0,0.0,374.0,15.72,3.9299999999998363,L201
596016349,long,2026-07-17 16:44:18,3984.23,0.05,2026-07-17 16:49:00,3989.83,3984.23,0.0,False,False,28.0,0.0,0.0,0.0,458594387,458623399,596016349,596048068,995257491,995283367,1.0,0.0,282.0,28.0,5.599999999999909,L201
596059826,short,2026-07-17 16:50:47,3991.34,0.03,2026-07-17 16:54:50,3988.66,3991.3399999999997,4.547473508864641e-13,False,False,8.04,0.0,0.0,0.0,458635891,458658774,596059826,596083344,995292662,995314027,0.0,0.0,243.0,8.04,2.680000000000291,S197
596074779,short,2026-07-17 16:53:44,3992.52,0.04,2026-07-17 16:54:50,3988.65,3992.52,0.0,False,False,15.48,0.0,0.0,0.0,458650298,458658627,596074779,596083197,995308282,995314012,0.0,0.0,66.0,15.48,3.869999999999891,S197
596108377,short,2026-07-17 17:00:11,3997.95,0.03,2026-07-17 17:01:33,3993.23,3997.95,0.0,False,False,14.16,0.0,0.0,0.0,458682120,458696593,596108377,596123889,995340682,995352138,0.0,1.0,82.0,14.16,4.7199999999998,S198
596473620,long,2026-07-17 18:08:24,4006.2,0.02,2026-07-17 18:10:13,4010.36,4006.2000000000003,4.547473508864641e-13,False,False,8.32,0.0,0.0,0.0,459028930,459043121,596473620,596488648,995659103,995668908,1.0,0.0,109.0,8.32,4.160000000000309,L202
596474330,short,2026-07-17 18:08:26,4006.35,0.02,2026-07-17 18:13:57,4004.0,4006.35,0.0,False,False,4.7,0.0,0.0,0.0,459029547,459063074,596474330,596509973,995659345,995685054,1.0,1.0,331.0,4.7,2.349999999999909,S199
596474850,short,2026-07-17 18:08:30,4006.26,0.02,2026-07-17 18:13:56,4004.1,4006.2599999999998,4.547473508864641e-13,False,False,4.32,0.0,0.0,0.0,459030047,459062425,596474850,596509315,995659834,995685046,0.0,0.0,326.0,4.32,2.1600000000003092,S199
596477995,short,2026-07-17 18:08:52,4006.04,0.03,2026-07-17 18:13:56,4004.0,4006.04,0.0,False,False,6.12,0.0,0.0,0.0,459032971,459062868,596477995,596509759,995661958,995685053,1.0,0.0,304.0,6.12,2.0399999999999636,S199
596495200,short,2026-07-17 18:10:56,4010.74,0.04,2026-07-17 18:13:56,4004.0,4010.74,0.0,False,False,26.96,0.0,0.0,0.0,459049295,459062913,596495200,596509542,995674319,995685049,1.0,0.0,180.0,26.96,6.739999999999782,S199
596505756,long,2026-07-17 18:12:31,4007.19,0.02,2026-07-17 18:21:00,4008.98,4007.19,0.0,False,False,3.58,0.0,0.0,0.0,459059276,459072947,596505756,596522067,995681786,995704344,0.0,1.0,509.0,3.58,1.7899999999999636,L203
596511950,long,2026-07-17 18:14:21,4004.49,0.02,2026-07-17 18:21:00,4009.03,4004.4900000000002,4.547473508864641e-13,False,False,9.08,0.0,0.0,0.0,459064902,459073150,596511950,596522605,995687462,995704355,0.0,0.0,399.0,9.08,4.540000000000418,L203
596517897,short,2026-07-17 18:18:15,4007.29,0.02,2026-07-17 18:25:25,4007.12,4007.29,0.0,False,False,0.34,0.0,0.0,0.0,459069680,459092528,596517897,596543415,995698026,995723621,0.0,0.0,430.0,0.34,0.17000000000007276,S200
596525689,short,2026-07-17 18:21:23,4008.59,0.02,2026-07-17 18:25:25,4007.19,4008.59,0.0,False,False,2.8,0.0,0.0,0.0,459076336,459092331,596525689,596543231,995707872,995723616,0.0,0.0,242.0,2.8,1.400000000000091,S200
596535257,short,2026-07-17 18:22:35,4011.43,0.03,2026-07-17 18:25:25,4007.12,4011.43,0.0,False,False,12.93,0.0,0.0,0.0,459085111,459092576,596535257,596543639,995715900,995723634,1.0,0.0,170.0,12.93,4.309999999999945,S200
596540789,long,2026-07-17 18:23:55,4009.02,0.02,2026-07-17 18:27:26,4010.18,4009.02,0.0,False,False,2.32,0.0,0.0,0.0,459090126,459100055,596540789,596551898,995721019,995731293,0.0,0.0,211.0,2.32,1.1599999999998545,L204
599040889,long,2026-07-20 06:38:36,4024.41,0.02,2026-07-20 06:39:06,4023.63,4024.4100000000003,4.547473508864641e-13,False,False,-1.56,0.0,0.0,0.0,461428921,461432208,599040889,599044501,997288170,997289718,1.0,0.0,30.0,-1.56,-0.7799999999997453,L205
599041109,short,2026-07-20 06:38:37,4023.98,0.11,2026-07-20 07:45:44,4021.77,4023.98,0.0,False,False,24.31,0.0,0.0,0.0,461429127,461560657,599041109,599190220,997288201,997391010,1.0,0.0,4027.0,24.31,2.2100000000000364,S201
599041333,short,2026-07-20 06:38:37,4023.9,0.08,2026-07-20 07:45:44,4021.68,4023.8999999999996,4.547473508864641e-13,False,False,17.76,0.0,0.0,0.0,461429351,461560386,599041333,599189991,997288234,997390979,0.0,1.0,4027.0,17.76,2.2200000000002547,S201
599041579,short,2026-07-20 06:38:38,4023.87,0.06,2026-07-20 07:45:44,4021.61,4023.8700000000003,4.547473508864641e-13,False,False,13.56,0.0,0.0,0.0,461429559,461560171,599041579,599189771,997288302,997390921,1.0,1.0,4026.0,13.56,2.2599999999997635,S201
599041864,short,2026-07-20 06:38:38,4023.86,0.05,2026-07-20 07:45:43,4021.61,4023.86,0.0,False,False,11.25,0.0,0.0,0.0,461429819,461559948,599041864,599189546,997288355,997390897,0.0,0.0,4025.0,11.25,2.25,S201
599042100,short,2026-07-20 06:38:39,4023.84,0.04,2026-07-20 07:45:43,4021.61,4023.84,0.0,False,False,8.92,0.0,0.0,0.0,461430084,461559726,599042100,599189330,997288416,997390870,1.0,0.0,4024.0,8.92,2.230000000000018,S201
599042322,short,2026-07-20 06:38:40,4023.85,0.03,2026-07-20 07:45:43,4021.61,4023.85,0.0,False,False,6.72,0.0,0.0,0.0,461430366,461559538,599042322,599189104,997288497,997390843,1.0,1.0,4023.0,6.72,2.2399999999997817,S201
599042547,short,2026-07-20 06:38:40,4023.84,0.02,2026-07-20 07:45:42,4021.59,4023.84,0.0,False,False,4.5,0.0,0.0,0.0,461430531,461559190,599042547,599188665,997288566,997390816,0.0,0.0,4022.0,4.5,2.25,S201
599042771,short,2026-07-20 06:38:41,4023.84,0.02,2026-07-20 07:45:43,4021.59,4023.84,0.0,False,False,4.5,0.0,0.0,0.0,461430766,461559404,599042771,599188887,997288654,997390821,1.0,1.0,4022.0,4.5,2.25,S201
599142332,long,2026-07-20 07:15:03,4023.38,0.02,2026-07-20 07:27:21,4023.33,4023.38,0.0,False,False,-0.1,0.0,0.0,0.0,461519291,461530696,599142332,599155729,997348603,997364270,1.0,0.0,738.0,-0.1,-0.0500000000001819,L206
599218310,long,2026-07-20 07:55:29,4022.05,0.02,2026-07-20 07:56:17,4019.26,4022.05,0.0,False,False,-5.58,0.0,0.0,0.0,461587334,461601330,599218310,599233499,997409050,997414903,1.0,1.0,48.0,-5.58,-2.7899999999999636,L207
599218535,long,2026-07-20 07:55:30,4022.0,0.02,2026-07-20 07:56:17,4019.25,4022.0,0.0,False,False,-5.5,0.0,0.0,0.0,461587628,461601082,599218535,599233273,997409084,997414864,0.0,1.0,47.0,-5.5,-2.75,L207
599218758,short,2026-07-20 07:55:31,4021.51,0.11,2026-07-20 07:55:57,4019.36,4021.51,0.0,False,False,23.65,0.0,0.0,0.0,461587826,461596852,599218758,599228861,997409149,997413209,1.0,1.0,26.0,23.65,2.150000000000091,S202
599220346,short,2026-07-20 07:55:46,4019.39,0.08,2026-07-20 07:55:57,4019.36,4019.3900000000003,4.547473508864641e-13,False,False,0.24,0.0,0.0,0.0,461589429,461597154,599220346,599229079,997409900,997413231,0.0,1.0,11.0,0.24,0.02999999999974534,S202
599230169,short,2026-07-20 07:56:06,4019.15,0.06,2026-07-20 07:56:17,4019.67,4019.15,0.0,False,False,-3.12,0.0,0.0,0.0,461598173,461600656,599230169,599232835,997414391,997414862,0.0,1.0,11.0,-3.12,-0.5199999999999818,S203
599230864,short,2026-07-20 07:56:14,4019.24,0.05,2026-07-20 07:56:17,4019.67,4019.2400000000002,4.547473508864641e-13,False,False,-2.15,0.0,0.0,0.0,461598790,461600852,599230864,599233057,997414637,997414863,0.0,1.0,3.0,-2.15,-0.43000000000029104,S203
599231079,short,2026-07-20 07:56:14,4019.24,0.02,2026-07-20 07:56:15,4019.68,4019.24,0.0,False,False,-0.88,0.0,0.0,0.0,461598856,461599809,599231079,599231968,997414642,997414780,0.0,0.0,1.0,-0.88,-0.44000000000005457,S203
599231299,short,2026-07-20 07:56:14,4019.24,0.02,2026-07-20 07:56:16,4019.67,4019.2400000000002,4.547473508864641e-13,False,False,-0.86,0.0,0.0,0.0,461599224,461600413,599231299,599232192,997414649,997414841,0.0,0.0,2.0,-0.86,-0.43000000000029104,S203
599231516,short,2026-07-20 07:56:15,4019.24,0.03,2026-07-20 07:56:17,4019.67,4019.2400000000002,4.547473508864641e-13,False,False,-1.29,0.0,0.0,0.0,461599358,461600604,599231516,599232617,997414651,997414856,1.0,1.0,2.0,-1.29,-0.43000000000029104,S203
599231730,short,2026-07-20 07:56:15,4019.24,0.04,2026-07-20 07:56:16,4019.68,4019.24,0.0,False,False,-1.76,0.0,0.0,0.0,461599465,461600210,599231730,599232406,997414654,997414847,1.0,0.0,1.0,-1.76,-0.44000000000005457,S203
599303031,long,2026-07-20 08:09:29,4016.73,0.03,2026-07-20 10:30:23,4010.56,4016.73,0.0,False,False,-18.51,0.0,0.0,0.0,461668015,462396469,599303031,600101654,997456442,997841061,0.0,1.0,8454.0,-18.51,-6.170000000000073,L208
599303494,long,2026-07-20 08:09:35,4016.58,0.02,2026-07-20 10:30:23,4011.38,4016.58,0.0,False,False,-10.4,0.0,0.0,0.0,461668397,462397473,599303494,600102660,997456684,997841218,0.0,0.0,8448.0,-10.4,-5.199999999999818,L208
599303731,long,2026-07-20 08:09:36,4016.58,0.02,2026-07-20 10:30:25,4011.08,4016.58,0.0,False,False,-11.0,0.0,0.0,0.0,461668656,462398998,599303731,600103307,997456713,997841221,0.0,1.0,8449.0,-11.0,-5.5,L208
599341826,long,2026-07-20 08:11:07,4015.1,0.04,2026-07-20 10:30:23,4010.56,4015.1,0.0,False,False,-18.16,0.0,0.0,0.0,461704593,462396201,599341826,600101369,997468533,997841023,1.0,1.0,8356.0,-18.16,-4.539999999999964,L208
599391826,long,2026-07-20 08:13:43,4013.57,0.05,2026-07-20 10:30:23,4011.08,4013.5699999999997,4.547473508864641e-13,False,False,-12.45,0.0,0.0,0.0,461753683,462397396,599391826,600102424,997487586,997841206,1.0,0.0,8200.0,-12.45,-2.4900000000002365,L208
599458770,long,2026-07-20 08:29:52,4011.06,0.06,2026-07-20 10:30:22,4010.62,4011.06,0.0,False,False,-2.64,0.0,0.0,0.0,461815353,462395773,599458770,600100606,997522981,997840781,0.0,0.0,7230.0,-2.64,-0.44000000000005457,L208
599501286,short,2026-07-20 08:32:31,4011.01,0.02,2026-07-20 08:35:08,4009.85,4011.0099999999998,4.547473508864641e-13,False,False,2.32,0.0,0.0,0.0,461856281,461867741,599501286,599517378,997538727,997544140,1.0,1.0,157.0,2.32,1.1600000000003092,S204
599548630,long,2026-07-20 08:36:21,4009.51,0.08,2026-07-20 10:30:23,4010.87,4009.5099999999998,4.547473508864641e-13,False,False,10.88,0.0,0.0,0.0,461900005,462396824,599548630,600102129,997555296,997841177,1.0,0.0,6842.0,10.88,1.3599999999996726,L208
599593853,short,2026-07-20 08:46:37,4008.65,0.02,2026-07-20 08:49:13,4007.12,4008.65,0.0,False,False,3.06,0.0,0.0,0.0,461941030,461947968,599593853,599609839,997578807,997584286,0.0,1.0,156.0,3.06,1.5300000000002,S205
599632269,long,2026-07-20 08:50:08,4006.56,0.11,2026-07-20 10:30:25,4011.13,4006.56,0.0,False,False,50.27,0.0,0.0,0.0,461975948,462398575,599632269,600103524,997596605,997841225,0.0,1.0,6017.0,50.27,4.570000000000164,L208
599833039,long,2026-07-20 09:29:17,4005.76,0.14,2026-07-20 10:30:22,4010.54,4005.7599999999998,4.547473508864641e-13,False,False,66.92,0.0,0.0,0.0,462157371,462395581,599833039,600100388,997693915,997840622,0.0,0.0,3665.0,66.92,4.779999999999745,L208
599942583,long,2026-07-20 10:00:48,4003.28,0.18,2026-07-20 10:30:23,4010.84,4003.28,0.0,False,False,136.08,0.0,0.0,0.0,462258976,462396514,599942583,600101890,997760673,997841167,0.0,0.0,1775.0,136.08,7.559999999999945,L208
600034087,short,2026-07-20 10:25:03,4005.79,0.02,2026-07-20 10:25:40,4005.32,4005.79,0.0,False,False,0.94,0.0,0.0,0.0,462344568,462352075,600034087,600041955,997814016,997818623,0.0,0.0,37.0,0.94,0.4699999999997999,S206
600044594,short,2026-07-20 10:25:43,4004.63,0.02,2026-07-20 11:30:04,4022.16,4004.6299999999997,4.547473508864641e-13,False,False,-35.06,0.0,0.0,0.0,462354689,463136011,600044594,600863104,997819351,998150273,0.0,0.0,3861.0,-35.06,-17.529999999999745,S207
600237344,short,2026-07-20 10:35:53,4014.12,0.02,2026-07-20 11:30:05,4022.16,4014.12,0.0,False,False,-16.08,0.0,0.0,0.0,462541168,463136620,600237344,600863806,997898600,998150403,1.0,0.0,3252.0,-16.08,-8.039999999999964,S207
600282521,short,2026-07-20 10:37:07,4016.63,0.02,2026-07-20 11:30:05,4022.16,4016.6299999999997,4.547473508864641e-13,False,False,-11.06,0.0,0.0,0.0,462584951,463136525,600282521,600863540,997912189,998150381,0.0,0.0,3178.0,-11.06,-5.529999999999745,S207
600349964,short,2026-07-20 10:41:04,4018.4,0.03,2026-07-20 11:30:07,4022.19,4018.4,0.0,False,False,-11.37,0.0,0.0,0.0,462642992,463137227,600349964,600864362,997937997,998150654,1.0,1.0,2943.0,-11.37,-3.7899999999999636,S207
600418538,short,2026-07-20 10:45:03,4019.81,0.04,2026-07-20 11:30:06,4022.19,4019.81,0.0,False,False,-9.52,0.0,0.0,0.0,462710819,463137008,600418538,600864105,997962634,998150552,0.0,0.0,2703.0,-9.52,-2.380000000000109,S207
600544118,short,2026-07-20 11:01:05,4022.05,0.05,2026-07-20 11:30:08,4022.31,4022.0499999999997,4.547473508864641e-13,False,False,-1.3,0.0,0.0,0.0,462828365,463137945,600544118,600865070,998016353,998150785,1.0,1.0,1743.0,-1.3,-0.25999999999976353,S207
600585281,short,2026-07-20 11:02:53,4023.67,0.06,2026-07-20 11:30:07,4022.29,4023.67,0.0,False,False,8.28,0.0,0.0,0.0,462873757,463137681,600585281,600864832,998032612,998150765,2.0,0.0,1634.0,8.28,1.3800000000001091,S207
600735832,short,2026-07-20 11:17:13,4027.03,0.08,2026-07-20 11:30:07,4022.22,4027.0299999999997,4.547473508864641e-13,False,False,38.48,0.0,0.0,0.0,463016178,463137452,600735832,600864607,998093397,998150699,0.0,0.0,774.0,38.48,4.8100000000004,S207
600759553,long,2026-07-20 11:22:04,4025.22,0.02,2026-07-20 11:24:50,4027.37,4025.22,0.0,False,False,4.3,0.0,0.0,0.0,463039367,463046736,600759553,600773642,998107221,998113867,1.0,1.0,166.0,4.3,2.150000000000091,L209
600782491,long,2026-07-20 11:24:56,4030.99,0.02,2026-07-20 11:24:58,4029.41,4030.99,0.0,False,False,-3.16,0.0,0.0,0.0,463052514,463053818,600782491,600787693,998116866,998119868,1.0,1.0,2.0,-3.16,-1.5799999999999272,L210
600788947,short,2026-07-20 11:25:01,4029.29,0.11,2026-07-20 11:30:08,4022.19,4029.29,0.0,False,False,78.1,0.0,0.0,0.0,463055708,463138194,600788947,600865327,998122331,998150969,1.0,0.0,307.0,78.1,7.099999999999909,S207
600950878,short,2026-07-20 11:39:23,4023.18,0.02,2026-07-20 11:46:03,4020.64,4023.18,0.0,False,False,5.08,0.0,0.0,0.0,463223758,463250043,600950878,600980598,998195021,998209786,0.0,1.0,400.0,5.08,2.5399999999999636,S208
601038742,long,2026-07-20 11:53:47,4018.98,0.02,2026-07-20 12:17:23,4021.68,4018.98,0.0,False,False,5.4,0.0,0.0,0.0,463306911,463423455,601038742,601158761,998234367,998297153,1.0,1.0,1416.0,5.4,2.699999999999818,L211
601104106,long,2026-07-20 12:07:03,4016.71,0.02,2026-07-20 12:17:23,4021.68,4016.71,0.0,False,False,9.94,0.0,0.0,0.0,463369778,463423388,601104106,601158663,998267496,998297141,1.0,1.0,620.0,9.94,4.9699999999998,L211
601148085,short,2026-07-20 12:14:56,4019.36,0.02,2026-07-20 12:27:37,4017.37,4019.3599999999997,4.547473508864641e-13,False,False,3.98,0.0,0.0,0.0,463413469,463451082,601148085,601193513,998290317,998315172,0.0,1.0,761.0,3.98,1.9900000000002365,S209
601166655,short,2026-07-20 12:18:47,4020.9,0.02,2026-07-20 12:27:36,4017.35,4020.9,0.0,False,False,7.1,0.0,0.0,0.0,463431626,463450919,601166655,601192500,998301430,998315156,0.0,0.0,529.0,7.1,3.550000000000182,S209
601221590,long,2026-07-20 12:30:04,4016.87,0.02,2026-07-20 12:36:05,4020.25,4016.87,0.0,False,False,6.76,0.0,0.0,0.0,463483957,463524919,601221590,601268368,998327146,998347744,0.0,0.0,361.0,6.76,3.380000000000109,L212
601270780,short,2026-07-20 12:36:10,4019.42,0.02,2026-07-20 14:11:51,4021.73,4019.42,0.0,False,False,-4.62,0.0,0.0,0.0,463529314,463874677,601270780,601634803,998349108,998539899,1.0,0.0,5741.0,-4.62,-2.3099999999999454,S210
601344556,short,2026-07-20 12:50:04,4020.65,0.02,2026-07-20 14:11:51,4021.71,4020.65,0.0,False,False,-2.12,0.0,0.0,0.0,463598574,463874389,601344556,601634559,998385895,998539884,1.0,1.0,4907.0,-2.12,-1.0599999999999454,S210
601441498,short,2026-07-20 13:24:56,4021.56,0.03,2026-07-20 14:11:52,4021.7,4021.56,0.0,False,False,-0.42,0.0,0.0,0.0,463692929,463875270,601441498,601635494,998444584,998539999,1.0,0.0,2816.0,-0.42,-0.13999999999987267,S210
601529801,short,2026-07-20 13:54:51,4024.51,0.04,2026-07-20 14:11:52,4021.71,4024.51,0.0,False,False,11.2,0.0,0.0,0.0,463774303,463875139,601529801,601635267,998493449,998539960,1.0,1.0,1021.0,11.2,2.800000000000182,S210
601580625,short,2026-07-20 14:01:44,4026.33,0.05,2026-07-20 14:11:51,4021.72,4026.33,0.0,False,False,23.05,0.0,0.0,0.0,463822769,463874864,601580625,601635034,998517615,998539938,0.0,0.0,607.0,23.05,4.610000000000127,S210
601661037,long,2026-07-20 14:13:21,4021.3,0.02,2026-07-20 14:30:14,4025.6,4021.2999999999997,4.547473508864641e-13,False,False,8.6,0.0,0.0,0.0,463901027,463947537,601661037,601720986,998548729,998577615,1.0,1.0,1013.0,8.6,4.299999999999727,L213
601729434,short,2026-07-20 14:30:26,4029.48,0.02,2026-07-20 14:31:20,4028.08,4029.48,0.0,False,False,2.8,0.0,0.0,0.0,463957740,464009891,601729434,601776852,998585814,998611749,1.0,1.0,54.0,2.8,1.400000000000091,S211
601740239,short,2026-07-20 14:30:38,4031.26,0.02,2026-07-20 14:31:20,4028.08,4031.2599999999998,4.547473508864641e-13,False,False,6.36,0.0,0.0,0.0,463968599,464009875,601740239,601776524,998595188,998611746,1.0,1.0,42.0,6.36,3.180000000000291,S211
601746131,short,2026-07-20 14:30:44,4030.11,0.03,2026-07-20 14:31:20,4028.19,4030.11,0.0,False,False,5.76,0.0,0.0,0.0,463976337,464009634,601746131,601776913,998600137,998611751,0.0,1.0,36.0,5.76,1.9200000000000728,S211
601793718,long,2026-07-20 14:31:34,4035.82,0.02,2026-07-20 14:31:45,4032.56,4035.82,0.0,False,False,-6.52,0.0,0.0,0.0,464022708,464033991,601793718,601803096,998618832,998623853,1.0,0.0,11.0,-6.52,-3.2600000000002183,L214
601821737,long,2026-07-20 14:32:07,4031.85,0.02,2026-07-20 14:32:30,4035.41,4031.85,0.0,False,False,7.12,0.0,0.0,0.0,464055204,464063849,601821737,601835867,998628620,998630920,0.0,1.0,23.0,7.12,3.5599999999999454,L215
601908449,short,2026-07-20 14:34:26,4039.56,0.02,2026-07-20 14:35:14,4036.47,4039.56,0.0,False,False,6.18,0.0,0.0,0.0,464133053,464169856,601908449,601938397,998657687,998674144,0.0,1.0,48.0,6.18,3.0900000000001455,S212
601920460,short,2026-07-20 14:34:44,4039.04,0.02,2026-07-20 14:35:13,4036.59,4039.04,0.0,False,False,4.9,0.0,0.0,0.0,464152199,464169210,601920460,601937853,998667216,998674107,1.0,0.0,29.0,4.9,2.449999999999818,S212
602003218,long,2026-07-20 14:37:07,4030.66,0.02,2026-07-20 14:39:28,4033.91,4030.66,0.0,False,False,6.5,0.0,0.0,0.0,464230633,464256809,602003218,602029018,998694849,998704649,1.0,0.0,141.0,6.5,3.25,L216
602097415,long,2026-07-20 14:49:09,4028.46,0.02,2026-07-20 16:40:07,4015.97,4028.4599999999996,4.547473508864641e-13,False,False,-24.98,0.0,0.0,0.0,464324097,465201289,602097415,603008179,998738365,999164147,0.0,1.0,6658.0,-24.98,-12.490000000000236,L217
602126753,long,2026-07-20 14:51:34,4027.06,0.02,2026-07-20 16:40:06,4015.88,4027.06,0.0,False,False,-22.36,0.0,0.0,0.0,464352821,465199222,602126753,603006757,998749748,999163950,1.0,1.0,6512.0,-22.36,-11.179999999999836,L217
602203235,long,2026-07-20 15:01:02,4020.14,0.03,2026-07-20 16:40:07,4015.99,4020.14,0.0,False,False,-12.45,0.0,0.0,0.0,464424463,465201321,602203235,603007695,998789311,999164033,0.0,1.0,5945.0,-12.45,-4.150000000000091,L217
602226213,long,2026-07-20 15:02:36,4014.22,0.04,2026-07-20 16:40:07,4016.03,4014.2200000000003,4.547473508864641e-13,False,False,7.24,0.0,0.0,0.0,464442498,465201050,602226213,603007524,998803568,999164031,1.0,1.0,5851.0,7.24,1.8100000000004002,L217
602253299,short,2026-07-20 15:03:37,4014.74,0.02,2026-07-20 15:03:51,4012.67,4014.7400000000002,4.547473508864641e-13,False,False,4.14,0.0,0.0,0.0,464477085,464481880,602253299,602259346,998818016,998819793,1.0,1.0,14.0,4.14,2.069999999999709,S213
602380223,long,2026-07-20 15:15:31,4011.38,0.05,2026-07-20 16:40:07,4016.03,4011.38,0.0,False,False,23.25,0.0,0.0,0.0,464594453,465200966,602380223,603007223,998871659,999163991,0.0,1.0,5076.0,23.25,4.650000000000091,L217
602452458,long,2026-07-20 15:22:27,4009.71,0.06,2026-07-20 16:40:06,4015.9,4009.71,0.0,False,False,37.14,0.0,0.0,0.0,464667812,465199234,602452458,603006954,998906068,999163958,0.0,1.0,4659.0,37.14,6.190000000000055,L217
602492794,short,2026-07-20 15:27:16,4010.46,0.02,2026-07-20 15:41:05,4010.34,4010.46,0.0,False,False,0.24,0.0,0.0,0.0,464707438,464760572,602492794,602547449,998927062,998964609,0.0,0.0,829.0,0.24,0.11999999999989086,S214
602500620,short,2026-07-20 15:27:47,4011.89,0.02,2026-07-20 15:41:06,4010.31,4011.89,0.0,False,False,3.16,0.0,0.0,0.0,464715037,464761016,602500620,602547894,998931407,998964664,1.0,0.0,799.0,3.16,1.5799999999999272,S214
602529049,short,2026-07-20 15:36:24,4013.03,0.02,2026-07-20 15:41:06,4010.33,4013.0299999999997,4.547473508864641e-13,False,False,5.4,0.0,0.0,0.0,464743275,464760783,602529049,602547680,998955867,998964651,1.0,1.0,282.0,5.4,2.700000000000273,S214
602582914,long,2026-07-20 15:43:33,4008.32,0.08,2026-07-20 16:40:07,4015.99,4008.3199999999997,4.547473508864641e-13,False,False,61.36,0.0,0.0,0.0,464794967,465201317,602582914,603008000,998976708,999164072,0.0,1.0,3394.0,61.36,7.669999999999618,L217
602607082,short,2026-07-20 15:45:26,4011.3,0.02,2026-07-20 15:50:39,4010.69,4011.3,0.0,False,False,1.22,0.0,0.0,0.0,464818164,464869454,602607082,602659467,998986147,999011425,0.0,1.0,313.0,1.22,0.6100000000001273,S215
602621051,short,2026-07-20 15:46:36,4013.04,0.02,2026-07-20 15:50:39,4010.69,4013.04,0.0,False,False,4.7,0.0,0.0,0.0,464832591,464869603,602621051,602660286,998992352,999011427,1.0,1.0,243.0,4.7,2.349999999999909,S215
602643734,short,2026-07-20 15:48:10,4014.17,0.03,2026-07-20 15:50:39,4010.71,4014.17,0.0,False,False,10.38,0.0,0.0,0.0,464855519,464870454,602643734,602659748,999003192,999011426,1.0,1.0,149.0,10.38,3.4600000000000364,S215
602668133,short,2026-07-20 15:50:47,4010.05,0.02,2026-07-20 15:56:08,4009.25,4010.05,0.0,False,False,1.6,0.0,0.0,0.0,464878174,464903194,602668133,602693714,999013476,999023862,1.0,1.0,321.0,1.6,0.8000000000001819,S216
602772718,short,2026-07-20 16:07:43,4009.2,0.02,2026-07-20 16:10:57,4008.26,4009.2000000000003,4.547473508864641e-13,False,False,1.88,0.0,0.0,0.0,464980093,464990809,602772718,602784235,999062348,999068177,0.0,0.0,194.0,1.88,0.9399999999995998,S217
602807093,short,2026-07-20 16:15:22,4007.35,0.02,2026-07-20 16:35:24,4009.31,4007.35,0.0,False,False,-3.92,0.0,0.0,0.0,465010524,465154183,602807093,602956188,999078343,999143592,1.0,1.0,1202.0,-3.92,-1.9600000000000364,S218
602911924,short,2026-07-20 16:31:40,4012.73,0.02,2026-07-20 16:35:23,4009.33,4012.73,0.0,False,False,6.8,0.0,0.0,0.0,465113089,465153871,602911924,602955653,999122977,999143540,1.0,0.0,223.0,6.8,3.400000000000091,S218
602921054,short,2026-07-20 16:32:30,4013.98,0.02,2026-07-20 16:35:23,4009.33,4013.98,0.0,False,False,9.3,0.0,0.0,0.0,465122533,465154007,602921054,602955425,999128915,999143527,0.0,0.0,173.0,9.3,4.650000000000091,S218
602959529,short,2026-07-20 16:35:26,4008.79,0.02,2026-07-20 16:46:02,4010.94,4008.79,0.0,False,False,-4.3,0.0,0.0,0.0,465155987,465278227,602959529,603080890,999145564,999199897,1.0,1.0,636.0,-4.3,-2.150000000000091,S219
603012805,short,2026-07-20 16:40:20,4014.64,0.02,2026-07-20 16:46:03,4010.91,4014.64,0.0,False,False,7.46,0.0,0.0,0.0,465212551,465279769,603012805,603081750,999168627,999200136,1.0,1.0,343.0,7.46,3.730000000000018,S219
603086378,long,2026-07-20 16:46:07,4011.69,0.02,2026-07-20 17:29:12,4005.46,4011.69,0.0,False,False,-12.46,0.0,0.0,0.0,465283677,465706229,603086378,603520479,999201410,999402249,0.0,0.0,2585.0,-12.46,-6.230000000000018,L218
603132587,long,2026-07-20 16:51:01,4009.72,0.02,2026-07-20 17:29:12,4005.45,4009.72,0.0,False,False,-8.54,0.0,0.0,0.0,465328906,465705955,603132587,603520262,999221849,999402212,2.0,0.0,2291.0,-8.54,-4.269999999999982,L218
603214026,long,2026-07-20 16:58:39,4007.23,0.03,2026-07-20 17:29:12,4005.42,4007.23,0.0,False,False,-5.43,0.0,0.0,0.0,465406678,465705678,603214026,603520038,999253749,999402182,0.0,1.0,1833.0,-5.43,-1.8099999999999454,L218
603237498,long,2026-07-20 17:00:25,4006.5,0.04,2026-07-20 17:29:12,4005.41,4006.5,0.0,False,False,-4.36,0.0,0.0,0.0,465433432,465705586,603237498,603519821,999268998,999402159,1.0,1.0,1727.0,-4.36,-1.0900000000001455,L218
603302063,long,2026-07-20 17:02:45,4002.84,0.05,2026-07-20 17:29:11,4005.42,4002.84,0.0,False,False,12.9,0.0,0.0,0.0,465493187,465705280,603302063,603519600,999291919,999402137,1.0,0.0,1586.0,12.9,2.5799999999999272,L218
603406043,long,2026-07-20 17:10:43,4000.87,0.06,2026-07-20 17:29:11,4005.4,4000.87,0.0,False,False,27.18,0.0,0.0,0.0,465597456,465705092,603406043,603519382,999331485,999402101,1.0,0.0,1108.0,27.18,4.5300000000002,L218
603425897,short,2026-07-20 17:14:36,3998.83,0.02,2026-07-20 17:21:07,3999.21,3998.83,0.0,False,False,-0.76,0.0,0.0,0.0,465615698,465655811,603425897,603468907,999343803,999367099,0.0,0.0,391.0,-0.76,-0.38000000000010914,S220
603451482,short,2026-07-20 17:19:16,4001.3,0.02,2026-07-20 17:21:08,3999.4,4001.3,0.0,False,False,3.8,0.0,0.0,0.0,465639281,465656034,603451482,603469235,999359367,999367274,1.0,1.0,112.0,3.8,1.900000000000091,S220
603470333,short,2026-07-20 17:21:14,3998.52,0.02,2026-07-20 17:29:11,4005.84,3998.52,0.0,False,False,-14.64,0.0,0.0,0.0,465656977,465704855,603470333,603519155,999367764,999402095,1.0,1.0,477.0,-14.64,-7.320000000000164,S221
603569811,short,2026-07-20 17:39:21,4009.88,0.02,2026-07-20 17:45:04,4007.49,4009.8799999999997,4.547473508864641e-13,False,False,4.78,0.0,0.0,0.0,465754867,465770936,603569811,603587012,999446293,999464450,0.0,1.0,343.0,4.78,2.3900000000003274,S222
603623064,short,2026-07-20 17:47:58,4011.35,0.02,2026-07-20 17:55:02,4008.05,4011.3500000000004,4.547473508864641e-13,False,False,6.6,0.0,0.0,0.0,465806501,465829632,603623064,603648319,999484182,999506208,0.0,1.0,424.0,6.6,3.299999999999727,S223
603664976,long,2026-07-20 17:56:13,4008.27,0.02,2026-07-20 18:02:46,4010.03,4008.27,0.0,False,False,3.52,0.0,0.0,0.0,465847445,465921988,603664976,603740550,999515912,999554117,1.0,1.0,393.0,3.52,1.7600000000002183,L219
603699838,long,2026-07-20 17:59:14,4006.64,0.02,2026-07-20 18:02:46,4010.03,4006.6400000000003,4.547473508864641e-13,False,False,6.78,0.0,0.0,0.0,465882325,465921865,603699838,603740327,999532960,999554112,0.0,1.0,212.0,6.78,3.3900000000003274,L219
603747261,short,2026-07-20 18:03:30,4009.09,0.02,2026-07-20 18:12:26,4012.83,4009.09,0.0,False,False,-7.48,0.0,0.0,0.0,465928748,466056342,603747261,603878214,999558368,999619266,1.0,0.0,536.0,-7.48,-3.7399999999997817,S224
603777513,short,2026-07-20 18:09:03,4013.03,0.02,2026-07-20 18:12:27,4012.87,4013.0299999999997,4.547473508864641e-13,False,False,0.32,0.0,0.0,0.0,465954578,466057133,603777513,603878686,999580187,999619298,1.0,1.0,204.0,0.32,0.16000000000030923,S224
603803911,short,2026-07-20 18:09:53,4016.68,0.03,2026-07-20 18:12:26,4012.83,4016.68,0.0,False,False,11.55,0.0,0.0,0.0,465977568,466056596,603803911,603878435,999593036,999619282,0.0,0.0,153.0,11.55,3.849999999999909,S224
603814136,short,2026-07-20 18:10:03,4017.62,0.04,2026-07-20 18:12:27,4013.14,4017.62,0.0,False,False,17.92,0.0,0.0,0.0,465988374,466058643,603814136,603878974,999601066,999619308,0.0,1.0,144.0,17.92,4.480000000000018,S224
603936453,short,2026-07-20 18:26:24,4014.97,0.02,2026-07-20 18:35:05,4012.8,4014.9700000000003,4.547473508864641e-13,False,False,4.34,0.0,0.0,0.0,466114889,466146633,603936453,603969827,999657479,999676402,0.0,0.0,521.0,4.34,2.169999999999618,S225
603991210,long,2026-07-20 18:39:02,4011.85,0.02,2026-07-20 18:46:41,4014.85,4011.85,0.0,False,False,6.0,0.0,0.0,0.0,466166799,466200496,603991210,604026094,999686866,999704235,1.0,0.0,459.0,6.0,3.0,L220
604188422,long,2026-07-20 19:25:25,4012.28,0.02,2026-07-20 20:00:17,4010.94,4012.28,0.0,False,False,-2.68,0.0,0.0,0.0,466356624,466489028,604188422,604329064,999797348,999878319,1.0,0.0,2092.0,-2.68,-1.3400000000001455,L221
604222353,long,2026-07-20 19:35:47,4011.12,0.02,2026-07-20 20:00:18,4010.45,4011.12,0.0,False,False,-1.34,0.0,0.0,0.0,466388905,466489881,604222353,604330046,999816409,999878444,1.0,1.0,1471.0,-1.34,-0.6700000000000728,L221
604246568,long,2026-07-20 19:41:35,4004.03,0.03,2026-07-20 20:00:18,4010.45,4004.0299999999997,4.547473508864641e-13,False,False,19.26,0.0,0.0,0.0,466405185,466489806,604246568,604329719,999832058,999878426,1.0,1.0,1123.0,19.26,6.419999999999618,L221
604260216,short,2026-07-20 19:41:54,4004.64,0.02,2026-07-20 20:44:58,4008.36,4004.6400000000003,4.547473508864641e-13,False,False,-7.44,0.0,0.0,0.0,466422451,466575716,604260216,604419994,999841661,999937895,0.0,1.0,3784.0,-7.44,-3.7200000000002547,S226
604285028,short,2026-07-20 19:42:30,4007.51,0.02,2026-07-20 20:44:57,4008.24,4007.5099999999998,4.547473508864641e-13,False,False,-1.46,0.0,0.0,0.0,466450308,466575379,604285028,604419833,999846746,999937855,1.0,0.0,3747.0,-1.46,-0.7299999999995634,S226
604296434,short,2026-07-20 19:42:58,4008.83,0.03,2026-07-20 20:44:57,4008.1,4008.83,0.0,False,False,2.19,0.0,0.0,0.0,466461378,466574887,604296434,604419237,999849907,999937826,1.0,0.0,3719.0,2.19,0.7300000000000182,S226
604348549,short,2026-07-20 20:01:05,4010.82,0.04,2026-07-20 20:44:57,4008.1,4010.8199999999997,4.547473508864641e-13,False,False,10.88,0.0,0.0,0.0,466510808,466574706,604348549,604418998,999884921,999937807,0.0,1.0,2632.0,10.88,2.7200000000002547,S226
608319064,short,2026-07-21 08:41:32,4064.28,0.04,2026-07-21 10:09:41,4075.93,4064.2799999999997,4.547473508864641e-13,False,False,-46.6,0.0,0.0,0.0,470272851,470817000,608319064,608923698,1001572845,1001931061,0.0,1.0,5289.0,-46.6,-11.649999999999636,S227
608319291,short,2026-07-21 08:41:33,4064.22,0.03,2026-07-21 10:09:40,4075.92,4064.2200000000003,4.547473508864641e-13,False,False,-35.1,0.0,0.0,0.0,470272960,470816778,608319291,608923492,1001572986,1001931059,1.0,0.0,5287.0,-35.1,-11.700000000000273,S227
608319520,short,2026-07-21 08:41:33,4064.14,0.02,2026-07-21 10:09:38,4076.08,4064.14,0.0,False,False,-23.88,0.0,0.0,0.0,470273267,470816485,608319520,608923249,1001573075,1001930828,0.0,0.0,5285.0,-23.88,-11.940000000000055,S227
608319751,short,2026-07-21 08:41:34,4064.12,0.02,2026-07-21 10:09:36,4076.26,4064.1200000000003,4.547473508864641e-13,False,False,-24.28,0.0,0.0,0.0,470273527,470816213,608319751,608922988,1001573175,1001930537,0.0,0.0,5282.0,-24.28,-12.140000000000327,S227
608320906,short,2026-07-21 08:42:10,4063.64,0.05,2026-07-21 10:09:34,4076.12,4063.64,0.0,False,False,-62.4,0.0,0.0,0.0,470275172,470815939,608320906,608922703,1001575783,1001930213,1.0,0.0,5244.0,-62.4,-12.480000000000018,S227
608351123,short,2026-07-21 08:43:35,4065.7,0.06,2026-07-21 10:09:34,4076.12,4065.7,0.0,False,False,-62.52,0.0,0.0,0.0,470302784,470815732,608351123,608922482,1001588220,1001930175,1.0,1.0,5159.0,-62.52,-10.420000000000073,S227
608413665,long,2026-07-21 08:52:41,4063.58,0.02,2026-07-21 09:03:51,4066.24,4063.58,0.0,False,False,5.32,0.0,0.0,0.0,470357161,470407078,608413665,608468162,1001628361,1001658816,0.0,0.0,670.0,5.32,2.6599999999998545,L222
608513308,short,2026-07-21 09:10:38,4066.78,0.08,2026-07-21 10:09:33,4076.11,4066.78,0.0,False,False,-74.64,0.0,0.0,0.0,470450758,470815479,608513308,608922250,1001680038,1001930144,0.0,0.0,3535.0,-74.64,-9.329999999999927,S227
608536300,short,2026-07-21 09:11:30,4069.56,0.11,2026-07-21 10:09:33,4076.01,4069.5600000000004,4.547473508864641e-13,False,False,-70.95,0.0,0.0,0.0,470466019,470815255,608536300,608922020,1001692463,1001930065,0.0,0.0,3483.0,-70.95,-6.450000000000273,S227
608570772,short,2026-07-21 09:13:50,4071.08,0.14,2026-07-21 10:09:33,4075.96,4071.08,0.0,False,False,-68.32,0.0,0.0,0.0,470500515,470815031,608570772,608921801,1001709374,1001930006,0.0,1.0,3343.0,-68.32,-4.880000000000109,S227
608630185,long,2026-07-21 09:20:50,4070.87,0.02,2026-07-21 09:22:23,4072.19,4070.87,0.0,False,False,2.64,0.0,0.0,0.0,470549213,470553314,608630185,608634590,1001737858,1001741067,1.0,1.0,93.0,2.64,1.3200000000001637,L223
608667470,short,2026-07-21 09:24:24,4073.24,0.18,2026-07-21 10:09:32,4075.95,4073.24,0.0,False,False,-48.78,0.0,0.0,0.0,470580548,470814815,608667470,608921564,1001756723,1001929940,0.0,0.0,2708.0,-48.78,-2.7100000000000364,S227
608740613,short,2026-07-21 09:36:45,4074.54,0.23,2026-07-21 10:09:32,4075.96,4074.54,0.0,False,False,-32.66,0.0,0.0,0.0,470647396,470814718,608740613,608921345,1001796317,1001929913,0.0,0.0,1967.0,-32.66,-1.4200000000000728,S227
608777279,short,2026-07-21 09:42:01,4078.24,0.3,2026-07-21 10:09:32,4075.93,4078.24,0.0,False,False,69.3,0.0,0.0,0.0,470677149,470814343,608777279,608921120,1001821553,1001929881,1.0,1.0,1651.0,69.3,2.3099999999999454,S227
608791618,short,2026-07-21 09:42:19,4079.65,0.39,2026-07-21 10:09:32,4075.9,4079.65,0.0,False,False,146.25,0.0,0.0,0.0,470693935,470814189,608791618,608920892,1001831290,1001929836,0.0,1.0,1633.0,146.25,3.75,S227
608861844,short,2026-07-21 09:49:43,4083.09,0.51,2026-07-21 10:09:31,4075.79,4083.09,0.0,False,False,372.3,0.0,0.0,0.0,470759227,470813924,608861844,608920666,1001877049,1001929808,1.0,0.0,1188.0,372.3,7.300000000000182,S227
608890949,long,2026-07-21 10:01:15,4079.35,0.02,2026-07-21 10:09:31,4075.33,4079.35,0.0,False,False,-8.04,0.0,0.0,0.0,470785813,470813734,608890949,608920445,1001909057,1001929794,0.0,0.0,496.0,-8.04,-4.019999999999982,L224
609113419,long,2026-07-21 10:48:00,4071.66,0.02,2026-07-21 12:04:27,4065.82,4071.6600000000003,4.547473508864641e-13,False,False,-11.68,0.0,0.0,0.0,470997938,471252591,609113419,609389375,1002078139,1002282828,1.0,1.0,4587.0,-11.68,-5.839999999999691,L225
609138509,long,2026-07-21 11:02:02,4069.81,0.02,2026-07-21 12:04:26,4065.84,4069.81,0.0,False,False,-7.94,0.0,0.0,0.0,471019848,471252295,609138509,609389097,1002103569,1002282801,0.0,0.0,3744.0,-7.94,-3.9699999999998,L225
609157599,long,2026-07-21 11:03:00,4067.55,0.03,2026-07-21 12:04:26,4065.88,4067.55,0.0,False,False,-5.01,0.0,0.0,0.0,471037318,471252163,609157599,609388823,1002112214,1002282741,1.0,0.0,3686.0,-5.01,-1.6700000000000728,L225
609235315,long,2026-07-21 11:23:49,4064.62,0.04,2026-07-21 12:04:26,4066.1,4064.62,0.0,False,False,5.92,0.0,0.0,0.0,471109098,471251782,609235315,609388513,1002172742,1002282611,0.0,1.0,2437.0,5.92,1.4800000000000182,L225
609283081,long,2026-07-21 11:37:43,4062.42,0.05,2026-07-21 12:04:25,4066.11,4062.42,0.0,False,False,18.45,0.0,0.0,0.0,471152975,471251506,609283081,609388250,1002208663,1002282566,1.0,0.0,1602.0,18.45,3.6900000000000546,L225
609322966,long,2026-07-21 11:50:07,4060.72,0.06,2026-07-21 12:04:25,4066.11,4060.7200000000003,4.547473508864641e-13,False,False,32.34,0.0,0.0,0.0,471189306,471251211,609322966,609387876,1002236171,1002282549,0.0,0.0,858.0,32.34,5.390000000000327,L225
609398276,short,2026-07-21 12:05:46,4065.01,0.02,2026-07-21 12:29:47,4063.12,4065.0099999999998,4.547473508864641e-13,False,False,3.78,0.0,0.0,0.0,471262040,471332197,609398276,609479254,1002290711,1002343304,1.0,1.0,1441.0,3.78,1.8900000000003274,S228
609431451,short,2026-07-21 12:20:42,4066.88,0.02,2026-07-21 12:29:47,4063.12,4066.88,0.0,False,False,7.52,0.0,0.0,0.0,471289906,471332184,609431451,609479127,1002315215,1002343262,0.0,1.0,545.0,7.52,3.7600000000002183,S228
609522349,long,2026-07-21 12:43:55,4062.49,0.02,2026-07-21 12:46:46,4064.62,4062.49,0.0,False,False,4.26,0.0,0.0,0.0,471374120,471381660,609522349,609530522,1002377882,1002384480,1.0,0.0,171.0,4.26,2.130000000000109,L226
609555757,short,2026-07-21 12:50:03,4065.28,0.02,2026-07-21 13:04:36,4064.45,4065.2799999999997,4.547473508864641e-13,False,False,1.66,0.0,0.0,0.0,471406385,471475324,609555757,609628914,1002398569,1002444877,0.0,0.0,873.0,1.66,0.830000000000382,S229
609589633,short,2026-07-21 12:55:02,4068.34,0.02,2026-07-21 13:04:36,4064.45,4068.3399999999997,4.547473508864641e-13,False,False,7.78,0.0,0.0,0.0,471439285,471475210,609589633,609628688,1002418681,1002444874,0.0,0.0,574.0,7.78,3.8900000000003274,S229
609656011,long,2026-07-21 13:10:33,4064.78,0.02,2026-07-21 13:11:26,4066.57,4064.78,0.0,False,False,3.58,0.0,0.0,0.0,471499910,471521584,609656011,609682784,1002462049,1002475736,1.0,1.0,53.0,3.58,1.7899999999999636,L227
609683631,short,2026-07-21 13:11:29,4065.86,0.02,2026-07-21 13:47:34,4064.74,4065.8599999999997,4.547473508864641e-13,False,False,2.24,0.0,0.0,0.0,471526886,471620382,609683631,609787687,1002476572,1002546188,0.0,1.0,2165.0,2.24,1.1200000000003456,S230
609724156,short,2026-07-21 13:24:50,4067.47,0.02,2026-07-21 13:47:33,4064.76,4067.4700000000003,4.547473508864641e-13,False,False,5.42,0.0,0.0,0.0,471564254,471620055,609724156,609787397,1002503455,1002546151,0.0,0.0,1363.0,5.42,2.7099999999995816,S230
609842534,long,2026-07-21 14:02:01,4061.26,0.02,2026-07-21 15:07:08,4060.71,4061.26,0.0,False,False,-1.1,0.0,0.0,0.0,471673496,471850565,609842534,610032297,1002586084,1002739825,1.0,1.0,3907.0,-1.1,-0.5500000000001819,L228
609885589,long,2026-07-21 14:05:22,4058.64,0.02,2026-07-21 15:07:09,4060.49,4058.64,0.0,False,False,3.7,0.0,0.0,0.0,471715339,471851439,609885589,610037395,1002607983,1002739918,1.0,0.0,3707.0,3.7,1.849999999999909,L228
609947090,short,2026-07-21 14:37:24,4059.83,0.02,2026-07-21 14:42:09,4057.25,4059.83,0.0,False,False,5.16,0.0,0.0,0.0,471772895,471789330,609947090,609965313,1002665100,1002677494,1.0,1.0,285.0,5.16,2.5799999999999272,S231
609992596,long,2026-07-21 14:47:23,4056.2,0.03,2026-07-21 15:07:09,4060.49,4056.2,0.0,False,False,12.87,0.0,0.0,0.0,471815077,471851636,609992596,610039002,1002696031,1002740233,0.0,0.0,1186.0,12.87,4.289999999999964,L228
610042093,short,2026-07-21 15:08:01,4059.96,0.02,2026-07-21 15:10:40,4056.85,4059.96,0.0,False,False,6.22,0.0,0.0,0.0,471860444,471872438,610042093,610055626,1002745160,1002755441,0.0,0.0,159.0,6.22,3.1100000000001273,S232
610139809,short,2026-07-21 15:24:44,4064.74,0.02,2026-07-21 15:34:33,4059.64,4064.74,0.0,False,False,10.2,0.0,0.0,0.0,471950973,472005863,610139809,610195367,1002810480,1002843686,0.0,0.0,589.0,10.2,5.099999999999909,S233
610226809,long,2026-07-21 15:36:23,4057.31,0.02,2026-07-21 15:48:11,4059.1,4057.31,0.0,False,False,3.58,0.0,0.0,0.0,472037965,472144771,610226809,610339665,1002859697,1002918878,1.0,0.0,708.0,3.58,1.7899999999999636,L229
610242671,long,2026-07-21 15:37:51,4055.36,0.02,2026-07-21 15:48:11,4058.58,4055.36,0.0,False,False,6.44,0.0,0.0,0.0,472053086,472144469,610242671,610339403,1002869882,1002918871,0.0,0.0,620.0,6.44,3.2199999999998,L229
610278272,long,2026-07-21 15:43:57,4053.49,0.03,2026-07-21 15:48:11,4058.26,4053.4900000000002,4.547473508864641e-13,False,False,14.31,0.0,0.0,0.0,472087344,472144354,610278272,610339282,1002891399,1002918869,0.0,0.0,254.0,14.31,4.770000000000437,L229
610371592,short,2026-07-21 15:49:37,4061.05,0.02,2026-07-21 15:53:11,4055.99,4061.0499999999997,4.547473508864641e-13,False,False,10.12,0.0,0.0,0.0,472179049,472211172,610371592,610405398,1002933632,1002948384,0.0,1.0,214.0,10.12,5.0600000000004,S234
610409909,long,2026-07-21 15:54:00,4056.78,0.02,2026-07-21 16:00:10,4058.41,4056.7799999999997,4.547473508864641e-13,False,False,3.26,0.0,0.0,0.0,472216178,472257052,610409909,610460147,1002952241,1002976106,0.0,1.0,370.0,3.26,1.6299999999996544,L230
610436290,long,2026-07-21 15:57:21,4054.85,0.02,2026-07-21 16:00:10,4058.5,4054.85,0.0,False,False,7.3,0.0,0.0,0.0,472241329,472256632,610436290,610459827,1002964182,1002976075,1.0,1.0,169.0,7.3,3.650000000000091,L230
610492265,short,2026-07-21 16:03:15,4059.87,0.02,2026-07-21 16:04:12,4056.35,4059.87,0.0,False,False,7.04,0.0,0.0,0.0,472296276,472306602,610492265,610503990,1002994066,1002999381,1.0,0.0,57.0,7.04,3.519999999999982,S235
610563512,short,2026-07-21 16:15:29,4061.0,0.02,2026-07-21 16:16:55,4057.51,4061.0,0.0,False,False,6.98,0.0,0.0,0.0,472363455,472375153,610563512,610579364,1003030810,1003036250,0.0,0.0,86.0,6.98,3.4899999999997817,S236
610624638,long,2026-07-21 16:21:14,4054.31,0.02,2026-07-21 16:33:05,4055.07,4054.31,0.0,False,False,1.52,0.0,0.0,0.0,472422270,472578423,610624638,610794599,1003057991,1003125062,0.0,0.0,711.0,1.52,0.7600000000002183,L231
610692319,long,2026-07-21 16:29:24,4051.57,0.02,2026-07-21 16:33:05,4055.07,4051.57,0.0,False,False,7.0,0.0,0.0,0.0,472488407,472578496,610692319,610794239,1003092660,1003124926,0.0,0.0,221.0,7.0,3.5,L231
610729196,long,2026-07-21 16:31:42,4049.14,0.03,2026-07-21 16:33:05,4055.15,4049.14,0.0,False,False,18.03,0.0,0.0,0.0,472516782,472578619,610729196,610794438,1003107904,1003124984,0.0,0.0,83.0,18.03,6.010000000000218,L231
610801235,short,2026-07-21 16:33:21,4054.16,0.02,2026-07-21 16:37:39,4053.23,4054.16,0.0,False,False,1.86,0.0,0.0,0.0,472592497,472652127,610801235,610858596,1003132979,1003156900,2.0,1.0,258.0,1.86,0.9299999999998363,S237
610836868,short,2026-07-21 16:34:56,4055.89,0.02,2026-07-21 16:37:38,4053.24,4055.89,0.0,False,False,5.3,0.0,0.0,0.0,472631016,472651147,610836868,610858310,1003144303,1003156791,0.0,0.0,162.0,5.3,2.650000000000091,S237
610920623,long,2026-07-21 16:42:12,4051.06,0.02,2026-07-21 16:50:11,4050.59,4051.06,0.0,False,False,-0.94,0.0,0.0,0.0,472709022,472819427,610920623,611030505,1003183292,1003237131,1.0,1.0,479.0,-0.94,-0.4699999999997999,L232
610941907,long,2026-07-21 16:43:29,4049.17,0.02,2026-07-21 16:50:12,4050.6,4049.17,0.0,False,False,2.86,0.0,0.0,0.0,472733611,472821330,610941907,611031248,1003191364,1003237383,1.0,0.0,403.0,2.86,1.4299999999998363,L232
610963660,long,2026-07-21 16:44:18,4046.26,0.03,2026-07-21 16:50:12,4050.6,4046.2599999999998,4.547473508864641e-13,False,False,13.02,0.0,0.0,0.0,472753782,472821155,610963660,611030930,1003203429,1003237292,0.0,0.0,354.0,13.02,4.339999999999691,L232
611025609,short,2026-07-21 16:49:33,4049.41,0.02,2026-07-21 19:46:48,4071.52,4049.41,0.0,False,False,-44.22,0.0,0.0,0.0,472815476,474030957,611025609,612284751,1003233746,1003880782,0.0,1.0,10635.0,-44.22,-22.110000000000127,S238
611105474,short,2026-07-21 16:55:05,4051.56,0.02,2026-07-21 19:46:47,4071.59,4051.56,0.0,False,False,-40.06,0.0,0.0,0.0,472894206,474030732,611105474,612284531,1003268237,1003880740,1.0,0.0,10302.0,-40.06,-20.0300000000002,S238
611132150,short,2026-07-21 17:00:11,4052.78,0.03,2026-07-21 19:46:47,4071.59,4052.78,0.0,False,False,-56.43,0.0,0.0,0.0,472918625,474030504,611132150,612284312,1003286483,1003880724,1.0,0.0,9996.0,-56.43,-18.809999999999945,S238
611171986,short,2026-07-21 17:05:41,4055.94,0.04,2026-07-21 19:46:47,4071.6,4055.94,0.0,False,False,-62.64,0.0,0.0,0.0,472959164,474030378,611171986,612284082,1003312789,1003880614,0.0,1.0,9666.0,-62.64,-15.659999999999854,S238
611191100,short,2026-07-21 17:06:45,4058.33,0.05,2026-07-21 19:46:46,4071.61,4058.33,0.0,False,False,-66.4,0.0,0.0,0.0,472977913,474030094,611191100,612283857,1003323040,1003880535,0.0,0.0,9601.0,-66.4,-13.2800000000002,S238
611237291,short,2026-07-21 17:11:25,4059.69,0.06,2026-07-21 19:46:46,4071.65,4059.69,0.0,False,False,-71.76,0.0,0.0,0.0,473022164,474029928,611237291,612283645,1003349579,1003880531,0.0,1.0,9321.0,-71.76,-11.960000000000036,S238
611263171,short,2026-07-21 17:12:33,4063.87,0.08,2026-07-21 19:46:45,4071.6,4063.87,0.0,False,False,-61.84,0.0,0.0,0.0,473043586,474029646,611263171,612283408,1003366408,1003880431,0.0,0.0,9252.0,-61.84,-7.730000000000018,S238
611367823,short,2026-07-21 17:18:47,4066.49,0.11,2026-07-21 19:46:45,4071.58,4066.49,0.0,False,False,-55.99,0.0,0.0,0.0,473149693,474029397,611367823,612283183,1003408393,1003880380,0.0,0.0,8878.0,-55.99,-5.0900000000001455,S238
611397073,long,2026-07-21 17:22:53,4062.49,0.02,2026-07-21 17:23:15,4062.79,4062.49,0.0,False,False,0.6,0.0,0.0,0.0,473177837,473180410,611397073,611399002,1003426806,1003428608,1.0,0.0,22.0,0.6,0.3000000000001819,L233
611413754,long,2026-07-21 17:25:34,4067.42,0.02,2026-07-21 17:29:13,4068.67,4067.42,0.0,False,False,2.5,0.0,0.0,0.0,473190978,473222870,611413754,611447503,1003437255,1003448366,0.0,1.0,219.0,2.5,1.25,L234
611504540,short,2026-07-21 17:31:01,4072.63,0.14,2026-07-21 19:46:44,4071.53,4072.63,0.0,False,False,15.4,0.0,0.0,0.0,473281569,474029225,611504540,612282945,1003474164,1003880254,1.0,0.0,8143.0,15.4,1.099999999999909,S238
611568641,long,2026-07-21 17:36:10,4065.66,0.02,2026-07-21 17:48:03,4068.47,4065.66,0.0,False,False,5.62,0.0,0.0,0.0,473341724,473414054,611568641,611642892,1003506779,1003553791,0.0,1.0,713.0,5.62,2.8099999999999454,L235
611608281,long,2026-07-21 17:38:31,4063.55,0.02,2026-07-21 17:48:03,4068.47,4063.5499999999997,4.547473508864641e-13,False,False,9.84,0.0,0.0,0.0,473380665,473414036,611608281,611642586,1003522946,1003553739,0.0,1.0,572.0,9.84,4.919999999999618,L235
611653253,long,2026-07-21 17:48:08,4070.48,0.02,2026-07-21 17:48:09,4069.79,4070.48,0.0,False,False,-1.38,0.0,0.0,0.0,473418248,473418899,611653253,611655837,1003555686,1003557197,0.0,0.0,1.0,-1.38,-0.6900000000000546,L236
611909993,short,2026-07-21 18:18:04,4077.37,0.18,2026-07-21 19:46:44,4071.53,4077.3700000000003,4.547473508864641e-13,False,False,105.12,0.0,0.0,0.0,473670971,474029047,611909993,612282727,1003669339,1003880229,0.0,1.0,5320.0,105.12,5.839999999999691,S238
611910299,short,2026-07-21 18:18:06,4077.51,0.23,2026-07-21 19:46:43,4071.54,4077.5099999999998,4.547473508864641e-13,False,False,137.31,0.0,0.0,0.0,473671438,474028759,611910299,612282510,1003669585,1003880204,0.0,0.0,5317.0,137.31,5.970000000000255,S238
611933682,long,2026-07-21 18:21:47,4078.24,0.02,2026-07-21 18:32:15,4079.43,4078.24,0.0,False,False,2.38,0.0,0.0,0.0,473693867,473714045,611933682,611956769,1003679763,1003697434,1.0,1.0,628.0,2.38,1.1900000000000546,L237
611987863,short,2026-07-21 18:33:10,4080.69,0.3,2026-07-21 19:46:43,4071.56,4080.69,0.0,False,False,273.9,0.0,0.0,0.0,473742237,474028573,611987863,612282282,1003713229,1003880180,0.0,0.0,4413.0,273.9,9.13000000000011,S238
612110351,long,2026-07-21 18:46:22,4075.82,0.02,2026-07-21 18:53:50,4077.94,4075.82,0.0,False,False,4.24,0.0,0.0,0.0,473864692,473912824,612110351,612160297,1003766243,1003793165,0.0,1.0,448.0,4.24,2.119999999999891,L238
612137174,long,2026-07-21 18:49:59,4073.46,0.02,2026-07-21 18:53:50,4077.99,4073.4599999999996,4.547473508864641e-13,False,False,9.06,0.0,0.0,0.0,473890953,473913173,612137174,612160515,1003779550,1003793166,0.0,1.0,231.0,9.06,4.529999999999745,L238
612239844,long,2026-07-21 19:28:17,4075.5,0.02,2026-07-21 19:46:43,4071.13,4075.5,0.0,False,False,-8.74,0.0,0.0,0.0,473988580,474028301,612239844,612282065,1003847124,1003880153,0.0,1.0,1106.0,-8.74,-4.369999999999891,L239
612263981,long,2026-07-21 19:37:33,4072.87,0.02,2026-07-21 19:46:42,4071.12,4072.87,0.0,False,False,-3.5,0.0,0.0,0.0,474011418,474028059,612263981,612281847,1003861876,1003880144,0.0,0.0,549.0,-3.5,-1.75,L239
615241418,short,2026-07-22 07:41:27,4126.74,0.34,2026-07-22 10:11:13,4113.3,4126.74,0.0,False,False,456.96,0.0,0.0,0.0,476857047,477541310,615241418,616001939,1005228772,1005651119,1.0,0.0,8986.0,456.96,13.4399999999996,S239
615241635,short,2026-07-22 07:41:27,4126.74,0.21,2026-07-22 10:11:13,4113.31,4126.740000000001,9.094947017729282e-13,False,False,282.03,0.0,0.0,0.0,476857102,477541096,615241635,616001728,1005228776,1005651088,0.0,1.0,8986.0,282.03,13.429999999999382,S239
615241860,short,2026-07-22 07:41:27,4126.76,0.13,2026-07-22 10:11:13,4113.36,4126.759999999999,9.094947017729282e-13,False,False,174.2,0.0,0.0,0.0,476857400,477540786,615241860,616001498,1005228801,1005651062,0.0,1.0,8986.0,174.2,13.400000000000546,S239
615242082,short,2026-07-22 07:41:28,4126.76,0.08,2026-07-22 10:11:12,4113.37,4126.76,0.0,False,False,107.12,0.0,0.0,0.0,476857604,477540593,615242082,616001289,1005228827,1005651021,1.0,0.0,8984.0,107.12,13.390000000000327,S239
615242305,short,2026-07-22 07:41:28,4126.76,0.05,2026-07-22 10:11:12,4113.38,4126.76,0.0,False,False,66.9,0.0,0.0,0.0,476857922,477540408,615242305,616001064,1005228880,1005650988,0.0,1.0,8984.0,66.9,13.38000000000011,S239
615242523,short,2026-07-22 07:41:28,4126.76,0.03,2026-07-22 10:11:11,4113.38,4126.76,0.0,False,False,40.14,0.0,0.0,0.0,476857973,477540108,615242523,616000840,1005228881,1005650922,0.0,0.0,8983.0,40.14,13.38000000000011,S239
615242741,short,2026-07-22 07:41:28,4126.76,0.02,2026-07-22 10:11:11,4113.36,4126.759999999999,9.094947017729282e-13,False,False,26.8,0.0,0.0,0.0,476858274,477539910,615242741,616000602,1005228887,1005650849,0.0,0.0,8983.0,26.8,13.400000000000546,S239
617385315,short,2026-07-22 15:02:53,4124.67,0.34,2026-07-22 15:49:59,4119.1,4124.67,0.0,False,False,189.38,0.0,0.0,0.0,478860754,479169344,617385315,617703943,1006417560,1006610645,0.0,1.0,2826.0,189.38,5.569999999999709,S240
617385542,short,2026-07-22 15:02:54,4124.65,0.21,2026-07-22 15:49:58,4119.28,4124.65,0.0,False,False,112.77,0.0,0.0,0.0,478861134,479169106,617385542,617703695,1006417589,1006610541,1.0,1.0,2824.0,112.77,5.369999999999891,S240
617385761,short,2026-07-22 15:02:54,4124.65,0.13,2026-07-22 15:49:50,4119.66,4124.65,0.0,False,False,64.87,0.0,0.0,0.0,478861188,479167993,617385761,617703062,1006417595,1006609500,0.0,1.0,2816.0,64.87,4.989999999999782,S240
617385983,short,2026-07-22 15:02:54,4124.69,0.08,2026-07-22 15:49:49,4119.53,4124.69,0.0,False,False,41.28,0.0,0.0,0.0,478861502,479167707,617385983,617702832,1006417637,1006609426,0.0,0.0,2815.0,41.28,5.1599999999998545,S240
617386205,short,2026-07-22 15:02:54,4124.69,0.05,2026-07-22 15:49:49,4119.52,4124.6900000000005,9.094947017729282e-13,False,False,25.85,0.0,0.0,0.0,478861615,479167503,617386205,617702614,1006417657,1006609366,0.0,0.0,2815.0,25.85,5.169999999999163,S240
617386949,short,2026-07-22 15:03:11,4125.53,0.03,2026-07-22 15:49:49,4119.53,4125.53,0.0,False,False,18.0,0.0,0.0,0.0,478862433,479167329,617386949,617702385,1006418524,1006609237,0.0,1.0,2798.0,18.0,6.0,S240
617387835,short,2026-07-22 15:03:28,4125.88,0.02,2026-07-22 15:49:49,4119.53,4125.88,0.0,False,False,12.7,0.0,0.0,0.0,478863242,479167071,617387835,617702161,1006419443,1006609166,1.0,1.0,2781.0,12.7,6.350000000000364,S240
617816198,short,2026-07-22 16:03:39,4117.48,0.34,2026-07-23 01:59:35,4121.89,4117.4800000000005,9.094947017729282e-13,False,False,-149.94,27.52,0.0,0.0,479280030,481143605,617816198,619783805,1006706241,1007969491,1.0,0.0,35756.0,-122.42,-4.410000000000764,S241
617816433,short,2026-07-22 16:03:39,4117.46,0.21,2026-07-23 01:59:35,4122.03,4117.46,0.0,False,False,-95.97,17.0,0.0,0.0,479280174,481143203,617816433,619783422,1006706278,1007969449,0.0,0.0,35756.0,-78.97,-4.569999999999709,S241
617816670,short,2026-07-22 16:03:39,4117.45,0.13,2026-07-23 01:59:35,4122.25,4117.45,0.0,False,False,-62.4,10.52,0.0,0.0,479280421,481142942,617816670,619783187,1006706314,1007969427,0.0,1.0,35756.0,-51.879999999999995,-4.800000000000182,S241
617816904,short,2026-07-22 16:03:40,4117.4,0.08,2026-07-23 01:59:34,4122.4,4117.4,0.0,False,False,-40.0,6.48,0.0,0.0,479280688,481142760,617816904,619782970,1006706359,1007969405,1.0,0.0,35754.0,-33.519999999999996,-5.0,S241
617817135,short,2026-07-22 16:03:40,4117.42,0.05,2026-07-23 01:59:34,4122.21,4117.42,0.0,False,False,-23.95,4.05,0.0,0.0,479280949,481142516,617817135,619782740,1006706385,1007969377,1.0,0.0,35754.0,-19.9,-4.789999999999964,S241
617817396,short,2026-07-22 16:03:40,4117.4,0.03,2026-07-23 01:59:34,4122.21,4117.4,0.0,False,False,-14.43,2.43,0.0,0.0,479281304,481142383,617817396,619782517,1006706484,1007969332,0.0,1.0,35754.0,-12.0,-4.8100000000004,S241
617817617,short,2026-07-22 16:03:41,4117.42,0.02,2026-07-23 01:59:34,4122.2,4117.42,0.0,False,False,-9.56,1.62,0.0,0.0,479281449,481142122,617817617,619782289,1006706489,1007969305,1.0,1.0,35753.0,-7.94,-4.779999999999745,S241
617967238,short,2026-07-22 16:25:10,4132.65,0.03,2026-07-23 01:59:40,4121.45,4132.65,0.0,False,False,33.6,2.43,0.0,0.0,479425710,481145667,617967238,619786136,1006807891,1007969903,1.0,0.0,34470.0,36.03,11.199999999999818,S241
617967464,short,2026-07-22 16:25:10,4132.59,0.05,2026-07-23 01:59:41,4121.52,4132.59,0.0,False,False,55.35,4.05,0.0,0.0,479425926,481146314,617967464,619786559,1006807919,1007969905,0.0,1.0,34471.0,59.4,11.069999999999709,S241
617967686,short,2026-07-22 16:25:10,4132.6,0.08,2026-07-23 01:59:41,4121.66,4132.599999999999,9.094947017729282e-13,False,False,87.52,6.48,0.0,0.0,479426074,481146689,617967686,619786772,1006807935,1007969907,0.0,1.0,34471.0,94.0,10.94000000000051,S241
617967911,short,2026-07-22 16:25:11,4132.27,0.13,2026-07-23 01:59:41,4121.64,4132.27,0.0,False,False,138.19,10.52,0.0,0.0,479426409,481146900,617967911,619787400,1006807977,1007969910,1.0,1.0,34470.0,148.71,10.63000000000011,S241
617968214,short,2026-07-22 16:25:11,4132.01,0.21,2026-07-23 01:59:41,4121.66,4132.01,0.0,False,False,217.35,17.0,0.0,0.0,479426829,481146486,617968214,619786982,1006808024,1007969908,0.0,1.0,34470.0,234.35,10.350000000000364,S241
617968457,short,2026-07-22 16:25:11,4132.06,0.34,2026-07-23 01:59:41,4121.64,4132.06,0.0,False,False,354.28,27.52,0.0,0.0,479427104,481146981,617968457,619787183,1006808041,1007969909,0.0,1.0,34470.0,381.79999999999995,10.420000000000073,S241
618338186,short,2026-07-22 16:58:08,4149.96,0.86,2026-07-22 17:18:24,4150.1,4149.96,0.0,False,False,-12.04,0.0,0.0,0.0,479784176,480026302,618338186,618590930,1007003089,1007133994,0.0,0.0,1216.0,-12.04,-0.14000000000032742,S241
619016021,long,2026-07-22 19:10:02,4157.16,0.03,2026-07-22 19:11:39,4155.13,4157.16,0.0,False,False,-6.09,0.0,0.0,0.0,480422505,480433106,619016021,619026981,1007450732,1007459041,0.0,0.0,97.0,-6.09,-2.0299999999997453,L240
619054064,short,2026-07-22 19:25:01,4151.98,0.55,2026-07-23 01:59:33,4122.14,4151.9800000000005,9.094947017729282e-13,False,False,1641.2,44.52,0.0,0.0,480458816,481141972,619054064,619782053,1007486634,1007969300,0.0,0.0,23672.0,1685.72,29.839999999999236,S241
619054396,short,2026-07-22 19:25:02,4151.98,0.55,2026-07-23 01:59:41,4121.52,4151.9800000000005,9.094947017729282e-13,False,False,1675.3,44.52,0.0,0.0,480459228,481145972,619054396,619786351,1007486909,1007969904,0.0,1.0,23679.0,1719.82,30.459999999999127,S241
619552452,long,2026-07-22 23:34:02,4135.95,0.05,2026-07-22 23:57:57,4129.75,4135.95,0.0,False,False,-31.0,0.0,0.0,0.0,480925296,480962372,619552452,619592621,1007846206,1007863790,1.0,1.0,1435.0,-31.0,-6.199999999999818,L241
619584604,long,2026-07-22 23:47:02,4129.72,0.08,2026-07-22 23:57:40,4129.74,4129.719999999999,9.094947017729282e-13,False,False,0.16,0.0,0.0,0.0,480955289,480962151,619584604,619592357,1007859923,1007863688,0.0,1.0,638.0,0.16,0.019999999999527063,L241
619886277,long,2026-07-23 02:27:51,4120.48,0.02,2026-07-23 02:33:22,4122.26,4120.4800000000005,9.094947017729282e-13,False,False,3.56,0.0,0.0,0.0,481241798,481254662,619886277,619900187,1008023690,1008029297,1.0,0.0,331.0,3.56,1.7800000000006548,L242
619886505,long,2026-07-23 02:27:51,4120.43,0.03,2026-07-23 02:33:22,4122.26,4120.43,0.0,False,False,5.49,0.0,0.0,0.0,481241945,481254403,619886505,619899967,1008023699,1008029235,1.0,0.0,331.0,5.49,1.8299999999999272,L242
619886735,long,2026-07-23 02:27:51,4120.39,0.04,2026-07-23 02:33:22,4122.26,4120.39,0.0,False,False,7.48,0.0,0.0,0.0,481242110,481254189,619886735,619899748,1008023726,1008029198,0.0,1.0,331.0,7.48,1.8699999999998909,L242
619889176,long,2026-07-23 02:28:11,4119.6,0.05,2026-07-23 02:33:21,4122.26,4119.6,0.0,False,False,13.3,0.0,0.0,0.0,481244446,481253970,619889176,619899526,1008024604,1008029138,0.0,0.0,310.0,13.3,2.6599999999998545,L242
619890384,long,2026-07-23 02:28:31,4119.6,0.07,2026-07-23 02:33:21,4122.26,4119.6,0.0,False,False,18.62,0.0,0.0,0.0,481245573,481253686,619890384,619899314,1008024913,1008029117,0.0,0.0,290.0,18.62,2.6599999999998545,L242
619890841,long,2026-07-23 02:28:36,4120.04,0.08,2026-07-23 02:33:21,4122.26,4120.04,0.0,False,False,17.76,0.0,0.0,0.0,481246171,481253580,619890841,619899087,1008025052,1008029062,0.0,0.0,285.0,17.76,2.2200000000002547,L242
619891060,long,2026-07-23 02:28:36,4120.04,0.11,2026-07-23 02:33:21,4122.26,4120.04,0.0,False,False,24.42,0.0,0.0,0.0,481246193,481253213,619891060,619898864,1008025053,1008029006,0.0,1.0,285.0,24.42,2.2200000000002547,L242
619891280,long,2026-07-23 02:28:36,4120.04,0.18,2026-07-23 02:33:20,4122.26,4120.04,0.0,False,False,39.96,0.0,0.0,0.0,481246325,481252876,619891280,619898418,1008025054,1008028972,0.0,0.0,284.0,39.96,2.2200000000002547,L242
619891713,long,2026-07-23 02:28:36,4120.04,0.23,2026-07-23 02:33:20,4122.26,4120.04,0.0,False,False,51.06,0.0,0.0,0.0,481246704,481252678,619891713,619898204,1008025058,1008028937,0.0,0.0,284.0,51.06,2.2200000000002547,L242
619891497,long,2026-07-23 02:28:37,4120.04,0.14,2026-07-23 02:33:21,4122.26,4120.04,0.0,False,False,31.08,0.0,0.0,0.0,481246871,481253110,619891497,619898642,1008025055,1008028999,1.0,1.0,284.0,31.08,2.2200000000002547,L242
619891940,long,2026-07-23 02:28:37,4120.2,0.31,2026-07-23 02:33:20,4122.26,4120.2,0.0,False,False,63.86,0.0,0.0,0.0,481247385,481252450,619891940,619897985,1008025176,1008028906,0.0,1.0,283.0,63.86,2.0600000000004,L242
619892159,long,2026-07-23 02:28:37,4120.23,0.02,2026-07-23 02:33:19,4122.24,4120.23,0.0,False,False,4.02,0.0,0.0,0.0,481247470,481252293,619892159,619897760,1008025177,1008028901,0.0,0.0,282.0,4.02,2.0100000000002183,L242
623054994,long,2026-07-23 10:48:11,4093.18,0.11,2026-07-23 10:48:48,4094.79,4093.18,0.0,False,False,17.71,0.0,0.0,0.0,484232506,484240344,623054994,623064559,1009614674,1009617723,0.0,0.0,37.0,17.71,1.6100000000001273,L243
623055281,long,2026-07-23 10:48:12,4093.15,0.08,2026-07-23 10:48:48,4094.78,4093.15,0.0,False,False,13.04,0.0,0.0,0.0,484232829,484239999,623055281,623064059,1009614727,1009617692,1.0,0.0,36.0,13.04,1.6300000000001091,L243
623055526,long,2026-07-23 10:48:12,4093.15,0.06,2026-07-23 10:48:48,4094.73,4093.15,0.0,False,False,9.48,0.0,0.0,0.0,484233016,484239733,623055526,623063823,1009614805,1009617656,0.0,1.0,36.0,9.48,1.5799999999999272,L243
623057107,long,2026-07-23 10:48:14,4093.87,0.05,2026-07-23 10:48:47,4094.74,4093.87,0.0,False,False,4.35,0.0,0.0,0.0,484234349,484239539,623057107,623063605,1009614863,1009617620,1.0,0.0,33.0,4.35,0.8699999999998909,L243
623057284,long,2026-07-23 10:48:14,4093.87,0.04,2026-07-23 10:48:47,4094.76,4093.8700000000003,4.547473508864641e-13,False,False,3.56,0.0,0.0,0.0,484234734,484239291,623057284,623063343,1009614864,1009617593,1.0,0.0,33.0,3.56,0.8900000000003274,L243
623057519,long,2026-07-23 10:48:14,4093.87,0.03,2026-07-23 10:48:47,4094.74,4093.87,0.0,False,False,2.61,0.0,0.0,0.0,484234874,484239221,623057519,623063061,1009615105,1009617586,1.0,0.0,33.0,2.61,0.8699999999998909,L243
623320049,long,2026-07-23 11:22:20,4091.11,0.14,2026-07-23 11:43:43,4092.08,4091.11,0.0,False,False,13.58,0.0,0.0,0.0,484474267,484540479,623320049,623396288,1009750018,1009797894,1.0,1.0,1283.0,13.58,0.9699999999997999,L244
623320438,long,2026-07-23 11:22:23,4091.29,0.11,2026-07-23 11:43:43,4092.07,4091.29,0.0,False,False,8.58,0.0,0.0,0.0,484474578,484540293,623320438,623396069,1009750212,1009797821,0.0,1.0,1280.0,8.58,0.7800000000002001,L244
623320694,long,2026-07-23 11:22:25,4091.28,0.08,2026-07-23 11:43:42,4092.06,4091.2799999999997,4.547473508864641e-13,False,False,6.24,0.0,0.0,0.0,484474777,484540007,623320694,623395836,1009750275,1009797754,1.0,0.0,1277.0,6.24,0.7799999999997453,L244
623320933,long,2026-07-23 11:22:26,4091.31,0.06,2026-07-23 11:43:42,4092.1,4091.31,0.0,False,False,4.74,0.0,0.0,0.0,484475001,484539907,623320933,623395607,1009750389,1009797724,1.0,0.0,1276.0,4.74,0.7899999999999636,L244
623321157,long,2026-07-23 11:22:26,4091.3,0.05,2026-07-23 11:43:42,4092.14,4091.2999999999997,4.547473508864641e-13,False,False,4.2,0.0,0.0,0.0,484475238,484539615,623321157,623395362,1009750415,1009797673,0.0,1.0,1276.0,4.2,0.8399999999996908,L244
623321488,long,2026-07-23 11:22:38,4091.05,0.04,2026-07-23 11:43:41,4092.14,4091.0499999999997,4.547473508864641e-13,False,False,4.36,0.0,0.0,0.0,484475496,484539339,623321488,623395029,1009750894,1009797617,0.0,0.0,1263.0,4.36,1.0899999999996908,L244
623323825,long,2026-07-23 11:22:46,4091.42,0.03,2026-07-23 11:43:41,4092.2,4091.4199999999996,4.547473508864641e-13,False,False,2.34,0.0,0.0,0.0,484477610,484539016,623323825,623394636,1009751796,1009797571,0.0,0.0,1255.0,2.34,0.7799999999997453,L244
623383634,long,2026-07-23 11:42:17,4090.11,0.18,2026-07-23 11:43:41,4092.31,4090.11,0.0,False,False,39.6,0.0,0.0,0.0,484529113,484538881,623383634,623394321,1009792423,1009797551,0.0,1.0,84.0,39.6,2.199999999999818,L244
625041004,long,2026-07-23 16:12:46,4044.04,0.4,2026-07-23 16:19:02,4046.85,4044.04,0.0,False,False,112.4,0.0,0.0,0.0,486123670,486162627,625041004,625082920,1010776019,1010800913,1.0,0.0,376.0,112.4,2.8099999999999454,L245
625041231,long,2026-07-23 16:12:46,4044.03,0.31,2026-07-23 16:19:02,4046.85,4044.0299999999997,4.547473508864641e-13,False,False,87.42,0.0,0.0,0.0,486123912,486162675,625041231,625082537,1010776075,1010800784,0.0,1.0,376.0,87.42,2.819999999999709,L245
625041460,long,2026-07-23 16:12:47,4044.19,0.23,2026-07-23 16:19:01,4046.76,4044.19,0.0,False,False,59.11,0.0,0.0,0.0,486124105,486161391,625041460,625082207,1010776121,1010800525,1.0,0.0,374.0,59.11,2.5700000000001637,L245
625041693,long,2026-07-23 16:12:47,4044.43,0.18,2026-07-23 16:19:01,4046.76,4044.4300000000003,4.547473508864641e-13,False,False,41.94,0.0,0.0,0.0,486124341,486161104,625041693,625081957,1010776199,1010800381,0.0,0.0,374.0,41.94,2.330000000000382,L245
625042053,long,2026-07-23 16:12:48,4044.37,0.14,2026-07-23 16:19:01,4046.89,4044.37,0.0,False,False,35.28,0.0,0.0,0.0,486124608,486160141,625042053,625080797,1010776276,1010800266,1.0,1.0,373.0,35.28,2.519999999999982,L245
625042294,long,2026-07-23 16:12:48,4044.11,0.11,2026-07-23 16:19:01,4046.86,4044.11,0.0,False,False,30.25,0.0,0.0,0.0,486124826,486160030,625042294,625080373,1010776370,1010800175,0.0,1.0,373.0,30.25,2.75,L245
625042576,long,2026-07-23 16:12:49,4044.15,0.08,2026-07-23 16:19:00,4046.43,4044.1499999999996,4.547473508864641e-13,False,False,18.24,0.0,0.0,0.0,486125071,486159775,625042576,625080072,1010776481,1010800086,0.0,0.0,371.0,18.24,2.2799999999997453,L245
625042806,long,2026-07-23 16:12:49,4044.32,0.07,2026-07-23 16:19:00,4046.22,4044.3199999999997,4.547473508864641e-13,False,False,13.3,0.0,0.0,0.0,486125362,486159390,625042806,625079755,1010776530,1010800023,0.0,0.0,371.0,13.3,1.8999999999996362,L245
625043043,long,2026-07-23 16:12:50,4044.32,0.05,2026-07-23 16:19:00,4046.27,4044.32,0.0,False,False,9.75,0.0,0.0,0.0,486125524,486159152,625043043,625079487,1010776618,1010799980,0.0,0.0,370.0,9.75,1.949999999999818,L245
625043275,long,2026-07-23 16:12:51,4044.35,0.04,2026-07-23 16:19:00,4046.25,4044.35,0.0,False,False,7.6,0.0,0.0,0.0,486125755,486158962,625043275,625079125,1010776727,1010799886,1.0,1.0,369.0,7.6,1.900000000000091,L245
625043508,long,2026-07-23 16:12:51,4044.24,0.03,2026-07-23 16:18:59,4046.3,4044.2400000000002,4.547473508864641e-13,False,False,6.18,0.0,0.0,0.0,486125993,486158614,625043508,625078830,1010776773,1010799826,0.0,0.0,368.0,6.18,2.0600000000004,L245
625043732,long,2026-07-23 16:12:52,4044.32,0.02,2026-07-23 16:18:59,4046.17,4044.32,0.0,False,False,3.7,0.0,0.0,0.0,486126254,486158194,625043732,625078508,1010776846,1010799762,1.0,0.0,367.0,3.7,1.849999999999909,L245
625043961,long,2026-07-23 16:12:52,4044.41,0.02,2026-07-23 16:18:59,4046.15,4044.4100000000003,4.547473508864641e-13,False,False,3.48,0.0,0.0,0.0,486126508,486157868,625043961,625078226,1010776925,1010799725,0.0,1.0,367.0,3.48,1.7400000000002365,L245
