time,open,high,low,close,volume
2024-01-01 00:00:00+00:00,1.084866904052775,1.0863333690615633,1.0843220588541138,1.0853578433049276,4406
2024-01-01 01:00:00+00:00,1.0859350081842152,1.086745332899653,1.0850376292915453,1.0862849335950622,4022
2024-01-01 02:00:00+00:00,1.086459033115314,1.0871843490183772,1.0859426549305342,1.0864191090868511,5654
2024-01-01 03:00:00+00:00,1.0863201310569917,1.0870532653832257,1.0848273482664421,1.0850707301083404,4084
2024-01-01 04:00:00+00:00,1.0847947622569378,1.0854230483748253,1.083657945389654,1.0843205106850549,4564
2024-01-01 05:00:00+00:00,1.0838669144099586,1.084834865258456,1.0835142148723003,1.0842950315332256,6050
2024-01-01 06:00:00+00:00,1.0834551486848367,1.0845611214489228,1.0827012562294531,1.0832544510682165,2946
2024-01-01 07:00:00+00:00,1.0834398751353174,1.084287673269515,1.0824377460462646,1.082878119684974,3714
2024-01-01 08:00:00+00:00,1.0843210503782308,1.0846515018680616,1.0827803705538341,1.0840939437578567,4408
2024-01-01 09:00:00+00:00,1.0830163600227103,1.083868643127969,1.0803768028296203,1.0808845741533788,2585
2024-01-01 10:00:00+00:00,1.0810331988221853,1.0822939768918238,1.0808729996831983,1.081650606882444,4899
2024-01-01 11:00:00+00:00,1.0813126716002706,1.0819543311552846,1.079078563222869,1.0794553242442724,3865
2024-01-01 12:00:00+00:00,1.08040789241732,1.0812396518414962,1.0789597072945785,1.0794552269198954,3855
2024-01-01 13:00:00+00:00,1.0790393310219462,1.0802560010435105,1.0784544140202497,1.0799222861087867,3993
2024-01-01 14:00:00+00:00,1.080548786145583,1.081252631874828,1.0793105455995078,1.0800355365855239,2455
2024-01-01 15:00:00+00:00,1.0810263782966705,1.0810707952612277,1.079149015779552,1.0794653002481251,5318
2024-01-01 16:00:00+00:00,1.0782617682584623,1.0810044856567262,1.077606898532751,1.080171259113019,3820
2024-01-01 17:00:00+00:00,1.080519532004348,1.0811152553900774,1.0799375153913924,1.0805759589193595,2910
2024-01-01 18:00:00+00:00,1.080873471914859,1.0819175421430591,1.0799538303693874,1.0807559688592174,3767
2024-01-01 19:00:00+00:00,1.0806221170899526,1.0815539384825,1.0806221170899526,1.0810256852092746,3875
2024-01-01 20:00:00+00:00,1.0801689617792984,1.0811173839098678,1.0795538603477286,1.08092137824642,4683
2024-01-01 21:00:00+00:00,1.0807295371502808,1.0809702792954814,1.07961714983118,1.0806273496417864,5431
2024-01-01 22:00:00+00:00,1.0807584393283147,1.081580864484836,1.0801207034485762,1.0807959157532587,3331
2024-01-01 23:00:00+00:00,1.0810820811276574,1.0814768799470222,1.0801809813242622,1.080661672262171,2871
2024-01-02 00:00:00+00:00,1.080287223229344,1.080675175938465,1.0799437109212127,1.0803727950933368,4355
2024-01-02 01:00:00+00:00,1.0803832316916047,1.080843366722167,1.079396896749229,1.0795559865363433,6012
2024-01-02 02:00:00+00:00,1.0791835885978232,1.0803728192837199,1.0789997814615917,1.0800508667526545,4706
2024-01-02 03:00:00+00:00,1.0800334401954015,1.0807878836990132,1.0793053822988492,1.079531903231487,5705
2024-01-02 04:00:00+00:00,1.0797804236366753,1.0811155081085007,1.0792280944996566,1.0803674634955471,5883
2024-01-02 05:00:00+00:00,1.0803246350325688,1.0810262164588424,1.0792681824684447,1.0804784140104153,5612
2024-01-02 06:00:00+00:00,1.0803031426167735,1.081899428691411,1.079467397271402,1.0812161674931822,3763
2024-01-02 07:00:00+00:00,1.0807563312366448,1.082370057591098,1.080251695040037,1.0813742852275627,5237
2024-01-02 08:00:00+00:00,1.0809798013640188,1.0818061552957654,1.0792071763272424,1.079507666368166,5389
2024-01-02 09:00:00+00:00,1.079466324835382,1.080550867775728,1.0780003085324597,1.0784589947238061,4610
2024-01-02 10:00:00+00:00,1.0799409211546365,1.080165944283029,1.0786263132676592,1.079434642115833,4273
2024-01-02 11:00:00+00:00,1.0783612618542349,1.08000307238048,1.0779308152681177,1.0784884948387126,5523
2024-01-02 12:00:00+00:00,1.078121876285451,1.0798894684834857,1.078089317216314,1.078513140427297,6572
2024-01-02 13:00:00+00:00,1.0777309413880585,1.0788517913899975,1.0771445681274618,1.0783607216333984,5537
2024-01-02 14:00:00+00:00,1.0784681330965395,1.0795843661123736,1.0774320223247111,1.0785391057970948,6048
2024-01-02 15:00:00+00:00,1.0779345634269715,1.080491447146884,1.077678603838358,1.0788968160768062,3676
2024-01-02 16:00:00+00:00,1.0795678365389851,1.08043152790295,1.0782264768054748,1.0801492395258423,4376
2024-01-02 17:00:00+00:00,1.0797632862798567,1.0812956627350152,1.0794943301125928,1.0806587810603825,2568
2024-01-02 18:00:00+00:00,1.0812530881346676,1.0817578968402906,1.080328172843692,1.0806854077614094,3893
2024-01-02 19:00:00+00:00,1.0805993944628107,1.0814320028941045,1.0798485504175133,1.0806151443264846,4688
2024-01-02 20:00:00+00:00,1.0808763117793965,1.0819655970045834,1.0806234271123056,1.0813494317924102,5768
2024-01-02 21:00:00+00:00,1.0823099819895845,1.0828691053581971,1.0810843037500335,1.0818652343799704,5618
2024-01-02 22:00:00+00:00,1.0823647075119385,1.0827962017568886,1.081109334726346,1.0823913297223509,3936
2024-01-02 23:00:00+00:00,1.0825054412377255,1.0825365193465328,1.0808934085184478,1.0814025911369194,3618
2024-01-03 00:00:00+00:00,1.081715942281561,1.0825866174849728,1.0807728999441597,1.0814236122483294,3234
2024-01-03 01:00:00+00:00,1.0817285915725112,1.0817296590376977,1.080963453032598,1.0813457325903493,4066
2024-01-03 02:00:00+00:00,1.0806028956446827,1.0823457709207844,1.0806028956446827,1.0816695965667993,3245
2024-01-03 03:00:00+00:00,1.0821300765442563,1.0824890493625097,1.0806176131560836,1.0814297429775137,7235
2024-01-03 04:00:00+00:00,1.0817955855841004,1.0840024738022334,1.0814480670969449,1.0833581023347465,5922
2024-01-03 05:00:00+00:00,1.0837379024549405,1.084804547560671,1.0831136798546994,1.0842195527759568,5368
2024-01-03 06:00:00+00:00,1.0842232187749135,1.084924962046829,1.0834663122682815,1.0839728720139181,4309
2024-01-03 07:00:00+00:00,1.0842376716683386,1.0850039873638553,1.0835482801878586,1.084409345281589,3382
2024-01-03 08:00:00+00:00,1.0835659417764314,1.0841336468172564,1.0826391645118638,1.0837246453404183,3227
2024-01-03 09:00:00+00:00,1.0829370038368835,1.0834246201481852,1.0820998186105637,1.0823578493149553,4897
2024-01-03 10:00:00+00:00,1.0825986058903336,1.0841847290825752,1.0817786988613303,1.083692104543482,4559
2024-01-03 11:00:00+00:00,1.0843290699786605,1.0847149010048593,1.0818786059977397,1.0823068709677388,6405
2024-01-03 12:00:00+00:00,1.0827016987947713,1.0835594246801223,1.0813355995711444,1.0826625961006497,3104
2024-01-03 13:00:00+00:00,1.0829206057487542,1.083495747818997,1.0814018315376457,1.0818220333076816,4639
2024-01-03 14:00:00+00:00,1.0813273579158216,1.083698508894807,1.0811939661158787,1.0820333991283269,3565
2024-01-03 15:00:00+00:00,1.0829905023533222,1.0853761850938661,1.0822530642506365,1.0839620517145645,3591
2024-01-03 16:00:00+00:00,1.083818146688946,1.08492046980806,1.0835234385829986,1.0843630253443604,5071
2024-01-03 17:00:00+00:00,1.0847027068191588,1.0852009043071555,1.0825919608325278,1.0831648330498,4109
2024-01-03 18:00:00+00:00,1.0826420437288804,1.0835431711363848,1.0820984254754522,1.0828695240023656,4517
2024-01-03 19:00:00+00:00,1.082553312703492,1.0836361205717167,1.0816357397310918,1.0827834232058329,5965
2024-01-03 20:00:00+00:00,1.082307711202698,1.0829351429660263,1.0820647729329584,1.082365562093258,4527
2024-01-03 21:00:00+00:00,1.0821366083681319,1.0830078834742627,1.0817734430981063,1.0824294200691642,5341
2024-01-03 22:00:00+00:00,1.0820336641495207,1.0833128566016943,1.081792092348277,1.083139490924041,3681
2024-01-03 23:00:00+00:00,1.0829690548660542,1.0838188014166967,1.0822687631152197,1.0827323698171034,4711
2024-01-04 00:00:00+00:00,1.0827847832038522,1.0833571679179443,1.0823102042550834,1.0827622895388669,5870
2024-01-04 01:00:00+00:00,1.0824152017818494,1.083558724457015,1.0819368588666944,1.0828233352552006,4156
2024-01-04 02:00:00+00:00,1.082539455145329,1.0839138315647667,1.0820169613296633,1.0833044049107319,3615
2024-01-04 03:00:00+00:00,1.083691159958831,1.0838070881144353,1.0823777497618143,1.0833149919912013,6196
2024-01-04 04:00:00+00:00,1.0834826134035134,1.084446495194105,1.0829738172725756,1.0840236045717355,4505
2024-01-04 05:00:00+00:00,1.0836696982258573,1.0846350563192655,1.0831806520134168,1.083873279074575,4430
2024-01-04 06:00:00+00:00,1.0845463020196278,1.0859851086141157,1.0838449683941687,1.085298865992616,4781
2024-01-04 07:00:00+00:00,1.0850802149947218,1.0862920678488703,1.084831142971354,1.0855561695047136,5071
2024-01-04 08:00:00+00:00,1.0853764292192019,1.0861063352829816,1.085082033717893,1.0853694788492856,2361
2024-01-04 09:00:00+00:00,1.0869287709331568,1.0871131092553228,1.084754235829134,1.0861464260214062,4791
2024-01-04 10:00:00+00:00,1.0867530068196585,1.0881181978003114,1.086436979152124,1.0876705597036826,5397
2024-01-04 11:00:00+00:00,1.0872936504320616,1.087712127914055,1.086407319774191,1.087277673667491,5742
2024-01-04 12:00:00+00:00,1.0869798578070688,1.087430645858172,1.085776937830099,1.0866176171278916,5164
2024-01-04 13:00:00+00:00,1.0865542131915222,1.0867151197084837,1.0849288375266677,1.0859484930530905,4609
2024-01-04 14:00:00+00:00,1.0855909291325003,1.0861902444507263,1.0840104138678537,1.0843088525108238,5225
2024-01-04 15:00:00+00:00,1.0832282466282743,1.0835251732147848,1.0824641310107483,1.0828026661189674,5047
2024-01-04 16:00:00+00:00,1.0840751884602213,1.0854353565185169,1.0836694429690004,1.0844304939886518,4120
2024-01-04 17:00:00+00:00,1.084296342393868,1.0852053216543638,1.0832769432627944,1.0840964782899793,5650
2024-01-04 18:00:00+00:00,1.0835096203855776,1.0847039908119163,1.083142429045347,1.084498675889412,2817
2024-01-04 19:00:00+00:00,1.0847295594870785,1.0850274293238755,1.0843355074764833,1.0848280570834894,5572
2024-01-04 20:00:00+00:00,1.0845305177520619,1.085279708354077,1.0842527972513027,1.0846135399491292,4850
2024-01-04 21:00:00+00:00,1.085061160912933,1.0865156395101203,1.0842385418769878,1.0863927563811426,4719
2024-01-04 22:00:00+00:00,1.0863506642107494,1.0873627477891652,1.0859754038050768,1.08726265343972,3193
2024-01-04 23:00:00+00:00,1.0871241831473093,1.0871241831473093,1.0853494364815732,1.0857332915903621,5590
2024-01-05 00:00:00+00:00,1.0860595240615085,1.0860595240615085,1.0846485941420365,1.085461922536728,4009
2024-01-05 01:00:00+00:00,1.0860384215977725,1.0869974517469443,1.0853907845991053,1.0859385812890865,3982
2024-01-05 02:00:00+00:00,1.0859249381135545,1.0868528933167718,1.0853401589161498,1.086706491989342,3288
2024-01-05 03:00:00+00:00,1.086681883044947,1.0872264588116445,1.0853455949710888,1.0863788389644182,2899
2024-01-05 04:00:00+00:00,1.0867670934937126,1.0871660916546604,1.085784667485498,1.0860485868642744,4323
2024-01-05 05:00:00+00:00,1.086125507267522,1.0866148432021043,1.0851576601105435,1.0857556850415013,4397
2024-01-05 06:00:00+00:00,1.0860131253566712,1.0864158878706125,1.0853871938947408,1.086181929421595,4624
2024-01-05 07:00:00+00:00,1.086053558566526,1.086053558566526,1.0850144262269061,1.0858199347485211,5250
2024-01-05 08:00:00+00:00,1.0852625522567432,1.0876294143900223,1.0847954605562138,1.0873971459674454,2975
2024-01-05 09:00:00+00:00,1.0875644662155342,1.090590718926599,1.0869700513334202,1.09011698424338,5120
2024-01-05 10:00:00+00:00,1.0909590021886266,1.0927214446681668,1.09067909951441,1.0916158483410716,3428
2024-01-05 11:00:00+00:00,1.092210571821644,1.0941009840557256,1.090461034876902,1.090697461224177,5293
2024-01-05 12:00:00+00:00,1.0891271846600554,1.0911810249848173,1.0884162714005954,1.0906205882081887,3110
2024-01-05 13:00:00+00:00,1.0907460649003313,1.0923821054721405,1.0889599993193368,1.089568974213361,3975
2024-01-05 14:00:00+00:00,1.0898353774821667,1.0904655568795472,1.0878884942258367,1.0882295729648297,3782
2024-01-05 15:00:00+00:00,1.0882521067039714,1.0891492428229004,1.0864499619740997,1.0879583267777957,4162
2024-01-05 16:00:00+00:00,1.0873922744550928,1.0875328293853601,1.0851469837411467,1.0860264471653052,4779
2024-01-05 17:00:00+00:00,1.0865726687435195,1.0870502294421307,1.0854799852569728,1.0860099686992555,4496
2024-01-05 18:00:00+00:00,1.0858521128897127,1.086611523861382,1.0845647604827493,1.0851441136040747,7556
2024-01-05 19:00:00+00:00,1.0846328320713734,1.086277182098117,1.084518682659386,1.0851872304235213,2687
2024-01-05 20:00:00+00:00,1.0854324958138963,1.0858296196917292,1.0846388976128007,1.0853675992443803,5806
2024-01-05 21:00:00+00:00,1.0858979698503006,1.0860919659331092,1.0847503854835467,1.085155544991685,4912
2024-01-05 22:00:00+00:00,1.0843345891464498,1.0851711406820697,1.0831726409111966,1.0848840634647128,5787
2024-01-05 23:00:00+00:00,1.0850371680955395,1.0865358252054969,1.0839784671088761,1.0861934415847783,3271
2024-01-06 00:00:00+00:00,1.0866008440353112,1.0869887797507163,1.085192382848969,1.0856462972361995,5101
2024-01-06 01:00:00+00:00,1.0863077471630866,1.0863077471630866,1.083830407881178,1.0847349176806567,5746
2024-01-06 02:00:00+00:00,1.084419320332717,1.085827694111171,1.0840612725281393,1.0852613511975773,4356
2024-01-06 03:00:00+00:00,1.0857718296902288,1.0862177657036598,1.0850632560300124,1.086043693611526,3653
2024-01-06 04:00:00+00:00,1.0862752956686026,1.0869056002245951,1.0850634805409978,1.0855002375762577,4314
2024-01-06 05:00:00+00:00,1.0849640837547543,1.0863684581192126,1.0845175568466032,1.0855253412348185,3465
2024-01-06 06:00:00+00:00,1.0857018639317053,1.0862845974988031,1.0847512374838708,1.0851227487928516,5293
2024-01-06 07:00:00+00:00,1.0849877754246675,1.0851871104151767,1.0836022027292234,1.0846498228581558,3089
2024-01-06 08:00:00+00:00,1.0844265452065887,1.0850704505841242,1.082887805105126,1.0833302204517186,5486
2024-01-06 09:00:00+00:00,1.0839709654467138,1.0846245776774155,1.0831065631912349,1.0836267259066161,4679
2024-01-06 10:00:00+00:00,1.0841980001665568,1.084501045490379,1.0822583990780845,1.0828626438883515,4682
2024-01-06 11:00:00+00:00,1.083126039630187,1.0838798432016883,1.0797628218435746,1.0801615701496148,5178
2024-01-06 12:00:00+00:00,1.0800280269585247,1.0808727034900383,1.0794357865129198,1.080220626092859,5903
2024-01-06 13:00:00+00:00,1.0792486132336108,1.0792700620824647,1.0770345880633436,1.0775596058282484,3871
2024-01-06 14:00:00+00:00,1.0773942720975003,1.0779190081579724,1.0759970581600835,1.0774553245795824,5171
2024-01-06 15:00:00+00:00,1.0772478090771096,1.0783636605508828,1.0766273211565422,1.0772385103036048,4057
2024-01-06 16:00:00+00:00,1.0784475035776817,1.0787341880974002,1.0756056441811432,1.076341136474179,3023
2024-01-06 17:00:00+00:00,1.0763759326047715,1.0768833092270382,1.0758520544385743,1.0762616195056895,4622
2024-01-06 18:00:00+00:00,1.0765320476113915,1.0774845198370484,1.0756522862876576,1.076865210768078,5145
2024-01-06 19:00:00+00:00,1.0770286343530229,1.0776073077172714,1.0760865505559496,1.0765784575118749,2975
2024-01-06 20:00:00+00:00,1.0763013478194974,1.0778616322425563,1.0759664372327271,1.0776049542121622,3843
2024-01-06 21:00:00+00:00,1.0773192930566153,1.0782320550561906,1.0767118967933258,1.0770922691107965,4769
2024-01-06 22:00:00+00:00,1.0764790771886132,1.0772413187147964,1.0751400571085148,1.0760101393214865,4921
2024-01-06 23:00:00+00:00,1.0767401240930075,1.0774258832674148,1.076190688767028,1.0769669067283723,4928
2024-01-07 00:00:00+00:00,1.0761295495510093,1.077022651661405,1.0756908406811847,1.076069729032657,7257
2024-01-07 01:00:00+00:00,1.0765131807217867,1.0771782515684243,1.0761122042326696,1.0767070039001827,5377
2024-01-07 02:00:00+00:00,1.077550269010845,1.0781179488768287,1.076881164516368,1.0775300147836366,5118
2024-01-07 03:00:00+00:00,1.0772717587095453,1.078144476918399,1.0766052250400713,1.0772870389223315,4674
2024-01-07 04:00:00+00:00,1.077264209180372,1.0780717602482495,1.0768167391277306,1.077806265216676,6206
2024-01-07 05:00:00+00:00,1.0779662400823709,1.0783126990442407,1.0767610664687337,1.0770730194888432,6534
2024-01-07 06:00:00+00:00,1.0772403957365062,1.0779249836452895,1.0765456009859742,1.0774906706469627,3741
2024-01-07 07:00:00+00:00,1.0777611722413845,1.0794851043042615,1.0775536962913799,1.0785315105927749,5022
2024-01-07 08:00:00+00:00,1.077527836341319,1.0783456766556165,1.0758463638408735,1.0779149524216958,5193
2024-01-07 09:00:00+00:00,1.0780137946819839,1.0795451404665024,1.0763735366227942,1.0791102726181587,4966
2024-01-07 10:00:00+00:00,1.0791320503639412,1.0812967582608515,1.0789312277800664,1.080224829302912,3997
2024-01-07 11:00:00+00:00,1.080301182543891,1.0818708497507064,1.0790720501141269,1.0815923944606798,4380
2024-01-07 12:00:00+00:00,1.0826387558033475,1.0844322215206201,1.0822336803504093,1.0826873027486967,4286
2024-01-07 13:00:00+00:00,1.0819896522228643,1.0838740135357745,1.0818697484612485,1.0822026548879042,4404
2024-01-07 14:00:00+00:00,1.083349977373464,1.0845851513950358,1.081404380913052,1.0821683522414887,6017
2024-01-07 15:00:00+00:00,1.0807385103540228,1.0819865293215833,1.0803711722378055,1.0806538336749676,5468
2024-01-07 16:00:00+00:00,1.079724371823098,1.0810821629830856,1.078665012053309,1.0805152679889247,4642
2024-01-07 17:00:00+00:00,1.0800053372262997,1.0810769021162436,1.07832920452906,1.0788915384637576,3638
2024-01-07 18:00:00+00:00,1.078976906768026,1.0801891395862604,1.0779059322798652,1.0797148751173562,2999
2024-01-07 19:00:00+00:00,1.080141113816131,1.080767719311282,1.0790419560052125,1.0805569442182543,2949
2024-01-07 20:00:00+00:00,1.080628541366522,1.0814205606603453,1.0798897116563586,1.0806691019796217,4343
2024-01-07 21:00:00+00:00,1.080570350776485,1.0811528855313348,1.0799273971321355,1.0802409596811982,2859
2024-01-07 22:00:00+00:00,1.0799197085381074,1.0803323434773133,1.0791693742566357,1.079777300692598,4296
2024-01-07 23:00:00+00:00,1.0804499289256828,1.080761522562356,1.0785626137407371,1.0802227586207853,3238
2024-01-08 00:00:00+00:00,1.0796167974178292,1.079908728706459,1.0785250708126795,1.0787841109635237,4623
2024-01-08 01:00:00+00:00,1.0784357068477968,1.0799486523735926,1.0769695589765558,1.0790977495742424,5981
2024-01-08 02:00:00+00:00,1.079321542230844,1.0802495324201102,1.078911819231309,1.0792467469386815,5108
2024-01-08 03:00:00+00:00,1.0793087786077338,1.0797749123055165,1.0785258751968791,1.0791867775695898,3862
2024-01-08 04:00:00+00:00,1.0790926647823402,1.079940787289803,1.078417216150094,1.0793645265715508,5988
2024-01-08 05:00:00+00:00,1.079505723636866,1.080296910387564,1.0790157227979111,1.079844903561287,3102
2024-01-08 06:00:00+00:00,1.0797335361053089,1.0807170578480318,1.078962419366219,1.0797653404637175,4759
2024-01-08 07:00:00+00:00,1.0797786003742014,1.0804218953253975,1.0788101851806773,1.079667392378346,3604
2024-01-08 08:00:00+00:00,1.078422499953989,1.0790800823043258,1.0763779161775084,1.0769720915779915,4418
2024-01-08 09:00:00+00:00,1.0787181092890656,1.0789197041350214,1.0765328610749945,1.0781953016919754,6341
2024-01-08 10:00:00+00:00,1.0780469511304875,1.0789191567699525,1.0772303105134882,1.0780211046069885,3613
2024-01-08 11:00:00+00:00,1.0789359478839131,1.0793712488708658,1.0784860372496499,1.0788073667312836,5896
2024-01-08 12:00:00+00:00,1.078895632701594,1.0794458106063327,1.076284691015695,1.0767354140431886,3285
2024-01-08 13:00:00+00:00,1.0773710169042505,1.0781144762722756,1.0766503739932847,1.0773360570822652,3940
2024-01-08 14:00:00+00:00,1.0778577228515316,1.0784510532369034,1.0763619014045334,1.0767942885111912,5064
2024-01-08 15:00:00+00:00,1.0762549553552687,1.0767498660844306,1.074759408450685,1.0759052531749844,3643
2024-01-08 16:00:00+00:00,1.076309371953414,1.0788410191899822,1.0754742808774327,1.07847997696986,3259
2024-01-08 17:00:00+00:00,1.0790061478419977,1.079063345754994,1.0770478926588996,1.077558862872913,1628
2024-01-08 18:00:00+00:00,1.0775640414048888,1.0780075435100818,1.0771275169247014,1.0775981058320396,5293
2024-01-08 19:00:00+00:00,1.0773846945231234,1.0776798740127436,1.0755887746395727,1.076343491296544,3565
2024-01-08 20:00:00+00:00,1.075547106673713,1.0763371651074003,1.0752640463511909,1.0756096250472675,5044
2024-01-08 21:00:00+00:00,1.0767778761290832,1.07723704031987,1.0756681658676686,1.0765102095780092,5556
2024-01-08 22:00:00+00:00,1.0765952966551189,1.0781988408724612,1.075947245459304,1.07753409953631,6930
2024-01-08 23:00:00+00:00,1.0776266260222882,1.0783294478741556,1.076986640309428,1.077681716144176,1962
2024-01-09 00:00:00+00:00,1.078195782127235,1.079383127991184,1.0776122157219201,1.0789992921506752,3917
2024-01-09 01:00:00+00:00,1.078521197943442,1.080065896411178,1.07774605459008,1.0796135610326616,6011
2024-01-09 02:00:00+00:00,1.0792442434839673,1.0795731709743304,1.0782355642984291,1.078728545074124,4727
2024-01-09 03:00:00+00:00,1.0790408887976672,1.0792161674081568,1.0783455137731248,1.0787064025927549,2249
2024-01-09 04:00:00+00:00,1.0791482761036812,1.080786251327889,1.0784633680462004,1.0798178945248549,2589
2024-01-09 05:00:00+00:00,1.079958811343379,1.0802994341853633,1.0788333741972398,1.079551913732191,3990
2024-01-09 06:00:00+00:00,1.0799158094031398,1.0804681545868549,1.0786885705782931,1.0789242119091709,4662
2024-01-09 07:00:00+00:00,1.07918359374391,1.0800244599507955,1.0787700109356153,1.0795583469541088,4306
2024-01-09 08:00:00+00:00,1.0799207100565156,1.0807974305752566,1.0788455198435534,1.0799980693689448,7363
2024-01-09 09:00:00+00:00,1.079574665972439,1.080182970694978,1.0788999584004852,1.0792901000840953,4686
2024-01-09 10:00:00+00:00,1.0790351492624366,1.0804877300185391,1.0785938496622243,1.0790924042440169,3403
2024-01-09 11:00:00+00:00,1.0788033131661199,1.0811521844197434,1.0783265543699754,1.0807993934277742,5109
2024-01-09 12:00:00+00:00,1.079268183156362,1.081697828583272,1.0790012693083133,1.080641483754753,5409
2024-01-09 13:00:00+00:00,1.081479590240154,1.0841543029094263,1.0804484009136188,1.0838565314104582,3882
2024-01-09 14:00:00+00:00,1.0836987318388114,1.0858197977845394,1.0827290680383768,1.0855379415442752,4074
2024-01-09 15:00:00+00:00,1.0849872479669491,1.0855768571663855,1.0831129394986312,1.0836188361010466,3977
2024-01-09 16:00:00+00:00,1.0828788100979583,1.0834502616969632,1.0811284649966166,1.081592530315705,3002
2024-01-09 17:00:00+00:00,1.0818608591821586,1.0833042384262892,1.0813199167424392,1.0822328859619483,3250
2024-01-09 18:00:00+00:00,1.0823628151929907,1.0827718686735095,1.0815976976055588,1.0820029744394695,3843
2024-01-09 19:00:00+00:00,1.0820184343254713,1.0830232760405238,1.0814174010570687,1.082487911286284,5194
2024-01-09 20:00:00+00:00,1.083055889140595,1.0842342821369395,1.0825532737606525,1.082736187078405,2850
2024-01-09 21:00:00+00:00,1.0825991052524049,1.0836602660952597,1.0818025249293424,1.083249659010722,4682
2024-01-09 22:00:00+00:00,1.0832933375404683,1.0838991314195054,1.0817835768365096,1.0827462856601253,4862
2024-01-09 23:00:00+00:00,1.0827997091092907,1.0838061981044498,1.081991044336245,1.0830666652072352,3804
2024-01-10 00:00:00+00:00,1.0836389383296627,1.0845402792658774,1.0827460131252353,1.0834594940934565,5729
2024-01-10 01:00:00+00:00,1.0837090573150767,1.0852102050131063,1.0832513922002818,1.0844613101684262,4762
2024-01-10 02:00:00+00:00,1.0840983855355557,1.0845393532307515,1.0827885982857242,1.0834439222262724,5345
2024-01-10 03:00:00+00:00,1.0839131683766856,1.084648451287327,1.0833883636248105,1.0839760357010015,4993
2024-01-10 04:00:00+00:00,1.0843675145508782,1.0855444878546916,1.0835822081281083,1.0849285408161222,4494
2024-01-10 05:00:00+00:00,1.0853007549373181,1.086686782175545,1.0850871225782412,1.0863894362837394,5937
2024-01-10 06:00:00+00:00,1.0861751814693719,1.0875566440285698,1.0860095642859613,1.0871476424349125,3830
2024-01-10 07:00:00+00:00,1.0869508370177492,1.0889296441066563,1.0865621408515702,1.0885892562485242,4129
2024-01-10 08:00:00+00:00,1.0891725753457724,1.0902630067749568,1.088218054560913,1.0899577019762539,4882
2024-01-10 09:00:00+00:00,1.0892193584208165,1.089754120598604,1.088833856467451,1.0893378251775208,5123
2024-01-10 10:00:00+00:00,1.0904752671956812,1.0907649892506335,1.0890740393609102,1.0894423914239435,5013
2024-01-10 11:00:00+00:00,1.0897461398140218,1.092738796986171,1.089408035425424,1.0918637796042558,4834
2024-01-10 12:00:00+00:00,1.0917299371356384,1.0936246602457385,1.0917046004776607,1.0933053228943685,5166
2024-01-10 13:00:00+00:00,1.0936738796460026,1.0948060349242794,1.0928787173948988,1.0937487810510547,5524
2024-01-10 14:00:00+00:00,1.0937274262660273,1.0948277293180482,1.093301775748175,1.0940011824588154,4496
2024-01-10 15:00:00+00:00,1.0934061165837832,1.0946836008395266,1.092482744020045,1.0927837569181318,5659
2024-01-10 16:00:00+00:00,1.092973537199509,1.0947530512745236,1.092854563837397,1.093748850479791,2719
2024-01-10 17:00:00+00:00,1.0942392121547233,1.0949557485297896,1.0927768908033775,1.09325772807049,4273
2024-01-10 18:00:00+00:00,1.0930522813466717,1.093435504088753,1.0923717235569759,1.0930338324321456,4238
2024-01-10 19:00:00+00:00,1.0922563172619952,1.093271773146823,1.0919309124809924,1.092898311793558,3526
2024-01-10 20:00:00+00:00,1.0926409393300345,1.0938162483689626,1.092048423131403,1.0925770883915742,5191
2024-01-10 21:00:00+00:00,1.0925101979599823,1.0930681025439295,1.0919451562240967,1.0922980992377271,4109
2024-01-10 22:00:00+00:00,1.0927655354095365,1.0932840469349843,1.0917016277351181,1.0924386849308014,6701
2024-01-10 23:00:00+00:00,1.0930837110960667,1.0939505871836601,1.0921325690112733,1.0932856807492428,3709
2024-01-11 00:00:00+00:00,1.0935986605098986,1.0943622617362008,1.0927039217308614,1.0941748279636803,2740
2024-01-11 01:00:00+00:00,1.0942878043476083,1.0951169542059085,1.09337238861336,1.0946290342467566,4547
2024-01-11 02:00:00+00:00,1.09543940193856,1.0958037875469664,1.094334386458819,1.0947575427524356,4747
2024-01-11 03:00:00+00:00,1.0945718489066791,1.0949660965747698,1.0940130955460918,1.094398188314817,4977
2024-01-11 04:00:00+00:00,1.0937335787009217,1.0941878882199865,1.091901947365851,1.0921494165492858,3170
2024-01-11 05:00:00+00:00,1.0919906233545766,1.0931993416786432,1.0916700201675276,1.0924789971082558,5141
2024-01-11 06:00:00+00:00,1.092727693998564,1.0928445535015556,1.0916953989035643,1.0925603738679661,4199
2024-01-11 07:00:00+00:00,1.092934058980846,1.0932724351936005,1.0922329553127674,1.0928494739578511,4649
2024-01-11 08:00:00+00:00,1.0912875147747432,1.0918329473209765,1.0896567192573663,1.0898521951338018,2299
2024-01-11 09:00:00+00:00,1.0897741920950335,1.0920424448735333,1.0893808559818672,1.09102794706384,3688
2024-01-11 10:00:00+00:00,1.091606629850213,1.0932969330415432,1.0911197323500585,1.093224932647964,4486
2024-01-11 11:00:00+00:00,1.0925399400114533,1.094548926135243,1.0917502930204923,1.0942051563253778,4808
2024-01-11 12:00:00+00:00,1.0949658602350687,1.096432828712082,1.0942143360891081,1.0960239416071138,3995
2024-01-11 13:00:00+00:00,1.0962784882170526,1.098958563128812,1.095457008580679,1.0984745886963838,4987
2024-01-11 14:00:00+00:00,1.0988603639656918,1.0990165641627403,1.096901264567377,1.097486348570149,4001
2024-01-11 15:00:00+00:00,1.0978739149506485,1.0983482299960095,1.0970536691554194,1.0977048691752764,4895
2024-01-11 16:00:00+00:00,1.099478043327861,1.1011319581840406,1.0988810866584617,1.1009124868407425,5372
2024-01-11 17:00:00+00:00,1.1008159710232919,1.1015332205948325,1.0998566960835692,1.1006654062042,6796
2024-01-11 18:00:00+00:00,1.0997784144965062,1.1009327619271223,1.099371589229794,1.10022519792813,4905
2024-01-11 19:00:00+00:00,1.1003340499405494,1.1012735062783834,1.0988965637627057,1.0998599998524285,2420
2024-01-11 20:00:00+00:00,1.1002375476119637,1.1012997151762711,1.1001065751564767,1.1009793089545639,3172
2024-01-11 21:00:00+00:00,1.10077774842296,1.102328220871923,1.100256981988622,1.1013870238961414,6060
2024-01-11 22:00:00+00:00,1.100749595000215,1.1022062407407889,1.1002742088871478,1.1015588364247246,3252
2024-01-11 23:00:00+00:00,1.1018280346900404,1.1025381085808232,1.1009614748977055,1.101709907127625,2594
2024-01-12 00:00:00+00:00,1.1014925368506039,1.1025149802160075,1.1008625815074653,1.1020081707302718,5149
2024-01-12 01:00:00+00:00,1.102016020959136,1.1025078272336046,1.1009954403413356,1.1014945314737117,3543
2024-01-12 02:00:00+00:00,1.100895929533181,1.1014623107910373,1.0994831460557857,1.099858333465002,4588
2024-01-12 03:00:00+00:00,1.1001576484999034,1.100888112028427,1.0995216496714708,1.1001534136419657,3795
2024-01-12 04:00:00+00:00,1.0999669705523603,1.1011916712907595,1.0994736515939567,1.1001942718217186,4878
2024-01-12 05:00:00+00:00,1.0999351287182775,1.100516051567132,1.0989207736134077,1.0998011378280177,4340
2024-01-12 06:00:00+00:00,1.1001692456011796,1.1006458776586163,1.0993726865042088,1.0996902212648687,3789
2024-01-12 07:00:00+00:00,1.1003715230824778,1.1016378163508553,1.099682172178313,1.101008593317104,4584
2024-01-12 08:00:00+00:00,1.101371931848408,1.1015610802971123,1.0999493166291123,1.1007364887607178,3368
2024-01-12 09:00:00+00:00,1.100297795998932,1.102066966648652,1.100297795998932,1.1017868239305904,4183
2024-01-12 10:00:00+00:00,1.101996126365387,1.1020680587018283,1.099843005692923,1.1009163616844202,3714
2024-01-12 11:00:00+00:00,1.1011674261617406,1.1024707602409891,1.09925341615718,1.1012631402196045,5306
2024-01-12 12:00:00+00:00,1.1011095635888095,1.102709986221166,1.1005504174708276,1.1016117013044673,4054
2024-01-12 13:00:00+00:00,1.1008947852848237,1.1022107277695845,1.1000197817441673,1.1015898329106717,3971
2024-01-12 14:00:00+00:00,1.101881387172596,1.1035867821287422,1.1016160021047978,1.1028295971620552,5650
2024-01-12 15:00:00+00:00,1.1034368550265978,1.105503045502185,1.1025275418487561,1.1049458858676415,4670
2024-01-12 16:00:00+00:00,1.105610955902665,1.1080961283103015,1.1054503690094395,1.1078557562284461,4011
2024-01-12 17:00:00+00:00,1.1071519966416572,1.1084516472165316,1.1068668809812483,1.1076492664427136,4386
2024-01-12 18:00:00+00:00,1.1077383571734332,1.107938375884589,1.1065612281827697,1.1075086110956318,5181
2024-01-12 19:00:00+00:00,1.1073715640531905,1.1087004953014619,1.1073331102447017,1.1082107226682154,3176
2024-01-12 20:00:00+00:00,1.10851617217832,1.1092705662368652,1.108095501622306,1.1086577655963659,4446
2024-01-12 21:00:00+00:00,1.108465613318852,1.1099094032626893,1.1082850531552257,1.1091404967543221,2452
2024-01-12 22:00:00+00:00,1.1091884498788005,1.1096853826071877,1.10828054574617,1.1086571844417719,4204
2024-01-12 23:00:00+00:00,1.1081396810059467,1.1093853752110245,1.1072368674859645,1.1079820121123856,3879
2024-01-13 00:00:00+00:00,1.107405321214325,1.1074392439055607,1.105884603623593,1.107035679529332,2641
2024-01-13 01:00:00+00:00,1.1071362827950795,1.1085022901169255,1.1068696993851808,1.1081988446218123,5797
2024-01-13 02:00:00+00:00,1.1079676872943278,1.1084049352272263,1.1065472265412433,1.1074424605155258,5241
2024-01-13 03:00:00+00:00,1.107045958601022,1.1087298267652512,1.106642709456709,1.1084813887517897,4207
2024-01-13 04:00:00+00:00,1.1087864637767235,1.1097905697719712,1.1079422765664029,1.1093641383348212,5267
2024-01-13 05:00:00+00:00,1.109480970440362,1.1103948074210306,1.1087177816073626,1.1091235621082316,4481
2024-01-13 06:00:00+00:00,1.1089017311360732,1.109493328998908,1.1077538645391267,1.107965516904271,6626
2024-01-13 07:00:00+00:00,1.107339000721216,1.108638575027615,1.1071071027724546,1.1083676433967715,5061
2024-01-13 08:00:00+00:00,1.1073569471173519,1.1075395724282648,1.1058298863058744,1.1063352254497902,4702
2024-01-13 09:00:00+00:00,1.1061204546887748,1.1068999442211425,1.1054518100913133,1.1058552444943177,4380
2024-01-13 10:00:00+00:00,1.104729701862281,1.1051613215439198,1.102969462998712,1.1033771431895076,5170
2024-01-13 11:00:00+00:00,1.1038306802108355,1.1048431888455423,1.103239642846055,1.1042082885818347,6059
2024-01-13 12:00:00+00:00,1.1054498494114537,1.1056294465883811,1.1043622040049261,1.1050233193429653,4071
2024-01-13 13:00:00+00:00,1.1051179734790877,1.106256927916601,1.104267407479628,1.1048980778147226,5171
2024-01-13 14:00:00+00:00,1.1043375067017216,1.104865855018929,1.1029467554686956,1.1036590290186208,4520
2024-01-13 15:00:00+00:00,1.1030140033437197,1.1038622249963927,1.1021710156714943,1.1029859528235546,4444
2024-01-13 16:00:00+00:00,1.1040312275518533,1.1040332046123473,1.1020207832640163,1.102933524654112,5577
2024-01-13 17:00:00+00:00,1.104056724198152,1.104056724198152,1.102644323594301,1.1035337603089483,5077
2024-01-13 18:00:00+00:00,1.1036589015695708,1.1042594482744934,1.103057980665956,1.10351734119699,4410
2024-01-13 19:00:00+00:00,1.1033609976977279,1.104704937732983,1.1030678717585658,1.1043145449230354,4355
2024-01-13 20:00:00+00:00,1.1038476106315087,1.1050531096775014,1.1035409999037822,1.1043572686945677,3485
2024-01-13 21:00:00+00:00,1.1047924565744456,1.1063605799166953,1.1045743121428082,1.1054515186543024,5283
2024-01-13 22:00:00+00:00,1.105918904445937,1.1063980446066024,1.1048374232409441,1.1055388542804832,4719
2024-01-13 23:00:00+00:00,1.1055162361840978,1.1055162361840978,1.1038270224603783,1.104467895221914,2892
2024-01-14 00:00:00+00:00,1.1042367883398843,1.10496932253994,1.103326861366652,1.1037828960807567,4975
2024-01-14 01:00:00+00:00,1.1037002647741743,1.1045798034125656,1.1030518905118882,1.1038707864020176,5840
2024-01-14 02:00:00+00:00,1.1035556181498445,1.1045517365640858,1.1031273848828258,1.103865284877722,5147
2024-01-14 03:00:00+00:00,1.1040244533457886,1.1046699094283168,1.102979358397526,1.104188627852711,4669
2024-01-14 04:00:00+00:00,1.104204779214445,1.1042537327318511,1.1028920145755365,1.1033246297874373,5443
2024-01-14 05:00:00+00:00,1.1024397980282554,1.1040760883432685,1.1022179107876555,1.1035012472850465,3362
2024-01-14 06:00:00+00:00,1.1038442913598916,1.1042520324688576,1.102898860446511,1.1035803073736212,6128
2024-01-14 07:00:00+00:00,1.103568272971337,1.1053771830422299,1.103009370079913,1.1045784212188308,5051
2024-01-14 08:00:00+00:00,1.104358150776379,1.1054205901579226,1.103914396366835,1.1047938693527926,5073
2024-01-14 09:00:00+00:00,1.1053573595147304,1.1057525390434342,1.1020927024741614,1.1024752828557227,4947
2024-01-14 10:00:00+00:00,1.103236443846131,1.1034429690662326,1.100077514925027,1.1006458361157923,3365
2024-01-14 11:00:00+00:00,1.1024437070571411,1.1037268654832897,1.1015992207093364,1.1031405477381433,3199
2024-01-14 12:00:00+00:00,1.103166472884074,1.1039878360169146,1.102878533824852,1.1036731228354741,2739
2024-01-14 13:00:00+00:00,1.1037365183286982,1.1048755545848354,1.103063404795305,1.1039590822816043,4951
2024-01-14 14:00:00+00:00,1.1036351330966983,1.1041728524249235,1.1024470111224152,1.1030757742492463,4117
2024-01-14 15:00:00+00:00,1.1028936370514828,1.1046977892430785,1.1025235986499053,1.1041544398697294,6364
2024-01-14 16:00:00+00:00,1.1048264331393194,1.1069049200862158,1.104223883463777,1.1061636867878886,3605
2024-01-14 17:00:00+00:00,1.1057432475077535,1.1064957076395465,1.1044331555715283,1.1049372846520393,5597
2024-01-14 18:00:00+00:00,1.1045996404373564,1.1061305403438526,1.1041511440829164,1.1049807195708108,3908
2024-01-14 19:00:00+00:00,1.1051931787402052,1.105565941158098,1.1034002247116228,1.1040817014271067,4295
2024-01-14 20:00:00+00:00,1.1038860645059367,1.104440060532392,1.1034100561235638,1.1042861786141824,6077
2024-01-14 21:00:00+00:00,1.1046552431685517,1.1054435300942964,1.1042076227852324,1.1051411361093426,3406
2024-01-14 22:00:00+00:00,1.1047897367542048,1.1052663786338803,1.103754305984395,1.1044951716582958,5555
2024-01-14 23:00:00+00:00,1.1048158219137492,1.1053752769420402,1.1040418841055037,1.104694844740544,4995
2024-01-15 00:00:00+00:00,1.1052342263566568,1.1058701531976842,1.1035915450269453,1.1039582613472065,5794
2024-01-15 01:00:00+00:00,1.104490995661302,1.1048104250456916,1.102667982433595,1.103250981907649,5380
2024-01-15 02:00:00+00:00,1.102550088568064,1.1040791938907693,1.1017171231157539,1.1028100655377993,6053
2024-01-15 03:00:00+00:00,1.1020003147889768,1.103019712376951,1.100931628217902,1.101271344989743,4448
2024-01-15 04:00:00+00:00,1.1010866530875478,1.1021978905958896,1.100664741033512,1.1015173834833596,3627
2024-01-15 05:00:00+00:00,1.1013447677114514,1.1022972047405828,1.1006505354698908,1.1014728239576637,4113
2024-01-15 06:00:00+00:00,1.1013893493486706,1.1013893493486706,1.1001107946179882,1.1005646135715539,3746
2024-01-15 07:00:00+00:00,1.101429130808101,1.101429130808101,1.0997243733078346,1.1005792612440086,5010
2024-01-15 08:00:00+00:00,1.1006967856858447,1.1009686876018796,1.0994547256856742,1.1001926388554224,4734
2024-01-15 09:00:00+00:00,1.1011815206545001,1.1035918357492416,1.1011815206545001,1.1032651918340712,4062
2024-01-15 10:00:00+00:00,1.1026687417940715,1.104964996934995,1.1026615850469386,1.1045033137722007,3812
2024-01-15 11:00:00+00:00,1.1056409557378089,1.1060426974462645,1.1046773137474835,1.1054054648740066,5811
2024-01-15 12:00:00+00:00,1.1048917317275253,1.1076832424850325,1.1045718780475584,1.1061605199797566,3642
2024-01-15 13:00:00+00:00,1.1065186459047582,1.1066073611261733,1.1041683053171663,1.1053860914749838,3565
2024-01-15 14:00:00+00:00,1.104970729853259,1.1057630066830522,1.1036167146640656,1.105329214712594,3974
2024-01-15 15:00:00+00:00,1.1060774389044559,1.106715829669504,1.1047858315924597,1.1049057624305834,3988
2024-01-15 16:00:00+00:00,1.1060681891259398,1.106853167183365,1.1049602439432944,1.1065235552263795,4305
2024-01-15 17:00:00+00:00,1.1067608964814395,1.1078187650114544,1.1065088138411667,1.107330678561968,4032
2024-01-15 18:00:00+00:00,1.1073070546728867,1.1082376393255637,1.1070323942644353,1.1082220404811207,5168
2024-01-15 19:00:00+00:00,1.108572969199402,1.1093302089369643,1.1080741466356516,1.1087497851307453,4356
2024-01-15 20:00:00+00:00,1.1084630535544329,1.1085396171248543,1.1071812935452363,1.1080372570045103,2938
2024-01-15 21:00:00+00:00,1.1078720126432975,1.1080720236192012,1.1071236442464345,1.1075017890044747,3704
2024-01-15 22:00:00+00:00,1.1080838726388587,1.108381500994755,1.1072116226048248,1.1077427551981873,3710
2024-01-15 23:00:00+00:00,1.1073963147900867,1.1088178007345886,1.1069821310872823,1.1084054968376194,3998
2024-01-16 00:00:00+00:00,1.108710840412311,1.1097050241421194,1.1083065255883575,1.109281646911426,5218
2024-01-16 01:00:00+00:00,1.1090482091486682,1.1094881358223887,1.1079611364482227,1.1084669714200097,4200
2024-01-16 02:00:00+00:00,1.108639037478177,1.1095330296441146,1.1081672542394987,1.1091339064615997,5491
2024-01-16 03:00:00+00:00,1.1095046792166334,1.1110486663429828,1.1094459725582202,1.1108311952890422,4935
2024-01-16 04:00:00+00:00,1.1101373226905542,1.111534062726287,1.1097664856076639,1.1109694213718893,5277
2024-01-16 05:00:00+00:00,1.1114915043753717,1.1114915043753717,1.110156157005689,1.1105589980041728,6022
2024-01-16 06:00:00+00:00,1.110193154362577,1.1110598206586544,1.1096316464410934,1.1107555992381153,5627
2024-01-16 07:00:00+00:00,1.1105452403311893,1.1114369297748934,1.1100185411113985,1.1109549942954995,5109
2024-01-16 08:00:00+00:00,1.1105378937597261,1.111277080544889,1.1089014773550685,1.1097253708595498,5612
2024-01-16 09:00:00+00:00,1.1100630824729816,1.1107010197326121,1.1094296656399376,1.1096775445603113,2558
2024-01-16 10:00:00+00:00,1.1093574504378687,1.1109237956113236,1.1086955886973224,1.1108164405659704,4719
2024-01-16 11:00:00+00:00,1.1104276274375064,1.111376873059516,1.109699484523056,1.1102256348172528,5804
2024-01-16 12:00:00+00:00,1.1090916453597213,1.1094398073909026,1.1068250942453142,1.1082063654236312,5095
2024-01-16 13:00:00+00:00,1.1099736989471856,1.111186116193768,1.1090189428844577,1.1109070841627786,4103
2024-01-16 14:00:00+00:00,1.112204994971828,1.1157453605691747,1.1120065521293683,1.1155281119082239,2666
2024-01-16 15:00:00+00:00,1.1156302077672406,1.116801639457585,1.1149511799658576,1.1154132126629406,5064
2024-01-16 16:00:00+00:00,1.1154584928410165,1.1157767991242178,1.1142811288240595,1.115352533071857,4854
2024-01-16 17:00:00+00:00,1.115801548862136,1.1164993436018302,1.1148835785904974,1.1157205554558716,2637
2024-01-16 18:00:00+00:00,1.1155380639891206,1.115995534446779,1.1141036394131127,1.114606308715258,4048
2024-01-16 19:00:00+00:00,1.114582335545385,1.1156137891691538,1.1141715120841573,1.1148443115290203,6161
2024-01-16 20:00:00+00:00,1.115601364528339,1.1163277280286346,1.1148063965945636,1.1159308573092237,5145
2024-01-16 21:00:00+00:00,1.1155428158442886,1.1166153378255592,1.115069905587438,1.1163907842255087,2775
2024-01-16 22:00:00+00:00,1.1166276602549798,1.1173076285321104,1.11553502789729,1.1162989944415767,3696
2024-01-16 23:00:00+00:00,1.1153956666023885,1.1168025857837856,1.114758953108398,1.115463035943475,5090
2024-01-17 00:00:00+00:00,1.1152459720248298,1.115430555695441,1.1139545150447252,1.1143765521107887,5465
2024-01-17 01:00:00+00:00,1.1133803091174168,1.1145751185610682,1.1127511390904745,1.1144564286678875,4685
2024-01-17 02:00:00+00:00,1.1144727273864297,1.1145927912228075,1.1131282521739403,1.113791382494925,3983
2024-01-17 03:00:00+00:00,1.1137787243885315,1.1149143402206987,1.113555968508583,1.1144512235906505,4039
2024-01-17 04:00:00+00:00,1.1143916252551516,1.1147401527434517,1.1130328172753063,1.113595445172138,4603
2024-01-17 05:00:00+00:00,1.1139107498453324,1.1148337776993111,1.1126984190614948,1.1141781403457023,5412
2024-01-17 06:00:00+00:00,1.1141586097959395,1.1144766054681003,1.1122493670916327,1.1128577716212036,5617
2024-01-17 07:00:00+00:00,1.1132580903619418,1.1140309257335423,1.1126583468468858,1.1132454445487736,5130
2024-01-17 08:00:00+00:00,1.1135630326022867,1.1139189990965752,1.1114441651517701,1.1125561538942306,4577
2024-01-17 09:00:00+00:00,1.1117776684551168,1.1120534016035717,1.1105754360923386,1.111069316678099,4989
2024-01-17 10:00:00+00:00,1.1111986003400143,1.1114221216171059,1.109314400295091,1.110059342635653,5803
2024-01-17 11:00:00+00:00,1.109584910192414,1.1107085797903615,1.1092385846570223,1.1096102518110942,4235
2024-01-17 12:00:00+00:00,1.1096944587645063,1.111205952157772,1.1092938807835526,1.1105386776362092,4039
2024-01-17 13:00:00+00:00,1.1100967016537449,1.1104689118928976,1.1087523565632889,1.108811205315922,3204
2024-01-17 14:00:00+00:00,1.1067915730030828,1.1076028970829548,1.1048953625401945,1.105771484073646,1455
2024-01-17 15:00:00+00:00,1.1049866852288817,1.1072616562785078,1.1045864685120328,1.1069620934757711,4248
2024-01-17 16:00:00+00:00,1.1065878207984219,1.1074851558038217,1.1057631774461267,1.1067467538571998,4435
2024-01-17 17:00:00+00:00,1.106179808476925,1.1071300135310431,1.1056473631270858,1.1059299871351964,5720
2024-01-17 18:00:00+00:00,1.1067143275160969,1.107663859679295,1.106015804867874,1.1063437963013425,4181
2024-01-17 19:00:00+00:00,1.1058743753594449,1.1066388767431286,1.1053719390111427,1.1059391468366147,3972
2024-01-17 20:00:00+00:00,1.107279229338515,1.1076853638264967,1.106451803725872,1.1066700076419744,4511
2024-01-17 21:00:00+00:00,1.1070292004749407,1.1076088920571379,1.1063562093286783,1.1068505985145103,3384
2024-01-17 22:00:00+00:00,1.1067394947161866,1.107981057631616,1.1063839058400549,1.107413585276278,4691
2024-01-17 23:00:00+00:00,1.1076594201466423,1.108506962845125,1.107443133743386,1.1082705960942332,2203
2024-01-18 00:00:00+00:00,1.1080466653173986,1.1085021764372684,1.1070935258807433,1.1079084664571934,5252
2024-01-18 01:00:00+00:00,1.107628555802887,1.1085867281164534,1.1069064170216134,1.1082204748873727,3385
2024-01-18 02:00:00+00:00,1.1080787946861625,1.1086607089087532,1.1069548344921336,1.1082375717898045,6508
2024-01-18 03:00:00+00:00,1.108439251256373,1.1097520635490385,1.1074404365071304,1.108023767108848,4121
2024-01-18 04:00:00+00:00,1.10836542525543,1.1101548821303997,1.1080635338860458,1.1098068365170586,4705
2024-01-18 05:00:00+00:00,1.1098471444314613,1.1108000273026528,1.108913279874446,1.1098923161429541,5283
2024-01-18 06:00:00+00:00,1.1100263433705286,1.1107535811943805,1.1093649069590257,1.1098650550670464,4121
2024-01-18 07:00:00+00:00,1.110366060676343,1.1110371011350442,1.1094504909893461,1.1098476306449474,4852
2024-01-18 08:00:00+00:00,1.1095356324085444,1.1105978248276813,1.109036456721028,1.1095060676797386,3391
2024-01-18 09:00:00+00:00,1.1087323462580045,1.110429881537513,1.1087323462580045,1.1098983775446118,5226
2024-01-18 10:00:00+00:00,1.1097671317863207,1.1099146207538546,1.1082517832174203,1.1097598122221024,3897
2024-01-18 11:00:00+00:00,1.109299337208472,1.1127860018643785,1.109191569590193,1.1122275168764595,4288
2024-01-18 12:00:00+00:00,1.1119134026517383,1.1123247099085476,1.1109380449935542,1.1114103003352915,5774
2024-01-18 13:00:00+00:00,1.1117514345547872,1.1122693130540393,1.110525827209156,1.1112142395214761,3075
2024-01-18 14:00:00+00:00,1.11132234279121,1.1124037599559171,1.110567687399875,1.1117260223210088,6491
2024-01-18 15:00:00+00:00,1.1112064131601083,1.1124463454110256,1.110239725344703,1.1110106323014175,3628
2024-01-18 16:00:00+00:00,1.1125698554134242,1.1127695144880023,1.1107237638950629,1.1114934539815315,4892
2024-01-18 17:00:00+00:00,1.1109981025948443,1.1123240283780482,1.1107569830076853,1.1119739642901354,4637
2024-01-18 18:00:00+00:00,1.1126385465305062,1.1130177249756075,1.1118023644870028,1.112555643958322,4477
2024-01-18 19:00:00+00:00,1.1129635824838147,1.1137066853852,1.112276225333718,1.1131169454583874,3244
2024-01-18 20:00:00+00:00,1.1130216856860977,1.1133387686308265,1.111729462555936,1.1123206490317399,3876
2024-01-18 21:00:00+00:00,1.1120653256398985,1.1134896465432635,1.1117099033909694,1.1126188037690559,5177
2024-01-18 22:00:00+00:00,1.1125957854169823,1.113262972171478,1.1118527680424801,1.1127115799456173,3133
2024-01-18 23:00:00+00:00,1.11304628793608,1.1135106764343132,1.1122301672059716,1.1126889982970636,3092
2024-01-19 00:00:00+00:00,1.1124537390634144,1.1138893317403251,1.11228336118728,1.1135611703679058,4368
2024-01-19 01:00:00+00:00,1.1134945500001279,1.1140231196457313,1.1125401030309259,1.1135003800640508,4364
2024-01-19 02:00:00+00:00,1.112492378877559,1.1138160494865725,1.1115754018716821,1.1124217228845894,3411
2024-01-19 03:00:00+00:00,1.1131430995595155,1.1137776572312024,1.1121664425166304,1.1128461143466186,4272
2024-01-19 04:00:00+00:00,1.1132704764103443,1.113990169204955,1.1122496598715796,1.113249063626711,5466
2024-01-19 05:00:00+00:00,1.1132036114956505,1.1146102134860274,1.1124060831374616,1.1127891874869378,4615
2024-01-19 06:00:00+00:00,1.1129785579839164,1.1133734397138433,1.1110655098286073,1.112233101925671,5999
2024-01-19 07:00:00+00:00,1.1128065547979986,1.113909157467575,1.1123564817959573,1.113461119568327,2890
2024-01-19 08:00:00+00:00,1.1142187704758062,1.116528016295743,1.1141297027028918,1.1161787929232616,4057
2024-01-19 09:00:00+00:00,1.114856797132504,1.116099106063415,1.1134780187932212,1.115676605738243,4569
2024-01-19 10:00:00+00:00,1.1154818993303965,1.1162612231937452,1.115297449790166,1.1159686733914487,4868
2024-01-19 11:00:00+00:00,1.1170774026133377,1.11800941328863,1.1158884253589367,1.116243353804471,3205
2024-01-19 12:00:00+00:00,1.1154982217835623,1.1154982217835623,1.1139211258921689,1.11433186981866,4841
2024-01-19 13:00:00+00:00,1.1139740928794066,1.114055126627111,1.111132644503148,1.1114615100690637,3033
2024-01-19 14:00:00+00:00,1.1118873532902804,1.1122459457863263,1.1102946756576222,1.1106698732045708,2898
2024-01-19 15:00:00+00:00,1.1100353875768068,1.1116386073932425,1.1093498300438376,1.109849764497146,3499
2024-01-19 16:00:00+00:00,1.1100711010843836,1.1108637750625967,1.1095364138268924,1.1103875529616505,5866
2024-01-19 17:00:00+00:00,1.1099960521016388,1.1105346146366573,1.1094690679982564,1.110018568900261,3465
2024-01-19 18:00:00+00:00,1.1100852410587023,1.1111773262186249,1.1097099859595885,1.1103290035161772,4515
2024-01-19 19:00:00+00:00,1.1096415847277958,1.109968343805249,1.1080604261971876,1.1086173790320355,5689
2024-01-19 20:00:00+00:00,1.1088324403593897,1.109170155141952,1.1074970112108256,1.1083001275773638,3802
2024-01-19 21:00:00+00:00,1.108441509273259,1.1096728045493192,1.1080780286207312,1.1090490217280065,6449
2024-01-19 22:00:00+00:00,1.1088191830609453,1.1092309303034777,1.1072619123984226,1.1075729979700697,4844
2024-01-19 23:00:00+00:00,1.1067758958759344,1.1080494467942184,1.1062274321143324,1.1070486755644118,4674
2024-01-20 00:00:00+00:00,1.106887581901556,1.1079387757125732,1.1062600357567287,1.1065735779981434,5464
2024-01-20 01:00:00+00:00,1.107056284509373,1.1077628895644458,1.1065258306767034,1.1072077763339314,4383
2024-01-20 02:00:00+00:00,1.1074358954442636,1.1084272354207685,1.106754918352904,1.1074274182513049,5388
2024-01-20 03:00:00+00:00,1.1073820451936736,1.1078281386212983,1.1063906742070957,1.1070988015355707,4577
2024-01-20 04:00:00+00:00,1.1071578719686983,1.1073964639952019,1.105707290281636,1.106050963811866,4353
2024-01-20 05:00:00+00:00,1.1058506105811234,1.1066560184207466,1.105206431900826,1.1061467815368768,3516
2024-01-20 06:00:00+00:00,1.105432702046631,1.106961506480789,1.105432702046631,1.1060298772820227,4170
2024-01-20 07:00:00+00:00,1.1066387285521366,1.1075288810581418,1.1060421722512903,1.1068280167805014,4053
2024-01-20 08:00:00+00:00,1.106528207989077,1.107678002971776,1.1057484530275716,1.107318800024802,5351
2024-01-20 09:00:00+00:00,1.1075993781688953,1.1089670819729491,1.106778830087277,1.108534387342075,5272
2024-01-20 10:00:00+00:00,1.1068537860865415,1.1085199834542812,1.106474093092077,1.1076459973783104,3220
2024-01-20 11:00:00+00:00,1.1088458891382222,1.1088458891382222,1.105815934207241,1.106452363184667,3203
2024-01-20 12:00:00+00:00,1.105871008912157,1.1082515049357047,1.1055386659407889,1.1075502910051618,3884
2024-01-20 13:00:00+00:00,1.108851567274806,1.108851567274806,1.1064074666103538,1.1066717174468779,6090
2024-01-20 14:00:00+00:00,1.1060354455210655,1.1082925017719765,1.1048720819172324,1.1069974633215476,5971
2024-01-20 15:00:00+00:00,1.106126116476405,1.1072587567904122,1.1055353999337707,1.106057520270106,4726
2024-01-20 16:00:00+00:00,1.1063726313658966,1.1074346071683179,1.1052392134651263,1.1063427127731387,4422
2024-01-20 17:00:00+00:00,1.1064565654236203,1.1070696305053638,1.1051631789557796,1.1060460171108024,4664
2024-01-20 18:00:00+00:00,1.1057241874262587,1.1066814477592768,1.1051013651325057,1.1065057227397155,6071
2024-01-20 19:00:00+00:00,1.1067877213758073,1.1071148154827273,1.105889632964394,1.1068620286939543,3109
2024-01-20 20:00:00+00:00,1.1069208586707908,1.1073712934350146,1.1062554910775084,1.1064809435963139,5370
2024-01-20 21:00:00+00:00,1.106181161210258,1.1070620253944077,1.1053394255758364,1.1062492718189934,4892
2024-01-20 22:00:00+00:00,1.1071284133004695,1.1076994193059657,1.1065990081082915,1.1067186262152306,4846
2024-01-20 23:00:00+00:00,1.1064449584266212,1.1071440355506286,1.1053675756207908,1.1058994005117384,5482
2024-01-21 00:00:00+00:00,1.1059312971675395,1.1059312971675395,1.1044936710897428,1.104853856373422,4685
2024-01-21 01:00:00+00:00,1.1048469089754194,1.106003885306392,1.103870927115769,1.1043834477910892,3532
2024-01-21 02:00:00+00:00,1.1037929523925667,1.105948874710889,1.1037827951828212,1.1048531761728164,4840
2024-01-21 03:00:00+00:00,1.104897603808123,1.1062269476663957,1.1043895974809472,1.1056811364550576,5143
2024-01-21 04:00:00+00:00,1.1053378043058786,1.106136651792943,1.1045031529666665,1.1057142463314695,2390
2024-01-21 05:00:00+00:00,1.10613851337619,1.1066559856144644,1.1050966771587933,1.1057385495501384,5117
2024-01-21 06:00:00+00:00,1.105832717134101,1.1061776452733636,1.104925815326679,1.105763816566078,3326
2024-01-21 07:00:00+00:00,1.1058664455397647,1.106903449671584,1.1047137520099526,1.1054334610855125,4115
2024-01-21 08:00:00+00:00,1.1063196250836356,1.1067457828009182,1.10450173604522,1.1046889207024975,3702
2024-01-21 09:00:00+00:00,1.1057815563011753,1.107745907200529,1.1038513808322887,1.1071904572028226,5363
2024-01-21 10:00:00+00:00,1.1071739350126586,1.1080692566392145,1.106806855110158,1.1078404488474127,5921
2024-01-21 11:00:00+00:00,1.1085166034163547,1.109859085470763,1.1076234626653743,1.1085746582867275,6551
2024-01-21 12:00:00+00:00,1.1082622856356807,1.1099525969984443,1.1076798888847692,1.109524129869913,3831
2024-01-21 13:00:00+00:00,1.1069781589670853,1.1085265650984093,1.1067664197641902,1.107858302939616,4999
2024-01-21 14:00:00+00:00,1.107566082896048,1.10943910933991,1.1070595117463558,1.1084561544119624,5883
2024-01-21 15:00:00+00:00,1.108952412107364,1.1091133853034942,1.1063431212084687,1.1064438300857402,4028
2024-01-21 16:00:00+00:00,1.107289202424193,1.108867374165442,1.1069032053718362,1.1086526939117862,4455
2024-01-21 17:00:00+00:00,1.108952079335944,1.1100893989217708,1.1082795285673206,1.1089534292266539,2301
2024-01-21 18:00:00+00:00,1.109073998348462,1.110391272036549,1.1085847222088014,1.1099149110634003,2695
2024-01-21 19:00:00+00:00,1.110416477380362,1.1106089447230831,1.109496408912385,1.1098221340716,4670
2024-01-21 20:00:00+00:00,1.109753089935471,1.1101988021079905,1.1086877840123635,1.1089073298837333,4328
2024-01-21 21:00:00+00:00,1.109003023566813,1.1093876190517316,1.1073942379170871,1.1081259282167786,4052
2024-01-21 22:00:00+00:00,1.107867760590155,1.1085268023488442,1.1073444493489273,1.1077518774283412,4721
2024-01-21 23:00:00+00:00,1.1077852721847645,1.1077852721847645,1.10650049097075,1.1070958581182238,5829
2024-01-22 00:00:00+00:00,1.1068187715856714,1.1076960264390505,1.1060568938669653,1.1063773100541703,3923
2024-01-22 01:00:00+00:00,1.1059765972820839,1.1066721440917913,1.1056046487383488,1.1064616263262814,4153
2024-01-22 02:00:00+00:00,1.1058614511647598,1.106764281928491,1.1042029553765225,1.1055669275148257,4733
2024-01-22 03:00:00+00:00,1.1059405011474561,1.1068672860366715,1.1052332191596919,1.1061089291860535,5353
2024-01-22 04:00:00+00:00,1.1058196694031952,1.1065782861650941,1.1055339479922743,1.1064070911225368,5085
2024-01-22 05:00:00+00:00,1.1073786004936852,1.107714430018985,1.1067499876922204,1.1072427262839248,6279
2024-01-22 06:00:00+00:00,1.1064845331790043,1.1076717209020932,1.1051464647109286,1.1059753557766723,5333
2024-01-22 07:00:00+00:00,1.1062620460907622,1.1070360899557017,1.1051806858782096,1.1060575017976566,3815
2024-01-22 08:00:00+00:00,1.1063275644017971,1.1068280388980802,1.1053120469967193,1.1064641026003668,4946
2024-01-22 09:00:00+00:00,1.1056174515814112,1.1061237100219132,1.103939592572313,1.1040083937222274,5112
2024-01-22 10:00:00+00:00,1.1038440592079715,1.1043727010769346,1.1029270888030247,1.1038234656317485,3816
2024-01-22 11:00:00+00:00,1.1040151893191918,1.1049104459149863,1.103592897159365,1.10472785052224,7028
2024-01-22 12:00:00+00:00,1.1048434496351283,1.1049783827587691,1.1023804235087953,1.1025127402430583,4353
2024-01-22 13:00:00+00:00,1.1022835961359663,1.1053179537139866,1.1021786900812407,1.1048333178014447,4126
2024-01-22 14:00:00+00:00,1.1056331887525819,1.1063374235781889,1.1051139629824511,1.1054373711319536,4751
2024-01-22 15:00:00+00:00,1.1053572902722906,1.1071720502132238,1.1045870465384897,1.1063857188841204,3430
2024-01-22 16:00:00+00:00,1.1062740362978183,1.106753544714186,1.1047721466701506,1.105339620432128,3861
2024-01-22 17:00:00+00:00,1.1046201385124041,1.1056505647036619,1.103326634163758,1.1036681432778856,4413
2024-01-22 18:00:00+00:00,1.1037219958384887,1.1043855432747625,1.1022047483828732,1.1040138986627388,4558
2024-01-22 19:00:00+00:00,1.1040694977675167,1.1051134995504601,1.1033923627719768,1.1042336292257722,4667
2024-01-22 20:00:00+00:00,1.1045210356733997,1.104760191771272,1.1026941216599553,1.103453968679047,4384
2024-01-22 21:00:00+00:00,1.1036635995126798,1.1042097181192594,1.1028345920662292,1.1031853504917912,3210
2024-01-22 22:00:00+00:00,1.1034670735880923,1.1041352211903488,1.102891822686279,1.1033571091370424,5343
2024-01-22 23:00:00+00:00,1.1037495841092273,1.1039258397122116,1.102780213374049,1.1034202243462086,3821
2024-01-23 00:00:00+00:00,1.103600102078615,1.1039401854573712,1.102525567810453,1.1032210019083262,4145
2024-01-23 01:00:00+00:00,1.1027945990108874,1.1037322107930456,1.1012449840483964,1.1016527876792732,3744
2024-01-23 02:00:00+00:00,1.1017202547888418,1.103589984479138,1.1014191520357068,1.1026379282159553,3959
2024-01-23 03:00:00+00:00,1.1027323378143026,1.1033799667186648,1.1021561013474412,1.1022695972948144,4097
2024-01-23 04:00:00+00:00,1.1027765023510254,1.1035207853832256,1.1020870910832787,1.1032519172786026,3161
2024-01-23 05:00:00+00:00,1.103546502446994,1.1042406123889297,1.1020965918717707,1.1035118965375512,3327
2024-01-23 06:00:00+00:00,1.1034579024518842,1.1043045781317518,1.1023480077645713,1.1033892948750919,4171
2024-01-23 07:00:00+00:00,1.102747801764333,1.103250736678642,1.1023818713946547,1.1029477549709417,4293
2024-01-23 08:00:00+00:00,1.103170768622148,1.1044468778367122,1.101905800381842,1.1028150112687798,4161
2024-01-23 09:00:00+00:00,1.1021418399511795,1.1028802695184527,1.1001237716939924,1.1006919992512578,4054
2024-01-23 10:00:00+00:00,1.1017963100175356,1.1026451206718832,1.10076760143051,1.1011230440368636,5334
2024-01-23 11:00:00+00:00,1.100615263458559,1.1011601332003678,1.099880496152439,1.1010481009512283,5993
2024-01-23 12:00:00+00:00,1.1012062342598554,1.1017472226936944,1.0996929035346161,1.1011354404271465,5022
2024-01-23 13:00:00+00:00,1.1019918916953069,1.1035491849644203,1.1012816930566462,1.1017458658622545,3299
2024-01-23 14:00:00+00:00,1.1011279162433325,1.1018044812082675,1.1002563788804145,1.1016613700018607,3863
2024-01-23 15:00:00+00:00,1.1017068786233057,1.1018841062883658,1.1005550651074283,1.1007939612711088,3230
2024-01-23 16:00:00+00:00,1.1022664070935249,1.1031023636390325,1.1005065132406882,1.1027541114722885,5153
2024-01-23 17:00:00+00:00,1.1023865051627137,1.1038815230765435,1.10154737832784,1.102439063718822,5118
2024-01-23 18:00:00+00:00,1.1028006035883706,1.1036084966721285,1.1017371563736382,1.1021216329033585,2690
2024-01-23 19:00:00+00:00,1.1021993168067097,1.102436960743043,1.100741483975846,1.1014646973322633,3325
2024-01-23 20:00:00+00:00,1.1015804255839918,1.1026962342116862,1.101111860985611,1.101865056338103,4099
2024-01-23 21:00:00+00:00,1.1017909793918887,1.1020260713370313,1.1012133599896874,1.1015056230202431,5265
2024-01-23 22:00:00+00:00,1.1017954451645238,1.1029996015063448,1.1012455762631033,1.1024333562450381,4097
2024-01-23 23:00:00+00:00,1.102174140712818,1.1026192585667944,1.1011335157054645,1.1022709603062175,3841
2024-01-24 00:00:00+00:00,1.1024324554805662,1.1032092398757951,1.1014452611855359,1.101786817934399,2783
2024-01-24 01:00:00+00:00,1.1018792663907082,1.1029969525870587,1.1011364142306017,1.101924316692993,4282
2024-01-24 02:00:00+00:00,1.102182631487988,1.1030122150913084,1.1014796930669724,1.1025167204006086,5840
2024-01-24 03:00:00+00:00,1.1023985654513766,1.1027072669461322,1.1015387805328798,1.1022774325368758,3615
2024-01-24 04:00:00+00:00,1.1022051485619064,1.1035682687690538,1.101309567788368,1.1028852048216604,4064
2024-01-24 05:00:00+00:00,1.1026310359735894,1.1032126024007305,1.1015872470854233,1.102072914480915,5759
2024-01-24 06:00:00+00:00,1.102056283894153,1.1028264626272255,1.1010079925726988,1.1014886313639345,4740
2024-01-24 07:00:00+00:00,1.1014985141186107,1.1028019705909802,1.100885420065043,1.1012147425787961,3884
2024-01-24 08:00:00+00:00,1.101493868473847,1.1038322356963421,1.1013315398061272,1.103670628951566,4197
2024-01-24 09:00:00+00:00,1.1026070113257278,1.104157836281249,1.1019321392258912,1.1030489666845607,4597
2024-01-24 10:00:00+00:00,1.1020605997699222,1.103090069631175,1.1017597851872216,1.1024434497933278,4469
2024-01-24 11:00:00+00:00,1.1036034468714426,1.1040545651722171,1.101289567089401,1.1014771792712839,6502
2024-01-24 12:00:00+00:00,1.1016034891227102,1.1027711900918153,1.0993985391448482,1.1000866836277794,5565
2024-01-24 13:00:00+00:00,1.1002655731400222,1.1023378971427853,1.0998001404577245,1.1017398329078356,4623
2024-01-24 14:00:00+00:00,1.1011366963721374,1.1029342742453956,1.1003994261746446,1.100948766989043,2842
2024-01-24 15:00:00+00:00,1.101446730312126,1.1021625040844067,1.0999266036234117,1.1009543734479037,4241
2024-01-24 16:00:00+00:00,1.100566791907821,1.1008642061699174,1.0989152866641378,1.0992386996104568,4250
2024-01-24 17:00:00+00:00,1.0984958152088933,1.0997579032334888,1.09797610110522,1.0988797572432516,4382
2024-01-24 18:00:00+00:00,1.0993411766043528,1.0995622763635162,1.0975725057086976,1.0985719340784936,4116
2024-01-24 19:00:00+00:00,1.098152437201901,1.098997229727731,1.0975438305771168,1.0984568666837446,5029
2024-01-24 20:00:00+00:00,1.098557201226519,1.0997275780298226,1.0980943537286731,1.0992205691384185,3980
2024-01-24 21:00:00+00:00,1.0992210757466874,1.1002581550107118,1.09854700430408,1.098969869685881,2640
2024-01-24 22:00:00+00:00,1.0991469171322414,1.100325596445936,1.0986433850223354,1.0999682669493847,5757
2024-01-24 23:00:00+00:00,1.0997776405802975,1.100896755737002,1.0986374412995548,1.09927605401785,6117
2024-01-25 00:00:00+00:00,1.0993447780709449,1.1018160551697256,1.0989210960049416,1.1013111544800749,5677
2024-01-25 01:00:00+00:00,1.1010646813951646,1.102367739540247,1.1005626666967538,1.1015749070802594,4004
2024-01-25 02:00:00+00:00,1.1022727235696654,1.1029884024395542,1.1015130628423195,1.102630608886115,3157
2024-01-25 03:00:00+00:00,1.1027982083295287,1.1036666573725735,1.1019410881214804,1.1025971072818954,3428
2024-01-25 04:00:00+00:00,1.1026547013754948,1.1030794044925556,1.1019291408098415,1.1027370059839536,4685
2024-01-25 05:00:00+00:00,1.1032655137268235,1.1039669091486655,1.1028091690126238,1.1031082437332627,2873
2024-01-25 06:00:00+00:00,1.1029389405130818,1.1038916344267076,1.1027121776596165,1.1033457801993722,3598
2024-01-25 07:00:00+00:00,1.103133277109928,1.103875682010248,1.1016691129969034,1.1029121154699977,4950
2024-01-25 08:00:00+00:00,1.1032454106790295,1.1047316383491381,1.1026936779421457,1.103696012233796,4692
2024-01-25 09:00:00+00:00,1.1032795459790612,1.1050000958251098,1.1027990707751538,1.1043430733881197,1986
2024-01-25 10:00:00+00:00,1.1037556061793137,1.103955167384797,1.1020387364912079,1.1027315961336084,4706
2024-01-25 11:00:00+00:00,1.1021615121767907,1.103300813448256,1.101052026219051,1.1030439278608308,4707
2024-01-25 12:00:00+00:00,1.1034036598714885,1.1042875044326974,1.1026654259208866,1.103838383758907,4395
2024-01-25 13:00:00+00:00,1.103942865101377,1.104665364406132,1.1022990407340343,1.1024653350279838,2904
2024-01-25 14:00:00+00:00,1.1025076047649809,1.1032234386448576,1.0994190756762543,1.0997833945297486,5853
2024-01-25 15:00:00+00:00,1.1008127886816332,1.101922768544316,1.0994970126856458,1.100840643103228,4800
2024-01-25 16:00:00+00:00,1.0995791094344862,1.0999690108812035,1.0982500987562933,1.0994819716084028,3968
2024-01-25 17:00:00+00:00,1.0990734954317158,1.1003694667611477,1.0988370673483374,1.099863225477827,3811
2024-01-25 18:00:00+00:00,1.1000565146189227,1.1010597356695109,1.0992478204282936,1.099583272336792,4385
2024-01-25 19:00:00+00:00,1.099932961248414,1.099932961248414,1.0982081854010521,1.0990728564636423,4161
2024-01-25 20:00:00+00:00,1.0991543892015978,1.0999376140707335,1.0981712255464873,1.098673267995725,3844
2024-01-25 21:00:00+00:00,1.0983234120767045,1.0994111765142325,1.097658516177622,1.098330888585533,3796
2024-01-25 22:00:00+00:00,1.097962604491658,1.098047264956133,1.096573306739317,1.0971820568302049,2997
2024-01-25 23:00:00+00:00,1.0962856975376676,1.0967782891465914,1.0952243735229115,1.0960350383482387,3634
2024-01-26 00:00:00+00:00,1.0964873603060667,1.0966586632747046,1.0951783060327425,1.09564153435649,4950
2024-01-26 01:00:00+00:00,1.0952753809571867,1.0966711515567806,1.0951071580855627,1.0961106018725049,3721
2024-01-26 02:00:00+00:00,1.0964719668215104,1.0970539674564108,1.0959713064563303,1.096532253107215,4388
2024-01-26 03:00:00+00:00,1.0968284974637943,1.0971534412473551,1.0961987315825725,1.0966741155657214,4408
2024-01-26 04:00:00+00:00,1.0969618272729318,1.0977929699798492,1.0962186120380195,1.0971786771309497,4053
2024-01-26 05:00:00+00:00,1.0965227367587522,1.098200701357801,1.0965227367587522,1.0973696384341913,4761
2024-01-26 06:00:00+00:00,1.0973224764023068,1.0975311583125895,1.096184523447533,1.097158263623055,5301
2024-01-26 07:00:00+00:00,1.0971302592639556,1.0981223961715152,1.0968205355319316,1.097569528849238,4673
2024-01-26 08:00:00+00:00,1.0972624607719192,1.0975132229912383,1.0959539847258513,1.096785575017213,3385
2024-01-26 09:00:00+00:00,1.0965453914556962,1.0982409080287268,1.0961470385826046,1.0966631121280774,2102
2024-01-26 10:00:00+00:00,1.0954768766304404,1.0984641833598134,1.0951177390063587,1.0967986182905396,4927
2024-01-26 11:00:00+00:00,1.0972736967733816,1.0978296263795937,1.0963242080589393,1.097316822032458,3504
2024-01-26 12:00:00+00:00,1.096946530769758,1.0975957076913903,1.0951889052610835,1.0953091566355007,3774
2024-01-26 13:00:00+00:00,1.0947295559548238,1.0953289862929836,1.0936559887814665,1.0945789457804471,3473
2024-01-26 14:00:00+00:00,1.0958314000558906,1.096363941098307,1.094998170090844,1.0957807344670807,5646
2024-01-26 15:00:00+00:00,1.0959380016745701,1.097304882555551,1.095770431060813,1.0970735990297042,2841
2024-01-26 16:00:00+00:00,1.0962211314471795,1.0978745734452273,1.0957774963963751,1.0968508022225383,3846
2024-01-26 17:00:00+00:00,1.0970656153982485,1.0981408355623143,1.09629507429998,1.0973657393226253,4291
2024-01-26 18:00:00+00:00,1.098238697044362,1.0983565131671684,1.0970974151952073,1.0974981233732288,4369
2024-01-26 19:00:00+00:00,1.0980010873901251,1.0982405140853435,1.0970303680643296,1.0976669626758857,4880
2024-01-26 20:00:00+00:00,1.0977264237160003,1.0992717143658122,1.09708377753049,1.098953086926902,5201
2024-01-26 21:00:00+00:00,1.0988394434097266,1.0990311427190984,1.0981699057268368,1.0986109193062257,4365
2024-01-26 22:00:00+00:00,1.0986699998737175,1.0990588996091293,1.0971614258767906,1.097881510209905,4581
2024-01-26 23:00:00+00:00,1.0980006630436587,1.098358728392973,1.0969422782906717,1.097490108726437,5298
2024-01-27 00:00:00+00:00,1.0979272716608224,1.098609414261469,1.0968668515319384,1.0978133501652318,3513
2024-01-27 01:00:00+00:00,1.098378788443269,1.0990770717376592,1.0978221419595129,1.0983107060096884,2519
2024-01-27 02:00:00+00:00,1.0984229974397823,1.098444980361292,1.0970718251062177,1.0984164251518351,3410
2024-01-27 03:00:00+00:00,1.0987244107036325,1.0997455047733056,1.0968099411886076,1.098039485098334,4275
2024-01-27 04:00:00+00:00,1.098025463506354,1.0987688719183477,1.0974885764951638,1.0982450330077544,4370
2024-01-27 05:00:00+00:00,1.0983351627354925,1.0987097958724663,1.0972328509150557,1.097488128416195,4382
2024-01-27 06:00:00+00:00,1.096983962636053,1.0988299522503209,1.0960880548627019,1.09838275542357,4752
2024-01-27 07:00:00+00:00,1.0984619665336837,1.0995584571530526,1.098054649487083,1.0988656766184943,4959
2024-01-27 08:00:00+00:00,1.0993470150030413,1.1012780673630094,1.0991693694105724,1.1003192892527882,2534
2024-01-27 09:00:00+00:00,1.0996839817370894,1.1002606640794335,1.0981876471479135,1.0989878390381291,3526
2024-01-27 10:00:00+00:00,1.0986242061214178,1.1007113260202341,1.0983261790944074,1.0992035689200501,2838
2024-01-27 11:00:00+00:00,1.0991966211651714,1.099315957176912,1.0973853291473241,1.0975590862764357,2662
2024-01-27 12:00:00+00:00,1.0973605744939503,1.099941929226368,1.0971203231336715,1.0983938256783519,3792
2024-01-27 13:00:00+00:00,1.097919452984548,1.1003496632134637,1.0978420323234466,1.0990657920871525,3650
2024-01-27 14:00:00+00:00,1.0976962417385292,1.0994334527444538,1.0971559228533612,1.0986530012883753,3470
2024-01-27 15:00:00+00:00,1.0991259721289386,1.0997434247197824,1.0966024775630507,1.097281765074777,5633
2024-01-27 16:00:00+00:00,1.0980600024422091,1.0980600024422091,1.0962838985268561,1.0965430554951294,4046
2024-01-27 17:00:00+00:00,1.0967097233554828,1.0968582160502214,1.0950714474548626,1.0957900842925636,5453
2024-01-27 18:00:00+00:00,1.0955807359480672,1.096922605324469,1.0955002516900068,1.0962133968272536,4340
2024-01-27 19:00:00+00:00,1.0955987108571048,1.0968786818292597,1.0949810912323155,1.0964661573683072,4733
2024-01-27 20:00:00+00:00,1.0960299057706775,1.0974583462464433,1.0954327856551298,1.096998539470775,4804
2024-01-27 21:00:00+00:00,1.0977028333051424,1.0982268524361707,1.0971147925838314,1.097819731584068,4982
2024-01-27 22:00:00+00:00,1.0983589907590776,1.0996377463132498,1.0974732583379718,1.097905975684144,4665
2024-01-27 23:00:00+00:00,1.0983031432575983,1.0983031432575983,1.0970078070352385,1.0979230250962382,2892
2024-01-28 00:00:00+00:00,1.0979762141336769,1.0986416675989112,1.097328837685838,1.0980221028336907,4499
2024-01-28 01:00:00+00:00,1.0971117411999969,1.0975901080621084,1.0964902175822777,1.0974760084718027,3966
2024-01-28 02:00:00+00:00,1.0972910150799406,1.0977214809680096,1.0955551463720021,1.0966013421306693,4670
2024-01-28 03:00:00+00:00,1.0963874201101398,1.0966308933934557,1.0953791308782654,1.0956535949153399,3213
2024-01-28 04:00:00+00:00,1.0949960658496718,1.095976543691788,1.0942352787149443,1.0958365361236428,2468
2024-01-28 05:00:00+00:00,1.0954229345655737,1.095934872330679,1.0949003415689855,1.0955411631493082,5697
2024-01-28 06:00:00+00:00,1.0960220190703263,1.0963004438676047,1.0948847617048183,1.0956725385476367,4379
2024-01-28 07:00:00+00:00,1.096265899972362,1.0976103845323806,1.0961038216760948,1.096697228492867,3477
2024-01-28 08:00:00+00:00,1.097493459812001,1.0994042892250233,1.0967805122498928,1.0984272368427825,5357
2024-01-28 09:00:00+00:00,1.0990336894529547,1.0993907530077545,1.0976702186980183,1.098435007925869,3139
2024-01-28 10:00:00+00:00,1.098726074671242,1.1007565941256783,1.097879911503848,1.1003915733942677,3037
2024-01-28 11:00:00+00:00,1.1010065266877234,1.1029356498590015,1.1006673246630583,1.1012129111068631,5078
2024-01-28 12:00:00+00:00,1.1017814021871606,1.1031502750881224,1.1011549127864422,1.102008866355868,4940
2024-01-28 13:00:00+00:00,1.1016866405406227,1.1016866405406227,1.0991857658212167,1.099779864871183,4410
2024-01-28 14:00:00+00:00,1.0985167260842248,1.0993963661231343,1.0984384832406173,1.098684710511743,4624
2024-01-28 15:00:00+00:00,1.0999661479364673,1.1012190719859551,1.0994717635065665,1.100435204552131,4388
2024-01-28 16:00:00+00:00,1.1009060657889054,1.101547637350979,1.1000809640624325,1.100999101553453,4714
2024-01-28 17:00:00+00:00,1.1013627024151635,1.1014133694154176,1.0999657956084419,1.1006216797786337,4828
2024-01-28 18:00:00+00:00,1.1001357656139064,1.1008326094455554,1.0996168554163324,1.1002169870639742,4768
2024-01-28 19:00:00+00:00,1.099504567207627,1.1005249178283447,1.0994174641587982,1.0999019083414148,3972
2024-01-28 20:00:00+00:00,1.100301788174854,1.100607314556267,1.0991222351969883,1.0996030492287054,4648
2024-01-28 21:00:00+00:00,1.0987114791639034,1.099392755384641,1.0981495309983003,1.0984762223692044,4588
2024-01-28 22:00:00+00:00,1.0984808566372242,1.0988811564532066,1.0980348495399441,1.0983547636346804,3660
2024-01-28 23:00:00+00:00,1.098469560732451,1.0996367204654252,1.0983096999760265,1.0989566231874766,3148
2024-01-29 00:00:00+00:00,1.0985150281099072,1.099037987870245,1.0979984326299286,1.0984956860520654,5140
2024-01-29 01:00:00+00:00,1.0984244408999762,1.0989002874726688,1.0977414168851765,1.0984206942368215,4034
2024-01-29 02:00:00+00:00,1.0987515720382712,1.0998986306947123,1.098085902072804,1.0990113254315408,4767
2024-01-29 03:00:00+00:00,1.0994039102738118,1.1011460080757327,1.0991522120517374,1.1006479531398219,4782
2024-01-29 04:00:00+00:00,1.1008117226446554,1.102063685842408,1.1001954546081434,1.1014538771873175,5139
2024-01-29 05:00:00+00:00,1.10126274141009,1.1022517784426915,1.100863081150673,1.1015419376683804,5078
2024-01-29 06:00:00+00:00,1.1017931682326898,1.103025229594971,1.1009733783128124,1.1018325909990585,5095
2024-01-29 07:00:00+00:00,1.1013802731854159,1.1021430595574444,1.1006145633109226,1.1013612298899105,6005
2024-01-29 08:00:00+00:00,1.1012493713170028,1.1037691252144237,1.100587147670662,1.1016858310441595,5520
2024-01-29 09:00:00+00:00,1.1028537527420386,1.1052178595138893,1.1023922925742533,1.1049654571608043,4888
2024-01-29 10:00:00+00:00,1.1058160666525376,1.1064590242142456,1.1046819070324936,1.1059005851690116,5559
2024-01-29 11:00:00+00:00,1.1069438740169248,1.1086985985593485,1.1065154184792743,1.1083374810486002,5960
2024-01-29 12:00:00+00:00,1.107657982428022,1.1094094425399799,1.107014352235564,1.1090264904383056,5240
2024-01-29 13:00:00+00:00,1.1098676372479621,1.110553061784166,1.10888997728403,1.110267361075527,5813
2024-01-29 14:00:00+00:00,1.1105041060184186,1.1109994873214568,1.1084108237571348,1.108657161916877,3940
2024-01-29 15:00:00+00:00,1.1079086014408308,1.1095272705340968,1.1070829871117966,1.1091625597601662,3593
2024-01-29 16:00:00+00:00,1.1100833945256199,1.1106688223017402,1.1094742298655105,1.1097331397980634,3004
2024-01-29 17:00:00+00:00,1.1088070975866056,1.1104199158190968,1.1081831547774206,1.1088920101010749,4070
2024-01-29 18:00:00+00:00,1.1088126946644852,1.1099283371442592,1.108088800152806,1.1092739093598998,1913
2024-01-29 19:00:00+00:00,1.1088955599755381,1.1100572277159828,1.1088955599755381,1.1093280571579331,5210
2024-01-29 20:00:00+00:00,1.1092244652280963,1.109590551304063,1.1087834982900955,1.109076426729901,4711
2024-01-29 21:00:00+00:00,1.1091544308550978,1.1091544308550978,1.107723311935962,1.1079526086188423,4866
2024-01-29 22:00:00+00:00,1.1077006886720802,1.1084349715407138,1.1072521730057778,1.1075739754846887,4306
2024-01-29 23:00:00+00:00,1.1079768023531056,1.1083142353374738,1.1070233721343488,1.1073162629744313,3627
2024-01-30 00:00:00+00:00,1.1067098443534502,1.1078787875170824,1.1056134912274183,1.1063087691845945,5257
2024-01-30 01:00:00+00:00,1.1060059399326927,1.1061451976889223,1.1053585747454266,1.105891741578883,5181
2024-01-30 02:00:00+00:00,1.1057338730938457,1.106103404713088,1.1047628871404107,1.1051424904708438,4128
2024-01-30 03:00:00+00:00,1.1047071410271838,1.1054311961761356,1.1034155476898264,1.1042238643703943,3535
2024-01-30 04:00:00+00:00,1.1042031518712876,1.1056202810667852,1.1035851981877225,1.105388406599392,4618
2024-01-30 05:00:00+00:00,1.1053167172147997,1.1053167172147997,1.1036845188900655,1.1042819771867538,5153
2024-01-30 06:00:00+00:00,1.1041415457976163,1.1047121309501804,1.1037567843992666,1.1040089884313506,4345
2024-01-30 07:00:00+00:00,1.1036347280148449,1.1056136067328146,1.1035288036168984,1.1048557297055104,6055
2024-01-30 08:00:00+00:00,1.1052004287729096,1.1068204781663291,1.1052004287729096,1.1063256462522668,4575
2024-01-30 09:00:00+00:00,1.1048092676221186,1.1059438024182717,1.10401489187156,1.1051948553294486,5446
2024-01-30 10:00:00+00:00,1.1042662672386447,1.1065359520936908,1.1037209975719633,1.1062441962100757,5166
2024-01-30 11:00:00+00:00,1.1063518193415058,1.1073919750172445,1.1051622666907397,1.1052806225983234,2721
2024-01-30 12:00:00+00:00,1.104934919303784,1.1062009555364518,1.1044289268485028,1.1052983343108855,5025
2024-01-30 13:00:00+00:00,1.105106732194202,1.1102069466556437,1.104699293386695,1.1093086285626161,3914
2024-01-30 14:00:00+00:00,1.1096009974318248,1.109646518533237,1.1076501545893442,1.1092932329380967,3731
2024-01-30 15:00:00+00:00,1.1084231823214545,1.1091161914649286,1.1070880575953743,1.1072294365236774,4928
2024-01-30 16:00:00+00:00,1.1066023899557174,1.1067790284681407,1.1049111237342113,1.105252440837224,5315
2024-01-30 17:00:00+00:00,1.10556911232164,1.105994131974353,1.1044852583136218,1.105587802311697,3286
2024-01-30 18:00:00+00:00,1.1056206117652565,1.106186298275252,1.1042340321518622,1.1054160137127802,4998
2024-01-30 19:00:00+00:00,1.105686080641767,1.1060923732875132,1.1039483528336804,1.1050080260215456,4880
2024-01-30 20:00:00+00:00,1.1055112419631523,1.1057542242739529,1.1046131980982847,1.1049154594241621,5473
2024-01-30 21:00:00+00:00,1.1043974927896607,1.1060051048260704,1.1041395220429904,1.1049279639730496,2801
2024-01-30 22:00:00+00:00,1.1049777009122517,1.105600836282345,1.1033296803873522,1.104072032650511,5586
2024-01-30 23:00:00+00:00,1.1035036315704188,1.1040961316790099,1.1027972449547487,1.1032280682291322,5357
2024-01-31 00:00:00+00:00,1.1029317345013783,1.1038158675121357,1.101319191666508,1.101362164028326,5376
2024-01-31 01:00:00+00:00,1.1017125578596036,1.101827571744842,1.0994126340002168,1.1001458898933136,7184
2024-01-31 02:00:00+00:00,1.1004703268264695,1.101176611321095,1.10005927490664,1.1006267109254402,5571
2024-01-31 03:00:00+00:00,1.0998674985663957,1.1009037216791162,1.0997527783703158,1.1003503648396937,4561
2024-01-31 04:00:00+00:00,1.1012895683337904,1.1022331563232086,1.1004266896057944,1.1014415603705647,3910
2024-01-31 05:00:00+00:00,1.1014299147256494,1.1020884349390152,1.1005310880325976,1.10112047124141,4404
2024-01-31 06:00:00+00:00,1.1012006280935556,1.10141752932699,1.1003105643850755,1.100765879102907,5834
2024-01-31 07:00:00+00:00,1.1005267486775454,1.1012202358032954,1.0996622678183114,1.1004115645391026,4499
2024-01-31 08:00:00+00:00,1.1004849484232009,1.1012783352407907,1.100007183456353,1.1011609156255264,4881
2024-01-31 09:00:00+00:00,1.1025776725542995,1.1033743232955984,1.1018376877970164,1.1029297888072094,4983
2024-01-31 10:00:00+00:00,1.1035167159837673,1.104441154299443,1.1031272330404842,1.1037092818839742,4800
2024-01-31 11:00:00+00:00,1.1037716628437624,1.1045140352895715,1.1033081246930558,1.103765044229606,4579
2024-01-31 12:00:00+00:00,1.103715517222796,1.106569601589151,1.1034729966941463,1.1064300735125627,4127
2024-01-31 13:00:00+00:00,1.1061267429583703,1.1069573684652434,1.1050123012777258,1.1067190356268437,4828
2024-01-31 14:00:00+00:00,1.1074934406451453,1.108277891111865,1.1055723669552628,1.1058877881264446,4684
2024-01-31 15:00:00+00:00,1.1054661479591656,1.1067469445803875,1.1048155046482595,1.1063956510309232,5450
2024-01-31 16:00:00+00:00,1.1060105195086307,1.1065278017888778,1.1051635497350665,1.105622291839216,6340
2024-01-31 17:00:00+00:00,1.1046712480591407,1.1047920077981508,1.1033646351894253,1.1042908745121147,3526
2024-01-31 18:00:00+00:00,1.1048573385693878,1.1055684142325188,1.1038918838504148,1.104855799184293,3874
2024-01-31 19:00:00+00:00,1.1050107282717803,1.1062196642301159,1.1047100646957864,1.1060345976079793,4701
2024-01-31 20:00:00+00:00,1.1057311240183179,1.105889889774105,1.1045845131419603,1.104886592386882,5180
2024-01-31 21:00:00+00:00,1.1043185175936945,1.1052618093992077,1.1040910705973217,1.1049065580081543,5768
2024-01-31 22:00:00+00:00,1.104758128839238,1.1049586542514962,1.1030097711840092,1.103425213379754,4546
2024-01-31 23:00:00+00:00,1.103039020508782,1.10436862954711,1.1026276528247405,1.1038715361733251,5592
2024-02-01 00:00:00+00:00,1.1039147885137945,1.104912332862839,1.1034529785412959,1.1041767706726642,4092
2024-02-01 01:00:00+00:00,1.1044433295980323,1.1052227512891217,1.104041410165324,1.1049713635865868,2197
2024-02-01 02:00:00+00:00,1.1050339364247448,1.1055503705699439,1.1036281297315247,1.104043655239168,3201
2024-02-01 03:00:00+00:00,1.104220271240269,1.1053073487947698,1.103281720375988,1.104987365312352,2347
2024-02-01 04:00:00+00:00,1.1050757361565025,1.105557889823907,1.1042220628086947,1.1047434256968032,5174
2024-02-01 05:00:00+00:00,1.1047012160095913,1.1054557766055753,1.1039368205734534,1.1044724085051827,4797
2024-02-01 06:00:00+00:00,1.1045404386657711,1.1046039373239305,1.1027648195979645,1.10323645242427,5367
2024-02-01 07:00:00+00:00,1.1038724509189761,1.1043602201246419,1.1032402218134856,1.1037278803296515,4353
2024-02-01 08:00:00+00:00,1.1027726753166593,1.1038507033694418,1.1018501844922448,1.102891246849642,3409
2024-02-01 09:00:00+00:00,1.1041013252251761,1.1041216261616604,1.1011375412637407,1.1013712113800096,4113
2024-02-01 10:00:00+00:00,1.1022934469454801,1.1026946205887305,1.0982905350736982,1.0984926694230157,5478
2024-02-01 11:00:00+00:00,1.0985228637478555,1.1000943849137297,1.0984157539468313,1.0991021362935136,4038
2024-02-01 12:00:00+00:00,1.1001648375927036,1.1001648375927036,1.0972777551433428,1.0983688478443214,4667
2024-02-01 13:00:00+00:00,1.0988274885761555,1.0997760234519562,1.0962210202169673,1.0964373136505658,5111
2024-02-01 14:00:00+00:00,1.0959754899307517,1.0963378907978696,1.0950793996815094,1.0955551202237233,5423
2024-02-01 15:00:00+00:00,1.0958547148397844,1.0961801313923452,1.0940250282898247,1.0950043731796426,2723
2024-02-01 16:00:00+00:00,1.0948999455234656,1.0959276703800778,1.0945313319888055,1.094952370431473,5756
2024-02-01 17:00:00+00:00,1.0951187536064872,1.0956152476365784,1.0938811144085325,1.0949373765864567,4502
2024-02-01 18:00:00+00:00,1.0946833978360675,1.0956336032752008,1.0943904045487962,1.0948754936040406,2987
2024-02-01 19:00:00+00:00,1.0946741505646909,1.0952634172407354,1.0937556725123503,1.0948288768910504,4113
2024-02-01 20:00:00+00:00,1.094210302301128,1.0950270764529333,1.0937777019152988,1.0939552964102455,2608
2024-02-01 21:00:00+00:00,1.094153001744768,1.0943423688167189,1.0930706443350888,1.093751260223131,3938
2024-02-01 22:00:00+00:00,1.0935954078612937,1.0942844611062135,1.0920813975681878,1.093737251298909,5369
2024-02-01 23:00:00+00:00,1.0937845065449723,1.0944730020814633,1.0928129052793272,1.0935933936311883,4164
2024-02-02 00:00:00+00:00,1.0939104141044569,1.095338887499481,1.0939104141044569,1.094545844603396,4898
2024-02-02 01:00:00+00:00,1.0953367154322873,1.096385493651479,1.0943955318188694,1.095696162196492,5227
2024-02-02 02:00:00+00:00,1.0957201196414332,1.0962829921212598,1.0951176323907754,1.095354653928486,2609
2024-02-02 03:00:00+00:00,1.0949129575402796,1.0952931734969655,1.0944212324502562,1.09495511120588,3794
2024-02-02 04:00:00+00:00,1.0957875960444812,1.0963808347577546,1.093996263979095,1.0940810918256214,5078
2024-02-02 05:00:00+00:00,1.0944845740167959,1.094878550063973,1.093815766792832,1.0941292754479905,5597
2024-02-02 06:00:00+00:00,1.0947646197578715,1.0960451550953156,1.094236208260944,1.095069851743139,2870
2024-02-02 07:00:00+00:00,1.0951743906300984,1.096358433650339,1.0946933962772347,1.095869508059136,4086
2024-02-02 08:00:00+00:00,1.096937277763895,1.096937277763895,1.09492931996424,1.0953894624340692,3549
2024-02-02 09:00:00+00:00,1.0959450859783235,1.0968015893657708,1.0932804962343385,1.09384894024734,6339
2024-02-02 10:00:00+00:00,1.0936027603081377,1.0939638124230278,1.0922877168881424,1.0927702075124848,3776
2024-02-02 11:00:00+00:00,1.0930038452588426,1.0932014584402712,1.0919386840253893,1.093010044209648,4870
2024-02-02 12:00:00+00:00,1.0944182773310591,1.0950280962979893,1.0926666898359996,1.0937716680143272,4276
2024-02-02 13:00:00+00:00,1.0936996805000148,1.0944311226141412,1.0924870976305934,1.0924947338202495,4126
2024-02-02 14:00:00+00:00,1.093657754457793,1.0938657317542553,1.0925087308212211,1.0931377159327398,4745
2024-02-02 15:00:00+00:00,1.0930808400649195,1.093564529389081,1.09147543219008,1.0929403795535633,5582
2024-02-02 16:00:00+00:00,1.0936157777735342,1.094824850447208,1.0923160478354332,1.0935501431632217,2822
2024-02-02 17:00:00+00:00,1.0934182347610177,1.0939030942068095,1.09241439992413,1.0929478974811777,5066
2024-02-02 18:00:00+00:00,1.092906635236894,1.0937019499321947,1.0919284213507543,1.09278145814114,5431
2024-02-02 19:00:00+00:00,1.092231561504255,1.0934516090875657,1.0914616938214512,1.0924523810434241,3719
2024-02-02 20:00:00+00:00,1.092187835365263,1.0931038915082685,1.090216213708799,1.09079181009975,4231
2024-02-02 21:00:00+00:00,1.0901107344743663,1.0908016702050696,1.0893143616997054,1.0902784755912072,5605
2024-02-02 22:00:00+00:00,1.0899988991853264,1.0913380144891953,1.0895118535356048,1.0901615408449594,3607
2024-02-02 23:00:00+00:00,1.0898233688099024,1.0902190770845757,1.0880043594195745,1.0887543125866577,4502
2024-02-03 00:00:00+00:00,1.0888555319326314,1.0896935776507242,1.087904888937544,1.0882922541470244,4520
2024-02-03 01:00:00+00:00,1.0885453076447098,1.0892865779328644,1.0873329436025354,1.087959828588645,3814
2024-02-03 02:00:00+00:00,1.0876942865918606,1.088151366724777,1.0866743630288689,1.0873471274829074,3673
2024-02-03 03:00:00+00:00,1.0879989317208818,1.0883572512751256,1.0868351507703378,1.0876637159044233,2815
2024-02-03 04:00:00+00:00,1.0878711926930034,1.0880674699737278,1.086623289997222,1.0873194714334826,4788
2024-02-03 05:00:00+00:00,1.087709658459018,1.08899631491241,1.087470494492776,1.0884382977055542,2071
2024-02-03 06:00:00+00:00,1.0887364124638303,1.0898705441012062,1.0884063338835248,1.088724877990146,4376
2024-02-03 07:00:00+00:00,1.0881367965064712,1.0884406506817643,1.0870518276995973,1.0875221527682253,2372
2024-02-03 08:00:00+00:00,1.0875357379165167,1.0886726445731312,1.087161180165268,1.0884711551917556,4941
2024-02-03 09:00:00+00:00,1.0894573181857308,1.0899438559925485,1.0873472764262297,1.0876220114637671,6308
2024-02-03 10:00:00+00:00,1.0883081026750263,1.0904307085566307,1.0879041873375408,1.090139954781502,3946
2024-02-03 11:00:00+00:00,1.0892524899255576,1.092714109123902,1.0888681248531322,1.0921874526144253,5059
2024-02-03 12:00:00+00:00,1.0932761378999498,1.0938798472679518,1.0906878621957277,1.0913146739746629,5126
2024-02-03 13:00:00+00:00,1.0915507595843663,1.0932317652712467,1.0902108793833363,1.0926463531541215,3729
2024-02-03 14:00:00+00:00,1.0931476608131652,1.0935871629576621,1.0915573537013847,1.091980726658027,2998
2024-02-03 15:00:00+00:00,1.0928944651657992,1.094070665798718,1.0924878449369837,1.093135914742695,2308
2024-02-03 16:00:00+00:00,1.0917687241656586,1.0930891491067296,1.090619583906806,1.0912668607152705,3161
2024-02-03 17:00:00+00:00,1.0912906331048517,1.092445344470724,1.0907894955328634,1.091293703526762,3128
2024-02-03 18:00:00+00:00,1.091784421719799,1.0929817641849369,1.0914011193788933,1.0920271344743264,3126
2024-02-03 19:00:00+00:00,1.092148521982122,1.0930995840853175,1.0917249713003363,1.09274050018881,4474
2024-02-03 20:00:00+00:00,1.0924051050517074,1.0928895470245577,1.0915507242205296,1.092103246886314,4881
2024-02-03 21:00:00+00:00,1.0924981476210343,1.093052554335882,1.0921429343922804,1.09290862944439,5034
2024-02-03 22:00:00+00:00,1.0928096096010764,1.0935838872325998,1.092002017258771,1.0927952779619234,5781
2024-02-03 23:00:00+00:00,1.0932969956060294,1.0939122998878044,1.092446709971319,1.0928896401166257,4289
2024-02-04 00:00:00+00:00,1.0936690591535614,1.094416746246749,1.092610538453052,1.0938791155316456,3970
2024-02-04 01:00:00+00:00,1.0934800103762576,1.0949617122374453,1.0933675231250053,1.0939511395990327,4328
2024-02-04 02:00:00+00:00,1.0935594386933256,1.0948040144657443,1.09298325498395,1.0938580810335214,3404
2024-02-04 03:00:00+00:00,1.0939913397207268,1.0953388154942272,1.0939913397207268,1.0947872398594205,3203
2024-02-04 04:00:00+00:00,1.0948016379912535,1.0959057123898908,1.093540723929935,1.0939056497151185,4095
2024-02-04 05:00:00+00:00,1.0942985958265685,1.0948053947061795,1.093077942803795,1.094048607221011,4791
2024-02-04 06:00:00+00:00,1.0939586684471134,1.0943922200516072,1.0934080690316883,1.0941230991454944,5022
2024-02-04 07:00:00+00:00,1.0933192930643614,1.0944588422187174,1.092979417253256,1.0933683028067114,3875
2024-02-04 08:00:00+00:00,1.0930569979895333,1.093831281727795,1.0919225574184732,1.0922201480447016,4132
2024-02-04 09:00:00+00:00,1.0929898447122868,1.0934863335765754,1.091927149466425,1.0927628633348418,4643
2024-02-04 10:00:00+00:00,1.0919549242097863,1.094518994611842,1.0917155917912673,1.0939910400461537,3151
2024-02-04 11:00:00+00:00,1.094172912063112,1.0961014246431515,1.094172912063112,1.0946651606953501,4483
2024-02-04 12:00:00+00:00,1.0947396561147251,1.096634502052428,1.0947396561147251,1.0955006432980032,3385
2024-02-04 13:00:00+00:00,1.0956707132258845,1.09639912376284,1.0941995304034948,1.0958431447710242,4137
2024-02-04 14:00:00+00:00,1.097819884933139,1.0982895197495017,1.0954316664319967,1.0958503518679883,4655
2024-02-04 15:00:00+00:00,1.096254037027531,1.0978916733263537,1.0958337991875093,1.0971883752201983,4918
2024-02-04 16:00:00+00:00,1.0965172023091851,1.0975670320223752,1.0957233733004512,1.0972003344548567,3298
2024-02-04 17:00:00+00:00,1.097108966693192,1.098451339675552,1.096494448865558,1.0978661236864207,4445
2024-02-04 18:00:00+00:00,1.0976333092609922,1.0978544532920755,1.096474972199979,1.0970011920330933,3985
2024-02-04 19:00:00+00:00,1.0978290663644172,1.098450571370733,1.097112065456188,1.0973906401074316,3204
2024-02-04 20:00:00+00:00,1.0974937931729072,1.0987654108540148,1.096600403066394,1.0979112373001632,5373
2024-02-04 21:00:00+00:00,1.0981388474824714,1.0992716122124089,1.0981388474824714,1.0984301547927675,2667
2024-02-04 22:00:00+00:00,1.0979858162634553,1.0992358972159173,1.0977067482109921,1.0982342974938182,6041
2024-02-04 23:00:00+00:00,1.0981519314788875,1.0985622580758323,1.0972609923534082,1.0975751243582634,3391
2024-02-05 00:00:00+00:00,1.0972809524258529,1.0975633504048037,1.0953777390570387,1.09557031078223,3671
2024-02-05 01:00:00+00:00,1.0950196942200259,1.0956915463488135,1.0945166345664512,1.0953143339999518,5621
2024-02-05 02:00:00+00:00,1.0955260988759985,1.096173019568152,1.0947241627932887,1.0955017626224461,4684
2024-02-05 03:00:00+00:00,1.0949027482226819,1.0967228586950377,1.0947958604722396,1.095600472799029,4480
2024-02-05 04:00:00+00:00,1.095187904147588,1.09568410703227,1.0946017096125815,1.0949508860778083,4725
2024-02-05 05:00:00+00:00,1.0944264498193788,1.0969803600488948,1.0941909604325133,1.0959119299265452,4778
2024-02-05 06:00:00+00:00,1.0962805695246045,1.0967143572541125,1.0958087885308643,1.0961381347078452,5525
2024-02-05 07:00:00+00:00,1.0962162375096063,1.0969290584748246,1.095760598870333,1.095926548564607,2826
2024-02-05 08:00:00+00:00,1.0954962929716447,1.097216914588722,1.094209564854008,1.0966579275448967,5092
2024-02-05 09:00:00+00:00,1.0958477876066401,1.0990961980298382,1.0954608699610444,1.0987807173744861,3570
2024-02-05 10:00:00+00:00,1.098613301110038,1.1000192423389363,1.098298230872207,1.099372615619634,3243
2024-02-05 11:00:00+00:00,1.0992839161682038,1.0999368356701105,1.0973482449281164,1.0981898822660352,4975
2024-02-05 12:00:00+00:00,1.0981706973030545,1.1003247967571952,1.0978427932742172,1.0991004280017405,4424
2024-02-05 13:00:00+00:00,1.0982802148899258,1.100677076336016,1.0982802148899258,1.0992053686119738,4712
2024-02-05 14:00:00+00:00,1.0991087650806213,1.1000625855570958,1.098616060727985,1.098862199138556,4331
2024-02-05 15:00:00+00:00,1.0986333851982237,1.0987373269994734,1.0971998125457514,1.0982238108547653,6634
2024-02-05 16:00:00+00:00,1.0981676833560692,1.098818415306567,1.0965229360539053,1.098148935493455,4118
2024-02-05 17:00:00+00:00,1.098496690345037,1.0997156561826806,1.0983601494208273,1.0992910675741636,4248
2024-02-05 18:00:00+00:00,1.0995805235031257,1.1012049010404175,1.099115150208772,1.1006552823079996,4890
2024-02-05 19:00:00+00:00,1.1010354670242934,1.1015645919705328,1.0998246401754326,1.1002142151145637,3546
2024-02-05 20:00:00+00:00,1.1004692323276393,1.1007882506470452,1.0993485260066242,1.1001490274566168,3791
2024-02-05 21:00:00+00:00,1.100814030245957,1.1016384869973386,1.0995126727853592,1.1004557858352313,1557
2024-02-05 22:00:00+00:00,1.1002171145372044,1.1005653128994572,1.0988690284737108,1.0996739290864739,4185
2024-02-05 23:00:00+00:00,1.0988445752418308,1.0995066507131506,1.0974372084073474,1.0979194152308587,2783
2024-02-06 00:00:00+00:00,1.0985888408560271,1.0996874982264535,1.0982938751371754,1.0988475105258382,6173
2024-02-06 01:00:00+00:00,1.0983731681503892,1.1000815202068595,1.0980922367276877,1.0997018878988323,3203
2024-02-06 02:00:00+00:00,1.0997963700290412,1.1007507854991216,1.0989337765780198,1.0994580221047987,4554
2024-02-06 03:00:00+00:00,1.0996721680069506,1.1001326298083984,1.0985144399536746,1.0991870854763437,3774
2024-02-06 04:00:00+00:00,1.0992377997964933,1.0995440539797126,1.0980126223570597,1.0985066452668517,6218
2024-02-06 05:00:00+00:00,1.0984415898613498,1.0988642146647216,1.0969634306272702,1.0980214991324482,3832
2024-02-06 06:00:00+00:00,1.0983711155402285,1.0988312122414339,1.0969411235854034,1.0973190499339511,4217
2024-02-06 07:00:00+00:00,1.0973758761061307,1.0975697510921072,1.0964816454648887,1.097257858373073,3362
2024-02-06 08:00:00+00:00,1.0974559317693016,1.0981857127951513,1.0954518108170956,1.0955797881278464,3407
2024-02-06 09:00:00+00:00,1.095388813564834,1.0964239191088427,1.0949286792809207,1.0957398517313972,5050
2024-02-06 10:00:00+00:00,1.0972196287599942,1.0987720771606944,1.096839512273738,1.0975889704742494,3187
2024-02-06 11:00:00+00:00,1.097154229233349,1.0992712020791842,1.097154229233349,1.097727587986322,4989
2024-02-06 12:00:00+00:00,1.0975209526944694,1.0981628015092928,1.0957549447004662,1.0965613505245968,5270
2024-02-06 13:00:00+00:00,1.0965463528809938,1.0978199312131312,1.0958841446821581,1.0973677929062615,3900
2024-02-06 14:00:00+00:00,1.0969115886985117,1.0981035792710248,1.0961327569956298,1.096968898662995,2670
2024-02-06 15:00:00+00:00,1.0971910694434173,1.098421235771628,1.096390975859073,1.0979667283023322,6862
2024-02-06 16:00:00+00:00,1.096492659441176,1.0968797275733835,1.0935866214809755,1.0940492689730206,5709
2024-02-06 17:00:00+00:00,1.0946041590372566,1.0954005973065288,1.093484028701178,1.0939066714750512,2941
2024-02-06 18:00:00+00:00,1.0944189963209041,1.0950351725645355,1.0929633842078537,1.0941173876173105,6894
2024-02-06 19:00:00+00:00,1.0947888408723008,1.0954555613520827,1.0941915293607265,1.0950013898107684,4973
2024-02-06 20:00:00+00:00,1.0954040460377303,1.0961577475877335,1.0951089713012696,1.0954617542439316,4402
2024-02-06 21:00:00+00:00,1.0957070408904763,1.0964676592737417,1.0949394577859153,1.096302705238781,6548
2024-02-06 22:00:00+00:00,1.096161913403985,1.0972647805404703,1.0955657618721129,1.096720369056996,3975
2024-02-06 23:00:00+00:00,1.0974533923996153,1.0975795423949917,1.0957831571189904,1.096606485959532,4192
2024-02-07 00:00:00+00:00,1.0961441393451226,1.0975886113389302,1.0955001074044213,1.0963762558782186,3627
2024-02-07 01:00:00+00:00,1.0966907227246157,1.0973276804219947,1.0957045750569483,1.0965547240678766,5496
2024-02-07 02:00:00+00:00,1.0959362216900612,1.097119591805761,1.0948708247920749,1.0951134369174715,4316
2024-02-07 03:00:00+00:00,1.0952560070692852,1.0963960842335985,1.0950697745865476,1.0959308899309632,2839
2024-02-07 04:00:00+00:00,1.0961746604625864,1.097208814960041,1.095979398903988,1.0965604372074074,6090
2024-02-07 05:00:00+00:00,1.0972023840362268,1.0977939582545821,1.0957920145912714,1.0967154503330436,2610
2024-02-07 06:00:00+00:00,1.0969242141658349,1.0975980514513384,1.0953047596621097,1.0959776211630168,4568
2024-02-07 07:00:00+00:00,1.0955395180285212,1.0980251335739628,1.0952970889953169,1.097449515433049,4295
2024-02-07 08:00:00+00:00,1.0966472014989421,1.09709812776758,1.0946951985342477,1.0950557592643193,4874
2024-02-07 09:00:00+00:00,1.094266596567292,1.096084845249923,1.0940168900505354,1.095769291985118,6039
2024-02-07 10:00:00+00:00,1.0964163748551996,1.0981608916935512,1.0959305848965761,1.097746226831202,4256
2024-02-07 11:00:00+00:00,1.09888052134529,1.0992344526707354,1.0975055492276466,1.098838688682063,4090
2024-02-07 12:00:00+00:00,1.0984241689480694,1.0994326056291592,1.097232136002915,1.0990031590124838,4519
2024-02-07 13:00:00+00:00,1.0992077357055716,1.1005904966088784,1.0979469655733989,1.0983636827481618,6151
2024-02-07 14:00:00+00:00,1.0991648052008567,1.0993109359608055,1.097251981735868,1.0978316155647658,4522
2024-02-07 15:00:00+00:00,1.0977790099793903,1.0987421984839811,1.0973050962209898,1.0985537914921102,4155
2024-02-07 16:00:00+00:00,1.0991109387010238,1.0994142282090928,1.0969709957714195,1.0990022665288315,5246
2024-02-07 17:00:00+00:00,1.0993022920035842,1.0996820910218763,1.097968933371184,1.0982174933264626,4622
2024-02-07 18:00:00+00:00,1.0979889040432542,1.0992679154471443,1.097738101385447,1.0982285155252498,2261
2024-02-07 19:00:00+00:00,1.0990039894378263,1.0990039894378263,1.0975341840028052,1.0978988882762937,3404
2024-02-07 20:00:00+00:00,1.0973359981633926,1.098458166002849,1.097142858539803,1.0979593446243314,3106
2024-02-07 21:00:00+00:00,1.0980514673307475,1.098543645959677,1.0975821695442993,1.0979763094176056,3200
2024-02-07 22:00:00+00:00,1.0982651292356853,1.0985202754530472,1.0971762661150557,1.0975083227424318,6438
2024-02-07 23:00:00+00:00,1.0972015780988251,1.0979984860553702,1.096301747584615,1.0968718586920527,5443
2024-02-08 00:00:00+00:00,1.0967907619048778,1.0979388044013774,1.0967166921244138,1.0971721997276611,3642
2024-02-08 01:00:00+00:00,1.0975606607743797,1.0980079351543752,1.0969076160076925,1.0972427203676094,4415
2024-02-08 02:00:00+00:00,1.0973665815664226,1.0980288181098379,1.0963441505211058,1.0966580199361733,5424
2024-02-08 03:00:00+00:00,1.0973905701223636,1.0979241213249258,1.0960723335165734,1.09714184879055,4383
2024-02-08 04:00:00+00:00,1.0971770496368307,1.0979140837962664,1.096809708551012,1.0974431392087785,4388
2024-02-08 05:00:00+00:00,1.0980043847768195,1.0984278830034493,1.0971257401582755,1.0980365379711927,3803
2024-02-08 06:00:00+00:00,1.0982013694454174,1.0991605954141,1.0972758324286436,1.098161723614361,4871
2024-02-08 07:00:00+00:00,1.0980311149267643,1.0989516749324286,1.097514433691165,1.0985327060361343,5660
2024-02-08 08:00:00+00:00,1.0986488409117678,1.0986846634973988,1.0969176146671975,1.097425231745595,5191
2024-02-08 09:00:00+00:00,1.0983663112984132,1.10066536201262,1.0973554711364715,1.099980787151995,4230
2024-02-08 10:00:00+00:00,1.099849577802957,1.1019026307184039,1.099392565758192,1.1013679064886364,5314
2024-02-08 11:00:00+00:00,1.1022265917071394,1.1046465533389633,1.1014827996744665,1.104296436083345,3240
2024-02-08 12:00:00+00:00,1.1039952280502567,1.104882801500978,1.1032773960666,1.104512847126653,4768
2024-02-08 13:00:00+00:00,1.1046106952239945,1.1063396597780404,1.1037698818624928,1.1054747752627017,5436
2024-02-08 14:00:00+00:00,1.1048819185197525,1.1056343024383768,1.1042297052571646,1.104507160292158,3535
2024-02-08 15:00:00+00:00,1.1056952288951412,1.1064689134314027,1.1043882017637254,1.1047183871403943,6209
2024-02-08 16:00:00+00:00,1.1039340903409245,1.1045498387819972,1.1018704982238812,1.1030356820138967,4008
2024-02-08 17:00:00+00:00,1.1030474017028837,1.105080341583841,1.1020908225012143,1.1047927167379599,3324
2024-02-08 18:00:00+00:00,1.1043994156629449,1.1063729493632781,1.1043994156629449,1.105054507251755,5520
2024-02-08 19:00:00+00:00,1.104214923518529,1.1047638774842108,1.103703626033375,1.1045194228612292,4095
2024-02-08 20:00:00+00:00,1.1051585140985942,1.105200427519683,1.1031770357164148,1.10389415858848,4297
2024-02-08 21:00:00+00:00,1.1034841777647766,1.1037474453913974,1.1025983843871383,1.1031609578049,4767
2024-02-08 22:00:00+00:00,1.1030957314141379,1.1036078703128216,1.1021695459191372,1.102708467337578,3993
2024-02-08 23:00:00+00:00,1.1020647035978435,1.102568993415508,1.1016586104659383,1.1022205399991831,4433
2024-02-09 00:00:00+00:00,1.1026499819681244,1.1026499819681244,1.1007873426085106,1.1010453526873465,4680
2024-02-09 01:00:00+00:00,1.1010665277221376,1.1016786411060389,1.1003266636445677,1.1008301306235564,5055
2024-02-09 02:00:00+00:00,1.1007241526511846,1.102128255345827,1.1006630702583737,1.1009283442007851,4012
2024-02-09 03:00:00+00:00,1.1003372623542926,1.1013273575719957,1.0998514680162108,1.101032874865016,4502
2024-02-09 04:00:00+00:00,1.1011450284167965,1.1013255734167129,1.1005956590074817,1.1007931233479245,4711
2024-02-09 05:00:00+00:00,1.101177877775958,1.101543156855924,1.100053124525027,1.1007689568918764,4098
2024-02-09 06:00:00+00:00,1.101202439899943,1.1020186784459631,1.100441431513857,1.1015583149136579,4531
2024-02-09 07:00:00+00:00,1.1012974566788514,1.1016633402635598,1.0999062834992388,1.100167882797101,5358
2024-02-09 08:00:00+00:00,1.1006052377655346,1.1008014037919929,1.0961404103079941,1.0966201712339458,4322
2024-02-09 09:00:00+00:00,1.0968309848982525,1.0968368777112374,1.095316309319716,1.095378164039203,5142
2024-02-09 10:00:00+00:00,1.0947941968351929,1.0956087683505218,1.0939026662470752,1.0946405100902088,3847
2024-02-09 11:00:00+00:00,1.0941236967372072,1.095639298658928,1.09360559904001,1.095499678184674,5022
2024-02-09 12:00:00+00:00,1.0954995450237281,1.0957393355603693,1.0944613245370953,1.0951754524545358,4743
2024-02-09 13:00:00+00:00,1.0946467563330156,1.095311107296419,1.0933273130297507,1.0941902101633618,3511
2024-02-09 14:00:00+00:00,1.0932898086814933,1.0937580326518057,1.0895668951683652,1.0902505764702042,5372
2024-02-09 15:00:00+00:00,1.0905750792489146,1.0906927372792543,1.08945601084528,1.0900994409268703,2965
2024-02-09 16:00:00+00:00,1.0889461948322792,1.0898423226726304,1.0883717734356828,1.0889674518892623,2916
2024-02-09 17:00:00+00:00,1.0889133582017385,1.0895541712394325,1.0880372651512695,1.0883986210291905,7052
2024-02-09 18:00:00+00:00,1.087793294288603,1.0880782993651805,1.086958008473718,1.0874511606553126,5673
2024-02-09 19:00:00+00:00,1.0868576231937228,1.0876366573719685,1.0864954819005352,1.0869749514790716,5632
2024-02-09 20:00:00+00:00,1.0871109787164535,1.0875833642029484,1.0865150802781351,1.0868026944761815,4024
2024-02-09 21:00:00+00:00,1.0869814758861829,1.0880043305365916,1.0867201991113253,1.0874837182002586,4886
2024-02-09 22:00:00+00:00,1.0870045865768394,1.0883105397182706,1.0865842088833613,1.0868222555242628,4540
2024-02-09 23:00:00+00:00,1.0869494903233934,1.0882774627240026,1.0859368299382302,1.0869105198659856,6172
2024-02-10 00:00:00+00:00,1.086790484925281,1.0873343312031798,1.0858639407065418,1.0866824453856045,3777
2024-02-10 01:00:00+00:00,1.0858837753731998,1.0879431332218237,1.0857439856584468,1.0874383823070635,3648
2024-02-10 02:00:00+00:00,1.086944628981729,1.087968117832874,1.0860319842125348,1.0865379804576547,4492
2024-02-10 03:00:00+00:00,1.0867561021930785,1.087633000075247,1.0861915835096276,1.0866497579649668,3514
2024-02-10 04:00:00+00:00,1.086776303416959,1.08713000078682,1.085572669726126,1.0860641798007629,6252
2024-02-10 05:00:00+00:00,1.086261952414451,1.086261952414451,1.0850462954871865,1.0855634117750121,4501
2024-02-10 06:00:00+00:00,1.0851756476717629,1.0864148813423042,1.0846977559064772,1.085221149265695,4761
2024-02-10 07:00:00+00:00,1.085723680496204,1.0871678951474941,1.084752938635835,1.0857158632036323,5462
2024-02-10 08:00:00+00:00,1.0857737216027437,1.0862465314722094,1.0829750398690083,1.0833564629548855,4561
2024-02-10 09:00:00+00:00,1.084020749499588,1.0854065657088101,1.083241638342455,1.0840058940929544,5187
2024-02-10 10:00:00+00:00,1.083817224906789,1.0843923940826539,1.0824139872042133,1.0828455812807,3102
2024-02-10 11:00:00+00:00,1.081878356558341,1.0832804367724949,1.0806232261024853,1.0809031947158814,5997
2024-02-10 12:00:00+00:00,1.0807598051778737,1.0827258365727792,1.0801707306506017,1.0820696038953597,2362
2024-02-10 13:00:00+00:00,1.0827797512080353,1.0832128097250455,1.0800121110508207,1.0802017986928487,5894
2024-02-10 14:00:00+00:00,1.0808276256422178,1.0835734476809584,1.0804191164547539,1.0828753094772163,6029
2024-02-10 15:00:00+00:00,1.0828250665528947,1.0843061754457097,1.0819881040915524,1.0839137590790293,3966
2024-02-10 16:00:00+00:00,1.0833454910471316,1.0854524692182013,1.0828077349285377,1.0851827432917285,4121
2024-02-10 17:00:00+00:00,1.0845028650623736,1.0854017520857222,1.083632442157687,1.0841507931953869,4278
2024-02-10 18:00:00+00:00,1.0842536709746997,1.0855567924405576,1.083505527212659,1.083770950111149,4958
2024-02-10 19:00:00+00:00,1.0837546025785243,1.0849251244896183,1.083278626273484,1.0842453344892062,4013
2024-02-10 20:00:00+00:00,1.0840224538928693,1.0854712449786201,1.0840224538928693,1.08484088600301,4198
2024-02-10 21:00:00+00:00,1.0846636604166358,1.0848616396416375,1.0835691986455767,1.084413893312266,2619
2024-02-10 22:00:00+00:00,1.0848324841154997,1.0850939233719403,1.0837088493266394,1.0844689169881312,6402
2024-02-10 23:00:00+00:00,1.084826659847575,1.0862201046923141,1.0845453073544118,1.0856092998677982,5527
2024-02-11 00:00:00+00:00,1.0857184066419938,1.0866053623115883,1.0846535251592422,1.0855984993291605,4946
2024-02-11 01:00:00+00:00,1.0854903414476451,1.086227655250754,1.0849215916464245,1.0856881527530777,5444
2024-02-11 02:00:00+00:00,1.0848648711557727,1.085682912040883,1.0842006026433506,1.0852228707641347,5309
2024-02-11 03:00:00+00:00,1.0855422469273461,1.0856507757609453,1.08433642043278,1.0850147228233356,3500
2024-02-11 04:00:00+00:00,1.085138166681388,1.0862346711651913,1.0843598644676824,1.0854906852079136,3336
2024-02-11 05:00:00+00:00,1.0854688500188308,1.0858619503612283,1.0847445434690883,1.085558054423912,3036
2024-02-11 06:00:00+00:00,1.0853611353181258,1.0864079116514318,1.0851166587301664,1.0860515549575382,4716
2024-02-11 07:00:00+00:00,1.0860740012944692,1.0867538998976651,1.0856158853643203,1.0863470286069838,3618
2024-02-11 08:00:00+00:00,1.084914195610931,1.0877920069441707,1.0847462309093872,1.087114200875753,3326
2024-02-11 09:00:00+00:00,1.086221899077454,1.0870726246045563,1.0859569154571116,1.0868813801706043,4690
2024-02-11 10:00:00+00:00,1.0869711382887268,1.0892593043943175,1.086652564802769,1.088914499326879,5262
2024-02-11 11:00:00+00:00,1.0881268485811588,1.0936381666386314,1.0874997536370987,1.0927351228784188,4473
2024-02-11 12:00:00+00:00,1.0916216585898357,1.092752799979257,1.090315507666313,1.0909087683672583,4267
2024-02-11 13:00:00+00:00,1.0903095621239152,1.0921264487016693,1.0898755052169269,1.0900756718000235,2159
2024-02-11 14:00:00+00:00,1.08991190118415,1.0907145269836578,1.0870163307346568,1.08724629393568,4137
2024-02-11 15:00:00+00:00,1.087413473672353,1.087413473672353,1.0850814548592063,1.0867038962383369,4303
2024-02-11 16:00:00+00:00,1.0867386632994132,1.0872364414790572,1.0854319239916819,1.0863185619789626,6274
2024-02-11 17:00:00+00:00,1.0864433183446716,1.0868329356911042,1.0846621078177603,1.0852694184719676,5261
2024-02-11 18:00:00+00:00,1.0853059632721949,1.08567769308048,1.084361630169364,1.085115340844914,4157
2024-02-11 19:00:00+00:00,1.0847821837494405,1.0849696581997663,1.0839907418827028,1.0843301319302139,4558
2024-02-11 20:00:00+00:00,1.0841774675876028,1.0850138343986757,1.083090497853677,1.0840329767567607,3799
2024-02-11 21:00:00+00:00,1.0836277226704687,1.0849096904237636,1.0827241798286025,1.0836261115470471,4047
2024-02-11 22:00:00+00:00,1.0840067458320508,1.0843179647040564,1.0825231426072726,1.0832912945642905,4438
2024-02-11 23:00:00+00:00,1.0831741545126332,1.0846517787714987,1.0828419973802257,1.0843560619835717,5112
2024-02-12 00:00:00+00:00,1.0834700766477878,1.0841020112097572,1.0818737457769827,1.082194362421171,5052
2024-02-12 01:00:00+00:00,1.082458254076468,1.0830599018189684,1.08205504062173,1.082642711125161,3424
2024-02-12 02:00:00+00:00,1.0820285667595018,1.0829970916685614,1.0818991945704453,1.0821934781352969,3928
2024-02-12 03:00:00+00:00,1.0824254270235565,1.083380033510111,1.0818330776194913,1.0827430430030245,4206
2024-02-12 04:00:00+00:00,1.0835648700067482,1.0843542097975334,1.0832202321657225,1.0835849747857373,4806
2024-02-12 05:00:00+00:00,1.0836583900651375,1.084266352406515,1.083233866198123,1.0835338684956188,2253
2024-02-12 06:00:00+00:00,1.0836431140426734,1.084854148012109,1.0832134830328135,1.0846240289598204,4013
2024-02-12 07:00:00+00:00,1.0847868743753275,1.0856738014689458,1.0842453656255286,1.0845775806822784,6163
2024-02-12 08:00:00+00:00,1.0848130016191893,1.0851057837552411,1.0831642791466012,1.0837509556206466,5641
2024-02-12 09:00:00+00:00,1.0839200174954755,1.0847518860549776,1.0828958901753274,1.084314759546637,2863
2024-02-12 10:00:00+00:00,1.0835928428582016,1.0845343388344184,1.0815479448810263,1.0822046112203039,6485
2024-02-12 11:00:00+00:00,1.0822928109411494,1.0828800738219857,1.0797852684108176,1.080241224703658,3787
2024-02-12 12:00:00+00:00,1.0795930566682446,1.0816227848137316,1.079398886504067,1.081249867552621,2529
2024-02-12 13:00:00+00:00,1.0801166984830357,1.0817350306749953,1.0787243330662748,1.0813014276039112,4483
2024-02-12 14:00:00+00:00,1.0813167417576703,1.0827063303522098,1.0807206828055216,1.0811226213666054,6412
2024-02-12 15:00:00+00:00,1.081893020563783,1.084030292192603,1.0818611824973245,1.0832154071895903,3065
2024-02-12 16:00:00+00:00,1.0823318699093507,1.0834468500917742,1.0815560187403588,1.0823634957354964,2864
2024-02-12 17:00:00+00:00,1.082671846849826,1.082671846849826,1.081318505522638,1.08208376289195,4113
2024-02-12 18:00:00+00:00,1.0826900107103816,1.0829830725744933,1.0816881045703568,1.0823727789220787,5272
2024-02-12 19:00:00+00:00,1.0826530950415572,1.0835863572043607,1.0818524962129596,1.0832768321704085,3155
2024-02-12 20:00:00+00:00,1.0826004733543326,1.084023670998842,1.0823980573767369,1.0836001724436974,4711
2024-02-12 21:00:00+00:00,1.0836394976982058,1.0841317727125057,1.0818711088210058,1.082578910867358,2555
2024-02-12 22:00:00+00:00,1.0824510228601754,1.0827422384756165,1.080452075399455,1.0823086923393612,3847
2024-02-12 23:00:00+00:00,1.0824880155444476,1.0826797304522524,1.0811257625643402,1.0818160321253494,3077
2024-02-13 00:00:00+00:00,1.0824545718831429,1.0833860273240112,1.0819366465008422,1.0827016197139172,2264
2024-02-13 01:00:00+00:00,1.0825615206174126,1.0840246343076638,1.0825615206174126,1.0834993975540173,3671
2024-02-13 02:00:00+00:00,1.0831734740241836,1.0840724855758952,1.0830448642544468,1.0837884912610496,4528
2024-02-13 03:00:00+00:00,1.0842940153407037,1.0853196539524788,1.0830957404948331,1.0847252820987225,4025
2024-02-13 04:00:00+00:00,1.084724728725823,1.0854876681855838,1.082695826170429,1.0835286595524116,4516
2024-02-13 05:00:00+00:00,1.0833005681165735,1.084045380834063,1.0824700044145708,1.0833936303471565,4541
2024-02-13 06:00:00+00:00,1.0836227561646508,1.0842598402019348,1.0830791179182189,1.0839170493176378,4148
2024-02-13 07:00:00+00:00,1.083815351358096,1.084541170836633,1.0832476630914214,1.083643147903028,3812
2024-02-13 08:00:00+00:00,1.0834265429505079,1.0843802491292054,1.0834265429505079,1.0838871205077443,5386
2024-02-13 09:00:00+00:00,1.0826826473245976,1.0830097377141992,1.082005344116761,1.082574216052767,2756
2024-02-13 10:00:00+00:00,1.0824782210738948,1.0834797464698136,1.080931992609252,1.0814554141083899,3592
2024-02-13 11:00:00+00:00,1.0813354679308267,1.0815931703550838,1.0793842255587647,1.0801395484630498,3037
2024-02-13 12:00:00+00:00,1.080557239850716,1.0832046576362404,1.0800098358205097,1.082117582434468,2971
2024-02-13 13:00:00+00:00,1.081492608513604,1.0826385010305402,1.0806060871841705,1.0810727406497498,3161
2024-02-13 14:00:00+00:00,1.0806302183733196,1.082820463057158,1.079769427556112,1.082331841065336,4623
2024-02-13 15:00:00+00:00,1.0817917996511355,1.0823455040346248,1.0810328545043573,1.0817527724859897,3889
2024-02-13 16:00:00+00:00,1.0815116307181125,1.08414728726692,1.078979632570566,1.0793237756494418,3292
2024-02-13 17:00:00+00:00,1.0788723758679388,1.080491935258615,1.0777906199340272,1.0779645844979941,3846
2024-02-13 18:00:00+00:00,1.0783436521678675,1.0786269335872087,1.0773273926227238,1.07755896496081,4989
2024-02-13 19:00:00+00:00,1.0768763576433782,1.0781632457063264,1.0764383240567077,1.0772508206640583,4217
2024-02-13 20:00:00+00:00,1.0763921653262252,1.0768666449864897,1.0749991554311125,1.0755108912936835,4845
2024-02-13 21:00:00+00:00,1.0754080696076422,1.07628793560541,1.074646384808906,1.075013518535782,3111
2024-02-13 22:00:00+00:00,1.0752439758166168,1.0765717709831926,1.0747060681628513,1.07584986331077,4454
2024-02-13 23:00:00+00:00,1.0751939553837941,1.0757715289485255,1.0741279146421112,1.074722855304771,2748
2024-02-14 00:00:00+00:00,1.0753174661622722,1.0763027604618645,1.0742763471310655,1.0755392734273794,4499
2024-02-14 01:00:00+00:00,1.0756141040479916,1.0762911370637858,1.0748821300283347,1.0752812974680948,4532
2024-02-14 02:00:00+00:00,1.075702179163135,1.0765299444648018,1.0745707194584164,1.0752170883875738,2801
2024-02-14 03:00:00+00:00,1.0751285591156319,1.0764171810375507,1.074361887154295,1.0757410643978336,4184
2024-02-14 04:00:00+00:00,1.0759803588012253,1.0759803588012253,1.074456044728039,1.0752208075493332,4530
2024-02-14 05:00:00+00:00,1.0755773467208356,1.0757199536912931,1.0746595686488358,1.0750384199302767,4329
2024-02-14 06:00:00+00:00,1.0756109087920027,1.076968897217173,1.075440211935698,1.0763810283504802,3097
2024-02-14 07:00:00+00:00,1.076607169521037,1.0769085759686443,1.075261463583779,1.0762703039953232,5929
2024-02-14 08:00:00+00:00,1.077194524158576,1.0780929825991241,1.0761646434074938,1.0774601444157377,4597
2024-02-14 09:00:00+00:00,1.0768788149472408,1.0781611570725047,1.076180838235314,1.0779358989303092,3732
2024-02-14 10:00:00+00:00,1.0775473361361623,1.0789409101645786,1.0772173192832475,1.0782971306757076,4741
2024-02-14 11:00:00+00:00,1.0766745333434484,1.077362363062258,1.0757166881120188,1.076597732802344,3885
2024-02-14 12:00:00+00:00,1.0763378438242277,1.0764193496041043,1.0720047560633608,1.0729054231514419,3959
2024-02-14 13:00:00+00:00,1.0727531865128372,1.0732529421393484,1.0714199754928422,1.0716627445384348,5286
2024-02-14 14:00:00+00:00,1.0718363844688876,1.073953344470024,1.0715884091136472,1.073299678808488,3612
2024-02-14 15:00:00+00:00,1.0739575110864032,1.074281803821392,1.0729541293506517,1.0733079349293397,3774
2024-02-14 16:00:00+00:00,1.0734603175173196,1.0763350188423542,1.0730836364788132,1.0754662625907603,5808
2024-02-14 17:00:00+00:00,1.0756119317119335,1.0760859150290931,1.0744820000303763,1.0751932119271328,1786
2024-02-14 18:00:00+00:00,1.074724081818729,1.0747273562141502,1.073393221989994,1.0740384387130548,2677
2024-02-14 19:00:00+00:00,1.0737316407156117,1.0740458242435598,1.0726701875678715,1.072847261447517,5151
2024-02-14 20:00:00+00:00,1.0730932018329582,1.0734241142327343,1.0711702276780926,1.071913379994633,3771
2024-02-14 21:00:00+00:00,1.0722544333942112,1.0726462166560915,1.0712016889512874,1.072013352604875,2855
2024-02-14 22:00:00+00:00,1.0717166314001108,1.0721218474140344,1.0709780088816943,1.071627653844232,4285
2024-02-14 23:00:00+00:00,1.0721090070568973,1.0724810772660396,1.0714309078803357,1.0720946808509737,3791
2024-02-15 00:00:00+00:00,1.0721922564533872,1.0726320300484913,1.0711993175650227,1.0724194243963512,4455
2024-02-15 01:00:00+00:00,1.072187532506457,1.0729696422880677,1.070871918832697,1.071989508803736,4552
2024-02-15 02:00:00+00:00,1.072546044509577,1.0735041378440866,1.0718186420433145,1.0730553054949787,3476
2024-02-15 03:00:00+00:00,1.0725422724048417,1.0734063965157397,1.0719414048632092,1.073207339128678,4748
2024-02-15 04:00:00+00:00,1.0729933449833151,1.0731465754421001,1.0716119247947344,1.0719107079818286,3336
2024-02-15 05:00:00+00:00,1.0719593536425454,1.0733024465658234,1.071345089107707,1.0729380070114949,3906
2024-02-15 06:00:00+00:00,1.0734125345394059,1.0736104585281483,1.0723735426792247,1.073116447023992,5583
2024-02-15 07:00:00+00:00,1.0725232270219975,1.0731864819738883,1.0708643878478368,1.0713825668500043,6601
2024-02-15 08:00:00+00:00,1.0712528049947434,1.0717248689260173,1.06979863385527,1.070343769719043,5379
2024-02-15 09:00:00+00:00,1.0708050929999986,1.071520821606821,1.0702681891019385,1.0713162992356577,5304
2024-02-15 10:00:00+00:00,1.0718434554234932,1.0725218737798516,1.0711586375556719,1.0717072779517447,3042
2024-02-15 11:00:00+00:00,1.0727774608498366,1.0742124483262787,1.0719306431852926,1.0733933610418638,2832
2024-02-15 12:00:00+00:00,1.0730691972800668,1.0737392161059678,1.071474880616069,1.071829201860754,3588
2024-02-15 13:00:00+00:00,1.0718091538250005,1.0718091538250005,1.0703419035795798,1.0715112743571786,3505
2024-02-15 14:00:00+00:00,1.0720083850005668,1.0729642646209283,1.069221259596107,1.0720324808013542,3241
2024-02-15 15:00:00+00:00,1.0711735549235053,1.0724587423236207,1.0706965451019053,1.0712611162060515,4225
2024-02-15 16:00:00+00:00,1.0713424968677365,1.0717511949132974,1.06961302820179,1.070199598966306,5548
2024-02-15 17:00:00+00:00,1.0695488820012102,1.0705619715200412,1.0691816343178298,1.0702025676215552,2372
2024-02-15 18:00:00+00:00,1.0704632790648563,1.0712550525549682,1.0702404170410593,1.0707766774421659,5021
2024-02-15 19:00:00+00:00,1.0704406235212092,1.0707956982793063,1.069110470934215,1.0700940485234718,4087
2024-02-15 20:00:00+00:00,1.0705756902363395,1.0717188373697,1.069888104514923,1.0707278251962669,4233
2024-02-15 21:00:00+00:00,1.0709328564744136,1.0716439315080688,1.0704793161991022,1.0711265193350685,4771
2024-02-15 22:00:00+00:00,1.071051344881938,1.0719698435487668,1.0704364651781362,1.0713169631213195,5194
2024-02-15 23:00:00+00:00,1.0712855510419539,1.0716415027058643,1.069777170591703,1.070185288966146,4390
2024-02-16 00:00:00+00:00,1.070453039420092,1.0709988165981896,1.0693219215742362,1.0697520036254577,4862
2024-02-16 01:00:00+00:00,1.0690680520952447,1.0700393048970704,1.0685099985959479,1.0695848867675661,4151
2024-02-16 02:00:00+00:00,1.0699196635150228,1.0705502420620283,1.0688042894280756,1.0693964797966322,4944
2024-02-16 03:00:00+00:00,1.0692484875268338,1.0698900484983462,1.0682568673604373,1.0684157323768881,4260
2024-02-16 04:00:00+00:00,1.0678223885692475,1.0684888847452523,1.0664962063142929,1.0674008846450231,4929
2024-02-16 05:00:00+00:00,1.0677906892753393,1.0685973874917551,1.067216031994502,1.067917364995883,4955
2024-02-16 06:00:00+00:00,1.0679951012666826,1.0684737307907175,1.0672595244435992,1.067965314039088,4953
2024-02-16 07:00:00+00:00,1.0681511727164645,1.0687487572208871,1.0664271300532127,1.067028597290742,4724
2024-02-16 08:00:00+00:00,1.0669827536896994,1.06895957176267,1.0669166321256909,1.0682930776888762,5821
2024-02-16 09:00:00+00:00,1.0678761608095448,1.0704095437439098,1.0674523297672744,1.0700292115295897,4684
2024-02-16 10:00:00+00:00,1.06995324290699,1.0703319811023264,1.066935800660849,1.067284306676723,5276
2024-02-16 11:00:00+00:00,1.0674192413369477,1.0710062476624767,1.0674192413369477,1.0707657311804644,5047
2024-02-16 12:00:00+00:00,1.0714303284554427,1.0718978004502853,1.0700418889272456,1.071037058365531,4798
2024-02-16 13:00:00+00:00,1.0713445307711718,1.0722437194371368,1.0709175599346326,1.0720261855286959,3417
2024-02-16 14:00:00+00:00,1.0729278446597272,1.076064442358998,1.0727791066636223,1.075057374883043,2130
2024-02-16 15:00:00+00:00,1.075374515539453,1.0760865348563877,1.0742265144012917,1.0746652640960785,4300
2024-02-16 16:00:00+00:00,1.0755141026826587,1.0757607291155535,1.0737682517937577,1.0741887501868044,4515
2024-02-16 17:00:00+00:00,1.0744252312484568,1.075478850314242,1.073028979922394,1.0740108123930932,4621
2024-02-16 18:00:00+00:00,1.07398985341192,1.0749330497209522,1.0733642127001672,1.074307670928582,5885
2024-02-16 19:00:00+00:00,1.0738264057565456,1.074474858535494,1.0734365910452035,1.0739578483639534,3254
2024-02-16 20:00:00+00:00,1.074375261006122,1.075245621402103,1.0734931302260842,1.0739311473480735,5472
2024-02-16 21:00:00+00:00,1.0733201629417999,1.0739643242928336,1.071463185177057,1.0722045685028283,6894
2024-02-16 22:00:00+00:00,1.0724428981649226,1.0730883619304938,1.071651590434386,1.0727073285349649,5117
2024-02-16 23:00:00+00:00,1.0729556305558698,1.073546991246098,1.0722340224268752,1.07264709810838,4152
2024-02-17 00:00:00+00:00,1.0729685854620226,1.073741589434772,1.0721127448983834,1.0724783694481008,5229
2024-02-17 01:00:00+00:00,1.0718430407623376,1.0725461243476324,1.0714978219860563,1.0723142520540578,3899
2024-02-17 02:00:00+00:00,1.0720155728308978,1.0728812495673894,1.0714967112077174,1.0724386331648526,4948
2024-02-17 03:00:00+00:00,1.0734756474399891,1.074417377050715,1.0727115705970156,1.073547454708691,4889
2024-02-17 04:00:00+00:00,1.0735798590145063,1.0741803065989664,1.0730196773436318,1.0737153384570288,3702
2024-02-17 05:00:00+00:00,1.074065355932351,1.0750701235083047,1.0733099535235442,1.0742258729106477,2367
2024-02-17 06:00:00+00:00,1.073765654225863,1.0745491702479308,1.0733876692523217,1.0739474239333677,5182
2024-02-17 07:00:00+00:00,1.0740465216306854,1.0749340265188576,1.0736505587337999,1.0739463545678707,3899
2024-02-17 08:00:00+00:00,1.0731833261161352,1.0750983506908178,1.0731833261161352,1.0741911280015235,3870
2024-02-17 09:00:00+00:00,1.0740734443863353,1.0761538723414952,1.073842800817649,1.075378426844499,4379
2024-02-17 10:00:00+00:00,1.0757904696793383,1.0774690097876476,1.0753991842930384,1.0759223440802859,2793
2024-02-17 11:00:00+00:00,1.075842310073975,1.075842310073975,1.0745144538765576,1.0748558395059316,4262
2024-02-17 12:00:00+00:00,1.0750318851308327,1.0764044258113992,1.074216806882549,1.0752091255172047,4703
2024-02-17 13:00:00+00:00,1.0754548609387613,1.0767986005607804,1.074666578993247,1.0762247085609151,3635
2024-02-17 14:00:00+00:00,1.0753124232823295,1.0769314362939908,1.0752885835550583,1.0759988242857421,2728
2024-02-17 15:00:00+00:00,1.075575072313032,1.077185373885872,1.075185546927382,1.0754246044676152,5058
2024-02-17 16:00:00+00:00,1.0753857137717975,1.0764309598958972,1.0740581439453432,1.0753634717100116,6272
2024-02-17 17:00:00+00:00,1.075534971962835,1.0761300227379569,1.0748008455850513,1.0754269830955379,1685
2024-02-17 18:00:00+00:00,1.075933725756922,1.07677568489222,1.0752873920411956,1.076455726942857,3234
2024-02-17 19:00:00+00:00,1.0770122675196423,1.0770122675196423,1.075576526044937,1.0760656162695073,4444
2024-02-17 20:00:00+00:00,1.0760421618502005,1.0766788336199409,1.074587254825324,1.0756062806519069,4608
2024-02-17 21:00:00+00:00,1.0759222314980075,1.0766291355158866,1.0748685955443082,1.0762091232315898,4588
2024-02-17 22:00:00+00:00,1.0768061316767887,1.0782712261409872,1.0764489193547977,1.0775340420361184,4601
2024-02-17 23:00:00+00:00,1.0780015609807956,1.0783181542267641,1.0767195587060727,1.0774385749877688,3174
2024-02-18 00:00:00+00:00,1.0774592112987513,1.0783351780879753,1.0767054548217276,1.077617657434453,3923
2024-02-18 01:00:00+00:00,1.077094086069103,1.0780689489931803,1.0765948403697816,1.0772943474063075,3448
2024-02-18 02:00:00+00:00,1.0769767986841774,1.0776635257818354,1.0761653257784842,1.0766274193148728,5398
2024-02-18 03:00:00+00:00,1.0765261360862528,1.0776802391690001,1.075881306058419,1.076766476329231,5505
2024-02-18 04:00:00+00:00,1.0771071610100147,1.0780012120159357,1.0769016875806294,1.0774086814006187,5578
2024-02-18 05:00:00+00:00,1.0771731530871058,1.0781030083035859,1.0763507507883743,1.0771820620251773,4739
2024-02-18 06:00:00+00:00,1.076677468648573,1.0779940179803549,1.076677468648573,1.0772232409855014,3591
2024-02-18 07:00:00+00:00,1.0762832587626066,1.0766363589558319,1.0750296141262203,1.0752953650468315,6873
2024-02-18 08:00:00+00:00,1.0733894134616346,1.074180180581575,1.0730924530857993,1.0737606249481506,4622
2024-02-18 09:00:00+00:00,1.0747052305394686,1.0766603982827827,1.074375858966714,1.0754956483628408,5610
2024-02-18 10:00:00+00:00,1.075780069633126,1.075780069633126,1.0738721374667743,1.0739473237063597,4901
2024-02-18 11:00:00+00:00,1.0744163091582968,1.0757481194723864,1.074134894617311,1.0754967804017663,4096
2024-02-18 12:00:00+00:00,1.0771478813960378,1.0776159083689474,1.0758698185133728,1.0763975787423885,5323
2024-02-18 13:00:00+00:00,1.0754936349159485,1.0777151176863506,1.0754286571073854,1.0763128835155287,2899
2024-02-18 14:00:00+00:00,1.0756315187334822,1.0767375666241632,1.075480962448862,1.0759414344489053,4525
2024-02-18 15:00:00+00:00,1.0774089021448665,1.0778001746658956,1.076046961233062,1.0771059067729496,5933
2024-02-18 16:00:00+00:00,1.0761086052946365,1.076720139928887,1.0752582314782841,1.0761116123280396,4780
2024-02-18 17:00:00+00:00,1.0759901394900775,1.077142883306276,1.0753584180823097,1.0767493242917836,5466
2024-02-18 18:00:00+00:00,1.0769914002930037,1.0775170450035678,1.0762350954077948,1.0771104862763516,4264
2024-02-18 19:00:00+00:00,1.0768440363496001,1.0774703589191093,1.076086907870617,1.0764976462669573,4444
2024-02-18 20:00:00+00:00,1.0761804726459063,1.0762248990803012,1.0752778921317678,1.0755060158973224,6347
2024-02-18 21:00:00+00:00,1.0755047357631355,1.0764843268802673,1.075076429546694,1.0760864662155787,4347
2024-02-18 22:00:00+00:00,1.075871638375484,1.0770587565985374,1.0752546953308335,1.0767282566335823,3033
2024-02-18 23:00:00+00:00,1.0768145689745237,1.0768145689745237,1.0752437281567622,1.0759866482364957,3718
2024-02-19 00:00:00+00:00,1.0762562994203855,1.0776256329447191,1.0757152147399869,1.0768814364870227,4764
2024-02-19 01:00:00+00:00,1.076791090190347,1.0774434792554655,1.0761547902759814,1.0768601230713473,4945
2024-02-19 02:00:00+00:00,1.0769797252307571,1.0780071327098446,1.0768700465163998,1.077403734865664,3431
2024-02-19 03:00:00+00:00,1.0774532142945248,1.0793289112019568,1.0769170080196184,1.078930163478624,3233
2024-02-19 04:00:00+00:00,1.0788726076332396,1.0806038849058863,1.0785433007079424,1.0795434957712764,5161
2024-02-19 05:00:00+00:00,1.0795392894896583,1.0801905288611102,1.0777949977373755,1.0784042544698844,5178
2024-02-19 06:00:00+00:00,1.0783748423540136,1.079174106212609,1.0782020344560275,1.0784150783163793,4570
2024-02-19 07:00:00+00:00,1.078566335655881,1.078841688987602,1.077835551936627,1.078333908815043,4917
2024-02-19 08:00:00+00:00,1.0789897998889109,1.079423165180891,1.0773025145623505,1.0774944865617577,2342
2024-02-19 09:00:00+00:00,1.0780270669403527,1.0791545002260166,1.0779436925033812,1.0788180675746994,5287
2024-02-19 10:00:00+00:00,1.07919527396483,1.0808597273991911,1.0789410685970233,1.080252119649058,3158
2024-02-19 11:00:00+00:00,1.0794997202015866,1.0800462109165736,1.0784829595158938,1.0797182601159065,3322
2024-02-19 12:00:00+00:00,1.0792511978990211,1.0796678033116367,1.0782072036661294,1.0786731988796439,6401
2024-02-19 13:00:00+00:00,1.078904638290326,1.0793233953098964,1.0774139195017842,1.078267000509949,4983
2024-02-19 14:00:00+00:00,1.0789831580305607,1.0790050474388044,1.0771856257008516,1.0788961771208379,3390
2024-02-19 15:00:00+00:00,1.0789999302712645,1.0796182606127969,1.0774599516388847,1.0777711831334502,3754
2024-02-19 16:00:00+00:00,1.0774133390551726,1.07937998258805,1.077298190879843,1.0789978713762833,5921
2024-02-19 17:00:00+00:00,1.0786837099534239,1.0793092441489216,1.0776141989295371,1.0781098423363316,3597
2024-02-19 18:00:00+00:00,1.0783312821338644,1.0792044366962283,1.0778394474556205,1.0784470770208827,4017
2024-02-19 19:00:00+00:00,1.0772917290367552,1.0782311682636498,1.076739280279021,1.0769804175587114,4371
2024-02-19 20:00:00+00:00,1.0764480607559352,1.0779547335264241,1.0762976411679261,1.0777903647801383,4475
2024-02-19 21:00:00+00:00,1.077415271190665,1.078094963888786,1.0758196599566627,1.0767174637440429,5885
2024-02-19 22:00:00+00:00,1.0765954539772031,1.0770161655329842,1.0761658147675057,1.076618810688129,4471
2024-02-19 23:00:00+00:00,1.0758225995123507,1.0767353630411054,1.0747057157911162,1.074989798494245,4707
2024-02-20 00:00:00+00:00,1.0750717455404193,1.0761195247396684,1.074300033435171,1.074964332189046,3265
2024-02-20 01:00:00+00:00,1.0746673249345107,1.0754549743049222,1.073597251180344,1.0738569345412583,4356
2024-02-20 02:00:00+00:00,1.073963429350437,1.0751472806465376,1.073963429350437,1.0747537331795316,3482
2024-02-20 03:00:00+00:00,1.0740520150569963,1.0746567065291308,1.0736868692945147,1.074191548499428,4101
2024-02-20 04:00:00+00:00,1.0741408479869905,1.0749855797693895,1.073610441098484,1.0745313888950112,4978
2024-02-20 05:00:00+00:00,1.074521230095581,1.0750700142418386,1.0738855216145626,1.0740680878957325,4589
2024-02-20 06:00:00+00:00,1.0743830062816555,1.0748128145244678,1.073163891427619,1.0742068615633733,4026
2024-02-20 07:00:00+00:00,1.074280860386033,1.0750908079948498,1.0741383846853985,1.0747957202586942,5152
2024-02-20 08:00:00+00:00,1.0738038115577788,1.0754270021685328,1.073130102271277,1.073428240657902,5442
2024-02-20 09:00:00+00:00,1.0733299254499857,1.0740302031042652,1.0722531852075725,1.0736459364460076,2651
2024-02-20 10:00:00+00:00,1.0730923846865212,1.0739927500398376,1.0721959138027701,1.0731778155888407,4088
2024-02-20 11:00:00+00:00,1.073366400408873,1.0754389887192004,1.072390490102168,1.0727643076530011,4346
2024-02-20 12:00:00+00:00,1.072034669685422,1.0728738737342989,1.0703148669717686,1.0703952641216277,4585
2024-02-20 13:00:00+00:00,1.0723307468847791,1.0740594721545944,1.0720138887486532,1.0737628064091296,4856
2024-02-20 14:00:00+00:00,1.0755814442408458,1.0775879555647423,1.0752153897344245,1.0770288186501356,5334
2024-02-20 15:00:00+00:00,1.0769192198793736,1.077749585567415,1.0751926048115936,1.0754724591566638,2824
2024-02-20 16:00:00+00:00,1.0747947708706274,1.0747947708706274,1.0729717261784446,1.0733327793139449,5374
2024-02-20 17:00:00+00:00,1.0732756997811266,1.0748568844638973,1.0729061913839395,1.074320351021469,3604
2024-02-20 18:00:00+00:00,1.0751449551553824,1.0751707879887005,1.0741078843949758,1.07427950850708,2466
2024-02-20 19:00:00+00:00,1.0738452920957007,1.07465674284446,1.073040036780278,1.0734208642756695,4084
2024-02-20 20:00:00+00:00,1.073566691312083,1.0751547069360057,1.0730209577685228,1.07434200557704,3085
2024-02-20 21:00:00+00:00,1.0744276411324507,1.0749958606827685,1.0742422790923711,1.0743434408814228,3326
2024-02-20 22:00:00+00:00,1.0748251066008527,1.0756281084597847,1.0745606591734767,1.074969739063825,4523
2024-02-20 23:00:00+00:00,1.074922769523017,1.074922769523017,1.0737164206268683,1.0739775672936738,4134
2024-02-21 00:00:00+00:00,1.0739936261441978,1.0740733143275514,1.0721496678804585,1.0732795424881287,3754
2024-02-21 01:00:00+00:00,1.0735175726072599,1.0739020061547118,1.0722662665177505,1.0726927001611095,4366
2024-02-21 02:00:00+00:00,1.0722599448866434,1.0735802692711829,1.0722599448866434,1.0729954967609316,4511
2024-02-21 03:00:00+00:00,1.0725157323111099,1.0733225063177525,1.0717227241125693,1.072273138860433,5582
2024-02-21 04:00:00+00:00,1.0727361100673942,1.0736261115281496,1.0720959066597793,1.072693390262129,2793
2024-02-21 05:00:00+00:00,1.072979622318518,1.073890792042784,1.0726487138790388,1.073537034156608,3311
2024-02-21 06:00:00+00:00,1.0740140590675937,1.0755180087252416,1.0731918967265357,1.0749353679364304,3976
2024-02-21 07:00:00+00:00,1.0755789509465878,1.0759213249114636,1.0749364936322308,1.075301064624036,3579
2024-02-21 08:00:00+00:00,1.0755067932218405,1.0757153106724437,1.0739086001087046,1.075275257626054,4484
2024-02-21 09:00:00+00:00,1.0732912354496735,1.0758067007167589,1.0727573161006203,1.0753282477236414,5127
2024-02-21 10:00:00+00:00,1.0756005306817245,1.0779036172822103,1.0752182301339919,1.0774421251792519,3941
2024-02-21 11:00:00+00:00,1.0763600310923949,1.0775025602974548,1.0758231879984508,1.0767810174526098,5660
2024-02-21 12:00:00+00:00,1.0765117494708958,1.078559421776457,1.0759136644933767,1.077810259785901,5522
2024-02-21 13:00:00+00:00,1.0763946198807255,1.0774292286808533,1.0762735102271448,1.077066034798878,3230
2024-02-21 14:00:00+00:00,1.0780482518122805,1.080017114391818,1.077033478979782,1.079605590631442,3677
2024-02-21 15:00:00+00:00,1.0784213924191655,1.079717564539058,1.077991989615179,1.0792054222255305,4978
2024-02-21 16:00:00+00:00,1.0798434992672383,1.0802374529629462,1.0779933733809752,1.0785100628264692,5454
2024-02-21 17:00:00+00:00,1.0785210154192086,1.0793665922426252,1.0776493292127798,1.0780115535777717,2148
2024-02-21 18:00:00+00:00,1.0784902230670943,1.0795090973905106,1.0778866165832002,1.0793781793823838,4226
2024-02-21 19:00:00+00:00,1.0794457699667752,1.079830122064435,1.0775901447683514,1.077783541226206,5445
2024-02-21 20:00:00+00:00,1.0775297572466498,1.0782358837926538,1.0771363700357226,1.0779993102689038,3709
2024-02-21 21:00:00+00:00,1.0769534556217784,1.0776420794370036,1.0762771395447794,1.0772525291081052,4586
2024-02-21 22:00:00+00:00,1.0773908594262165,1.0781713738654124,1.0764816119826641,1.0779319845835476,3070
2024-02-21 23:00:00+00:00,1.0780206664724994,1.0792153993045048,1.0774582027742463,1.078161309551384,2890
2024-02-22 00:00:00+00:00,1.0784388837891858,1.0793473641306333,1.077698407848639,1.0783630135790272,5385
2024-02-22 01:00:00+00:00,1.0784979278094013,1.0803842446702343,1.0781255594338348,1.0800001610209042,5175
2024-02-22 02:00:00+00:00,1.080053894516981,1.0802229818441271,1.0781020701725652,1.0787971542665111,3794
2024-02-22 03:00:00+00:00,1.0789826882275155,1.079295992472942,1.0781246890859795,1.0788921422685034,2892
2024-02-22 04:00:00+00:00,1.079070643250907,1.0798323216992474,1.0782396770992706,1.0793481934591496,3202
2024-02-22 05:00:00+00:00,1.0799837294713095,1.080554819173268,1.0787353452543034,1.0795815024211775,3889
2024-02-22 06:00:00+00:00,1.079475767813181,1.0799551209406293,1.0782215646414655,1.0794657730165855,4829
2024-02-22 07:00:00+00:00,1.0801467389790338,1.0804899036366762,1.0784270347284999,1.0792924643003614,3599
2024-02-22 08:00:00+00:00,1.0781055557647612,1.080112035633412,1.077810555150882,1.0781327653218031,5784
2024-02-22 09:00:00+00:00,1.077547500871024,1.0793984637782268,1.0774343338860775,1.0778868709490184,5525
2024-02-22 10:00:00+00:00,1.0790469586757965,1.080517808432346,1.0779972312871597,1.0803485807434403,4243
2024-02-22 11:00:00+00:00,1.0823113910309998,1.0847728446828666,1.0817600577561246,1.0845044734768479,4652
2024-02-22 12:00:00+00:00,1.0847121065192256,1.0859145534099899,1.083504600748779,1.0837788058435454,6570
2024-02-22 13:00:00+00:00,1.083295366810324,1.0848981005305498,1.0824403786841705,1.0830503255836263,4911
2024-02-22 14:00:00+00:00,1.082659121847134,1.0847564585500515,1.0826236524926687,1.084296266678892,5023
2024-02-22 15:00:00+00:00,1.0848681462467877,1.0856330666975955,1.0833457459276574,1.0837096647583082,3283
2024-02-22 16:00:00+00:00,1.0827733787978018,1.0839306001986542,1.0824259957725941,1.083325825483659,1359
2024-02-22 17:00:00+00:00,1.0834018652739084,1.0839837564208272,1.0827092098909412,1.0833346979859122,4026
2024-02-22 18:00:00+00:00,1.0824486697141689,1.083505324141447,1.0822699816003367,1.0830804825303493,2734
2024-02-22 19:00:00+00:00,1.0841447082040931,1.0846864496888498,1.082895810068786,1.0833384112756828,5649
2024-02-22 20:00:00+00:00,1.0833537142751957,1.0840864612550467,1.0823601172616675,1.0830157488071948,4232
2024-02-22 21:00:00+00:00,1.0833803335815282,1.0841121678753254,1.0823359439088458,1.0835609508847868,4158
2024-02-22 22:00:00+00:00,1.083920687842925,1.08452573851665,1.0830103445581873,1.0838204894357064,5597
2024-02-22 23:00:00+00:00,1.0839117194883408,1.0852754574561545,1.0827967173698834,1.0846009750099321,5826
2024-02-23 00:00:00+00:00,1.084908883746561,1.0852635998444977,1.0834294893525434,1.0839295357203047,3846
2024-02-23 01:00:00+00:00,1.0834090405686403,1.0848173229587479,1.0824820210009354,1.0837648581182437,6732
2024-02-23 02:00:00+00:00,1.08353991331292,1.0845504010248375,1.0828064095304457,1.0833070294306786,5678
2024-02-23 03:00:00+00:00,1.0833977745654446,1.0844572210744043,1.083062023092162,1.0839672104044042,5260
2024-02-23 04:00:00+00:00,1.084083257228865,1.084834161064313,1.083423844977655,1.0838564028104085,4583
2024-02-23 05:00:00+00:00,1.083737096749429,1.084287017674369,1.0828705958801155,1.0833701216501643,4424
2024-02-23 06:00:00+00:00,1.084462395868783,1.0848733738459928,1.0833982835491358,1.0837188487212537,4660
2024-02-23 07:00:00+00:00,1.0837529298455406,1.0849697139185623,1.083251642535757,1.0837377392215393,4910
2024-02-23 08:00:00+00:00,1.0842271531361638,1.0850170690605134,1.0825873250227895,1.0828081764212045,4158
2024-02-23 09:00:00+00:00,1.0828480842315007,1.0835712682037373,1.0823079708810264,1.0825711801978786,3419
2024-02-23 10:00:00+00:00,1.0827174771907166,1.0835739677587193,1.0822507613191867,1.0830904737588318,3688
2024-02-23 11:00:00+00:00,1.083857505865436,1.0847077994233862,1.082504579359827,1.0831841398220836,3893
2024-02-23 12:00:00+00:00,1.0830613284000352,1.0845124870139278,1.0827508134404185,1.083622746126586,5387
2024-02-23 13:00:00+00:00,1.0831529377909213,1.0843541986621432,1.082242137105923,1.0838910409115814,4753
2024-02-23 14:00:00+00:00,1.0839355661929704,1.0846852005278202,1.0833523478562168,1.0842776922817727,4764
2024-02-23 15:00:00+00:00,1.0844507325532216,1.0870588319928944,1.0839300210557714,1.08664014957271,5092
2024-02-23 16:00:00+00:00,1.0861604202578683,1.0868665568895384,1.0852030779112518,1.085343664338791,3295
2024-02-23 17:00:00+00:00,1.0855532282262783,1.0870016203738049,1.0849858233793348,1.0863503532683385,2208
2024-02-23 18:00:00+00:00,1.0860939966274559,1.0863454580885155,1.0846530338321538,1.0852963508821718,2546
2024-02-23 19:00:00+00:00,1.0854384544258007,1.0862799986327922,1.0846601799825053,1.0857504791474069,2845
2024-02-23 20:00:00+00:00,1.0858138566531454,1.086078960560582,1.084846263304576,1.085149342646412,4805
2024-02-23 21:00:00+00:00,1.0846679647790836,1.0847923870835,1.0840834881176729,1.0844119123839147,3471
2024-02-23 22:00:00+00:00,1.0847981228465962,1.0855135523996957,1.0836679625523622,1.0839045966798466,5445
2024-02-23 23:00:00+00:00,1.0837705041600334,1.0843287440376257,1.0835255222422895,1.083772535545103,4045
2024-02-24 00:00:00+00:00,1.0836519344622182,1.084565106675753,1.0831337127026914,1.0834643804633068,4111
2024-02-24 01:00:00+00:00,1.0837395814497535,1.0845696210513607,1.083025387061456,1.0836153711739807,5488
2024-02-24 02:00:00+00:00,1.0835994683204002,1.0842115527175673,1.0825387127256691,1.0829556556884714,4072
2024-02-24 03:00:00+00:00,1.082669945123726,1.0839136196981596,1.0816534627195111,1.0827677659286188,2713
2024-02-24 04:00:00+00:00,1.0831559200719583,1.0835236453584065,1.0824983557037557,1.0828660758934996,5831
2024-02-24 05:00:00+00:00,1.0831936897378283,1.0848292709412022,1.0830111156340556,1.0846786613610893,3669
2024-02-24 06:00:00+00:00,1.0843916487271086,1.084892420500294,1.083888976164676,1.084212342898938,5590
2024-02-24 07:00:00+00:00,1.0836240605141307,1.0845755408902467,1.0832497622048407,1.0840516573064363,5683
2024-02-24 08:00:00+00:00,1.0846452241370326,1.0852181939501837,1.083733113493335,1.083893000986369,3033
2024-02-24 09:00:00+00:00,1.0825946903605521,1.0849678425585145,1.0825946903605521,1.0841862350975193,4725
2024-02-24 10:00:00+00:00,1.0834880897575194,1.0859927396823643,1.0833194295569004,1.0845744820870886,4318
2024-02-24 11:00:00+00:00,1.0845789604447735,1.087999447787199,1.0845789604447735,1.0874178093732028,5373
2024-02-24 12:00:00+00:00,1.087928114436598,1.0879686016077093,1.0863193026402767,1.087042539464831,4743
2024-02-24 13:00:00+00:00,1.0884497599846963,1.089059354626844,1.0871931483717554,1.088578598011277,4785
2024-02-24 14:00:00+00:00,1.0891710683606912,1.0898449093629219,1.0880147128175062,1.089054401566246,6459
2024-02-24 15:00:00+00:00,1.0898153729183342,1.0906883558364258,1.0890067249624322,1.0898032989030237,4870
2024-02-24 16:00:00+00:00,1.0887629913115573,1.0898985977927989,1.0885188907920378,1.0888330797601695,5633
2024-02-24 17:00:00+00:00,1.0887521106373041,1.0894559352537214,1.0872114444522671,1.0876700692218315,5510
2024-02-24 18:00:00+00:00,1.0871068931168528,1.0874782865512316,1.08588690199675,1.0862999253037329,3116
2024-02-24 19:00:00+00:00,1.0868120620268378,1.0879744359606882,1.0868120620268378,1.0872689826526705,4531
2024-02-24 20:00:00+00:00,1.0875321843040033,1.0883761221644697,1.0866661450751431,1.08792564204894,4331
2024-02-24 21:00:00+00:00,1.0876439475608255,1.088619787368987,1.0871649302235407,1.0879690954909622,3580
2024-02-24 22:00:00+00:00,1.0889071644445862,1.0891627586543005,1.0879329818355865,1.088550160849969,5427
2024-02-24 23:00:00+00:00,1.0888854859347006,1.0892133949339273,1.086826303159583,1.0875905971905273,3701
2024-02-25 00:00:00+00:00,1.0873514258597083,1.0886949087517597,1.0863787234155702,1.0879817144865662,4415
2024-02-25 01:00:00+00:00,1.0878576176279293,1.0893084469673961,1.0878576176279293,1.0884719397488245,3783
2024-02-25 02:00:00+00:00,1.0890177384521422,1.0905276736472878,1.0883865330941593,1.0895995660003561,5341
2024-02-25 03:00:00+00:00,1.0900493632479518,1.0902155296002376,1.0878691480486138,1.0893678439663577,4392
2024-02-25 04:00:00+00:00,1.0892841925686723,1.0904586342999552,1.088610195460134,1.0898362022718582,5542
2024-02-25 05:00:00+00:00,1.0900070825133081,1.090312562312502,1.0893109445368434,1.090040214087517,5178
2024-02-25 06:00:00+00:00,1.090421414391041,1.0911424468465727,1.0892803092771755,1.0904645637788857,4121
2024-02-25 07:00:00+00:00,1.0902567308684652,1.090982984495533,1.088678213346805,1.0894508689176232,4037
2024-02-25 08:00:00+00:00,1.0902914219194428,1.0906379445919772,1.0892024425568603,1.089409684349345,3253
2024-02-25 09:00:00+00:00,1.0893865696368479,1.0894186419954046,1.0868542844594526,1.0877646291065555,4482
2024-02-25 10:00:00+00:00,1.0883729181191384,1.0892276799437015,1.0868390081173738,1.088247956014686,3624
2024-02-25 11:00:00+00:00,1.0884285953903865,1.0890166706785143,1.087619115123722,1.0881535259774349,4135
2024-02-25 12:00:00+00:00,1.088356601576234,1.0891784692160968,1.0867896116416995,1.0869548270557408,4475
2024-02-25 13:00:00+00:00,1.0868284763955471,1.0883568511327575,1.086528192555208,1.0872713968568355,3758
2024-02-25 14:00:00+00:00,1.0869337689998688,1.0872925831969087,1.084365654096983,1.0856533942212656,2260
2024-02-25 15:00:00+00:00,1.0865369418227153,1.0865369418227153,1.0840809794614887,1.0844904582682515,5017
2024-02-25 16:00:00+00:00,1.0839154951274752,1.08528826898447,1.0830144946498983,1.084882903531571,4227
2024-02-25 17:00:00+00:00,1.0841909988070644,1.0844890259306375,1.0830287989234353,1.083651738652351,3916
2024-02-25 18:00:00+00:00,1.0834340574182957,1.0846517749770002,1.0831947559150699,1.084072186774795,3804
2024-02-25 19:00:00+00:00,1.0844279554542673,1.0844477101245575,1.0824347658769873,1.0828772175818355,5320
2024-02-25 20:00:00+00:00,1.0830463596043325,1.0835869239537157,1.0821101406159803,1.0828431721360254,3318
2024-02-25 21:00:00+00:00,1.0826602551253353,1.0829624191414422,1.0817152670307448,1.0824232005348247,4514
2024-02-25 22:00:00+00:00,1.0821075444687356,1.0831741680028293,1.081715759569111,1.0822855482599585,3225
2024-02-25 23:00:00+00:00,1.0819538327791771,1.0826401678383004,1.0808831434358535,1.0816560326927556,5015
2024-02-26 00:00:00+00:00,1.0819465080626935,1.0835054034475804,1.0814149510078024,1.082260429313733,3358
2024-02-26 01:00:00+00:00,1.0822768903727202,1.0828432048500787,1.0807225781435819,1.0813453401537374,3378
2024-02-26 02:00:00+00:00,1.0821964023432307,1.082945641469152,1.081693971890264,1.0827309223353758,4136
2024-02-26 03:00:00+00:00,1.081966233214103,1.0823503403027765,1.0799399537583678,1.0807490372038475,7485
2024-02-26 04:00:00+00:00,1.0806569640101764,1.0817585805028602,1.0801697998390303,1.0804247044904747,4524
2024-02-26 05:00:00+00:00,1.0804873851147576,1.0814849478084618,1.0799773305847988,1.0804087755808494,3710
2024-02-26 06:00:00+00:00,1.0805111378922936,1.08101910345126,1.079171994326012,1.0801770128449188,5123
2024-02-26 07:00:00+00:00,1.080153731688793,1.0806260667359218,1.0788648711821958,1.0794047639281694,5089
2024-02-26 08:00:00+00:00,1.0802137271301875,1.081377094489433,1.0789174793719303,1.0805847339017909,7216
2024-02-26 09:00:00+00:00,1.080689401894695,1.080689401894695,1.079025044350546,1.0797712569446436,4754
2024-02-26 10:00:00+00:00,1.0802971298909956,1.0810007244433286,1.0776697264169168,1.0780876342979808,5564
2024-02-26 11:00:00+00:00,1.0771884337915167,1.077569292832844,1.0760457041432685,1.0770694940465213,3881
2024-02-26 12:00:00+00:00,1.0767600301116371,1.0786984865302707,1.0764302326946504,1.0781224809971006,4303
2024-02-26 13:00:00+00:00,1.078278606590987,1.07847484121069,1.075558699447821,1.0757219809013951,4904
2024-02-26 14:00:00+00:00,1.075362461138282,1.0759627987891387,1.0747029831383175,1.0756429845212838,4481
2024-02-26 15:00:00+00:00,1.075099639610418,1.0765240889288252,1.0750015652214582,1.0763307610127886,5300
2024-02-26 16:00:00+00:00,1.0761984836567724,1.0765430306197536,1.0739200892171938,1.0747655163591832,4570
2024-02-26 17:00:00+00:00,1.0746458636822365,1.0753807967212505,1.07392335180851,1.074339546555703,3321
2024-02-26 18:00:00+00:00,1.0752119893441547,1.075374776057249,1.0740066251493432,1.074472296056892,5186
2024-02-26 19:00:00+00:00,1.074611482630973,1.0757374113111655,1.0743668663056736,1.0751106030217594,5649
2024-02-26 20:00:00+00:00,1.075451597058688,1.0761922656372713,1.0746350731043468,1.0749671115362922,5328
2024-02-26 21:00:00+00:00,1.0746606481919774,1.0759148315797056,1.0746437716581023,1.075543602908035,3831
2024-02-26 22:00:00+00:00,1.0752263475296775,1.0754880449773148,1.0741829055636416,1.0747364334617628,5312
2024-02-26 23:00:00+00:00,1.074927122894553,1.075821603069916,1.0741379749984188,1.0753323669343577,5601
2024-02-27 00:00:00+00:00,1.0753565916677617,1.076025715508772,1.0741486172372092,1.0751474138329602,5952
2024-02-27 01:00:00+00:00,1.075583668146675,1.0763151763181003,1.0750948414778898,1.0755261373928127,3784
2024-02-27 02:00:00+00:00,1.0757375866652612,1.077116226781066,1.0757375866652612,1.076826554650161,4265
2024-02-27 03:00:00+00:00,1.0768205344944866,1.0773014547425424,1.0753409926630226,1.0763546838892826,3090
2024-02-27 04:00:00+00:00,1.07644276621726,1.0769319295912851,1.0752989279090976,1.076019873663671,4731
2024-02-27 05:00:00+00:00,1.0764871913887613,1.077922639962688,1.0758794003341081,1.0771669278295963,4592
2024-02-27 06:00:00+00:00,1.076799194890132,1.0771374052508473,1.0753819344192719,1.0757202570198183,5822
2024-02-27 07:00:00+00:00,1.0765901085987704,1.077604392540301,1.075702113541923,1.076813380577732,6087
2024-02-27 08:00:00+00:00,1.0756793736312784,1.0762412784222042,1.0746147445407983,1.075300960662448,3842
2024-02-27 09:00:00+00:00,1.0735050403162945,1.0738206380063255,1.0728535770734486,1.0732800221693404,6017
2024-02-27 10:00:00+00:00,1.0742566722862663,1.0756065029425586,1.0735593512996056,1.0754473515162741,6664
2024-02-27 11:00:00+00:00,1.0743500141692857,1.0755081462462952,1.0734518180893495,1.074275121791114,3354
2024-02-27 12:00:00+00:00,1.0732924086960234,1.0733529518387364,1.0720504043458763,1.0727132365582916,5182
2024-02-27 13:00:00+00:00,1.0722434695329346,1.0729322706210724,1.0710247334429566,1.0720505053560567,3535
2024-02-27 14:00:00+00:00,1.0719926569757154,1.0732723815481868,1.0714389935683257,1.0728724210139011,3897
2024-02-27 15:00:00+00:00,1.07251048500211,1.0737522897162237,1.0721500904194046,1.073390710535111,5846
2024-02-27 16:00:00+00:00,1.0754052960830807,1.0763596584923054,1.0729367840855295,1.0733356506295657,5542
2024-02-27 17:00:00+00:00,1.0739782189032145,1.0758228647046504,1.0733355299734777,1.075324893549825,3973
2024-02-27 18:00:00+00:00,1.0754623567893575,1.075844888104887,1.0743167151686122,1.0753032165270957,6537
2024-02-27 19:00:00+00:00,1.0755362488416094,1.0762185198092127,1.0749317525883344,1.075465630711007,2678
2024-02-27 20:00:00+00:00,1.0753573652925177,1.076186706716602,1.074962780122789,1.0757943535199421,6261
2024-02-27 21:00:00+00:00,1.0753738698727033,1.0762515051835164,1.0748566681481888,1.0757157145648082,5061
2024-02-27 22:00:00+00:00,1.0759810163943235,1.0763559043091182,1.0752816370285194,1.0754382967203113,4535
2024-02-27 23:00:00+00:00,1.0752611648410817,1.077019513933406,1.0748164115922518,1.0763781168814752,6652
2024-02-28 00:00:00+00:00,1.0764999313708117,1.0769764502920087,1.0758274888824508,1.0764072820626418,4685
2024-02-28 01:00:00+00:00,1.0764474767753625,1.0766015968212055,1.0755136087150488,1.0756694554876194,4179
2024-02-28 02:00:00+00:00,1.07489323455761,1.0752945390808764,1.074008854627875,1.0743940649313486,3127
2024-02-28 03:00:00+00:00,1.0744883346683123,1.0761269393531143,1.0740988611760418,1.0760466010977434,5967
2024-02-28 04:00:00+00:00,1.0759017746537862,1.0771821636794854,1.0753994133591274,1.0761559917282966,5696
2024-02-28 05:00:00+00:00,1.0752057792452658,1.0764681524100956,1.0749706881734902,1.0760027601635351,3054
2024-02-28 06:00:00+00:00,1.0761207547072962,1.0763213856239433,1.0750931406154989,1.0762222633738785,4511
2024-02-28 07:00:00+00:00,1.0758665933964442,1.0763569365189,1.0751999237310799,1.0757431343617405,3609
2024-02-28 08:00:00+00:00,1.0761327017743199,1.0764542766176346,1.0748760085897917,1.0757524196331065,5521
2024-02-28 09:00:00+00:00,1.0767929949394999,1.0771785177267637,1.0757424553679682,1.0760483992054979,3484
2024-02-28 10:00:00+00:00,1.0755042714756984,1.0774546393764937,1.0755042714756984,1.077004603388479,4906
2024-02-28 11:00:00+00:00,1.078540350944724,1.0794241952832573,1.0777215671587477,1.078829392643171,5232
2024-02-28 12:00:00+00:00,1.0766913408189285,1.0772103454902715,1.0760039226262597,1.0768750771701523,3440
2024-02-28 13:00:00+00:00,1.0769118189949292,1.0772467900348581,1.0739767005115126,1.0745224341949602,4891
2024-02-28 14:00:00+00:00,1.0747975853312701,1.0771655056317355,1.0747975853312701,1.076385832090792,4563
2024-02-28 15:00:00+00:00,1.0769336333238904,1.0772373816321557,1.0755870948363555,1.0762529559268565,4165
2024-02-28 16:00:00+00:00,1.076841885993704,1.0779414119296113,1.0763606747456442,1.076692545451456,4053
2024-02-28 17:00:00+00:00,1.0769210703852288,1.0782202082971295,1.0765152720551372,1.0772372921262174,7331
2024-02-28 18:00:00+00:00,1.0772294642337599,1.0779459053976514,1.0763619454917053,1.076444590096615,3273
2024-02-28 19:00:00+00:00,1.077247914748984,1.077750669721091,1.0758629431671503,1.0764046134192324,3407
2024-02-28 20:00:00+00:00,1.0770277696015986,1.078332202355753,1.0764793593553705,1.077766422268173,3395
2024-02-28 21:00:00+00:00,1.0779022416724062,1.078500134655998,1.0774283863361376,1.0778744715298534,4909
2024-02-28 22:00:00+00:00,1.0777244574862959,1.0788510698324607,1.0775241403633373,1.078449576149944,4457
2024-02-28 23:00:00+00:00,1.0782566166060346,1.0786577997971667,1.077466131248097,1.0779103228254243,2903
2024-02-29 00:00:00+00:00,1.0774628276477676,1.0781513002191148,1.0762984260889852,1.0770010429699202,3676
2024-02-29 01:00:00+00:00,1.0774787178954774,1.0789137556466255,1.076236259270434,1.0780271405143724,4251
2024-02-29 02:00:00+00:00,1.0778231587838476,1.0793620898441092,1.0772695246118618,1.0783809789092347,5029
2024-02-29 03:00:00+00:00,1.0785222378717128,1.0794098369381535,1.077982600049698,1.079081401116141,1671
2024-02-29 04:00:00+00:00,1.0790974886126334,1.0795700846392489,1.0780087651765962,1.0781348376011521,4593
2024-02-29 05:00:00+00:00,1.0779650628654798,1.0788307482379536,1.0772445799595605,1.0779067705791772,4922
2024-02-29 06:00:00+00:00,1.0777872399046176,1.0782703086651033,1.076337504639895,1.0772915632363047,4913
2024-02-29 07:00:00+00:00,1.0772791694736925,1.0775573920605903,1.0759691798668385,1.0770694734600212,3542
2024-02-29 08:00:00+00:00,1.0775310661088016,1.0777276233836137,1.0763205725017135,1.0765645604990528,3874
2024-02-29 09:00:00+00:00,1.0770845683175767,1.0774039740352215,1.076402669221246,1.076926444448989,3559
2024-02-29 10:00:00+00:00,1.0766460590979436,1.0766888092701121,1.074385464534048,1.075425766190725,4696
2024-02-29 11:00:00+00:00,1.0759433801577625,1.0770809674365143,1.0747420364135802,1.0766043777048748,2457
2024-02-29 12:00:00+00:00,1.075584730178764,1.0778955878037932,1.0753300665275602,1.0771065603932597,3566
2024-02-29 13:00:00+00:00,1.076712697833012,1.0778143824177475,1.0765837920791332,1.0773857451965096,5100
2024-02-29 14:00:00+00:00,1.0761270023055554,1.0775140918363666,1.0748132617859023,1.076389987571497,4896
2024-02-29 15:00:00+00:00,1.0760996432115657,1.0760996432115657,1.0730532865288531,1.0730791390811456,2235
2024-02-29 16:00:00+00:00,1.0728914345293739,1.0735063928546433,1.07241851028584,1.0729160100939388,5987
2024-02-29 17:00:00+00:00,1.0731993353754126,1.074059251306108,1.0726026282323846,1.073077041236123,4800
2024-02-29 18:00:00+00:00,1.0728050504821536,1.07395223259479,1.0728050504821536,1.0735107814713967,4145
2024-02-29 19:00:00+00:00,1.0738337243699814,1.074467139212038,1.072471945586414,1.073377459994338,3808
2024-02-29 20:00:00+00:00,1.0731445510564512,1.073298301455368,1.0720267739406402,1.072296366874423,5280
2024-02-29 21:00:00+00:00,1.0720401927176875,1.0730061835254843,1.0717667085741003,1.0720621912000543,2759
2024-02-29 22:00:00+00:00,1.0717472647733044,1.0729257448497158,1.0710879731389016,1.0716347881289987,5581
2024-02-29 23:00:00+00:00,1.0714985853447703,1.0720530075748025,1.0707035333087145,1.0712342850666539,3815
2024-03-01 00:00:00+00:00,1.0716958304983952,1.0720941711758423,1.0704235052543927,1.0714424397385676,3784
2024-03-01 01:00:00+00:00,1.0707262935716144,1.0717579606884513,1.070047770867842,1.0711595796351403,4354
2024-03-01 02:00:00+00:00,1.0713258303846944,1.0716359729752247,1.070304700696403,1.071359932314033,4793
2024-03-01 03:00:00+00:00,1.0713162675741548,1.071883315983418,1.0711324875277461,1.0714242177800206,3760
2024-03-01 04:00:00+00:00,1.071168879581673,1.0720597111715418,1.0700833912538226,1.0710754562606315,5599
2024-03-01 05:00:00+00:00,1.0713829360880158,1.0715713849973953,1.0701066680562143,1.0708728219251245,3481
2024-03-01 06:00:00+00:00,1.0721115473037994,1.0723390113659308,1.0710558026533763,1.0717904290461449,5442
2024-03-01 07:00:00+00:00,1.0722988179023916,1.0729368032475681,1.0708925711507433,1.0713827634690494,3538
2024-03-01 08:00:00+00:00,1.069636813892738,1.070247152991814,1.068842463393707,1.0696843858347445,3169
2024-03-01 09:00:00+00:00,1.0693788945936478,1.0725669407912268,1.0693788945936478,1.0721823725961757,2415
2024-03-01 10:00:00+00:00,1.071393208770728,1.0725688836471396,1.0710291688582412,1.0714905866155917,5007
2024-03-01 11:00:00+00:00,1.0730961080582173,1.074317971059465,1.0716974942403712,1.0721680390447197,3548
2024-03-01 12:00:00+00:00,1.0717333808757643,1.075140917923513,1.0707797249648838,1.0746351405819392,5241
2024-03-01 13:00:00+00:00,1.0758154806684277,1.0762822132584646,1.072856991020746,1.0734694171029777,3767
2024-03-01 14:00:00+00:00,1.0740287540725368,1.07404511014744,1.0721069667833762,1.0726198128754731,4941
2024-03-01 15:00:00+00:00,1.072770963871285,1.073317669702037,1.071521166188467,1.0718692812708486,4371
2024-03-01 16:00:00+00:00,1.072763155856288,1.0731632396596678,1.0702736133266422,1.0710415662737887,5617
2024-03-01 17:00:00+00:00,1.0709631781125897,1.0725029882276431,1.0706600201461485,1.07156690606938,4292
2024-03-01 18:00:00+00:00,1.07151999344619,1.0720810017060567,1.0706648884885943,1.0715528765290063,2959
2024-03-01 19:00:00+00:00,1.0713433272689468,1.0717732877000032,1.0704737259441934,1.0708780504849789,4941
2024-03-01 20:00:00+00:00,1.070708216838086,1.0711017787067125,1.069137881788649,1.069920179494819,4018
2024-03-01 21:00:00+00:00,1.0694741610292458,1.0705890009304297,1.0686095599004781,1.07033300727773,5017
2024-03-01 22:00:00+00:00,1.0701810579385682,1.0704301436512467,1.0689230441904547,1.0696181383816838,2973
2024-03-01 23:00:00+00:00,1.0695061868462097,1.0702226191895594,1.0682069283254392,1.068911650982525,4733
2024-03-02 00:00:00+00:00,1.06822356921022,1.0693079989206784,1.0667082496253792,1.0672932258229146,5792
2024-03-02 01:00:00+00:00,1.0668913870280488,1.0685451781355022,1.0668913870280488,1.0678981159415906,2852
2024-03-02 02:00:00+00:00,1.0673704400211985,1.0678115056455237,1.0661495843336297,1.0667107432076999,3873
2024-03-02 03:00:00+00:00,1.066632930584468,1.0667293532723834,1.065307660547932,1.0659624603578164,4418
2024-03-02 04:00:00+00:00,1.0663834806463304,1.0668715993817248,1.0654687389619697,1.0663715214612908,5150
2024-03-02 05:00:00+00:00,1.0662085858140495,1.0664712220903587,1.0646999375114403,1.0653938658030897,4033
2024-03-02 06:00:00+00:00,1.0655979771740143,1.0659520754791167,1.064504409778197,1.0654748484145449,4305
2024-03-02 07:00:00+00:00,1.0650398474746783,1.0653685030503155,1.0635761886802853,1.0648473145294626,5213
2024-03-02 08:00:00+00:00,1.0640385068505427,1.0644114001914107,1.0611120448049427,1.0621822768732068,3728
2024-03-02 09:00:00+00:00,1.0624704810748486,1.0628184897015889,1.0601971443957936,1.0609683463752446,5872
2024-03-02 10:00:00+00:00,1.0617938083300833,1.062357549354228,1.0600811039023448,1.0614875736761693,3225
2024-03-02 11:00:00+00:00,1.0620728105597723,1.062806560127549,1.059706559345825,1.060349518047291,4784
2024-03-02 12:00:00+00:00,1.061071761526688,1.0615664224699008,1.0596360008487908,1.0601569326575144,4088
2024-03-02 13:00:00+00:00,1.0580010855943722,1.0596897071870124,1.0574594440562104,1.0590509767103398,3165
2024-03-02 14:00:00+00:00,1.0592535104242815,1.0604942756213034,1.0588672610285008,1.0601671474045473,4196
2024-03-02 15:00:00+00:00,1.0596923200680857,1.0606312492551104,1.0584181004689017,1.0592841237715396,6197
2024-03-02 16:00:00+00:00,1.0585742656709407,1.06049600170937,1.0580577337586505,1.0601142896754452,3221
2024-03-02 17:00:00+00:00,1.0603825755210303,1.0607109494843854,1.0584423370449694,1.059572557776159,2397
2024-03-02 18:00:00+00:00,1.0596623795043902,1.060801539960328,1.0590855043697427,1.0599554372889712,2983
2024-03-02 19:00:00+00:00,1.0600625479706318,1.0604607213510637,1.0588353659083096,1.0595982141969658,5348
2024-03-02 20:00:00+00:00,1.0595979472132167,1.0608707494428626,1.0590474865781918,1.060173348278813,6689
2024-03-02 21:00:00+00:00,1.0614091142819635,1.0614091142819635,1.0600263454975343,1.0608679037667512,4224
2024-03-02 22:00:00+00:00,1.060230426995195,1.06119637969396,1.0599289011048967,1.0606865832621624,5018
2024-03-02 23:00:00+00:00,1.061135071411653,1.0614214327522185,1.059571800368752,1.0601414935078792,3553
2024-03-03 00:00:00+00:00,1.0600652902241146,1.0611669601542963,1.0592652027698306,1.060476213043816,5221
2024-03-03 01:00:00+00:00,1.0609665368160222,1.0616706258801358,1.0604411213665925,1.0608933006692074,2711
2024-03-03 02:00:00+00:00,1.0616332175053105,1.0630935483522532,1.0612771734757935,1.0621787586242286,4683
2024-03-03 03:00:00+00:00,1.0615671187961317,1.0630257988685277,1.061097303892335,1.0626176942436623,2303
2024-03-03 04:00:00+00:00,1.0630799819261345,1.0640961333316443,1.0623175623893775,1.0633946137418966,2518
2024-03-03 05:00:00+00:00,1.0633942515967842,1.063809151251591,1.062496147651098,1.063132119466046,4654
2024-03-03 06:00:00+00:00,1.0627824317361845,1.0641689735716033,1.062229668687482,1.0638839270195317,5036
2024-03-03 07:00:00+00:00,1.064362904097146,1.0656581609672555,1.0632722913158614,1.0650617466990167,2508
2024-03-03 08:00:00+00:00,1.065432584453659,1.0672650719252075,1.0645410903821526,1.065609318933061,5674
2024-03-03 09:00:00+00:00,1.0657510207673901,1.0664484012674142,1.0650935024701762,1.0661590402869747,5173
2024-03-03 10:00:00+00:00,1.0662390737507372,1.0673165777309,1.0651576776163743,1.06676050106796,3367
2024-03-03 11:00:00+00:00,1.0670539359186262,1.0679000631261344,1.0665126996521235,1.0672711352696367,4733
2024-03-03 12:00:00+00:00,1.0667021621522594,1.0670317084942327,1.064207011000627,1.0644616916067462,2866
2024-03-03 13:00:00+00:00,1.0640213330448363,1.0649289538426852,1.0631243415721907,1.0643680216462306,4891
2024-03-03 14:00:00+00:00,1.0630358856885171,1.0644580122417304,1.0623926509823458,1.0634548702047883,2466
2024-03-03 15:00:00+00:00,1.0638549145593663,1.0654520656163076,1.0631207609866733,1.0652112831561917,3469
2024-03-03 16:00:00+00:00,1.0644334566925886,1.0672555912837651,1.0641025315398764,1.0663200158014745,3627
2024-03-03 17:00:00+00:00,1.0667924901465053,1.068009721538042,1.0663179061663954,1.0678379623691148,4168
2024-03-03 18:00:00+00:00,1.0679709906063255,1.068907077030181,1.0670348890097412,1.0681232899755526,3940
2024-03-03 19:00:00+00:00,1.067611971098889,1.0676968239070854,1.0658673336720283,1.0662092497488296,4449
2024-03-03 20:00:00+00:00,1.0660178201692982,1.0665429504322785,1.0652990196661587,1.06550872642155,4453
2024-03-03 21:00:00+00:00,1.0656693422845744,1.065960558789958,1.064971540411289,1.0656144785472221,2815
2024-03-03 22:00:00+00:00,1.0659731537697044,1.067777976143604,1.0649597746908606,1.0675151010039792,3511
2024-03-03 23:00:00+00:00,1.0672648644986962,1.0676863310156917,1.067188277772973,1.0673620226631022,5026
2024-03-04 00:00:00+00:00,1.067890585089792,1.068046216322759,1.0667180682165895,1.0676864878694599,2369
2024-03-04 01:00:00+00:00,1.0681602747059646,1.068970139335637,1.067705319791281,1.0684108941171435,3670
2024-03-04 02:00:00+00:00,1.0694169603361177,1.070779618121371,1.0685449722751972,1.0703180041444416,3819
2024-03-04 03:00:00+00:00,1.0703190391322601,1.071206642346798,1.0701277688337318,1.0707353250641367,4576
2024-03-04 04:00:00+00:00,1.0713878110270298,1.0721004392967437,1.0709890533147877,1.0713085466675643,4931
2024-03-04 05:00:00+00:00,1.071962328114237,1.072631301563976,1.0709360880165568,1.0720848614141267,2827
2024-03-04 06:00:00+00:00,1.0712049999652784,1.0730115837520506,1.0710866174627727,1.0724385023271827,4548
2024-03-04 07:00:00+00:00,1.072082551505807,1.0723653536088469,1.0706265898148586,1.0710002685945055,4988
2024-03-04 08:00:00+00:00,1.07219747456916,1.074621272956875,1.0717655196557547,1.0743787112855598,2977
2024-03-04 09:00:00+00:00,1.0745818341617324,1.0749615177523282,1.073729500955529,1.0739757756242956,6193
2024-03-04 10:00:00+00:00,1.0728770748841243,1.0738480657992604,1.0724964608189629,1.073597017582995,3487
2024-03-04 11:00:00+00:00,1.0734375641043468,1.0738602619107274,1.0721466967892952,1.0730000712604175,3013
2024-03-04 12:00:00+00:00,1.0738381596887003,1.0744292316972093,1.0722754050717986,1.072992537412874,2874
2024-03-04 13:00:00+00:00,1.0723460321003453,1.0728521466086238,1.0705810098089,1.0713942572470079,2995
2024-03-04 14:00:00+00:00,1.0719283700121696,1.073892971975093,1.070069625261047,1.073597783409461,6048
2024-03-04 15:00:00+00:00,1.0727198956211608,1.0739264564814925,1.0722769221985078,1.073643738325348,5690
2024-03-04 16:00:00+00:00,1.072271730695048,1.0732730113683981,1.0721171354944445,1.07230137759047,4470
2024-03-04 17:00:00+00:00,1.0714283833118812,1.0729303602175786,1.0711634026011159,1.0721880912123178,3744
2024-03-04 18:00:00+00:00,1.072092702277493,1.072712560768373,1.0713442115233087,1.0718722156455114,4942
2024-03-04 19:00:00+00:00,1.0718141694094285,1.0732857911076827,1.0716174049542193,1.0726786630090266,4269
2024-03-04 20:00:00+00:00,1.073445278164502,1.0737136293640022,1.0718719758134936,1.0725704684769917,3791
2024-03-04 21:00:00+00:00,1.0721901994215337,1.0736850039096069,1.072064842790352,1.0728211860761308,4488
2024-03-04 22:00:00+00:00,1.072232145469663,1.0734072561262271,1.0718880204084096,1.07267384358711,4790
2024-03-04 23:00:00+00:00,1.0728040932141698,1.0737099922857871,1.0720475306476276,1.072873581114052,4018
2024-03-05 00:00:00+00:00,1.073024212555591,1.07388911369683,1.0728696868819996,1.0733201105016639,4621
2024-03-05 01:00:00+00:00,1.0733948350502653,1.0742779010100694,1.0720727820582463,1.0734812220838967,3949
2024-03-05 02:00:00+00:00,1.0731453117766083,1.0737944047139378,1.0724312002787444,1.0729059790242885,4431
2024-03-05 03:00:00+00:00,1.0730718850457852,1.0733970772135188,1.0722355267934613,1.0727747393111446,2055
2024-03-05 04:00:00+00:00,1.072483633411795,1.0731167982852259,1.0715723814939926,1.0722024862793598,3695
2024-03-05 05:00:00+00:00,1.0718825404787808,1.0729965371941774,1.0714150976847396,1.0724621919435278,2288
2024-03-05 06:00:00+00:00,1.0727271293936416,1.0728494959534725,1.0719141737123419,1.0722538388864034,4455
2024-03-05 07:00:00+00:00,1.07229809697318,1.0728269266690695,1.071307785771757,1.0718821239377079,2679
2024-03-05 08:00:00+00:00,1.0715840949380886,1.0720685540950612,1.0700477616122706,1.0719149197774285,3734
2024-03-05 09:00:00+00:00,1.0723592969439464,1.0743002204717884,1.071715512716565,1.0718266644449699,5054
2024-03-05 10:00:00+00:00,1.0733678344106166,1.0735690630256567,1.0721192437619835,1.0730533965763396,3530
2024-03-05 11:00:00+00:00,1.0740720536537074,1.0760579440737355,1.0731564279835908,1.0757347856005104,4413
2024-03-05 12:00:00+00:00,1.0747095511576203,1.075822906948589,1.0726156817625958,1.073153555355242,5988
2024-03-05 13:00:00+00:00,1.0732105434003343,1.0733391824279244,1.070981829890794,1.0714449510497623,5907
2024-03-05 14:00:00+00:00,1.0709768105334885,1.0722673851322155,1.069656194434667,1.0717227305473402,4641
2024-03-05 15:00:00+00:00,1.0731443821394324,1.0741784789808257,1.0718353514227639,1.0731961416566769,5373
2024-03-05 16:00:00+00:00,1.0733673938429709,1.0739411545246766,1.0724345386553416,1.073544086527667,3077
2024-03-05 17:00:00+00:00,1.0735501810797003,1.0740377317366383,1.0724558935587767,1.0727063902041174,4334
2024-03-05 18:00:00+00:00,1.0720129378858922,1.0727449254700336,1.0712078517992702,1.0716836270106043,3635
2024-03-05 19:00:00+00:00,1.0720602083920647,1.073355477161858,1.0718210299572677,1.072600049635922,3780
2024-03-05 20:00:00+00:00,1.0736704425222772,1.0744220445464272,1.0726831605726401,1.0728817237179102,4078
2024-03-05 21:00:00+00:00,1.0731552362764547,1.0737373560948686,1.0725176419021856,1.0732463017355263,5062
2024-03-05 22:00:00+00:00,1.0734098942709527,1.073425003150348,1.071630307888592,1.0721625917233313,6929
2024-03-05 23:00:00+00:00,1.0722078909716364,1.0729881476340901,1.0719404512847166,1.072093348790551,2905
2024-03-06 00:00:00+00:00,1.0721088064579052,1.0728534440288253,1.071670727004328,1.072341018096674,3857
2024-03-06 01:00:00+00:00,1.0725244152951736,1.0732211601845651,1.071716773610627,1.0728745696692104,5387
2024-03-06 02:00:00+00:00,1.0730371986799485,1.0735271056379372,1.0719249130079722,1.0727158795471752,6019
2024-03-06 03:00:00+00:00,1.0727034742073278,1.0740696270195462,1.0725060362551528,1.0735398161289031,4943
2024-03-06 04:00:00+00:00,1.072991529866047,1.073637050274649,1.0719905812764818,1.072487925291733,4878
2024-03-06 05:00:00+00:00,1.0722979792757812,1.0736412424265889,1.0720957066626904,1.0731401342110596,3724
2024-03-06 06:00:00+00:00,1.0732065510759907,1.0737697175553422,1.0726936706928518,1.0731678522502257,4771
2024-03-06 07:00:00+00:00,1.0733605217299484,1.0745445300124645,1.0733605217299484,1.0739448843788477,4171
2024-03-06 08:00:00+00:00,1.074406177098942,1.0748885598890834,1.0731153522762202,1.0733697972013994,3568
2024-03-06 09:00:00+00:00,1.0734269007433825,1.0745630019130181,1.072680384813983,1.0731243312084475,5102
2024-03-06 10:00:00+00:00,1.0729716840056094,1.0746904437640281,1.0727794479148411,1.0741362438178967,4629
2024-03-06 11:00:00+00:00,1.0748758006032357,1.0754544419054815,1.0731228186700073,1.073262962053325,5075
2024-03-06 12:00:00+00:00,1.0741631182356302,1.0750743843506916,1.0733945420427966,1.074507663706758,5315
2024-03-06 13:00:00+00:00,1.0755789053090699,1.076601412060161,1.0750323469300496,1.0754664207585938,3712
2024-03-06 14:00:00+00:00,1.0757444864500858,1.0763993214918106,1.0740279838041091,1.0742148038060289,3597
2024-03-06 15:00:00+00:00,1.0738411110385526,1.0741895552320686,1.0724429366151673,1.0733014293069385,3662
2024-03-06 16:00:00+00:00,1.0740529960941854,1.0745802388467478,1.0722022956994293,1.0728669971523686,6195
2024-03-06 17:00:00+00:00,1.073167631572322,1.0736180588822313,1.072555095068666,1.0731438557502533,3757
2024-03-06 18:00:00+00:00,1.073533898547871,1.0739471210088298,1.0728885041204,1.0737871794094453,3951
2024-03-06 19:00:00+00:00,1.0742118520020119,1.0754999424342693,1.0732444080526806,1.0750520476874719,3754
2024-03-06 20:00:00+00:00,1.0748136587231771,1.0759194536453571,1.0747580670770867,1.0753551316113839,5488
2024-03-06 21:00:00+00:00,1.0756949896826942,1.07621021687991,1.0744737452784776,1.075010837800699,5106
2024-03-06 22:00:00+00:00,1.0752700724484745,1.07663576897007,1.074835117195763,1.0762611997416949,3834
2024-03-06 23:00:00+00:00,1.0755402012920263,1.07627016835879,1.074868597847288,1.0755343258156818,5218
2024-03-07 00:00:00+00:00,1.0752544400166726,1.0763559927235513,1.0747835316217302,1.075743933357978,3000
2024-03-07 01:00:00+00:00,1.0758394242477372,1.076205518144322,1.0747834015674769,1.0753597063924254,4350
2024-03-07 02:00:00+00:00,1.0749585058663536,1.0758034509013714,1.0749585058663536,1.0752348422652966,5669
2024-03-07 03:00:00+00:00,1.0754789895339372,1.0760432882378737,1.0744665111879874,1.076038347571615,4011
2024-03-07 04:00:00+00:00,1.0755379325293766,1.0762741319621698,1.074390076006819,1.074776871145777,6939
2024-03-07 05:00:00+00:00,1.074758919487575,1.0760259292865397,1.0740657275480734,1.0742592542756395,3360
2024-03-07 06:00:00+00:00,1.0739232083471273,1.0750253063191346,1.0731558692706293,1.0743146694238241,4492
2024-03-07 07:00:00+00:00,1.074624348147742,1.0762524128533844,1.074107130032108,1.0756280873682658,5576
2024-03-07 08:00:00+00:00,1.0737413887435245,1.0740839968530305,1.0725533560687888,1.0728241605497484,4154
2024-03-07 09:00:00+00:00,1.0727082410147861,1.0753953806094758,1.0717109949666168,1.074403910323529,4443
2024-03-07 10:00:00+00:00,1.0750535527580245,1.0767474104300252,1.074575140529184,1.0762715627120725,4485
2024-03-07 11:00:00+00:00,1.0762653449845172,1.0781174555060782,1.0760795020652745,1.0764446042334626,4402
2024-03-07 12:00:00+00:00,1.0762080167598709,1.0780921918734638,1.07606359252782,1.0776528088745274,4330
2024-03-07 13:00:00+00:00,1.0765521057860261,1.0780234036337393,1.0757339709039897,1.076366547318273,5127
2024-03-07 14:00:00+00:00,1.0759374565998954,1.0767386907699874,1.0735686097449388,1.074040853938402,4692
2024-03-07 15:00:00+00:00,1.0748520701855497,1.075204689211133,1.0735329091439618,1.0744820102058368,5829
2024-03-07 16:00:00+00:00,1.0733706805558272,1.0738772969840753,1.0723340656993385,1.0728228106911923,4959
2024-03-07 17:00:00+00:00,1.0729771334041125,1.0739927845906398,1.0725095460445617,1.0736762251481047,4667
2024-03-07 18:00:00+00:00,1.073659769677754,1.0742350920577592,1.0732712332064842,1.0739009277877802,5590
2024-03-07 19:00:00+00:00,1.0741237806844401,1.0741237806844401,1.0729378590796026,1.0735323848506892,6813
2024-03-07 20:00:00+00:00,1.0733753952790626,1.0742923800929631,1.0725318251805442,1.073588237543488,3901
2024-03-07 21:00:00+00:00,1.0736318718625353,1.0738297841932933,1.0722175896333852,1.0733332592102507,4409
2024-03-07 22:00:00+00:00,1.0734454938943025,1.0737678143702245,1.0727478129993433,1.0731367347252636,3865
2024-03-07 23:00:00+00:00,1.073437705454888,1.0748438648122802,1.0734182575197984,1.073805186902849,6707
2024-03-08 00:00:00+00:00,1.0728220209093047,1.0732416095467618,1.0716015591178225,1.0720057410417934,2283
2024-03-08 01:00:00+00:00,1.0719451359547836,1.072138149992357,1.071261417365901,1.0715604214160457,4327
2024-03-08 02:00:00+00:00,1.07191933421244,1.07191933421244,1.0701646842629158,1.0706137051579727,4361
2024-03-08 03:00:00+00:00,1.0711061956370622,1.0723803356576298,1.0702590534065357,1.0706856028376261,3759
2024-03-08 04:00:00+00:00,1.0703785421235168,1.071023276080904,1.0693936193918514,1.0698248771430607,4195
2024-03-08 05:00:00+00:00,1.0703814999157717,1.0707417190176702,1.0684191363381668,1.0691045833623942,4500
2024-03-08 06:00:00+00:00,1.0686158564550736,1.069216694322695,1.0676638646286483,1.068516593306549,5039
2024-03-08 07:00:00+00:00,1.0686225603297013,1.0692312703680915,1.0677856846617857,1.0679979728737228,4699
2024-03-08 08:00:00+00:00,1.0682938494964629,1.0688040044255467,1.06715664496885,1.0675867761661975,5046
2024-03-08 09:00:00+00:00,1.0673756424853984,1.0679728561542248,1.0665043583336653,1.0672314786620412,5278
2024-03-08 10:00:00+00:00,1.067004321096187,1.0678125549205975,1.0635129793365956,1.0640159253540988,5090
2024-03-08 11:00:00+00:00,1.0643858728241846,1.0657224101987568,1.0634150686871378,1.0644794421876482,5314
2024-03-08 12:00:00+00:00,1.0648601730718534,1.0659444031680976,1.0630261426603789,1.063124872883587,3511
2024-03-08 13:00:00+00:00,1.062819107720741,1.065779109887696,1.06245020521084,1.065198788967237,4262
2024-03-08 14:00:00+00:00,1.06445384461072,1.0664676236386634,1.0637756284519293,1.065605657172887,5656
2024-03-08 15:00:00+00:00,1.0650106949689884,1.066454967278272,1.0646804886862609,1.0654578178799825,5312
2024-03-08 16:00:00+00:00,1.0656822612614159,1.0679259129712202,1.065223362292859,1.067411217713197,3674
2024-03-08 17:00:00+00:00,1.0675385969163549,1.0683575649033208,1.06664981303807,1.0675235604969375,3178
2024-03-08 18:00:00+00:00,1.0670896788501119,1.0685958331564689,1.0666822010222903,1.0678491920672568,5339
2024-03-08 19:00:00+00:00,1.0683309471144922,1.0690946320719728,1.0673211268627198,1.0687109451431487,5014
2024-03-08 20:00:00+00:00,1.068997369328401,1.069591952835968,1.068409869113173,1.0687697453382075,3506
2024-03-08 21:00:00+00:00,1.0688002368447678,1.0698605804564891,1.0677859938982115,1.0682924257501674,4874
2024-03-08 22:00:00+00:00,1.0684930624897733,1.0690643089434935,1.0674674668724362,1.0682087360946637,4655
2024-03-08 23:00:00+00:00,1.0686504230289264,1.0693761450364985,1.0680900332834584,1.0689367261276637,4894
2024-03-09 00:00:00+00:00,1.0687726909890787,1.0694218755433875,1.0681276311455192,1.0689233477712288,4055
2024-03-09 01:00:00+00:00,1.0691119164999576,1.0703388262985534,1.0688711974034855,1.0698931017380433,4396
2024-03-09 02:00:00+00:00,1.0702960596977384,1.0707743415026587,1.0696926501079067,1.0699780200769025,6300
2024-03-09 03:00:00+00:00,1.0697842950184195,1.0706228861585376,1.0678846210918074,1.0682387567352507,4248
2024-03-09 04:00:00+00:00,1.0680572711955483,1.068614896434682,1.0675052050569496,1.0675986151621322,5301
2024-03-09 05:00:00+00:00,1.0673234571737618,1.0686784870564974,1.0668106108366482,1.0677250916138152,3627
2024-03-09 06:00:00+00:00,1.0680405051675688,1.0686811300106642,1.067270086467024,1.0679850413684362,4527
2024-03-09 07:00:00+00:00,1.0673803163265783,1.0685909426208902,1.066942201984519,1.0681623800951425,3005
2024-03-09 08:00:00+00:00,1.0694020954433638,1.070764951129964,1.0684890810790288,1.069922850520356,1533
2024-03-09 09:00:00+00:00,1.07094084397938,1.0732866926754403,1.0700989930534501,1.0727113053673258,2394
2024-03-09 10:00:00+00:00,1.072824781220875,1.0741952355700484,1.0725366542959596,1.0736531313958473,3952
2024-03-09 11:00:00+00:00,1.072916150533456,1.0743911841290166,1.072049783925127,1.0740898770680762,4171
2024-03-09 12:00:00+00:00,1.0746928400882059,1.0755311445556048,1.073406600356498,1.0739855465332102,4364
2024-03-09 13:00:00+00:00,1.072860374102934,1.0734765960661945,1.0722344406569693,1.0724623827849393,5777
2024-03-09 14:00:00+00:00,1.071324614281469,1.0741810536489518,1.0707173800326442,1.073710510617878,6745
2024-03-09 15:00:00+00:00,1.0734958614932728,1.073858094264432,1.0724273143762504,1.0729503000321063,3256
2024-03-09 16:00:00+00:00,1.0718907202232686,1.0733421163238375,1.0712125451023709,1.0713794396776106,4847
2024-03-09 17:00:00+00:00,1.0721441883249418,1.0723582934708351,1.0705559971722158,1.0708987304437014,4277
2024-03-09 18:00:00+00:00,1.0713900753636731,1.0716347316733035,1.070844335188888,1.0714599802912128,4066
2024-03-09 19:00:00+00:00,1.0713653043232125,1.0721170984414023,1.070478392871429,1.0707699773265744,4652
2024-03-09 20:00:00+00:00,1.071052899736425,1.0714330515029722,1.0702093086261029,1.0709350878772368,2789
2024-03-09 21:00:00+00:00,1.0714280325073684,1.0725260799733616,1.0704538739398726,1.0719434877776606,4867
2024-03-09 22:00:00+00:00,1.0722782711366026,1.073606574219818,1.0713112072866715,1.0727071136938817,4592
2024-03-09 23:00:00+00:00,1.072918819532305,1.0734072181196137,1.0713443627062458,1.0720500554852208,5137
2024-03-10 00:00:00+00:00,1.0721477748248016,1.0725900004584954,1.0707560147489046,1.0712815951952797,3794
2024-03-10 01:00:00+00:00,1.0714912798038547,1.072305760809706,1.0706263392056212,1.0712508234488285,3439
2024-03-10 02:00:00+00:00,1.0715592043985398,1.071821322705991,1.0701603138523053,1.070803155416304,6271
2024-03-10 03:00:00+00:00,1.0702263979986566,1.0713313394018187,1.0696236618200083,1.070266290365314,4050
2024-03-10 04:00:00+00:00,1.069985061890451,1.0709563569366558,1.0695431817162437,1.070264239032001,5307
2024-03-10 05:00:00+00:00,1.0694881501743307,1.0709812182141538,1.0691359373252949,1.0705781130977434,5557
2024-03-10 06:00:00+00:00,1.070238323458868,1.0712356490874255,1.0698726202134434,1.0708634974825675,3929
2024-03-10 07:00:00+00:00,1.070888437296223,1.0715478919609638,1.0700311847200636,1.0704732891740736,4784
2024-03-10 08:00:00+00:00,1.0716065922082039,1.0725282253221688,1.0704715339956994,1.0720151910127755,5793
2024-03-10 09:00:00+00:00,1.0720869276578904,1.0734174688779283,1.071730737677847,1.07309827364756,5063
2024-03-10 10:00:00+00:00,1.070957271850674,1.0716821096442872,1.068702602664435,1.0689578289171124,3247
2024-03-10 11:00:00+00:00,1.0688202236940203,1.0700817662995246,1.0680874382810597,1.0698650161691798,2878
2024-03-10 12:00:00+00:00,1.0695078249065244,1.070828655064331,1.0685864795993647,1.0705070518407311,4987
2024-03-10 13:00:00+00:00,1.071275701885019,1.0716027722765118,1.069920266902958,1.0700147130957132,3482
2024-03-10 14:00:00+00:00,1.0696731530220707,1.070446793370821,1.0688492755164143,1.0701726866573316,4335
2024-03-10 15:00:00+00:00,1.0697669518327682,1.0707486992704685,1.0691032206194593,1.0699341835764427,4240
2024-03-10 16:00:00+00:00,1.0694039899735905,1.0697432242272236,1.067017333469967,1.0678304522240898,4719
2024-03-10 17:00:00+00:00,1.0670809435927266,1.0682614109373905,1.0668615604803353,1.0679239967324372,6055
2024-03-10 18:00:00+00:00,1.067289442517468,1.0685660536775854,1.067289442517468,1.0679704859347745,2773
2024-03-10 19:00:00+00:00,1.0678997237021486,1.0685979119478057,1.0671776140019866,1.0673467899268378,6587
2024-03-10 20:00:00+00:00,1.0666861498593072,1.0671875813341052,1.0657667395341208,1.0662984035164642,3428
2024-03-10 21:00:00+00:00,1.0662056179545627,1.0673881362236262,1.0657721251100711,1.0671769889313947,4076
2024-03-10 22:00:00+00:00,1.0675536815680098,1.0686065827883542,1.0673169063979269,1.0676681475864624,2706
2024-03-10 23:00:00+00:00,1.067588206620891,1.069162819262307,1.0675111658733158,1.0688546300916617,4304
2024-03-11 00:00:00+00:00,1.0694554813718817,1.07019300425372,1.0687657280674008,1.0699221731485868,3565
2024-03-11 01:00:00+00:00,1.069174480649552,1.0698293687807323,1.068434807290886,1.0690820966382286,3252
2024-03-11 02:00:00+00:00,1.0692296853660754,1.0701539308645154,1.0681797645060036,1.0699229890560085,3536
2024-03-11 03:00:00+00:00,1.0694832459541361,1.070323179341444,1.069233731080098,1.0697115148502478,3956
2024-03-11 04:00:00+00:00,1.0698798337919004,1.0715507456521558,1.069549341595215,1.0713853960716038,2830
2024-03-11 05:00:00+00:00,1.0708902692671793,1.0718492561943904,1.0694174950632722,1.0698053115533386,4426
2024-03-11 06:00:00+00:00,1.0690581430137167,1.0696586868772684,1.0682878061515686,1.0683468716864364,3551
2024-03-11 07:00:00+00:00,1.0687829453043307,1.0690316530850168,1.0678569761852512,1.068675607585989,4527
2024-03-11 08:00:00+00:00,1.0683699450201825,1.0686707713188666,1.0665464272796954,1.0667956329065384,5192
2024-03-11 09:00:00+00:00,1.0650092938466376,1.067951637423845,1.0647607801690198,1.0672688866519877,4294
2024-03-11 10:00:00+00:00,1.0673565329125179,1.0686420590685952,1.0668065343436226,1.068155946927783,3206
2024-03-11 11:00:00+00:00,1.069485038898503,1.0698535794300117,1.0674789256574313,1.0697996870157884,3360
2024-03-11 12:00:00+00:00,1.0700982489293933,1.0717118674237014,1.0694207288458888,1.0708192591336625,3958
2024-03-11 13:00:00+00:00,1.0709244338204955,1.0711569175017848,1.0672832640970644,1.0675511711158578,3610
2024-03-11 14:00:00+00:00,1.0681802643897989,1.0698832349882557,1.0677386491374157,1.069757220306137,5280
2024-03-11 15:00:00+00:00,1.0696597213937076,1.0709692149978949,1.0692326608206526,1.0706529744769235,3192
2024-03-11 16:00:00+00:00,1.070488308306949,1.0720967931586847,1.0702026110044351,1.0714487190887283,3308
2024-03-11 17:00:00+00:00,1.0710663275918448,1.0712923472997014,1.0700381228417737,1.070941282793293,2914
2024-03-11 18:00:00+00:00,1.0709911302348452,1.07187272719249,1.070350194786589,1.0708755335729752,6021
2024-03-11 19:00:00+00:00,1.0713627351352464,1.072978052456834,1.0707844843481786,1.072416864790629,5807
2024-03-11 20:00:00+00:00,1.0729043623507435,1.073116761012329,1.0708179956156085,1.0714333372680367,4274
2024-03-11 21:00:00+00:00,1.0723589442246892,1.0725411921644425,1.0709158533437433,1.071414615596359,4196
2024-03-11 22:00:00+00:00,1.0715853280806575,1.0718906276980527,1.0710288825242167,1.071286586029643,4421
2024-03-11 23:00:00+00:00,1.0707726892454024,1.0713272293809593,1.068924779777769,1.0693214786396634,4902
2024-03-12 00:00:00+00:00,1.0693893728440007,1.0697254181877818,1.0676762733245713,1.0682494598168828,3903
2024-03-12 01:00:00+00:00,1.0685053601183692,1.06973697368188,1.0674520379734767,1.0691679255118767,5135
2024-03-12 02:00:00+00:00,1.0691722437179572,1.0703401457568225,1.0687184045345763,1.0689629372843186,4109
2024-03-12 03:00:00+00:00,1.0690702796853917,1.0695501086838983,1.0678138953179446,1.0689727566209233,4286
2024-03-12 04:00:00+00:00,1.0688274406997953,1.0692201242573822,1.0680469019698406,1.0685536268651157,3969
2024-03-12 05:00:00+00:00,1.0681245509788826,1.0690645586977787,1.0672721247638053,1.067719504199821,4230
2024-03-12 06:00:00+00:00,1.0678311986098363,1.0683276981246175,1.0666216150776864,1.067941547736348,5163
2024-03-12 07:00:00+00:00,1.067527386936501,1.0693111865141949,1.0671693273606753,1.0687585306535823,4316
2024-03-12 08:00:00+00:00,1.069059494862862,1.0711993762822165,1.0685913670258582,1.0694963867708918,4589
2024-03-12 09:00:00+00:00,1.0685534994900214,1.0694484437757676,1.0670681556360981,1.0677496229595898,3275
2024-03-12 10:00:00+00:00,1.0692685584292452,1.0701231973683982,1.0682930512160724,1.0685232763494807,6222
2024-03-12 11:00:00+00:00,1.0691121665093586,1.0715308109246449,1.0684297415010655,1.0714842321098366,5000
2024-03-12 12:00:00+00:00,1.0716566343703378,1.07361988726392,1.0709942070899692,1.0733228898219673,5053
2024-03-12 13:00:00+00:00,1.07261372569436,1.0734701701750444,1.0709104451580875,1.0716967371011816,6504
2024-03-12 14:00:00+00:00,1.0725414947294092,1.0726822825164772,1.0698843455300744,1.069894412323662,4708
2024-03-12 15:00:00+00:00,1.0689828024817285,1.0700730989090226,1.0687022348559496,1.0689279083068703,3557
2024-03-12 16:00:00+00:00,1.0679002548969425,1.0686458392695914,1.0671402489189752,1.0673433333983626,5679
2024-03-12 17:00:00+00:00,1.0672678555709911,1.067978767496773,1.0663708509209524,1.0666172519919976,3381
2024-03-12 18:00:00+00:00,1.0677452021803275,1.067893104585054,1.0663564342188587,1.0674274772223367,4694
2024-03-12 19:00:00+00:00,1.0685673630434032,1.0692525800349877,1.0676124334241284,1.0682120567014668,2730
2024-03-12 20:00:00+00:00,1.0679635442838282,1.0687103138102816,1.0667544461095981,1.0674394768326827,3741
2024-03-12 21:00:00+00:00,1.067171363877033,1.0684816480309107,1.066470639157107,1.067500876611543,4355
2024-03-12 22:00:00+00:00,1.0672362268279623,1.0679352090029328,1.0665397269528154,1.0669809437182183,3777
2024-03-12 23:00:00+00:00,1.0673965971037986,1.0675878117010968,1.064724794788507,1.0655858847011062,3569
2024-03-13 00:00:00+00:00,1.0660942331134222,1.0672165567426155,1.0653421784114345,1.066679815705879,6107
2024-03-13 01:00:00+00:00,1.066310791959562,1.0677310802291138,1.0657516731183483,1.0674401451696203,4181
2024-03-13 02:00:00+00:00,1.0674598608451933,1.068398005111166,1.0669861965418268,1.0675279174110552,5306
2024-03-13 03:00:00+00:00,1.0671493747596512,1.0678473142071727,1.065951894922221,1.066190826209538,3888
2024-03-13 04:00:00+00:00,1.0658229462460442,1.0660521850281401,1.0649144313509455,1.065206171886465,3496
2024-03-13 05:00:00+00:00,1.0655849781790099,1.0665099325627319,1.0651156247411449,1.0659816327198732,3123
2024-03-13 06:00:00+00:00,1.0664627381447302,1.0671172759071763,1.0658082710587655,1.06642741206634,4528
2024-03-13 07:00:00+00:00,1.0659432260879467,1.067153201233858,1.0655207122389674,1.0666980398797132,4876
2024-03-13 08:00:00+00:00,1.0673610291961872,1.067640487173263,1.065472217938363,1.0655868999644003,4649
2024-03-13 09:00:00+00:00,1.0662256526662504,1.0670346099586758,1.0648338134107584,1.0655957430513436,3285
2024-03-13 10:00:00+00:00,1.0664174117595138,1.0666596919285902,1.0639035084456396,1.0642110294618228,2727
2024-03-13 11:00:00+00:00,1.063132656259425,1.0666988704092468,1.0626149347971352,1.0664144234002773,5075
2024-03-13 12:00:00+00:00,1.0665134731589552,1.0681951985510305,1.0663520726584859,1.0679531868093026,5501
2024-03-13 13:00:00+00:00,1.0677409741711013,1.0685212115383709,1.0672914138027503,1.0678882937816518,5870
2024-03-13 14:00:00+00:00,1.0678860431796775,1.0689738905892907,1.067024608648002,1.0676826030445636,6221
2024-03-13 15:00:00+00:00,1.067847673293142,1.0711711730222024,1.067163078205731,1.0710364098864178,5121
2024-03-13 16:00:00+00:00,1.071134569500049,1.073569439917065,1.0704269423511936,1.0732798215048338,6114
2024-03-13 17:00:00+00:00,1.07245346631083,1.0730370324263598,1.071448919131734,1.0725550578142393,3169
2024-03-13 18:00:00+00:00,1.0725597893006447,1.0725597893006447,1.0709185512655177,1.0712553835860041,3349
2024-03-13 19:00:00+00:00,1.0718348429050566,1.072966803512701,1.0714400754340807,1.0722256846968834,5030
2024-03-13 20:00:00+00:00,1.0725044096536003,1.073433338864555,1.0723611419813823,1.0731054997622835,4567
2024-03-13 21:00:00+00:00,1.0729873040397333,1.0737220894140544,1.0723686893788262,1.0731394876373468,4827
2024-03-13 22:00:00+00:00,1.0727874052610324,1.0740885653903764,1.0726048193544726,1.073236855866344,4830
2024-03-13 23:00:00+00:00,1.0729952969203715,1.0746910521490436,1.0728540726116889,1.0742918073273755,3231
2024-03-14 00:00:00+00:00,1.074854933449595,1.0764621606535736,1.0745130909975906,1.075891972895552,5050
2024-03-14 01:00:00+00:00,1.075923360555393,1.0769373090043264,1.075766401709677,1.0764002436545832,4247
2024-03-14 02:00:00+00:00,1.0762968799596724,1.0775707619204864,1.0760425189972174,1.0767246670871486,4742
2024-03-14 03:00:00+00:00,1.0766609065909079,1.0776969019998843,1.0762167947704153,1.076737357210206,5219
2024-03-14 04:00:00+00:00,1.0764233146886169,1.0780703530354978,1.0764233146886169,1.0774353631484501,3692
2024-03-14 05:00:00+00:00,1.0771987859490968,1.0774282068297485,1.0759713837906024,1.0763114110842922,4890
2024-03-14 06:00:00+00:00,1.0761196210063462,1.0770553074272449,1.0757514919142084,1.076561877555312,1993
2024-03-14 07:00:00+00:00,1.0769507337456234,1.0773597589216108,1.0752416100473807,1.0753557381339565,3162
2024-03-14 08:00:00+00:00,1.0748051639287917,1.0762313028208572,1.0746788450789595,1.0754261904075442,5354
2024-03-14 09:00:00+00:00,1.0742416941587463,1.075288240081307,1.0738633755877585,1.0745245840879574,3365
2024-03-14 10:00:00+00:00,1.0748579593977345,1.0748579593977345,1.072237636608556,1.0734151062263317,4027
2024-03-14 11:00:00+00:00,1.0736795066299616,1.0753794542176143,1.0733110307511102,1.0749041672837916,3686
2024-03-14 12:00:00+00:00,1.0735191951319991,1.0757948570207545,1.0728160779829696,1.074903792787035,4494
2024-03-14 13:00:00+00:00,1.075536695391005,1.077455279764583,1.0752205631868874,1.0765297491062902,2846
2024-03-14 14:00:00+00:00,1.0761756737425825,1.0770706837276383,1.0752016246331297,1.0758440079595992,2081
2024-03-14 15:00:00+00:00,1.0758799013954397,1.0769565477339005,1.0748105666920935,1.0762818789298554,4184
2024-03-14 16:00:00+00:00,1.075330474930327,1.0764685831850644,1.0740646901159328,1.0760301892963702,4068
2024-03-14 17:00:00+00:00,1.0763359591155288,1.0784882656142545,1.07601231244393,1.0777072320005017,4331
2024-03-14 18:00:00+00:00,1.0776392748709183,1.078752798599533,1.0771472040194965,1.0779715263289165,4933
2024-03-14 19:00:00+00:00,1.0776451835432632,1.0784897436933276,1.0766208266521478,1.0769846491098574,5118
2024-03-14 20:00:00+00:00,1.0762835694679844,1.07688839979917,1.0761163610737903,1.0765206593089307,5275
2024-03-14 21:00:00+00:00,1.077149653141257,1.0776584500423643,1.076539447072727,1.077290413972577,4361
2024-03-14 22:00:00+00:00,1.0764548993334868,1.0781173774342772,1.0763521944806669,1.0773478559453686,5461
2024-03-14 23:00:00+00:00,1.0770583191664849,1.0774741631916487,1.0762279735187643,1.0768099278417427,4727
2024-03-15 00:00:00+00:00,1.076703577126055,1.0775481938445495,1.0750937276202974,1.076155124359824,4259
2024-03-15 01:00:00+00:00,1.0760572115166815,1.076474087109282,1.074797336772135,1.0751002990333671,2733
2024-03-15 02:00:00+00:00,1.0747935294425388,1.0763972950207552,1.0747935294425388,1.0757035478140853,2771
2024-03-15 03:00:00+00:00,1.07556069161089,1.0765554256228822,1.0754086066456618,1.0757879775469354,4110
2024-03-15 04:00:00+00:00,1.0759854966610445,1.0764766372370496,1.0750991774301968,1.0754588927126296,5036
2024-03-15 05:00:00+00:00,1.0754038203252891,1.0766715396521378,1.074517046427936,1.0752900708851014,4742
2024-03-15 06:00:00+00:00,1.0755253925350863,1.0763767286597927,1.0750291306044177,1.0760544463001276,4819
2024-03-15 07:00:00+00:00,1.0757381772468142,1.077104765914435,1.0751175964545057,1.0761387464009975,4343
2024-03-15 08:00:00+00:00,1.0765034412247405,1.07660299898812,1.0749821323410118,1.0752257362435003,3928
2024-03-15 09:00:00+00:00,1.0759775188529297,1.0767136309655434,1.0735157718429666,1.074195696337313,5549
2024-03-15 10:00:00+00:00,1.072925611924476,1.074357603810502,1.072783555014415,1.0740204794406292,4580
2024-03-15 11:00:00+00:00,1.072210541654964,1.0734089420318067,1.0718977186631418,1.0730743293825271,3360
2024-03-15 12:00:00+00:00,1.0736058372322488,1.0742509602934198,1.072694954611267,1.0732336094155337,4096
2024-03-15 13:00:00+00:00,1.071528907149011,1.0731330342312377,1.0705392687122706,1.0713921986611552,2867
2024-03-15 14:00:00+00:00,1.0708413411394928,1.0721178128021422,1.070304914565697,1.0717250526040047,5147
2024-03-15 15:00:00+00:00,1.0707413433059947,1.0718719125177365,1.0697963413826936,1.0715652825263207,5460
2024-03-15 16:00:00+00:00,1.071468169900475,1.0730696577252863,1.0713938043324585,1.072020258428443,3992
2024-03-15 17:00:00+00:00,1.0718237610349748,1.0728483316843962,1.0713467820801976,1.0726273424413357,3505
2024-03-15 18:00:00+00:00,1.072932802372108,1.0737020780095587,1.0721575266209544,1.0727424451412548,3900
2024-03-15 19:00:00+00:00,1.072570781965979,1.0733224919215227,1.0720281026216076,1.072786390077033,4186
2024-03-15 20:00:00+00:00,1.072360458990423,1.0732047117410068,1.0716074651514804,1.0720506198987685,5123
2024-03-15 21:00:00+00:00,1.0729694786500896,1.073012043815723,1.071704705697953,1.072099045860532,4015
2024-03-15 22:00:00+00:00,1.0721478104494064,1.0729181518199267,1.0719204746315947,1.0727498004413936,4962
2024-03-15 23:00:00+00:00,1.0731994742337767,1.0745577088938152,1.0723706414292031,1.0736528323908208,4210
2024-03-16 00:00:00+00:00,1.0731251002370512,1.0742427753697013,1.072665291188522,1.0735461384114826,2774
2024-03-16 01:00:00+00:00,1.072814352155143,1.0736992564259558,1.0721611787664582,1.0728496078817433,4353
2024-03-16 02:00:00+00:00,1.07368072046968,1.0746901485715405,1.0725069722048044,1.0742145176774696,3334
2024-03-16 03:00:00+00:00,1.0742938407850056,1.0743018316896646,1.0729930870104034,1.0735454380732519,2880
2024-03-16 04:00:00+00:00,1.0736299155707878,1.0742029334218612,1.0732464724514508,1.073743024489247,5377
2024-03-16 05:00:00+00:00,1.073411748927262,1.0743686947194282,1.0720367857153354,1.0727088831149296,2717
2024-03-16 06:00:00+00:00,1.0738087918769696,1.0741785426856862,1.0731278917662033,1.0734377076567745,5361
2024-03-16 07:00:00+00:00,1.0734942876896156,1.0740290956861849,1.0730460865976725,1.0733981349412933,3478
2024-03-16 08:00:00+00:00,1.0746363026586832,1.0759973188493546,1.0743130140365695,1.074971235313891,2852
2024-03-16 09:00:00+00:00,1.0753901371217043,1.076586241344518,1.0750150245991519,1.0752968961265423,4827
2024-03-16 10:00:00+00:00,1.0746208411026568,1.075562119737708,1.073689230667166,1.0741405629590959,2367
2024-03-16 11:00:00+00:00,1.073622624357539,1.0748457776230422,1.0732082637545088,1.0736746008935683,3752
2024-03-16 12:00:00+00:00,1.0737441415292455,1.0739020351488036,1.0706695429740445,1.071453889503485,4420
2024-03-16 13:00:00+00:00,1.070912681128974,1.073369206217825,1.0706275725172172,1.0730195814796752,3057
2024-03-16 14:00:00+00:00,1.0741835802040691,1.0750880615041989,1.0736028397719952,1.0744218394006413,3051
2024-03-16 15:00:00+00:00,1.0760764753152081,1.0786771199005487,1.0760764753152081,1.0780894341072809,4083
2024-03-16 16:00:00+00:00,1.0791509498737237,1.0796242463873067,1.0782433055124117,1.0791948234789153,2920
2024-03-16 17:00:00+00:00,1.0792875542639577,1.0797369289681287,1.0778927838169925,1.0784244006406865,5962
2024-03-16 18:00:00+00:00,1.078312638161014,1.0795968523700537,1.0780311918620131,1.0792809543204773,4773
2024-03-16 19:00:00+00:00,1.0787933999610244,1.0791535625305178,1.0779271170161506,1.07864532876562,5527
2024-03-16 20:00:00+00:00,1.0788466782441366,1.080138399848946,1.0780787508126652,1.0798434590540353,5279
2024-03-16 21:00:00+00:00,1.0796505690579237,1.0807724697048262,1.079439367538013,1.0803018305837329,5528
2024-03-16 22:00:00+00:00,1.080498201622953,1.0815784487200575,1.0790943392564014,1.079956201481923,6783
2024-03-16 23:00:00+00:00,1.0797466924173336,1.0804197078104998,1.078765223467506,1.0792425086094568,5052
2024-03-17 00:00:00+00:00,1.0789923191156732,1.0795022026999617,1.0776758427934967,1.0782186180466335,3716
2024-03-17 01:00:00+00:00,1.0786471007423026,1.0794633559732996,1.077706376042204,1.078074250481526,4641
2024-03-17 02:00:00+00:00,1.0780909015138376,1.078547846868541,1.0769794294057324,1.0776805683751889,3494
2024-03-17 03:00:00+00:00,1.0779477248926377,1.0786879009925132,1.076976109276667,1.07735462906354,5084
2024-03-17 04:00:00+00:00,1.077048120076493,1.0775927411677937,1.0757975208356643,1.0761356848237589,4366
2024-03-17 05:00:00+00:00,1.0769551361599545,1.077072474755681,1.075903824144855,1.0769510869270622,2793
2024-03-17 06:00:00+00:00,1.0763709689422138,1.0770000486195392,1.0757425936831406,1.0763812413263127,4547
2024-03-17 07:00:00+00:00,1.0766026160447513,1.0775826537749638,1.0760512353875347,1.0773347183455269,5989
2024-03-17 08:00:00+00:00,1.077724070547187,1.078631663335337,1.0757315430821042,1.0785012503110103,4728
2024-03-17 09:00:00+00:00,1.079276209676111,1.0828092636794664,1.0785464038647203,1.0820772280325939,4651
2024-03-17 10:00:00+00:00,1.0823301513886772,1.0826101794315686,1.080747960197407,1.081006372561532,5796
2024-03-17 11:00:00+00:00,1.0816352013235642,1.0830950318554018,1.0810276744560443,1.0824341138363762,3108
2024-03-17 12:00:00+00:00,1.0811471827430628,1.0821434679619026,1.0790794709407197,1.0800550394876824,6073
2024-03-17 13:00:00+00:00,1.0795670474824517,1.0798230539203995,1.0775423642878215,1.0788229009890862,4256
2024-03-17 14:00:00+00:00,1.0787583560880913,1.08086910798779,1.0783466798820776,1.0804403599072303,5253
2024-03-17 15:00:00+00:00,1.0814083132333354,1.0818170667030431,1.0794362694350945,1.0802747839651234,5398
2024-03-17 16:00:00+00:00,1.081558435532119,1.0825353567005864,1.080947991604432,1.0824782179786419,2143
2024-03-17 17:00:00+00:00,1.082304307453225,1.0838450730038498,1.0818918304313152,1.0835370849098993,4136
2024-03-17 18:00:00+00:00,1.0833523510861962,1.0838895627901515,1.0823831150795207,1.0828343383601158,3015
2024-03-17 19:00:00+00:00,1.0830838563057335,1.0830897724252981,1.0816251585238252,1.0822309795838252,5999
2024-03-17 20:00:00+00:00,1.0830540265881448,1.0838038420575027,1.0826328419921583,1.0835137819580414,4910
2024-03-17 21:00:00+00:00,1.083778023709622,1.0853014698009118,1.0829624530088655,1.084020492425616,3206
2024-03-17 22:00:00+00:00,1.083646213101957,1.0842867791134312,1.0832071643816972,1.0836668711822364,3228
2024-03-17 23:00:00+00:00,1.0837310924776533,1.0849325792763218,1.0826672923307332,1.0846835672481294,3830
2024-03-18 00:00:00+00:00,1.0848801423909362,1.0857217031606687,1.0834454020485618,1.084157989299574,3337
2024-03-18 01:00:00+00:00,1.0838243922335504,1.0849226685799496,1.0828632781014595,1.084197063799411,4602
2024-03-18 02:00:00+00:00,1.0850614963537963,1.0854484231442318,1.0841071801122555,1.0846269128371575,3845
2024-03-18 03:00:00+00:00,1.084483044951305,1.0849813174409655,1.0840456547002237,1.0847533797296156,5073
2024-03-18 04:00:00+00:00,1.0850431430034602,1.0859105777024936,1.0836765622880873,1.0851323476804011,5315
2024-03-18 05:00:00+00:00,1.0852112153833715,1.0864743876100647,1.084586257797775,1.0860354724767134,5147
2024-03-18 06:00:00+00:00,1.0854169858985525,1.0862316992096255,1.0849831320725656,1.0853714855184209,3663
2024-03-18 07:00:00+00:00,1.0852936019812431,1.0855745212525,1.084308962666011,1.0847412610334524,4704
2024-03-18 08:00:00+00:00,1.0854876249953904,1.0856436170027999,1.0837910040159342,1.0843364533400122,3905
2024-03-18 09:00:00+00:00,1.0837522941770543,1.0841057897897155,1.0819856654176636,1.0824862537022317,2686
2024-03-18 10:00:00+00:00,1.081497364755958,1.0825935643874776,1.080220663073912,1.080754764470845,5274
2024-03-18 11:00:00+00:00,1.08070722634887,1.081490663336041,1.0785564903920886,1.0792424585297178,4700
2024-03-18 12:00:00+00:00,1.079678577787545,1.0838327100957865,1.0794771935518732,1.0832266587443797,5224
2024-03-18 13:00:00+00:00,1.084125740756239,1.0845375191293198,1.081969659432708,1.0842064063244807,5047
2024-03-18 14:00:00+00:00,1.0840808726717615,1.085609466959567,1.0834837644607083,1.084247547296057,3775
2024-03-18 15:00:00+00:00,1.0848559968000102,1.0848559968000102,1.0829053549090948,1.083791511717942,2453
2024-03-18 16:00:00+00:00,1.0828106818444632,1.0831614226543553,1.082245908893202,1.0824447159951234,5274
2024-03-18 17:00:00+00:00,1.082117346180043,1.0827506652717267,1.0810521759422218,1.0813564170536203,3512
2024-03-18 18:00:00+00:00,1.080794108031442,1.0817327672649677,1.0803624470841406,1.0813005922405579,3815
2024-03-18 19:00:00+00:00,1.081207385657709,1.0818071759144465,1.080546631558168,1.0815971318009079,4736
2024-03-18 20:00:00+00:00,1.081476689456299,1.0818494709554851,1.080113521529901,1.0814922841035477,3676
2024-03-18 21:00:00+00:00,1.0821778851641715,1.0823865508812889,1.080714432881172,1.0820735305695939,3519
2024-03-18 22:00:00+00:00,1.0817777401876068,1.0828623662768002,1.081149162646102,1.0817989172119964,4031
2024-03-18 23:00:00+00:00,1.0818484630137264,1.0828993711564796,1.0805029946424352,1.0818035157313364,5063
2024-03-19 00:00:00+00:00,1.081899927721697,1.0828993915369067,1.08131559111745,1.082262901013758,3300
2024-03-19 01:00:00+00:00,1.081857445125018,1.0821232278208652,1.0808064496865137,1.0814310642328668,3654
2024-03-19 02:00:00+00:00,1.0812017267894392,1.082425991894104,1.0802035851040326,1.0808704761108903,4980
2024-03-19 03:00:00+00:00,1.0807420035436797,1.0821069240419396,1.0802305618130776,1.0817413634418973,2393
2024-03-19 04:00:00+00:00,1.081929109474885,1.0820609456399732,1.080254450282523,1.0808521247551126,2938
2024-03-19 05:00:00+00:00,1.0803416590958153,1.081100288586216,1.0799204675866212,1.0807627038154088,5107
2024-03-19 06:00:00+00:00,1.0817267850337673,1.0825504601948166,1.080839753945518,1.0811281218885729,2496
2024-03-19 07:00:00+00:00,1.0810953222177369,1.0822222096312886,1.0802200078359225,1.081018710143939,5531
2024-03-19 08:00:00+00:00,1.0812974100849733,1.0827106514486387,1.0808126179004607,1.081225371303511,2874
2024-03-19 09:00:00+00:00,1.0814913766951693,1.0822747100755383,1.080623661636643,1.081700587398267,4404
2024-03-19 10:00:00+00:00,1.0813706682362638,1.081840283150436,1.0783337606371028,1.0797185305859818,2573
2024-03-19 11:00:00+00:00,1.0800982559134855,1.0807957261687913,1.0789565155378764,1.0795479483630712,5648
2024-03-19 12:00:00+00:00,1.0788591978731337,1.0788878335195622,1.075677453947517,1.076309859429062,4655
2024-03-19 13:00:00+00:00,1.0762370452708017,1.0775426129068808,1.0756937360590546,1.0771428247714807,5020
2024-03-19 14:00:00+00:00,1.0781567522486868,1.079978130705794,1.0777235426839271,1.0793444807995418,4976
2024-03-19 15:00:00+00:00,1.0785821518471816,1.0810840043672438,1.0774825675313364,1.080710649467797,2791
2024-03-19 16:00:00+00:00,1.0819508340268043,1.0827789056325974,1.0794635146523144,1.080804156646707,3127
2024-03-19 17:00:00+00:00,1.0809454403101313,1.0817756625069943,1.0803771236897441,1.0810708307331178,2632
2024-03-19 18:00:00+00:00,1.0810203935793319,1.0813111853193842,1.0796294972371991,1.0804303548957548,4234
2024-03-19 19:00:00+00:00,1.08099363917912,1.081104526611015,1.0794018975274606,1.0801607356860745,5386
2024-03-19 20:00:00+00:00,1.080109607989055,1.0808558293558532,1.078883009771259,1.0795874400726866,6078
2024-03-19 21:00:00+00:00,1.0794748009236625,1.0802788269444732,1.0788586214565488,1.0796654443380131,5237
2024-03-19 22:00:00+00:00,1.07944731492573,1.0795333364610953,1.0775359994674907,1.0782470229279086,4829
2024-03-19 23:00:00+00:00,1.0778492598401386,1.0791012369225481,1.077211961879351,1.0784221878183622,5529
2024-03-20 00:00:00+00:00,1.0791703769635754,1.07975373351749,1.078037737026884,1.078512516154478,5236
2024-03-20 01:00:00+00:00,1.078493559314888,1.079909750173705,1.0777049185200052,1.078733379910119,3569
2024-03-20 02:00:00+00:00,1.0787608948359877,1.0796996242012198,1.0782827121512117,1.0791854155586087,3938
2024-03-20 03:00:00+00:00,1.079255285407009,1.079255285407009,1.0770950168150686,1.078416564005549,4926
2024-03-20 04:00:00+00:00,1.0787191852500402,1.078758587794876,1.0778616254054532,1.0784865893861368,4257
2024-03-20 05:00:00+00:00,1.07818399463574,1.0786486267895512,1.0776914605798644,1.0777612010984359,2527
2024-03-20 06:00:00+00:00,1.0776094958940257,1.0785872634963396,1.0766009402667707,1.077509855212379,3961
2024-03-20 07:00:00+00:00,1.0763966148940138,1.0768564091488124,1.0754189442275126,1.0763684465971068,3692
2024-03-20 08:00:00+00:00,1.0760203914724031,1.0771562046840095,1.0753109497789095,1.0758606131371544,3565
2024-03-20 09:00:00+00:00,1.076193097985276,1.0763762576642657,1.0741115086377475,1.0746187687278408,1907
2024-03-20 10:00:00+00:00,1.0738732922621166,1.0779974402470793,1.0738732922621166,1.077617336709188,6269
2024-03-20 11:00:00+00:00,1.078193556949202,1.0789298962498715,1.0764204848182053,1.0779210353996247,4171
2024-03-20 12:00:00+00:00,1.077201679061815,1.0807896992812396,1.07667413672927,1.0799584671175324,3522
2024-03-20 13:00:00+00:00,1.079592510743436,1.0804235764271874,1.0780236928692,1.0796583585812023,4608
2024-03-20 14:00:00+00:00,1.0786374878204814,1.0786374878204814,1.0759886873192441,1.0765073431853238,3894
2024-03-20 15:00:00+00:00,1.0762865655996292,1.0775436953795205,1.0747102665664943,1.0754438290620822,4441
2024-03-20 16:00:00+00:00,1.0769622216775512,1.0771187716857995,1.0751084125629078,1.076306630463523,2195
2024-03-20 17:00:00+00:00,1.0763844860584164,1.0769332252044452,1.0758250862305672,1.0767410914973121,3450
2024-03-20 18:00:00+00:00,1.076065767264256,1.077384190163239,1.076065767264256,1.0767157670434668,4848
2024-03-20 19:00:00+00:00,1.076556309569976,1.0771252587367839,1.0759091225640265,1.0767573721254475,5161
2024-03-20 20:00:00+00:00,1.0771045581649088,1.078028025852277,1.0765779646785079,1.0772056159157812,3178
2024-03-20 21:00:00+00:00,1.0768748304160705,1.0776668781451226,1.0765091624795349,1.077322398277067,4540
2024-03-20 22:00:00+00:00,1.0762492533652412,1.0772094147675697,1.0760083127997193,1.0763798621178817,5709
2024-03-20 23:00:00+00:00,1.0767847103550292,1.0767847103550292,1.0741452191936016,1.0745836786127434,4249
2024-03-21 00:00:00+00:00,1.074405545518286,1.0749704682413974,1.073641535637811,1.0741568120745486,1772
2024-03-21 01:00:00+00:00,1.0749260244772691,1.0758057708973026,1.074170439674197,1.075234138044797,5540
2024-03-21 02:00:00+00:00,1.0752459733299535,1.0759925579480438,1.0747917792041755,1.075463747923985,5073
2024-03-21 03:00:00+00:00,1.075111318050281,1.0763927824625252,1.075087810657435,1.0759834454234098,4695
2024-03-21 04:00:00+00:00,1.0767828897421592,1.0770355337574107,1.0758959372481698,1.0765588209250876,2732
2024-03-21 05:00:00+00:00,1.0771926884444127,1.0776392261304286,1.0762567404543968,1.0765896846558103,4582
2024-03-21 06:00:00+00:00,1.07722145988811,1.07761347496088,1.0762794614574749,1.0771590002802434,4880
2024-03-21 07:00:00+00:00,1.0770617173176522,1.0773863228950957,1.0762340545972047,1.0767373560696953,4711
2024-03-21 08:00:00+00:00,1.0759134788384757,1.077517068528854,1.075218108065134,1.076820384877945,5376
2024-03-21 09:00:00+00:00,1.0776367350364657,1.077775052928995,1.0760765988606917,1.0774840189991952,3026
2024-03-21 10:00:00+00:00,1.07633134469716,1.078518977306942,1.0762551749258331,1.0776707313762903,4488
2024-03-21 11:00:00+00:00,1.0778450985708754,1.079210522426444,1.0763329105444361,1.0769061679539724,4355
2024-03-21 12:00:00+00:00,1.0755887364670071,1.0776743706158514,1.0752121327856807,1.0772989546244385,5151
2024-03-21 13:00:00+00:00,1.0774100590227869,1.0779487086234558,1.0766773373384597,1.0773068731103899,3172
2024-03-21 14:00:00+00:00,1.0761962898971489,1.0792475123758973,1.0755256861049445,1.0786712291054728,5324
2024-03-21 15:00:00+00:00,1.0790559811595473,1.080313607356238,1.0784197389290737,1.0791167386024683,2505
2024-03-21 16:00:00+00:00,1.0796150775043492,1.0805158242009085,1.0789699344285877,1.0803426363842303,3841
2024-03-21 17:00:00+00:00,1.0803569892229477,1.0818945361421979,1.079921897840332,1.0812208638065883,3650
2024-03-21 18:00:00+00:00,1.0812699876298915,1.081919121252012,1.080535466141014,1.0814029596371464,3271
2024-03-21 19:00:00+00:00,1.081213763306617,1.0822440910056588,1.0808238221807644,1.0814529819610463,6496
2024-03-21 20:00:00+00:00,1.0806248518799682,1.0825208822609058,1.0804404404541146,1.0813715277148752,6122
2024-03-21 21:00:00+00:00,1.0812183905007666,1.0833090533677305,1.0812183905007666,1.0830176492060735,4462
2024-03-21 22:00:00+00:00,1.0825592653343292,1.0838425525744153,1.0819302048247443,1.0833941413260988,3023
2024-03-21 23:00:00+00:00,1.083342059340158,1.0842329277356626,1.0822325339878638,1.083676591112825,4879
2024-03-22 00:00:00+00:00,1.0839569378262104,1.0847199869226376,1.0829808375432757,1.0838274234212804,4740
2024-03-22 01:00:00+00:00,1.0837044107506402,1.0844071007618563,1.0826782927376588,1.083769972187871,5415
2024-03-22 02:00:00+00:00,1.0846661371817603,1.0852052865331485,1.0841422173807016,1.0848181313727407,3560
2024-03-22 03:00:00+00:00,1.0844352880566575,1.0853798358743143,1.0837781346385986,1.0850183002204918,5016
2024-03-22 04:00:00+00:00,1.0846321208955847,1.0849674035895687,1.0834049539116628,1.0842946432606484,5027
2024-03-22 05:00:00+00:00,1.084707311504466,1.0854832498557099,1.0836635715978882,1.0841923998378247,4457
2024-03-22 06:00:00+00:00,1.083505490222166,1.084228216225594,1.0820133817113033,1.0827562510209705,2209
2024-03-22 07:00:00+00:00,1.082860106942946,1.0830882477965766,1.0823630786600442,1.0827397082352397,4558
2024-03-22 08:00:00+00:00,1.0843139132050876,1.0855140437480784,1.0837199273059157,1.0842643089732131,6782
2024-03-22 09:00:00+00:00,1.084222447707327,1.0848543881482529,1.083412094376718,1.084048029818585,3738
2024-03-22 10:00:00+00:00,1.0838290519757683,1.0843789174503664,1.081985243995424,1.0827315642484983,3983
2024-03-22 11:00:00+00:00,1.082881808738535,1.0844229748966447,1.0826376312508217,1.0836408587048343,3883
2024-03-22 12:00:00+00:00,1.0832424658120132,1.085617242263373,1.0832424658120132,1.0854161517887806,4291
2024-03-22 13:00:00+00:00,1.0849369146829981,1.0859254528481388,1.0835438592198305,1.0843937066656404,4577
2024-03-22 14:00:00+00:00,1.0849236216959057,1.0857718346543708,1.084523830543186,1.0854021709219543,3275
2024-03-22 15:00:00+00:00,1.08502787408353,1.0858875561335126,1.084384195767464,1.0850532116116527,4003
2024-03-22 16:00:00+00:00,1.08493872274649,1.085301105972737,1.0838733064729775,1.0849014661252065,3777
2024-03-22 17:00:00+00:00,1.0845549065584086,1.0863902746754963,1.0843125552600434,1.085528606616278,4498
2024-03-22 18:00:00+00:00,1.0856359211772768,1.0862726085249825,1.084913833502132,1.0859181694529634,3384
2024-03-22 19:00:00+00:00,1.0858738110447743,1.086865287535628,1.0854975833333407,1.0857800427105606,2410
2024-03-22 20:00:00+00:00,1.085493284755642,1.085546358107709,1.0833891482534932,1.0837579745196981,3093
2024-03-22 21:00:00+00:00,1.0840047229265148,1.085202754516397,1.0839377534289125,1.0842344778311628,1987
2024-03-22 22:00:00+00:00,1.0841187884050933,1.0845362574064892,1.0832553606128934,1.0838062054077726,2734
2024-03-22 23:00:00+00:00,1.0839480932913301,1.0848641578593863,1.083276020459978,1.0844860118325748,3292
2024-03-23 00:00:00+00:00,1.0852488988323838,1.0871406246526594,1.084900792363831,1.0868338673759526,4869
2024-03-23 01:00:00+00:00,1.0865795454061156,1.0873882048968957,1.0857876350514848,1.0864146212172707,3640
2024-03-23 02:00:00+00:00,1.0863856044460378,1.0870685947439063,1.085560868707171,1.0864615766052166,4095
2024-03-23 03:00:00+00:00,1.0863828802905553,1.0873554778264942,1.085808745271931,1.0870691806721366,4105
2024-03-23 04:00:00+00:00,1.0866841418998168,1.087281201283559,1.0856930910503164,1.0866600548327439,3221
2024-03-23 05:00:00+00:00,1.0869731648442615,1.0873730172852267,1.0850146757706793,1.0855826818692627,4605
2024-03-23 06:00:00+00:00,1.0854182755120272,1.0864044951638547,1.0850669341655121,1.0853502265140054,5912
2024-03-23 07:00:00+00:00,1.0848999399060055,1.0855557728752978,1.084068847188087,1.084410292292535,3022
2024-03-23 08:00:00+00:00,1.0829962677839386,1.0853019743491052,1.0829962677839386,1.0843865859373691,3718
2024-03-23 09:00:00+00:00,1.0842981156884055,1.0862899184059283,1.0832795671907414,1.085605420407564,4730
2024-03-23 10:00:00+00:00,1.0862351362590932,1.086832973234034,1.0855633862748493,1.086027400682646,3780
2024-03-23 11:00:00+00:00,1.0859313517288418,1.0865937110555157,1.0846030562973936,1.0849679780574406,7069
2024-03-23 12:00:00+00:00,1.085502283990878,1.0875708309652434,1.0852679813267503,1.0862418239473273,5715
2024-03-23 13:00:00+00:00,1.0872518891927814,1.0877387174019675,1.0864081882909113,1.0867411524224257,5586
2024-03-23 14:00:00+00:00,1.0868200896213152,1.0876024106672815,1.085645999484088,1.0864270343327362,2187
2024-03-23 15:00:00+00:00,1.0873745955570557,1.088673775168495,1.0866916332545729,1.088181860422963,4203
2024-03-23 16:00:00+00:00,1.0886210685802538,1.0903404317656464,1.0863037898787455,1.0900856804633665,5272
2024-03-23 17:00:00+00:00,1.0903496491445444,1.0903496491445444,1.0883234071901964,1.088880519665054,5394
2024-03-23 18:00:00+00:00,1.0888921783933785,1.0898426731629642,1.0885522970154493,1.0892351778608385,5950
2024-03-23 19:00:00+00:00,1.089444752265495,1.0907828375762048,1.088945295392972,1.0893558757955606,4215
2024-03-23 20:00:00+00:00,1.0895842085408367,1.090312903360881,1.0889170716098897,1.0895805323006993,5184
2024-03-23 21:00:00+00:00,1.0903441425254254,1.0915346728966278,1.090013433600594,1.0910753049831248,2538
2024-03-23 22:00:00+00:00,1.090891677043,1.09182831825705,1.0901916555282531,1.0910054038583823,4492
2024-03-23 23:00:00+00:00,1.0912821308726877,1.0916662684440308,1.090047791282637,1.091250304266907,5653
2024-03-24 00:00:00+00:00,1.0909829029165135,1.0922078136590303,1.0906032947005346,1.0919144933255347,4912
2024-03-24 01:00:00+00:00,1.091967883750523,1.0924822213880672,1.0911892037670134,1.0917405547718289,4106
2024-03-24 02:00:00+00:00,1.0915456578905818,1.0925038412006547,1.0906510093136734,1.091771287831869,4805
2024-03-24 03:00:00+00:00,1.09110261811476,1.0916034724277817,1.090456405977967,1.0906272899432217,3540
2024-03-24 04:00:00+00:00,1.0914295931848403,1.0920350700837858,1.0905320332378612,1.0911385065622545,5022
2024-03-24 05:00:00+00:00,1.091069360399318,1.0925034235742974,1.0899039657455192,1.0917387803464869,2835
2024-03-24 06:00:00+00:00,1.0915501295925425,1.0928096319052496,1.0905326611858133,1.0923537546098745,3093
2024-03-24 07:00:00+00:00,1.0929498748261772,1.093994042130785,1.0925510958551774,1.093504240729741,4918
2024-03-24 08:00:00+00:00,1.0947396642728844,1.0955857334605967,1.094015658587112,1.0945005650186896,5633
2024-03-24 09:00:00+00:00,1.0949542163980734,1.0966212296803877,1.0946807488536558,1.0964652566925581,6143
2024-03-24 10:00:00+00:00,1.097425164419973,1.098418781735848,1.097012765434416,1.0978698049709261,5829
2024-03-24 11:00:00+00:00,1.0982826051811834,1.0987908761104304,1.0968001050094909,1.0977388005118682,5775
2024-03-24 12:00:00+00:00,1.0989032605572255,1.0996036780776315,1.0973922599691421,1.0991890577963506,1474
2024-03-24 13:00:00+00:00,1.100158080931818,1.1001769894540216,1.0960129021567853,1.0963037908608297,7182
2024-03-24 14:00:00+00:00,1.0956277793787819,1.09622411644368,1.09166524021432,1.092247473991563,2304
2024-03-24 15:00:00+00:00,1.0918265398249514,1.092365820672655,1.0901575639515428,1.0908058398662521,4308
2024-03-24 16:00:00+00:00,1.0921043319908947,1.0939831193557534,1.091102591787692,1.093313589561688,6293
2024-03-24 17:00:00+00:00,1.0936944233847996,1.0943408953993305,1.092523687671035,1.0929186195067113,3523
2024-03-24 18:00:00+00:00,1.0937974177914984,1.0941364374812452,1.0925613401095617,1.0930421121058764,4914
2024-03-24 19:00:00+00:00,1.0934548492877902,1.0948764257765844,1.0929940544926315,1.09373668071556,5231
2024-03-24 20:00:00+00:00,1.0935894190314794,1.094089043888713,1.0922057116965735,1.0926626637175576,3202
2024-03-24 21:00:00+00:00,1.092187809261384,1.0925436762370253,1.0911985854084634,1.0917218650331932,4597
2024-03-24 22:00:00+00:00,1.091904895511692,1.0924124274150333,1.0913251363185872,1.0918566844108375,2616
2024-03-24 23:00:00+00:00,1.0913066134937326,1.0921619092147759,1.0901532769780475,1.0910546580131562,4082
2024-03-25 00:00:00+00:00,1.0913110894330094,1.0918058377159292,1.0901504903538146,1.0915171479022967,4304
2024-03-25 01:00:00+00:00,1.0918470167469896,1.0923210303517494,1.0915663866895384,1.0920389963280392,6559
2024-03-25 02:00:00+00:00,1.0919696882914098,1.0928323863358715,1.0905577665998474,1.091035052082057,2831
2024-03-25 03:00:00+00:00,1.0910903847961677,1.092415549595065,1.090458383891369,1.091566737886323,4400
2024-03-25 04:00:00+00:00,1.0920271512954671,1.0928088827763969,1.0912360346001027,1.0919833229563705,3275
2024-03-25 05:00:00+00:00,1.0923902931896055,1.092696519830703,1.0906989137687857,1.0911127919673616,3326
2024-03-25 06:00:00+00:00,1.0908393639922966,1.092120496604143,1.0902442968223387,1.0906071535338595,6463
2024-03-25 07:00:00+00:00,1.0908120808229362,1.0915715631577547,1.090244705339225,1.0906953460831736,5488
2024-03-25 08:00:00+00:00,1.0927448321254145,1.0948150806314456,1.0920861912466908,1.0947132779458801,4703
2024-03-25 09:00:00+00:00,1.0948178368044263,1.0954398201022244,1.0914993687670906,1.092144334595589,3545
2024-03-25 10:00:00+00:00,1.090675912965996,1.0913069672332398,1.0879019242011072,1.0883426221549997,5467
2024-03-25 11:00:00+00:00,1.089076386762775,1.0904936210450757,1.0879801135049167,1.0893661453726402,4679
2024-03-25 12:00:00+00:00,1.0877516659187467,1.088100103321246,1.084353481231774,1.0849795414018906,5732
2024-03-25 13:00:00+00:00,1.0851108606541824,1.0851108606541824,1.0838988270850682,1.084188828706264,4463
2024-03-25 14:00:00+00:00,1.0846079622326277,1.085908286573336,1.0837108827952224,1.0844911603160592,3541
2024-03-25 15:00:00+00:00,1.0845012726699483,1.0862133719868403,1.0841428491830123,1.0855636563016735,2668
2024-03-25 16:00:00+00:00,1.0849585580978844,1.0854575665278643,1.0841472548730786,1.084731247901075,2582
2024-03-25 17:00:00+00:00,1.0848973714571204,1.0861647146142976,1.0847054927251853,1.0851478309243885,2578
2024-03-25 18:00:00+00:00,1.0851179558722226,1.0853827389853117,1.0843299102574935,1.0844403800929774,5295
2024-03-25 19:00:00+00:00,1.0845432404169533,1.0850257375564303,1.083300511971021,1.0835883992035467,5666
2024-03-25 20:00:00+00:00,1.0832081108986011,1.084571031979382,1.0828847014981366,1.0840294337490426,4596
2024-03-25 21:00:00+00:00,1.0846674198186457,1.085943751308913,1.08320883035284,1.08468246063663,5192
2024-03-25 22:00:00+00:00,1.084374198660522,1.0849807684893367,1.0834797371676281,1.0841183487712074,4846
2024-03-25 23:00:00+00:00,1.0836746930519365,1.0848517303431866,1.0832758118568677,1.0838491266568595,6246
2024-03-26 00:00:00+00:00,1.0833913338774903,1.0843825996548953,1.0830662284735426,1.0841300297877892,4128
2024-03-26 01:00:00+00:00,1.0843584205269392,1.0853723624238139,1.0834021213579035,1.0851736831102121,4679
2024-03-26 02:00:00+00:00,1.0853748330962123,1.0859555298118502,1.0844797355102205,1.0849401465715818,5320
2024-03-26 03:00:00+00:00,1.0852527519237658,1.086182925690639,1.0845600584052668,1.0850421426648478,3650
2024-03-26 04:00:00+00:00,1.0853686170409327,1.087451542889687,1.084425677689888,1.0867994592259491,3768
2024-03-26 05:00:00+00:00,1.0866531004642894,1.0875042768792016,1.0851409311271816,1.085683106496478,3589
2024-03-26 06:00:00+00:00,1.0856051820074175,1.0865700617387801,1.084800400285702,1.0854874048659962,4294
2024-03-26 07:00:00+00:00,1.0854393264638946,1.0870520984813323,1.0854393264638946,1.0864947886238117,4177
2024-03-26 08:00:00+00:00,1.086374469408241,1.0871190110587585,1.085659520593413,1.0862862344851583,4549
2024-03-26 09:00:00+00:00,1.08675237869538,1.0908630568563078,1.086730178353079,1.090728592616373,3389
2024-03-26 10:00:00+00:00,1.0907603904216316,1.0912922768245632,1.0876740004047085,1.0884229336725961,4101
2024-03-26 11:00:00+00:00,1.0879489630539059,1.088158536855736,1.0870319660439465,1.0876442575321201,5418
2024-03-26 12:00:00+00:00,1.08630130172239,1.0874958205449619,1.0851084066119625,1.0863932575365849,4219
2024-03-26 13:00:00+00:00,1.086559899716011,1.0871185380325705,1.0849340070855316,1.0851733561682861,4856
2024-03-26 14:00:00+00:00,1.085353634552877,1.0876753581716083,1.0845040432700876,1.0847723092269603,2937
2024-03-26 15:00:00+00:00,1.083794576704941,1.0842726147356598,1.0821765200950433,1.0836809491452308,3978
2024-03-26 16:00:00+00:00,1.0837421084305519,1.0849312541551994,1.0837421084305519,1.0840357513812116,5596
2024-03-26 17:00:00+00:00,1.0848971828938505,1.0852711364967358,1.0843215959757697,1.0849834487221202,2562
2024-03-26 18:00:00+00:00,1.0843891322145647,1.0850261145985316,1.0830058033587102,1.0837995550608275,4966
2024-03-26 19:00:00+00:00,1.0840387639122504,1.0849480826092226,1.083308652235387,1.0846271350001948,3724
2024-03-26 20:00:00+00:00,1.0838859684666977,1.085080238741516,1.0836101119145154,1.0843097758242604,3952
2024-03-26 21:00:00+00:00,1.0847749595789873,1.0851203119351531,1.083696086312079,1.084076437313118,4389
2024-03-26 22:00:00+00:00,1.083864040794101,1.085634420155758,1.0835874659987161,1.0852215867491035,4395
2024-03-26 23:00:00+00:00,1.084697842278298,1.0853876902103907,1.0831959566995297,1.0838851348649992,2834
2024-03-27 00:00:00+00:00,1.0844823362309146,1.08533376323506,1.0841648075620505,1.0847544442148909,3179
2024-03-27 01:00:00+00:00,1.085116238423748,1.086119761731405,1.0840597345252494,1.0852106643012334,5109
2024-03-27 02:00:00+00:00,1.0848247054407936,1.0856112716963788,1.0836601153507661,1.0846381313345135,5945
2024-03-27 03:00:00+00:00,1.084536349930329,1.0847754701157326,1.0829950793447796,1.0837730962369447,3969
2024-03-27 04:00:00+00:00,1.0839422520073554,1.0847658267091569,1.0832261329430128,1.0834400069082049,4402
2024-03-27 05:00:00+00:00,1.0835877477550766,1.0855426099172607,1.0830137250448533,1.0844161299876667,2960
2024-03-27 06:00:00+00:00,1.0846206381693775,1.08572916803947,1.0841025733155683,1.0854750351084212,4932
2024-03-27 07:00:00+00:00,1.0844982594903396,1.085327944267476,1.0838433700240404,1.0844866724569526,2625
2024-03-27 08:00:00+00:00,1.0840133176037772,1.084323783827768,1.081269213243677,1.0817624249038427,4893
2024-03-27 09:00:00+00:00,1.0834090290453837,1.0865807194587742,1.083342094848213,1.0863418530168902,6146
2024-03-27 10:00:00+00:00,1.0870840664726662,1.0892453249902239,1.0867137900360395,1.0887326250328906,3445
2024-03-27 11:00:00+00:00,1.0892359442939257,1.090812273876725,1.0892359442939257,1.0896852870898983,2977
2024-03-27 12:00:00+00:00,1.0896755801519373,1.091490451697448,1.0890926848668268,1.0899306134966864,5176
2024-03-27 13:00:00+00:00,1.0909958128335515,1.0921751043681007,1.0892803397514146,1.0899928132015508,4804
2024-03-27 14:00:00+00:00,1.0918633757273986,1.0927664332530087,1.0912306592994383,1.0921900810114784,7078
2024-03-27 15:00:00+00:00,1.0927925162635932,1.0935788465455583,1.0920452215204972,1.0926148166071061,5888
2024-03-27 16:00:00+00:00,1.0924478873581536,1.0924478873581536,1.0889984666321129,1.0910829143391303,4326
2024-03-27 17:00:00+00:00,1.0920286777009796,1.0924549387122937,1.0910844677568854,1.0921877833136977,5050
2024-03-27 18:00:00+00:00,1.091936654674265,1.0924485490169833,1.0918315267759224,1.091982866646057,3470
2024-03-27 19:00:00+00:00,1.0926834256813478,1.0934830207799973,1.0919886307755466,1.0930244998956593,3872
2024-03-27 20:00:00+00:00,1.093150775153758,1.0932819417807473,1.091534425463161,1.0923760234102087,2717
2024-03-27 21:00:00+00:00,1.09250404303627,1.0935801503945786,1.0919270273168347,1.0932239548268257,5748
2024-03-27 22:00:00+00:00,1.0926377506939522,1.0934625978229295,1.0914921387083594,1.0920242912153841,6405
2024-03-27 23:00:00+00:00,1.0924171256256037,1.0933990342187045,1.0917412229683334,1.0922399251046584,5667
2024-03-28 00:00:00+00:00,1.0918932906832193,1.093287275439926,1.0918682491898881,1.0932115959246462,2358
2024-03-28 01:00:00+00:00,1.0930883203783779,1.0940180892636528,1.0923796413117797,1.0929916021036707,4866
2024-03-28 02:00:00+00:00,1.092838683621279,1.0937959793184289,1.0918360417756798,1.092616302491533,4162
2024-03-28 03:00:00+00:00,1.0925968390141558,1.093601497276751,1.0920493486735,1.0930702747073224,3791
2024-03-28 04:00:00+00:00,1.0936344030553053,1.0943271806650916,1.092684018363614,1.0936951882413857,3615
2024-03-28 05:00:00+00:00,1.0932656571947397,1.0940700253981277,1.092178172156251,1.092518189311658,4387
2024-03-28 06:00:00+00:00,1.092379913914252,1.0926691468808056,1.090958861306903,1.0919065234446332,3996
2024-03-28 07:00:00+00:00,1.0920191572244968,1.0929159946779659,1.091362945925997,1.0921425226489918,2278
2024-03-28 08:00:00+00:00,1.0928785290757772,1.0938219208174933,1.0915972547705335,1.0932737548030569,4023
2024-03-28 09:00:00+00:00,1.0932738906110298,1.0938848186419254,1.091911096811437,1.0924423877380134,5400
2024-03-28 10:00:00+00:00,1.092528863365324,1.0935347832158888,1.0915955243532391,1.0926240786170087,4195
2024-03-28 11:00:00+00:00,1.0935230913165586,1.0948583571243053,1.0929347224409816,1.0945976536751754,5769
2024-03-28 12:00:00+00:00,1.0943079420234516,1.0963380754632526,1.0934711326538724,1.0960560343594923,2928
2024-03-28 13:00:00+00:00,1.095879204784362,1.097216593197889,1.095074280399916,1.0966727206554419,4855
2024-03-28 14:00:00+00:00,1.0953491385898546,1.0956526417285222,1.0942726658799167,1.094748555604177,5496
2024-03-28 15:00:00+00:00,1.0955251641223576,1.0956165567906735,1.0941243981487176,1.0944400829228844,4845
2024-03-28 16:00:00+00:00,1.0947337994738577,1.095388130929343,1.0941589496753,1.0942397658614695,3895
2024-03-28 17:00:00+00:00,1.0944664908014223,1.094833771636392,1.093585608769446,1.094253779606206,5637
2024-03-28 18:00:00+00:00,1.093604957809924,1.0947433479866373,1.0931394751484944,1.094415241846138,5164
2024-03-28 19:00:00+00:00,1.0938595492033265,1.0949119304365982,1.092644230705989,1.0929933995222676,4383
2024-03-28 20:00:00+00:00,1.092734819291749,1.0936170371976182,1.0919052682139565,1.0928777622946464,6053
2024-03-28 21:00:00+00:00,1.092807162565709,1.0937393589495497,1.0924446581704768,1.0930215773886671,3499
2024-03-28 22:00:00+00:00,1.0928915051216141,1.0935977336621858,1.0927383853550918,1.093304297608518,4775
2024-03-28 23:00:00+00:00,1.0927611431139528,1.0933439124180675,1.0921110009714285,1.0928223976911349,5246
2024-03-29 00:00:00+00:00,1.0932201956451377,1.0937202778151294,1.0926634106046842,1.0927972243199289,5722
2024-03-29 01:00:00+00:00,1.0931509382217146,1.0932546105780603,1.0915474121728792,1.0920191570530178,4559
2024-03-29 02:00:00+00:00,1.0922217993071612,1.0932897339941874,1.0916488993715043,1.0923120745165706,7450
2024-03-29 03:00:00+00:00,1.0925839025727233,1.0930799555995578,1.0915772320482517,1.0919878868411468,4838
2024-03-29 04:00:00+00:00,1.091633870449715,1.0922048065250984,1.0912678163584038,1.0920058091552938,2907
2024-03-29 05:00:00+00:00,1.0922199442733351,1.0931472875694306,1.091471510718255,1.0918282513327644,4127
2024-03-29 06:00:00+00:00,1.0924136683240666,1.0925163740856005,1.0915344095413837,1.0920750050946464,6267
2024-03-29 07:00:00+00:00,1.0921583272354922,1.0924595361996539,1.0913204111908523,1.092139108699212,2993
2024-03-29 08:00:00+00:00,1.091248842657272,1.0924566240146896,1.0904609088318529,1.092280178014629,4474
2024-03-29 09:00:00+00:00,1.0910381402853095,1.0944634551800767,1.0907514064031676,1.0936333728096332,4859
2024-03-29 10:00:00+00:00,1.0924498243068506,1.0941414078776934,1.0924498243068506,1.093706040274022,4873
2024-03-29 11:00:00+00:00,1.093019505532535,1.0933313764985784,1.0913699794885325,1.0917117627049402,5994
2024-03-29 12:00:00+00:00,1.0925243841632737,1.0940393226207688,1.091917716318184,1.0922190033007615,5037
2024-03-29 13:00:00+00:00,1.0933176351729421,1.0964030520394783,1.0925966300097512,1.095952194374731,4395
2024-03-29 14:00:00+00:00,1.0957723850528838,1.096273188539119,1.094109344395327,1.0952495679919116,6313
2024-03-29 15:00:00+00:00,1.0946570275425382,1.0952657475170111,1.0934628652770213,1.0945875214051093,5132
2024-03-29 16:00:00+00:00,1.0950193232287193,1.0959356294699707,1.0946587594345774,1.0952075189129065,4398
2024-03-29 17:00:00+00:00,1.095403772031642,1.0963893174915402,1.0940299076989983,1.0951601737547565,2595
2024-03-29 18:00:00+00:00,1.095585895657625,1.0961558773311206,1.0948723565773677,1.0953372868718885,4056
2024-03-29 19:00:00+00:00,1.095150217844398,1.0953600895402633,1.0934112498441835,1.0938576474379014,2766
2024-03-29 20:00:00+00:00,1.0936779341115237,1.0949459315621979,1.093039149370536,1.0937925739129133,3397
2024-03-29 21:00:00+00:00,1.0935278978844418,1.094775190522587,1.0927520073398562,1.094356543452446,2497
2024-03-29 22:00:00+00:00,1.0942949238934967,1.096116872724098,1.0936909351554276,1.095507739236408,4406
2024-03-29 23:00:00+00:00,1.0961177549714451,1.0961979925137564,1.0944442843427555,1.0948715914255205,4458
2024-03-30 00:00:00+00:00,1.095184269191828,1.0961343744610696,1.094209412847397,1.0955601614114747,4502
2024-03-30 01:00:00+00:00,1.0963357449404851,1.0965136433824882,1.0946856004924692,1.0952112279704853,4337
2024-03-30 02:00:00+00:00,1.0953666807024558,1.0964549627483167,1.0942498227747388,1.0954361428723423,6159
2024-03-30 03:00:00+00:00,1.0952214294843197,1.096576875399562,1.0949866628875027,1.096060871177056,3832
2024-03-30 04:00:00+00:00,1.0963768642987288,1.0970959282895663,1.0960682585993105,1.0968632868528634,5686
2024-03-30 05:00:00+00:00,1.0968924286199129,1.0976193686616837,1.0955194968510933,1.096511267618393,4525
2024-03-30 06:00:00+00:00,1.0967179917809882,1.0973146883158593,1.095662159599973,1.0959587298313116,4850
2024-03-30 07:00:00+00:00,1.0961794572061472,1.097753974988682,1.0956934110104046,1.0965838442032994,4174
2024-03-30 08:00:00+00:00,1.0969198146704433,1.0970879173166204,1.0942563421294025,1.0944299679535572,5180
2024-03-30 09:00:00+00:00,1.0946321518949562,1.0955178641613106,1.092950841986068,1.0931752332718538,4505
2024-03-30 10:00:00+00:00,1.0937550316095448,1.0956500210704483,1.0929012358303718,1.0952376919123799,4484
2024-03-30 11:00:00+00:00,1.0937771166949626,1.094310612044068,1.0921227479613689,1.0940141240028884,4345
2024-03-30 12:00:00+00:00,1.092712013886108,1.0949243556300279,1.0923487106725907,1.0942412684928462,3988
2024-03-30 13:00:00+00:00,1.0942001550458382,1.0951872900850546,1.0931767477131358,1.0937216149136317,3295
2024-03-30 14:00:00+00:00,1.094019525374005,1.0958225907620769,1.0925456013664745,1.0950339456185798,1817
2024-03-30 15:00:00+00:00,1.0952302369319753,1.0970629260782263,1.0945744477313921,1.0955607006511683,3418
2024-03-30 16:00:00+00:00,1.0969352259412943,1.0975116871877395,1.0936241264697089,1.0940385610774948,3066
2024-03-30 17:00:00+00:00,1.0940151391311452,1.0950133798507842,1.09364044550685,1.0942273145374262,2367
2024-03-30 18:00:00+00:00,1.093528439371164,1.0940269227184702,1.0930702614138907,1.0938310045823345,3465
2024-03-30 19:00:00+00:00,1.0945566815291865,1.0953006539672443,1.0932527855724612,1.0942236247330215,2334
2024-03-30 20:00:00+00:00,1.094637670370492,1.0953444012734497,1.0942501633197574,1.0949221768098023,4500
2024-03-30 21:00:00+00:00,1.095300587210636,1.095742352299846,1.0945641780641322,1.094747773750394,3577
2024-03-30 22:00:00+00:00,1.0945178019879307,1.0959034528076652,1.0945178019879307,1.0951570344492623,4565
2024-03-30 23:00:00+00:00,1.0946859980692492,1.095641671074657,1.094179930305166,1.0949433908290456,3838
2024-03-31 00:00:00+00:00,1.0948104603208924,1.096106032813749,1.0940290863820965,1.0953923180597127,4894
2024-03-31 01:00:00+00:00,1.095216747936617,1.0959398869852564,1.093561668159413,1.0940514594109532,2557
2024-03-31 02:00:00+00:00,1.0939897949620139,1.0943941345787487,1.0929297730114207,1.093258105397727,4822
2024-03-31 03:00:00+00:00,1.0933612810145454,1.0943242069037582,1.0929918749702867,1.0938505516709431,2196
2024-03-31 04:00:00+00:00,1.0935066102849096,1.0945892662446084,1.0927559843837167,1.0938892163758067,4083
2024-03-31 05:00:00+00:00,1.0936186596366575,1.095119453242515,1.093430094195478,1.0945007162921963,4622
2024-03-31 06:00:00+00:00,1.0953665145728584,1.0954625398120836,1.0943882279278796,1.0948947982534458,6249
2024-03-31 07:00:00+00:00,1.0944388394999764,1.0956704468772982,1.0944388394999764,1.0954296459278474,4458
2024-03-31 08:00:00+00:00,1.096829857668156,1.0981019066601367,1.0958878460611434,1.0971567723699853,5375
2024-03-31 09:00:00+00:00,1.0978171122652818,1.0990648417839495,1.09699892918175,1.0985976075859982,3057
2024-03-31 10:00:00+00:00,1.0971840078781172,1.0979165336598422,1.0946588355338447,1.0953213287240657,3900
2024-03-31 11:00:00+00:00,1.096059515029299,1.0972120055243453,1.095441632562106,1.0959662755974928,4804
2024-03-31 12:00:00+00:00,1.0968326756635158,1.09961202145137,1.0968326756635158,1.0989804187912562,5360
2024-03-31 13:00:00+00:00,1.0985374451750454,1.100055298679035,1.0985374451750454,1.099364898641036,5100
2024-03-31 14:00:00+00:00,1.1001744687156298,1.1020782316639133,1.099992686731487,1.1006216042680936,3895
2024-03-31 15:00:00+00:00,1.099764973691214,1.1014689198086838,1.099260797606328,1.0993533761049414,2691
2024-03-31 16:00:00+00:00,1.0996467564015109,1.102193260071706,1.0992466380162937,1.1017376597238075,5523
2024-03-31 17:00:00+00:00,1.102330130808939,1.1025541774880556,1.1012725901788123,1.1019709616839208,3719
2024-03-31 18:00:00+00:00,1.1021399880193907,1.1021399880193907,1.1006161358492321,1.1016181511141465,4550
2024-03-31 19:00:00+00:00,1.1017520531616984,1.1025474742794694,1.101273319810989,1.1022169189793203,5433
2024-03-31 20:00:00+00:00,1.1021595605933887,1.1024949782011193,1.101223598299214,1.1019329286243444,5404
2024-03-31 21:00:00+00:00,1.1021563161079135,1.1031950608029426,1.1012681519768919,1.1029099496301968,5558
2024-03-31 22:00:00+00:00,1.1032598520248236,1.1039445520808906,1.1023192121640872,1.1030676742155725,4234
2024-03-31 23:00:00+00:00,1.1027808409137152,1.1035649900624263,1.1013816401692762,1.1018533614272172,4043
2024-04-01 00:00:00+00:00,1.1016728566768321,1.1026894260438684,1.1012363812515151,1.102077830715153,3496
2024-04-01 01:00:00+00:00,1.1016465341272659,1.1020405816054821,1.1008021113978999,1.1018152724895312,3499
2024-04-01 02:00:00+00:00,1.1015832550164346,1.1033566609029404,1.1015832550164346,1.102504019522279,6167
2024-04-01 03:00:00+00:00,1.1021075413285406,1.1027406990210642,1.1012338322593869,1.1018641342558502,3550
2024-04-01 04:00:00+00:00,1.102268476345164,1.1028351721655014,1.1013732648621175,1.1018487213522996,5437
2024-04-01 05:00:00+00:00,1.102129491173098,1.1029367653861968,1.1017191469051788,1.102218603468639,3666
2024-04-01 06:00:00+00:00,1.1029507800500429,1.1034095726423545,1.1019120220324343,1.102138671884082,3985
2024-04-01 07:00:00+00:00,1.1017602009722929,1.1030740471540026,1.101682135802732,1.1024540649390964,4196
2024-04-01 08:00:00+00:00,1.1023999412598078,1.1037625831830313,1.1018618754062535,1.1028747337728366,4363
2024-04-01 09:00:00+00:00,1.1039337497031612,1.105055841251442,1.1029026692778845,1.1049619181169694,4424
2024-04-01 10:00:00+00:00,1.1038696010836824,1.1056691865682988,1.1030664557590664,1.1053270480074862,2382
2024-04-01 11:00:00+00:00,1.1050997834926692,1.1067458943049615,1.1040545848629228,1.1061796083607247,4392
2024-04-01 12:00:00+00:00,1.1055058311891555,1.105592482022532,1.1038225805391357,1.104971789064625,4356
2024-04-01 13:00:00+00:00,1.1047093640922507,1.1057717101613933,1.102944222239323,1.1030667419678186,4263
2024-04-01 14:00:00+00:00,1.102783398788772,1.10305181707436,1.1011929152496196,1.1016573021272442,3482
2024-04-01 15:00:00+00:00,1.100464301562534,1.1017699413254034,1.099320560412074,1.1014710260092044,3248
2024-04-01 16:00:00+00:00,1.102252126924101,1.1025356584514285,1.1005134841800537,1.1011986966271718,4689
2024-04-01 17:00:00+00:00,1.1017031269810869,1.1021137055500108,1.1001198684803148,1.1004957583463517,4332
2024-04-01 18:00:00+00:00,1.1004742063359851,1.1015770063206525,1.0999469911731756,1.1009204595370572,4191
2024-04-01 19:00:00+00:00,1.100928369762968,1.1021395234554694,1.1007641965885042,1.1013591618490228,4506
2024-04-01 20:00:00+00:00,1.1013348240483674,1.1019184186545496,1.1007257839490092,1.1014290397385427,3985
2024-04-01 21:00:00+00:00,1.1016745775313093,1.1032179053354252,1.1007981014871924,1.1021600587868365,5096
2024-04-01 22:00:00+00:00,1.10184950896548,1.1025680476655728,1.1009488095022781,1.101325498964062,4236
2024-04-01 23:00:00+00:00,1.1015266064174594,1.1021221699937105,1.100511529333408,1.100996536377611,2444
2024-04-02 00:00:00+00:00,1.1008733698132753,1.101585542484877,1.0999361873929405,1.1011363502307139,4450
2024-04-02 01:00:00+00:00,1.1010110739156806,1.1015377501844157,1.099831170473296,1.100907671915783,6334
2024-04-02 02:00:00+00:00,1.1009384983661485,1.101569754460721,1.1004380841650854,1.1010389333173078,4920
2024-04-02 03:00:00+00:00,1.10121782635782,1.1015785278505257,1.1003226655944551,1.1006551144926557,4685
2024-04-02 04:00:00+00:00,1.1007014638993837,1.1019675768412152,1.1001670461758075,1.1013566203201839,3634
2024-04-02 05:00:00+00:00,1.1008599833728716,1.101399462214854,1.0994862752015397,1.0997018656482165,6089
2024-04-02 06:00:00+00:00,1.0993282004408524,1.1004714526355233,1.0988510172930144,1.0989775649916904,5056
2024-04-02 07:00:00+00:00,1.0981572621364801,1.0988560552911342,1.0975644964720288,1.098298106908986,3865
2024-04-02 08:00:00+00:00,1.0970439732999129,1.0986529078644616,1.0967337264346277,1.0985281436599938,4938
2024-04-02 09:00:00+00:00,1.0978961887136025,1.0981791966532208,1.0966327780370568,1.0976516565898478,4285
2024-04-02 10:00:00+00:00,1.0976207945122707,1.097934801577065,1.095388450874129,1.096469042209613,5099
2024-04-02 11:00:00+00:00,1.0963813952270194,1.0966572269119503,1.0946760340676276,1.0954831999417305,4341
2024-04-02 12:00:00+00:00,1.0949101050953285,1.0956464500831375,1.0928729028390851,1.093808020424036,5618
2024-04-02 13:00:00+00:00,1.0936669245911264,1.0957668851836666,1.0934646256709792,1.095367857721255,3732
2024-04-02 14:00:00+00:00,1.0953212253297737,1.09552716364314,1.0945392247259953,1.094763241891512,5077
2024-04-02 15:00:00+00:00,1.0954178069461529,1.0956283196595,1.0924642213631108,1.092780212470141,3823
2024-04-02 16:00:00+00:00,1.0944220062118937,1.0956987090318557,1.0937656858428897,1.0941187359066806,3061
2024-04-02 17:00:00+00:00,1.0946021745727368,1.0948360740571594,1.0932589304977018,1.0940001682447116,3101
2024-04-02 18:00:00+00:00,1.094384902894153,1.0947174747889277,1.092931368873489,1.0938693316040102,5087
2024-04-02 19:00:00+00:00,1.0931363840958204,1.0943765093481106,1.0928903932486056,1.0934340425492224,6020
2024-04-02 20:00:00+00:00,1.0930924184248887,1.0936319242560435,1.0921138765927987,1.093089302245309,5064
2024-04-02 21:00:00+00:00,1.0931993006333587,1.094179596478402,1.092486960121556,1.0930542468749576,5368
2024-04-02 22:00:00+00:00,1.0935915488753507,1.0944031057671382,1.0929643632096815,1.0936628748822559,5131
2024-04-02 23:00:00+00:00,1.0933688100887073,1.0939409446489503,1.092622895341927,1.0929541531011382,2793
2024-04-03 00:00:00+00:00,1.0925191871489524,1.0932537071881245,1.091795049944305,1.0923909510445642,3353
2024-04-03 01:00:00+00:00,1.0921053833050711,1.093252869719809,1.0918301790986877,1.0923133295858654,4522
2024-04-03 02:00:00+00:00,1.092177078186221,1.0933796034973637,1.0912824801326544,1.0928800883011494,2887
2024-04-03 03:00:00+00:00,1.0927151443825076,1.0942565763336662,1.0925681012255373,1.0938905727404922,5491
2024-04-03 04:00:00+00:00,1.093947772750499,1.094384092220469,1.09313006913971,1.0935180289136972,3319
2024-04-03 05:00:00+00:00,1.093871363504579,1.0941829566719536,1.0933389259987087,1.093951643766028,4995
2024-04-03 06:00:00+00:00,1.0938345337308355,1.0940790938595704,1.0924296264431148,1.0928837464427912,4394
2024-04-03 07:00:00+00:00,1.093520848154911,1.0939210344414014,1.0921869822120984,1.0930292836852207,3243
2024-04-03 08:00:00+00:00,1.0922382715984382,1.0936317947575425,1.0921611729736314,1.0932136256725655,5282
2024-04-03 09:00:00+00:00,1.0932449841101393,1.0946576687703926,1.0916376831477845,1.092087149055351,5211
2024-04-03 10:00:00+00:00,1.0927981141783079,1.0945587771214693,1.0920503737949523,1.093513391393598,4796
2024-04-03 11:00:00+00:00,1.0944771815201677,1.0960520428288711,1.0938705971647482,1.0957089715378316,4007
2024-04-03 12:00:00+00:00,1.094836167750844,1.0966088154185432,1.0943286296519052,1.0956517662580119,3715
2024-04-03 13:00:00+00:00,1.095409608620312,1.0968628711203252,1.0947257084140263,1.0961720386514853,4414
2024-04-03 14:00:00+00:00,1.0966910475587757,1.0981298009389249,1.0960164158671917,1.0973246853635823,5394
2024-04-03 15:00:00+00:00,1.0969519094188127,1.0991506846340242,1.0967049394318908,1.0988327532217976,5347
2024-04-03 16:00:00+00:00,1.0998327963700207,1.1001845580725527,1.0975073394170987,1.097963514674014,4367
2024-04-03 17:00:00+00:00,1.0983279326091446,1.099094712597932,1.0967969544567586,1.098678554871661,5044
2024-04-03 18:00:00+00:00,1.0993099879785981,1.1000803922058704,1.0986080464938983,1.0997286993559368,3351
2024-04-03 19:00:00+00:00,1.098988894589512,1.099576275628246,1.0979751396291868,1.0984707299874323,2475
2024-04-03 20:00:00+00:00,1.0985924307155324,1.1000401768686698,1.0982699589477753,1.099394522490311,4697
2024-04-03 21:00:00+00:00,1.0987225230600548,1.09971597323885,1.0973489862308554,1.0979885904970899,4832
2024-04-03 22:00:00+00:00,1.0974565544114836,1.0982624456407117,1.0961925879192007,1.0966847911036766,5267
2024-04-03 23:00:00+00:00,1.0970690189504733,1.0979060692066747,1.0962189457821694,1.0971441569709706,4966
2024-04-04 00:00:00+00:00,1.0972188194199495,1.098196760607749,1.096905144233569,1.0975177199172834,3305
2024-04-04 01:00:00+00:00,1.0977494170638935,1.0984319646243486,1.0972818251510386,1.0977110218555544,3062
2024-04-04 02:00:00+00:00,1.0974824180746259,1.0983560188593546,1.0968998988064453,1.097332736855935,5356
2024-04-04 03:00:00+00:00,1.0975387942342798,1.0987040714005378,1.0968534002621115,1.0981828117741441,2597
2024-04-04 04:00:00+00:00,1.0982256708126603,1.0988917153432363,1.0977079472713198,1.0984557610464545,3019
2024-04-04 05:00:00+00:00,1.0976098035636106,1.0981100355125482,1.0970320454713571,1.097595982387905,5305
2024-04-04 06:00:00+00:00,1.0974885301375266,1.0981891181401466,1.0964651629804885,1.097926273292859,4139
2024-04-04 07:00:00+00:00,1.0973778662043616,1.0979318663439261,1.0965287293942703,1.0967362506040208,3012
2024-04-04 08:00:00+00:00,1.0963002306246419,1.0968117508483308,1.094202469629338,1.0948460277523033,5564
2024-04-04 09:00:00+00:00,1.0954459870424778,1.0964639121456659,1.0950464108537479,1.0959280448714772,5418
2024-04-04 10:00:00+00:00,1.0952847008857756,1.0964093893859221,1.0943789371668433,1.0946972133872628,5098
2024-04-04 11:00:00+00:00,1.0952633556729943,1.0978671924167784,1.0949506386845096,1.0974470979232043,5241
2024-04-04 12:00:00+00:00,1.0968936109805438,1.0987323557977753,1.095424167723264,1.0984776216052252,4764
2024-04-04 13:00:00+00:00,1.0994130716901642,1.0998775368483005,1.0971144542703026,1.0976697093450563,2969
2024-04-04 14:00:00+00:00,1.0961778229084083,1.0979643317973093,1.0958042799535737,1.0973845139284704,5926
2024-04-04 15:00:00+00:00,1.0977160889087036,1.1007160124411604,1.0974088305266299,1.0998226163066762,3497
2024-04-04 16:00:00+00:00,1.1013122093187804,1.101834972242253,1.1001519989937367,1.1012530698519347,5031
2024-04-04 17:00:00+00:00,1.101059083403849,1.1021097637034274,1.100659689027545,1.1015446303791119,5232
2024-04-04 18:00:00+00:00,1.1016296731088693,1.1021536407461145,1.100069582752889,1.1007073123013085,5064
2024-04-04 19:00:00+00:00,1.1004403208939444,1.1015123784356045,1.1001408244724389,1.1009729330166664,4448
2024-04-04 20:00:00+00:00,1.1017456419192568,1.1018306910884539,1.1006246243067903,1.1011976510240231,4647
2024-04-04 21:00:00+00:00,1.1008665704360805,1.1028974153172768,1.1006987239592485,1.1026264428061059,2747
2024-04-04 22:00:00+00:00,1.1027355874243616,1.1036119246545857,1.102113207491603,1.1030153694940068,4911
2024-04-04 23:00:00+00:00,1.1033921274239586,1.1047860240441079,1.1032316831783606,1.1040585604687747,3649
2024-04-05 00:00:00+00:00,1.1046475157605196,1.1050050643007234,1.1026308717645465,1.10344667978732,4555
2024-04-05 01:00:00+00:00,1.103329589543794,1.1042321727796323,1.1030267592830623,1.1038197720217995,4131
2024-04-05 02:00:00+00:00,1.1035472989564767,1.1046012686122844,1.1030065234676998,1.1044425678065601,4820
2024-04-05 03:00:00+00:00,1.1051296434579592,1.1056275679409235,1.104373135384835,1.104723460326438,2073
2024-04-05 04:00:00+00:00,1.1044311698382183,1.1054936613379625,1.1040289775869079,1.1045531863907876,5838
2024-04-05 05:00:00+00:00,1.1046161625243804,1.1054111392271229,1.1040619195076333,1.1047855621713611,5489
2024-04-05 06:00:00+00:00,1.104827755372634,1.1052092985316564,1.1032649231747016,1.1037453069128034,2837
2024-04-05 07:00:00+00:00,1.1035385981879238,1.1038321389510946,1.1029019572385368,1.1037069892112703,4439
2024-04-05 08:00:00+00:00,1.1039972320982552,1.1057359684882093,1.1034571650191711,1.104768902039846,4057
2024-04-05 09:00:00+00:00,1.1047083099341186,1.1062162399021407,1.1038818239106962,1.106064257061523,3410
2024-04-05 10:00:00+00:00,1.1074858333604305,1.107585771291915,1.106021338800676,1.1069003588630086,4590
2024-04-05 11:00:00+00:00,1.1080122779973842,1.1084714903991122,1.1071434192414682,1.1073339163868483,6203
2024-04-05 12:00:00+00:00,1.1066715517367076,1.1077079766855322,1.1058171565108046,1.1061422150965396,2900
2024-04-05 13:00:00+00:00,1.1060548946793254,1.1075932257629493,1.1049005927406506,1.1065377512725127,6069
2024-04-05 14:00:00+00:00,1.1061615393191933,1.1080245556640758,1.1056050544888467,1.105949083651114,4170
2024-04-05 15:00:00+00:00,1.1053234871965856,1.1062304603595363,1.104466480596461,1.1050065398928026,5671
2024-04-05 16:00:00+00:00,1.1053524192228645,1.1053993281844465,1.1035144155696324,1.1037247624950566,5753
2024-04-05 17:00:00+00:00,1.1036520439972919,1.1046620093551769,1.1033122405818063,1.1039976795495836,2353
2024-04-05 18:00:00+00:00,1.1032734521620955,1.104022753926113,1.1028816809304778,1.1032828873525529,4726
2024-04-05 19:00:00+00:00,1.1028128069903904,1.1047914216122714,1.1019408123730923,1.1028448929804473,4467
2024-04-05 20:00:00+00:00,1.102413918520384,1.103816637387385,1.1021770422472936,1.1028648443194535,5035
2024-04-05 21:00:00+00:00,1.1026908928423693,1.1033501397685461,1.1013674870580352,1.1020835979181602,4355
2024-04-05 22:00:00+00:00,1.1012263698297655,1.102383571868763,1.1005304418110458,1.101268694519676,3280
2024-04-05 23:00:00+00:00,1.100917766056668,1.1018598562088817,1.100463117761793,1.1012832203751477,3945
2024-04-06 00:00:00+00:00,1.1013441971711742,1.102873339774145,1.1010366213357345,1.1018461607323615,3786
2024-04-06 01:00:00+00:00,1.1016280251343733,1.10214719683609,1.1012134247260053,1.1020053195682435,3420
2024-04-06 02:00:00+00:00,1.1017485347393319,1.1018014810351375,1.100061812327243,1.1007808262565024,5195
2024-04-06 03:00:00+00:00,1.1005313777158916,1.1009973487764244,1.0993580733218757,1.09987776339505,2234
2024-04-06 04:00:00+00:00,1.0998801653339396,1.10080033775828,1.0995168699266962,1.1004440158765645,4976
2024-04-06 05:00:00+00:00,1.1002498157794118,1.1003709862955269,1.0985248351227137,1.09924195125793,3823
2024-04-06 06:00:00+00:00,1.0983647246782249,1.0996254990948917,1.0981933585452843,1.0990154348538848,2737
2024-04-06 07:00:00+00:00,1.0985929089818547,1.098969145853444,1.0980272033366838,1.0983438300901531,3946
2024-04-06 08:00:00+00:00,1.0979257979985184,1.0988551587413378,1.0962104490861717,1.0966924657152315,4145
2024-04-06 09:00:00+00:00,1.0978693719147752,1.0984971092695077,1.0959383540827539,1.0967613135755698,4355
2024-04-06 10:00:00+00:00,1.0965058910984233,1.097437332038895,1.0945835938200703,1.096996400717717,4050
2024-04-06 11:00:00+00:00,1.0967797560014005,1.0974906899160508,1.094953017755131,1.0969045531564923,4538
2024-04-06 12:00:00+00:00,1.0964343311759261,1.0966693613207446,1.0951515000615641,1.0959128377429908,4939
2024-04-06 13:00:00+00:00,1.0947234311255982,1.0968204397280887,1.093823447016813,1.096571347490138,4101
2024-04-06 14:00:00+00:00,1.0974649873562783,1.0983196008621496,1.0963940449846807,1.0970253513039991,4146
2024-04-06 15:00:00+00:00,1.0958326103904628,1.0964470787548322,1.0946081895957105,1.095222545814833,3257
2024-04-06 16:00:00+00:00,1.0949596587400015,1.0965924578276367,1.0948134660327833,1.0952633857699836,1678
2024-04-06 17:00:00+00:00,1.0954296698935817,1.095964006569062,1.0943423883685799,1.0948126485382152,3388
2024-04-06 18:00:00+00:00,1.0950668922033582,1.0956895260943902,1.0943473332681322,1.0950016474988131,5402
2024-04-06 19:00:00+00:00,1.095204058244368,1.095566147479121,1.0941023537588284,1.09536568143043,4921
2024-04-06 20:00:00+00:00,1.0948705178684381,1.095396758326138,1.0939349987769524,1.0945169560256875,2789
2024-04-06 21:00:00+00:00,1.093625284819369,1.0951088707629357,1.093625284819369,1.0947462466184879,4003
2024-04-06 22:00:00+00:00,1.0939913678848907,1.0955349204113882,1.0936574841583782,1.0950641370699863,3294
2024-04-06 23:00:00+00:00,1.0951032083560688,1.0963064554707593,1.0947172750797127,1.0962731494465368,6358
2024-04-07 00:00:00+00:00,1.0958281038224076,1.0965900381057976,1.0958281038224076,1.0962046061820807,4361
2024-04-07 01:00:00+00:00,1.0958047585651893,1.0960920952068465,1.0941817335168698,1.0950211491676511,4981
2024-04-07 02:00:00+00:00,1.0942952840068425,1.0947659802787324,1.0940994084951703,1.0943409632527823,3640
2024-04-07 03:00:00+00:00,1.09359791074558,1.0945001865934898,1.0926975759250557,1.0930906947456729,4798
2024-04-07 04:00:00+00:00,1.093573638377616,1.094406593038934,1.0930227799653434,1.0942259102753942,4705
2024-04-07 05:00:00+00:00,1.0941446051088997,1.094547613082669,1.0936520722144267,1.0943714281971477,4944
2024-04-07 06:00:00+00:00,1.09428709532009,1.0956356692490252,1.0941034069839466,1.0946999138802838,5011
2024-04-07 07:00:00+00:00,1.0948915899164917,1.0950991753359618,1.0940519942195674,1.0948661058786664,4816
2024-04-07 08:00:00+00:00,1.0953553607230615,1.0958449276763729,1.094707484762753,1.0953176118128465,3287
2024-04-07 09:00:00+00:00,1.0961112888035034,1.0970001683322854,1.095272435495227,1.0962959830905818,3947
2024-04-07 10:00:00+00:00,1.0968857124479623,1.097063880024275,1.0937472983789043,1.0943689135325865,6630
2024-04-07 11:00:00+00:00,1.0948391896234682,1.0961323738162936,1.0943789337884926,1.0954583787965424,5037
2024-04-07 12:00:00+00:00,1.0958362965352315,1.0983673820256834,1.094984708875794,1.0977589043697322,3708
2024-04-07 13:00:00+00:00,1.0976266313865526,1.0991953109856964,1.0969200992539672,1.0972848449379713,5993
2024-04-07 14:00:00+00:00,1.0982713356739924,1.0997453996182256,1.0977932864079776,1.0981196779565772,4203
2024-04-07 15:00:00+00:00,1.0981448752464622,1.0983050160217116,1.0969867673145017,1.097237414197144,5134
2024-04-07 16:00:00+00:00,1.0963617659705196,1.0969298101953573,1.0943729433094527,1.095499595015842,5122
2024-04-07 17:00:00+00:00,1.0957194739751595,1.0962440832314617,1.0941925924047604,1.0947058010169954,4494
2024-04-07 18:00:00+00:00,1.0946245905497565,1.0946245905497565,1.093551293018596,1.0939212979517166,3948
2024-04-07 19:00:00+00:00,1.094813462067928,1.0957077773343102,1.0943238330585705,1.0951026405161333,4301
2024-04-07 20:00:00+00:00,1.096151454469724,1.0965259215404106,1.0944296475838646,1.0955710994819043,5608
2024-04-07 21:00:00+00:00,1.0957901199958655,1.096423775957503,1.0952477968590777,1.0956515652224703,5868
2024-04-07 22:00:00+00:00,1.0959665399346918,1.096738844092637,1.095132580407739,1.0953970869888507,4214
2024-04-07 23:00:00+00:00,1.0957584966651757,1.0965438548184079,1.094741357600445,1.0957209823138214,4251
2024-04-08 00:00:00+00:00,1.095510809794604,1.0965523916134254,1.0949677148431003,1.0958631072005987,3925
2024-04-08 01:00:00+00:00,1.095375571484207,1.0958765850041774,1.0940780985992227,1.095136230413388,2708
2024-04-08 02:00:00+00:00,1.0946574274507677,1.0959731900807081,1.094639028857419,1.0955699563292591,3645
2024-04-08 03:00:00+00:00,1.095536739339068,1.0962200090442593,1.0948720540239987,1.0957508184891929,5908
2024-04-08 04:00:00+00:00,1.0956341987128961,1.0965104752503838,1.0951085754386638,1.0957252144057374,5176
2024-04-08 05:00:00+00:00,1.0956324232061432,1.0961800330860418,1.09422151720196,1.0957960290434143,3778
2024-04-08 06:00:00+00:00,1.095403925848225,1.0967125449749415,1.0946762041300462,1.0956900028579153,5518
2024-04-08 07:00:00+00:00,1.0951423562117946,1.0958780006091646,1.094645266226837,1.0954512606129105,4537
2024-04-08 08:00:00+00:00,1.0952867354808808,1.0960637608423591,1.0921576604516376,1.0931064407463555,5771
2024-04-08 09:00:00+00:00,1.0932440652571473,1.0946980532496517,1.091686678885832,1.0923116085542042,5581
2024-04-08 10:00:00+00:00,1.0921626552208559,1.0923418399281462,1.0909815382660386,1.092015846248581,2753
2024-04-08 11:00:00+00:00,1.0924931437234457,1.0927957603968892,1.091081482021826,1.0925939578084072,3223
2024-04-08 12:00:00+00:00,1.0920809617681753,1.0936084888772537,1.0912937006607963,1.0934322194991342,4832
2024-04-08 13:00:00+00:00,1.093291061745916,1.0943287699974313,1.0927971931994755,1.0934386955001127,3745
2024-04-08 14:00:00+00:00,1.0934708720291464,1.0947737238405935,1.0927033167620115,1.0941473846243168,4454
2024-04-08 15:00:00+00:00,1.0924546969158324,1.0929318460937734,1.0917145539745021,1.0924543242179219,5138
2024-04-08 16:00:00+00:00,1.093229045095819,1.0939925928338838,1.0897325807051854,1.0902446786638078,3844
2024-04-08 17:00:00+00:00,1.0904822475919234,1.0915415566867501,1.089922407339927,1.090936096993955,4472
2024-04-08 18:00:00+00:00,1.0914354164751023,1.0920613133280328,1.0905144345785964,1.090843303575065,3141
2024-04-08 19:00:00+00:00,1.0907371205342988,1.0914430972442677,1.0901054272348765,1.0907988714062835,4260
2024-04-08 20:00:00+00:00,1.09165941209958,1.0918644354482312,1.0903660603874101,1.0912002938185748,2956
2024-04-08 21:00:00+00:00,1.0910967840146089,1.0913509524100438,1.0905601224936385,1.0908297366211848,3453
2024-04-08 22:00:00+00:00,1.0904669851933804,1.0915373565296627,1.0898780196936537,1.091103843129436,3361
2024-04-08 23:00:00+00:00,1.091713880195794,1.0929383480380075,1.0912527657940845,1.0920989090669557,4794
2024-04-09 00:00:00+00:00,1.091885762822573,1.093397162067014,1.0914234339058364,1.0926705219263515,2711
2024-04-09 01:00:00+00:00,1.0932635148348955,1.0936658066716227,1.0918741000856331,1.0922136417248585,5530
2024-04-09 02:00:00+00:00,1.091880123925068,1.092771235019589,1.0913993461596885,1.0921643611888259,4938
2024-04-09 03:00:00+00:00,1.0914034972711384,1.0930086147938418,1.0912664890130952,1.0926652618909836,4694
2024-04-09 04:00:00+00:00,1.0924970834649173,1.0942282740147558,1.0916337692665448,1.093888043814535,3042
2024-04-09 05:00:00+00:00,1.0945390989602684,1.09545528694336,1.0927603329347872,1.0935935801217482,2810
2024-04-09 06:00:00+00:00,1.0936391301283788,1.094682757083515,1.0932617339165411,1.0940128473696926,4766
2024-04-09 07:00:00+00:00,1.0942055710624152,1.0948915610538397,1.0931956634754065,1.093960264964399,4144
2024-04-09 08:00:00+00:00,1.0933935559775554,1.094229055044671,1.0923960260538599,1.0927812692539458,4066
2024-04-09 09:00:00+00:00,1.0924670162022911,1.093643024873868,1.0920129936230487,1.0929360943331328,6328
2024-04-09 10:00:00+00:00,1.0921204122747257,1.0940809034609718,1.0915514046613652,1.0939505964473166,4245
2024-04-09 11:00:00+00:00,1.0941368796158928,1.0950813235968233,1.0922388536357992,1.0927429546828564,5837
2024-04-09 12:00:00+00:00,1.0927965265719268,1.0936157796469537,1.0925901377800824,1.0926975607887703,3972
2024-04-09 13:00:00+00:00,1.0944486636760613,1.0944486636760613,1.0923189689001191,1.0931935478026855,6759
2024-04-09 14:00:00+00:00,1.0931294534903155,1.0931294534903155,1.0916109786883448,1.0925068248510736,4346
2024-04-09 15:00:00+00:00,1.0935135087609231,1.0940672170808696,1.092416277854737,1.0932141216116642,2850
2024-04-09 16:00:00+00:00,1.0936246812624244,1.0953779853863814,1.093475071757646,1.0946225658253057,4890
2024-04-09 17:00:00+00:00,1.094412817850497,1.094743815996656,1.0926717865942492,1.093407244458418,4672
2024-04-09 18:00:00+00:00,1.0934608384585425,1.0934608384585425,1.0919187938304586,1.0924087787491288,5902
2024-04-09 19:00:00+00:00,1.0920074636001924,1.093319756972511,1.0911504597346315,1.091752084297947,4894
2024-04-09 20:00:00+00:00,1.0921557475891448,1.0926561018316943,1.091162910509867,1.0918208182966398,3480
2024-04-09 21:00:00+00:00,1.0922901845161184,1.0924182340238358,1.0909019798799493,1.0918710469014845,6355
2024-04-09 22:00:00+00:00,1.0919100363016498,1.093314233869189,1.0913633328734715,1.092613692005863,3789
2024-04-09 23:00:00+00:00,1.092376138102861,1.0931936982634158,1.0909156232291328,1.0922802109722063,4169
2024-04-10 00:00:00+00:00,1.0921485981662378,1.0924983223492033,1.0911890846873145,1.0918885960031566,4225
2024-04-10 01:00:00+00:00,1.0917851396875444,1.092876501846241,1.0908809259795793,1.0915884271256033,5939
2024-04-10 02:00:00+00:00,1.0916531149937068,1.092039942951593,1.0906688478156774,1.0914425971266497,1816
2024-04-10 03:00:00+00:00,1.0916971420205206,1.09198031436818,1.0900777810217737,1.0906596961761348,4551
2024-04-10 04:00:00+00:00,1.090692783636717,1.0917488085963085,1.0903361289165079,1.0910914664752906,5192
2024-04-10 05:00:00+00:00,1.0905962018614477,1.0915186027147514,1.0903034982228812,1.0908611285958936,2235
2024-04-10 06:00:00+00:00,1.0912322308272113,1.091473337428927,1.0894810701077673,1.0905553402317039,4487
2024-04-10 07:00:00+00:00,1.0913279514711203,1.0929809063348168,1.090629036104786,1.0924925438288884,5013
2024-04-10 08:00:00+00:00,1.092703851371121,1.0927693085831103,1.0914163852973393,1.091604992817733,5404
2024-04-10 09:00:00+00:00,1.0904611027249556,1.091756746362083,1.0899562077771863,1.0911408816249248,5090
2024-04-10 10:00:00+00:00,1.09105406002756,1.0911914686132038,1.089470889814727,1.0901496631498,4407
2024-04-10 11:00:00+00:00,1.0901514381772655,1.0906429035880676,1.0895547320430201,1.0901794980603052,4798
2024-04-10 12:00:00+00:00,1.0903921525635498,1.0915467389070026,1.0897781880032396,1.0913846544770716,5435
2024-04-10 13:00:00+00:00,1.0918984587114255,1.0937237736901926,1.0910130635140929,1.0934706023461,2947
2024-04-10 14:00:00+00:00,1.0942708081632653,1.0952054680962366,1.0932120577223523,1.0944734127203684,4328
2024-04-10 15:00:00+00:00,1.0945060414778631,1.095062895723394,1.0942073388110667,1.0944578169114898,4840
2024-04-10 16:00:00+00:00,1.094917579873621,1.0958583936242776,1.09378874980088,1.0950243294269981,5931
2024-04-10 17:00:00+00:00,1.0947620278796566,1.0952541144130148,1.0942627391817605,1.094695165218245,5351
2024-04-10 18:00:00+00:00,1.0947819344996896,1.0950670056105063,1.0936285100410565,1.094100256380112,5270
2024-04-10 19:00:00+00:00,1.0946018222788887,1.0954491994476243,1.0937628386974922,1.0948865765996227,4652
2024-04-10 20:00:00+00:00,1.0949489131422632,1.0954250800750196,1.0939921552829364,1.094575357329425,6220
2024-04-10 21:00:00+00:00,1.0946402490218403,1.094846276470413,1.0930044387349527,1.093689848751168,5343
2024-04-10 22:00:00+00:00,1.0932480389851997,1.0943509479211069,1.0923308175463782,1.0933973381430124,5295
2024-04-10 23:00:00+00:00,1.0930747402565633,1.0945342250492476,1.092868770967823,1.0939898754723103,5611
2024-04-11 00:00:00+00:00,1.0936782350553473,1.094927735097441,1.09350905848904,1.0943634027553317,5354
2024-04-11 01:00:00+00:00,1.0937310769267399,1.094378280216878,1.093221308492517,1.0940900397848186,4907
2024-04-11 02:00:00+00:00,1.0942079981394282,1.0949167637140211,1.0936379623562498,1.0945158888571356,2653
2024-04-11 03:00:00+00:00,1.0947590136188003,1.0957479173974436,1.0932561742954654,1.0936201328453727,4627
2024-04-11 04:00:00+00:00,1.0939388608470526,1.094048851259089,1.0923300526645292,1.0934249183631157,5034
2024-04-11 05:00:00+00:00,1.0932570391173364,1.0942128508681122,1.0927133643696225,1.0933021391536841,3420
2024-04-11 06:00:00+00:00,1.0932933200320014,1.0934428960864204,1.0921875542093524,1.0930687979614788,5371
2024-04-11 07:00:00+00:00,1.0933371598975343,1.0933526550758916,1.0921446123259595,1.092686759604489,4570
2024-04-11 08:00:00+00:00,1.0913522626611105,1.0924768377960155,1.0903095969248295,1.090622009012172,4169
2024-04-11 09:00:00+00:00,1.0915292613468253,1.0932015067995167,1.090816384394408,1.0925079713601296,2634
2024-04-11 10:00:00+00:00,1.0925418158557154,1.0933148654523275,1.0920266150069886,1.0930120353256083,2674
2024-04-11 11:00:00+00:00,1.093200661736908,1.0933861495349098,1.0904560108817838,1.0907140322004176,4259
2024-04-11 12:00:00+00:00,1.0906769066303188,1.0919687341072097,1.0902700915492052,1.091667477721953,4919
2024-04-11 13:00:00+00:00,1.0907892434145552,1.091866535968831,1.0896184633620905,1.0907730813915844,5274
2024-04-11 14:00:00+00:00,1.0907147915058177,1.0911500121517,1.0895862246867307,1.0899690487771991,4223
2024-04-11 15:00:00+00:00,1.0905332412202142,1.0914543883562813,1.0900840491815003,1.0908524749928363,4890
2024-04-11 16:00:00+00:00,1.0906463127638704,1.0906463127638704,1.0883560559888004,1.0888687672274837,4889
2024-04-11 17:00:00+00:00,1.0887969079696929,1.0900474016179738,1.0882278473572529,1.0892477631914221,4098
2024-04-11 18:00:00+00:00,1.0891866811475484,1.0897852668003372,1.0871050811827245,1.0875135648757919,3685
2024-04-11 19:00:00+00:00,1.0875166092456447,1.0881081823056509,1.0864895200367994,1.0869328529820914,4665
2024-04-11 20:00:00+00:00,1.087614338852588,1.0885892221299542,1.0867604453956823,1.0879777047227612,4558
2024-04-11 21:00:00+00:00,1.0882367033502505,1.0886663245104502,1.087436715368943,1.0879287496663246,4879
2024-04-11 22:00:00+00:00,1.0879862661522748,1.0881176300100863,1.0868754939217633,1.0876361263554892,5230
2024-04-11 23:00:00+00:00,1.0880530887925381,1.0883583093271947,1.0870839052608348,1.0877497791024762,4589
2024-04-12 00:00:00+00:00,1.0881047642370716,1.0884146891818371,1.0870498934118349,1.0873856751374955,5936
2024-04-12 01:00:00+00:00,1.0881077897887756,1.0886333150180483,1.087373988816813,1.0878915295394096,5473
2024-04-12 02:00:00+00:00,1.0873876661039263,1.0893668015900184,1.0869864154723112,1.088784238239484,4571
2024-04-12 03:00:00+00:00,1.0881567565300572,1.08901498389866,1.0875120159201466,1.0883065387566226,3809
2024-04-12 04:00:00+00:00,1.088711709518406,1.0887813484737676,1.0869243103509327,1.0876494978670144,4555
2024-04-12 05:00:00+00:00,1.0878102517883794,1.0882412761512958,1.0870765050413642,1.0878817101550657,2433
2024-04-12 06:00:00+00:00,1.0878414048881218,1.0886188535766472,1.0867586673796041,1.0876091820660163,3368
2024-04-12 07:00:00+00:00,1.0881926430593376,1.0886723858317333,1.0877410008021446,1.0879524456858953,6398
2024-04-12 08:00:00+00:00,1.0875291705750205,1.0881373879525043,1.0843283750261925,1.085057953278967,5572
2024-04-12 09:00:00+00:00,1.0843460562808793,1.0855102366539928,1.0833905411232976,1.0837541393029446,5182
2024-04-12 10:00:00+00:00,1.0834289570911184,1.0848032179048825,1.0821847754406855,1.0841761083699395,3578
2024-04-12 11:00:00+00:00,1.0850686202911428,1.0869729413805678,1.0847203162979948,1.0858694693290143,3745
2024-04-12 12:00:00+00:00,1.0849803324705292,1.0858346617833545,1.0837022133565943,1.0847209504181503,4040
2024-04-12 13:00:00+00:00,1.0838155629690929,1.084697042547126,1.082416872324168,1.083494282332934,3141
2024-04-12 14:00:00+00:00,1.0833435972679526,1.084298659601277,1.0828233472638198,1.083110372502088,3863
2024-04-12 15:00:00+00:00,1.0830849477783824,1.0837921157378356,1.0824834024374455,1.082615204359855,5052
2024-04-12 16:00:00+00:00,1.0830495253669308,1.0836097851262083,1.081885297171717,1.082561625650002,1703
2024-04-12 17:00:00+00:00,1.0835287615764706,1.084569718083593,1.0829693839510457,1.0838586373012422,2224
2024-04-12 18:00:00+00:00,1.0836652542888952,1.0842763231128185,1.0829496396179756,1.0836392177615768,5285
2024-04-12 19:00:00+00:00,1.0834669418972418,1.0844117484636238,1.083108717355959,1.0837375341930813,1779
2024-04-12 20:00:00+00:00,1.0832582779923707,1.0840246430522709,1.0826709208739256,1.083808256572461,4864
2024-04-12 21:00:00+00:00,1.0833674858802878,1.085423282093581,1.08300365817217,1.0836118951199893,3889
2024-04-12 22:00:00+00:00,1.0838140405354206,1.085051755429382,1.0833553308726795,1.0837345931677675,4997
2024-04-12 23:00:00+00:00,1.084080863413828,1.084452002405227,1.0832604822734704,1.083662252912575,4189
2024-04-13 00:00:00+00:00,1.0835709097535202,1.084533760543625,1.0828433567340974,1.083694753954751,5316
2024-04-13 01:00:00+00:00,1.084188700201526,1.084626628887566,1.0831516886207195,1.083777256885658,3450
2024-04-13 02:00:00+00:00,1.083486065345167,1.0843668595474867,1.0832157097891455,1.0838336507927215,3329
2024-04-13 03:00:00+00:00,1.084284645745359,1.085296702007724,1.0837843821187625,1.0842413759102902,4656
2024-04-13 04:00:00+00:00,1.084148078139464,1.084968658721257,1.0837998268048663,1.0843597488548042,6902
2024-04-13 05:00:00+00:00,1.0852796902355313,1.0865993474253357,1.0848595969197008,1.0861224977315027,2953
2024-04-13 06:00:00+00:00,1.08651789109028,1.0874295056989651,1.0857222452688775,1.0867203265984675,3995
2024-04-13 07:00:00+00:00,1.0867031374300766,1.087610726733365,1.086213546119397,1.0870284340266285,4596
2024-04-13 08:00:00+00:00,1.0868236552912451,1.0875616204428566,1.0847527766231486,1.0852098687822644,4543
2024-04-13 09:00:00+00:00,1.086106055111378,1.0865830032637505,1.084037253917678,1.0850187300678693,5405
2024-04-13 10:00:00+00:00,1.0847667927906781,1.0858182852362515,1.0844201267899136,1.085247639149945,4262
2024-04-13 11:00:00+00:00,1.0847749104088062,1.0853512709461772,1.0837474094759088,1.0846174127300319,4946
2024-04-13 12:00:00+00:00,1.0845786356612523,1.0858786776282527,1.083951410955439,1.084648882262226,2399
2024-04-13 13:00:00+00:00,1.0832668870603364,1.0863347390712734,1.082312980775385,1.0856708899707832,5371
2024-04-13 14:00:00+00:00,1.0868703012240328,1.08751819170954,1.0834831211885139,1.0838084895135287,3425
2024-04-13 15:00:00+00:00,1.083758964377106,1.0853603423155744,1.0823650279214134,1.0848391774184265,5313
2024-04-13 16:00:00+00:00,1.0850360765211,1.0851595841655652,1.0826010177840615,1.083822532614621,3851
2024-04-13 17:00:00+00:00,1.0839223507389681,1.0852209680009286,1.0828686633156268,1.0840813308583521,4754
2024-04-13 18:00:00+00:00,1.084177742990944,1.0846406985192656,1.0827946009846043,1.0838343617270187,3972
2024-04-13 19:00:00+00:00,1.0835186463670752,1.0850656448063034,1.0831085069942574,1.0843251622925734,4060
2024-04-13 20:00:00+00:00,1.0842309144621292,1.0847632324479934,1.0834765689036945,1.0837803366489502,4797
2024-04-13 21:00:00+00:00,1.0837345698071787,1.0852842532891376,1.0837345698071787,1.0850746745192534,4228
2024-04-13 22:00:00+00:00,1.0848963557846614,1.0857743974501701,1.0841784630998537,1.0848086882858463,3300
2024-04-13 23:00:00+00:00,1.0843234625352858,1.0854693712807677,1.08264035017895,1.0840555359681976,5207
2024-04-14 00:00:00+00:00,1.0839500126422996,1.0848123582043012,1.0829450977160509,1.08346836771671,6750
2024-04-14 01:00:00+00:00,1.0828414407359095,1.0832187322555868,1.0819800123733059,1.0827523509368515,4228
2024-04-14 02:00:00+00:00,1.083006326547453,1.0836161482131113,1.0820384509208494,1.0829613959374753,5772
2024-04-14 03:00:00+00:00,1.0831231411652078,1.0834948381619043,1.0821260196220575,1.0826604284304393,4928
2024-04-14 04:00:00+00:00,1.0828918180197145,1.0834694576697796,1.0816153206728893,1.0823497210184316,4737
2024-04-14 05:00:00+00:00,1.0824490229390584,1.083321988234976,1.0815853884148423,1.0829056919086895,3702
2024-04-14 06:00:00+00:00,1.082675317882232,1.0833870905369631,1.0819466047031514,1.0829621021600633,4121
2024-04-14 07:00:00+00:00,1.0832941369223925,1.0837542871358068,1.081648657952071,1.082940847683798,3014
2024-04-14 08:00:00+00:00,1.0832000274702782,1.083566776364145,1.0815181866426204,1.0819917523300988,2446
2024-04-14 09:00:00+00:00,1.083461468004195,1.0862529169113369,1.0830888498026925,1.0859833053015662,5700
2024-04-14 10:00:00+00:00,1.0860766803792814,1.088324435049289,1.0857331075161574,1.0879000503432628,2338
2024-04-14 11:00:00+00:00,1.0876916789701827,1.0879654113969364,1.0857796015094496,1.0869850075372258,4243
2024-04-14 12:00:00+00:00,1.0876147773746427,1.0885254696066826,1.0856194635221954,1.0861815000459647,3640
2024-04-14 13:00:00+00:00,1.0858726625183717,1.0863005524907379,1.0850355193129038,1.0858161238094823,4386
2024-04-14 14:00:00+00:00,1.087374622399367,1.088219581410746,1.086043690751777,1.087041305265787,3826
2024-04-14 15:00:00+00:00,1.0869578221616212,1.0872672197802784,1.0861153546396636,1.0869423388031663,2811
2024-04-14 16:00:00+00:00,1.0872222896510149,1.0881646604676845,1.0862280469330823,1.0864378956932699,3395
2024-04-14 17:00:00+00:00,1.086665490333746,1.0871271791336026,1.085385879195632,1.085658273226843,3685
2024-04-14 18:00:00+00:00,1.085821585803019,1.0861381116115112,1.0847507578142446,1.0853163842389977,2075
2024-04-14 19:00:00+00:00,1.0847153073436473,1.085753493326972,1.0844258390844828,1.0852629386161758,4625
2024-04-14 20:00:00+00:00,1.0858915004863807,1.086117843718634,1.0847769727430514,1.0852998504673608,4119
2024-04-14 21:00:00+00:00,1.0851522303697736,1.0862271907100682,1.0846358671147693,1.0852557478969789,2666
2024-04-14 22:00:00+00:00,1.084697859282358,1.0860431188195012,1.0839120847921389,1.0856999677568653,2224
2024-04-14 23:00:00+00:00,1.085610202045448,1.0860661395885645,1.0845986175015916,1.0851160024653677,4806
2024-04-15 00:00:00+00:00,1.0850190282476655,1.0862611024455178,1.0839312210963317,1.0850449926922041,3303
2024-04-15 01:00:00+00:00,1.085470212761224,1.0867427430165044,1.0849529907648112,1.0855312738936693,4144
2024-04-15 02:00:00+00:00,1.085067506091017,1.0859790390181996,1.0847085468382063,1.0856969758415187,4642
2024-04-15 03:00:00+00:00,1.0855590340837022,1.085877643711164,1.083628990964259,1.0840633596516085,4015
2024-04-15 04:00:00+00:00,1.0845088087517014,1.0857168470684688,1.0838440569735117,1.0848348614029073,5247
2024-04-15 05:00:00+00:00,1.0844033693866793,1.0859052013298707,1.0842034261632414,1.0844652838723563,3819
2024-04-15 06:00:00+00:00,1.0842501678286893,1.0849226740937974,1.0833608359455371,1.0839466175316093,5528
2024-04-15 07:00:00+00:00,1.084117702393466,1.0850121172957004,1.0828813277552523,1.0841099651449795,4836
2024-04-15 08:00:00+00:00,1.0852848944171571,1.085846580838925,1.0842364400761213,1.0848689221609187,3606
2024-04-15 09:00:00+00:00,1.0848465162840297,1.085939626796066,1.0840389272682296,1.0850627111264335,4052
2024-04-15 10:00:00+00:00,1.0843877494889902,1.0868408284776079,1.0837218958293005,1.0862661967155944,4886
2024-04-15 11:00:00+00:00,1.085063856324961,1.085484910165981,1.0842896823282724,1.0851170269563548,4203
2024-04-15 12:00:00+00:00,1.0825174079047526,1.0837365216504595,1.0818829166590398,1.082594998222271,4439
2024-04-15 13:00:00+00:00,1.0819418121506277,1.0820940855491068,1.079901653487482,1.0802030823002857,3171
2024-04-15 14:00:00+00:00,1.0796628839574707,1.0804324922170825,1.0775401640822464,1.0783713694352173,4557
2024-04-15 15:00:00+00:00,1.0772781174683868,1.0786605153515836,1.0770036092748219,1.0774058616825393,4383
2024-04-15 16:00:00+00:00,1.0762980047047528,1.0782439546256255,1.0762980047047528,1.0769571258987165,2071
2024-04-15 17:00:00+00:00,1.0766067818574812,1.0771397484142882,1.075963515527517,1.076214170874709,5003
2024-04-15 18:00:00+00:00,1.076043727872057,1.0761061298849177,1.0749119331746273,1.0753339909705133,4419
2024-04-15 19:00:00+00:00,1.0757841205199583,1.0758036925133094,1.0749160715456845,1.0753239119388596,4962
2024-04-15 20:00:00+00:00,1.0762174888294274,1.0762174888294274,1.0748844885121456,1.0753120150904005,3825
2024-04-15 21:00:00+00:00,1.0751263740587438,1.075731262288956,1.0738569489719676,1.0751649137730355,3874
2024-04-15 22:00:00+00:00,1.0750550147440994,1.0758577532620186,1.0743065680066954,1.0753327813219644,2040
2024-04-15 23:00:00+00:00,1.0754547450170888,1.076354748309404,1.0749631893367058,1.0758136958161741,3881
2024-04-16 00:00:00+00:00,1.0755968397513447,1.077091531489224,1.0752155906794278,1.0764814462695589,5016
2024-04-16 01:00:00+00:00,1.076982977744141,1.0772814165224849,1.0760374506839636,1.0767540982413404,3028
2024-04-16 02:00:00+00:00,1.0768904468756502,1.078061306750579,1.076400407969582,1.0773631194924231,5500
2024-04-16 03:00:00+00:00,1.0769486496516072,1.0779628488795165,1.0760163319936455,1.07755269632034,4678
2024-04-16 04:00:00+00:00,1.077432563780651,1.0781930983381949,1.0771105064275648,1.077750610007292,5823
2024-04-16 05:00:00+00:00,1.0781443595389257,1.0790658538351465,1.0775369132142203,1.0788924279646805,2204
2024-04-16 06:00:00+00:00,1.079110921237485,1.079720486997932,1.0787950399198931,1.0793799006227112,4845
2024-04-16 07:00:00+00:00,1.0795841099778065,1.0811117831933263,1.0790628621257203,1.0803784159749252,3367
2024-04-16 08:00:00+00:00,1.0793713234574496,1.0799360431873373,1.0782477072539622,1.0785358544382584,5186
2024-04-16 09:00:00+00:00,1.078937292232767,1.0797638852412585,1.0777874872727158,1.0778527018049295,4091
2024-04-16 10:00:00+00:00,1.0770512210373426,1.0780241944814861,1.0749842719338845,1.0766759576895677,4116
2024-04-16 11:00:00+00:00,1.076932258817462,1.0783754586039072,1.075955902882306,1.0763972696065918,3965
2024-04-16 12:00:00+00:00,1.0768219246079784,1.0786033995434952,1.0764002721038608,1.0779113296068605,4119
2024-04-16 13:00:00+00:00,1.0778911869751024,1.0785116978041864,1.0762324339038312,1.077716383265363,3477
2024-04-16 14:00:00+00:00,1.0767156595780412,1.0770584839874737,1.0739131945898381,1.074244105471422,5048
2024-04-16 15:00:00+00:00,1.0740303901689894,1.07563566229605,1.0735271515145492,1.0740060903241038,5439
2024-04-16 16:00:00+00:00,1.0749638210369168,1.075973230072759,1.0739613611863097,1.0751046947359157,5395
2024-04-16 17:00:00+00:00,1.0753555898342981,1.0759636991239445,1.074784770877372,1.0752505485861956,4692
2024-04-16 18:00:00+00:00,1.0755877389846864,1.076689816277832,1.0745885235132036,1.0756037221059427,3438
2024-04-16 19:00:00+00:00,1.0757975564878461,1.0766913332502286,1.0754985812487183,1.0759291712260275,5275
2024-04-16 20:00:00+00:00,1.0754259044987837,1.0762356961478923,1.074783109620894,1.0754971014159291,3463
2024-04-16 21:00:00+00:00,1.0756685410853317,1.076805230795499,1.0745026330881218,1.0760654459282475,3779
2024-04-16 22:00:00+00:00,1.0760311870727917,1.0774352876702245,1.075559184998262,1.0763120968589615,5066
2024-04-16 23:00:00+00:00,1.0760987457684157,1.0770520769233782,1.0755708706718374,1.076307696261158,5648
2024-04-17 00:00:00+00:00,1.0764107819816102,1.0774701753354818,1.0757062474645973,1.076964223565549,4247
2024-04-17 01:00:00+00:00,1.0771513760332412,1.078041742134159,1.0768681139537417,1.077429852007269,5044
2024-04-17 02:00:00+00:00,1.0776858080527567,1.0785947324391938,1.0771420763101656,1.0783469849624407,5214
2024-04-17 03:00:00+00:00,1.0785140949426182,1.0795673023400525,1.0779534556063688,1.0785824175541177,3839
2024-04-17 04:00:00+00:00,1.0789667992589325,1.0789667992589325,1.0767602299457155,1.0778021793021513,3805
2024-04-17 05:00:00+00:00,1.0776450370960482,1.0780158987438295,1.0765039986679894,1.0770210545087995,3375
2024-04-17 06:00:00+00:00,1.0769557217382755,1.0776257489860666,1.0758109493566568,1.0770742153459258,3011
2024-04-17 07:00:00+00:00,1.0767364265554686,1.0785077996209969,1.0767364265554686,1.078254627925587,3559
2024-04-17 08:00:00+00:00,1.0773627009949538,1.0782555631826547,1.0765823602297047,1.0768031094516624,5576
2024-04-17 09:00:00+00:00,1.0768723061314611,1.0778263349491681,1.0762864445246476,1.0776259404239812,2719
2024-04-17 10:00:00+00:00,1.0777709041641235,1.0778303897829704,1.0762141591389551,1.076965754095521,5135
2024-04-17 11:00:00+00:00,1.0776620213468235,1.0788236589160316,1.0767744248562894,1.0782049371670224,4553
2024-04-17 12:00:00+00:00,1.0794098094704925,1.0816728679469523,1.0794098094704925,1.0811959932136879,4277
2024-04-17 13:00:00+00:00,1.0811226029772325,1.0814799160940511,1.0796204437076375,1.080268931077055,6534
2024-04-17 14:00:00+00:00,1.0807061012097325,1.0823784046104745,1.0798748897700399,1.081271795608709,3629
2024-04-17 15:00:00+00:00,1.0807829275363046,1.083228403661405,1.0807813311894054,1.0823525966562333,6625
2024-04-17 16:00:00+00:00,1.082339054637209,1.083295932069992,1.0813929572705392,1.0825266759819212,3011
2024-04-17 17:00:00+00:00,1.082187849880606,1.0830041748370305,1.0805154716693812,1.081065884136317,4865
2024-04-17 18:00:00+00:00,1.0807480768278,1.0818452658630282,1.0801280411388845,1.081042695653864,2151
2024-04-17 19:00:00+00:00,1.0815397081318732,1.0824445429219958,1.0811178055370672,1.0818014359855694,5632
2024-04-17 20:00:00+00:00,1.0812876542749577,1.0816035059908549,1.0806956161367034,1.0811854867168667,3709
2024-04-17 21:00:00+00:00,1.082028906374681,1.0824385774679257,1.0811057557435797,1.0814584297046694,4378
2024-04-17 22:00:00+00:00,1.0815836598091213,1.082422807450513,1.0810374397415432,1.081384143375344,5438
2024-04-17 23:00:00+00:00,1.0810012387152745,1.081457526277577,1.0792695980486222,1.0805132652249536,3306
2024-04-18 00:00:00+00:00,1.080559458829463,1.081573830816429,1.0799417950666674,1.0805947054958827,5256
2024-04-18 01:00:00+00:00,1.0805417291270707,1.0810329260791696,1.0800696577969282,1.080510240386041,5669
2024-04-18 02:00:00+00:00,1.0806328441727335,1.0820907253834235,1.0800814340727565,1.081289087799321,3356
2024-04-18 03:00:00+00:00,1.0811250934503154,1.082952499922172,1.0805366043062836,1.0820907647685314,4555
2024-04-18 04:00:00+00:00,1.0820137991678105,1.0826558143489142,1.0809726628167056,1.0815505547126123,5536
2024-04-18 05:00:00+00:00,1.0816346478194006,1.0828346344658564,1.0808436862773452,1.0813919233752374,4596
2024-04-18 06:00:00+00:00,1.081371883093691,1.0829415349190974,1.081371883093691,1.0823449251029402,4829
2024-04-18 07:00:00+00:00,1.0818574170383952,1.0826541977720328,1.0814774074635132,1.0823282299687842,6993
2024-04-18 08:00:00+00:00,1.0809509187876778,1.0820208104583224,1.0804625337079545,1.0817413045451603,4632
2024-04-18 09:00:00+00:00,1.0817303110995187,1.0825450098647194,1.0809508081808346,1.082331074202655,5837
2024-04-18 10:00:00+00:00,1.0816151053700782,1.0833629491278498,1.0816151053700782,1.0828007028562188,5407
2024-04-18 11:00:00+00:00,1.082869192044245,1.0831407974723504,1.0812778581456015,1.081756452546209,3342
2024-04-18 12:00:00+00:00,1.0818494805759413,1.0838861838725766,1.0813548711330552,1.083388317955899,2508
2024-04-18 13:00:00+00:00,1.0835409393845996,1.0853929860730127,1.0827578555147697,1.084508314183897,2395
2024-04-18 14:00:00+00:00,1.084466582974696,1.0847296023362465,1.0829858602395135,1.0841435885521666,3963
2024-04-18 15:00:00+00:00,1.0840301443535785,1.0847591681624302,1.08249067842596,1.0833542226399042,2986
2024-04-18 16:00:00+00:00,1.0838149036946774,1.084929467842329,1.0836699625032762,1.084525826408996,3588
2024-04-18 17:00:00+00:00,1.0846225775629865,1.0854158065215525,1.083451731701252,1.0845122074341407,4210
2024-04-18 18:00:00+00:00,1.0842690830479766,1.0845069090516033,1.0833994444642245,1.083961056155023,3863
2024-04-18 19:00:00+00:00,1.0839677669343286,1.0847323456660873,1.0833447496650008,1.0842794636617852,5771
2024-04-18 20:00:00+00:00,1.0839174001822265,1.0846302162839492,1.0825886382426295,1.083885273922335,4644
2024-04-18 21:00:00+00:00,1.0836098365094702,1.0849354179859299,1.0831798852261172,1.0840094818652333,5390
2024-04-18 22:00:00+00:00,1.0839568883224002,1.084860868651556,1.0830569294774848,1.084434280332325,4223
2024-04-18 23:00:00+00:00,1.0848425468695453,1.0856933596515481,1.0832633451915046,1.0840011589402199,2600
2024-04-19 00:00:00+00:00,1.0839739845286418,1.0840663512524102,1.082922575121243,1.0830898611728532,5084
2024-04-19 01:00:00+00:00,1.0836720218459923,1.084829130136114,1.0832108667998999,1.084452520997908,3562
2024-04-19 02:00:00+00:00,1.0847133675584475,1.0850398450351244,1.0829125965282784,1.0841152224098347,2188
2024-04-19 03:00:00+00:00,1.0837695644469187,1.0846697711401694,1.0829498215844913,1.0844383710218872,5025
2024-04-19 04:00:00+00:00,1.0848529429610656,1.0851761348669624,1.0841242923888725,1.0844181819707868,5963
2024-04-19 05:00:00+00:00,1.0842927172514176,1.085693255106175,1.0839443758240461,1.0847811921505999,4183
2024-04-19 06:00:00+00:00,1.0852999814565487,1.0854780212476267,1.0839016380204591,1.0841581119190455,6051
2024-04-19 07:00:00+00:00,1.0841863209317384,1.0845613970767836,1.0830729112835848,1.0833328527008204,4057
2024-04-19 08:00:00+00:00,1.0830982570016192,1.0835266940656627,1.0817006316371929,1.0830401440247404,5264
2024-04-19 09:00:00+00:00,1.0831753803484152,1.0866942405640543,1.0827219991616468,1.0858937531428237,4607
2024-04-19 10:00:00+00:00,1.0857488399548991,1.086940421976903,1.0848459017385632,1.086249383583806,5316
2024-04-19 11:00:00+00:00,1.0846796715570641,1.0860145241992485,1.0833461162791802,1.083643928733982,4926
2024-04-19 12:00:00+00:00,1.0837349750050538,1.083826128269053,1.0820990301737239,1.0826524203365324,4686
2024-04-19 13:00:00+00:00,1.0832099028097728,1.083998752291672,1.0819957242809253,1.0823309331967836,4680
2024-04-19 14:00:00+00:00,1.0837736262118156,1.0845875059055965,1.0819051826947086,1.0823150649744582,4034
2024-04-19 15:00:00+00:00,1.082205951132303,1.0829457608243298,1.0815868030086018,1.0819714655573212,3013
2024-04-19 16:00:00+00:00,1.0813857614353772,1.0838308028680916,1.080750044986075,1.0833086003471084,5759
2024-04-19 17:00:00+00:00,1.0828587013890225,1.0837973037045685,1.0824045782705214,1.0827048845941047,4972
2024-04-19 18:00:00+00:00,1.0826648956997125,1.0831413186447147,1.0811183995033231,1.0816355173198795,4545
2024-04-19 19:00:00+00:00,1.0824847154920725,1.0824967247519366,1.0814748530836198,1.0819106637815745,4960
2024-04-19 20:00:00+00:00,1.0811194449638295,1.0817776924510878,1.0802014000130578,1.0811376409559816,3790
2024-04-19 21:00:00+00:00,1.0811308242773316,1.081976026545243,1.0806860970055376,1.0813488508848719,5698
2024-04-19 22:00:00+00:00,1.0811732078635192,1.0815620837926236,1.0795465473844406,1.0802680687038548,5813
2024-04-19 23:00:00+00:00,1.0795768200537639,1.0807926898363667,1.0795032779323883,1.0797332585164017,4166
2024-04-20 00:00:00+00:00,1.0803071091256142,1.081042326060574,1.0791794486413313,1.0803119649340787,3991
2024-04-20 01:00:00+00:00,1.0801377137447195,1.0814609618608058,1.0798753504335765,1.0810362408373413,6535
2024-04-20 02:00:00+00:00,1.0814390573638586,1.0818669259118203,1.080833881861488,1.0810444683071398,6041
2024-04-20 03:00:00+00:00,1.0807527188390702,1.0816086082626468,1.0795642084392332,1.0802185729929572,4158
2024-04-20 04:00:00+00:00,1.080541577105051,1.0807253919357098,1.0797184523510108,1.080300074283086,3551
2024-04-20 05:00:00+00:00,1.0799530040990373,1.0812421850216327,1.079406121377051,1.0806618290356234,2758
2024-04-20 06:00:00+00:00,1.0799345111867271,1.0800917746544985,1.078648102486614,1.0794652090040395,3453
2024-04-20 07:00:00+00:00,1.0792573417473847,1.0802019650164083,1.078927823536048,1.0795196636021611,3578
2024-04-20 08:00:00+00:00,1.079013279563833,1.0807492338521827,1.0787332158218221,1.0800893325052143,5014
2024-04-20 09:00:00+00:00,1.0803127407190107,1.0820667683199678,1.0799786612021267,1.0817435954769092,3173
2024-04-20 10:00:00+00:00,1.0816166622163188,1.0832671158396077,1.0816166622163188,1.0817826488051898,5948
2024-04-20 11:00:00+00:00,1.080854225508823,1.0814223802529686,1.078911913656362,1.080011329761867,2952
2024-04-20 12:00:00+00:00,1.0797606955175059,1.0813640457805116,1.079610361405104,1.0801509490640973,3174
2024-04-20 13:00:00+00:00,1.080886409661238,1.082328584617491,1.0802916114795058,1.0816794441008766,2305
2024-04-20 14:00:00+00:00,1.0818662264634256,1.0834449328127667,1.0816392574915137,1.0829648294653977,3937
2024-04-20 15:00:00+00:00,1.0811979390377984,1.082584607797716,1.0804011533439624,1.0819312303362518,4121
2024-04-20 16:00:00+00:00,1.0832592706158555,1.0851427718292277,1.0826441381621692,1.0846208376057611,3410
2024-04-20 17:00:00+00:00,1.0844574229206403,1.0861787378951018,1.083887373653776,1.0857646132844918,2262
2024-04-20 18:00:00+00:00,1.085655670011525,1.086526901643537,1.0847528953869467,1.0852647825957569,3612
2024-04-20 19:00:00+00:00,1.084819636371664,1.0850466280355815,1.083878011469813,1.0840280330374654,5767
2024-04-20 20:00:00+00:00,1.083855925722296,1.0846519448609888,1.0833391828357215,1.0842899989499875,3435
2024-04-20 21:00:00+00:00,1.083958343779924,1.0854507470512555,1.0836611150419657,1.0847193841230398,4402
2024-04-20 22:00:00+00:00,1.084491596120536,1.0855517336400082,1.0837772861854367,1.084107830770318,3255
2024-04-20 23:00:00+00:00,1.0839047552352605,1.0846940333373776,1.0827906450222327,1.0831859787555729,4547
2024-04-21 00:00:00+00:00,1.0837579509755657,1.0848669283746764,1.0831854413509523,1.0841351232368692,5254
2024-04-21 01:00:00+00:00,1.083897561961062,1.0855842536156128,1.0831417045898137,1.084643950763327,3064
2024-04-21 02:00:00+00:00,1.084118626146528,1.0849805975715576,1.083789926113603,1.0845870680249379,6814
2024-04-21 03:00:00+00:00,1.0848026359833274,1.085843614340995,1.0839537211343955,1.085001741558844,3806
2024-04-21 04:00:00+00:00,1.0852591020840554,1.0854520383979125,1.0836606322389952,1.0838451287721598,3754
2024-04-21 05:00:00+00:00,1.0836834827624382,1.0843781745842986,1.0828606880012601,1.0839415929147336,4760
2024-04-21 06:00:00+00:00,1.0845532453445035,1.0846959013896975,1.0832981394801438,1.0839143477469393,2706
2024-04-21 07:00:00+00:00,1.0842013516609241,1.0849484957688076,1.082453982361438,1.0827769662594917,6225
2024-04-21 08:00:00+00:00,1.0827140080642526,1.0837964681731291,1.082233239387843,1.0827447541600683,5086
2024-04-21 09:00:00+00:00,1.0832534991714933,1.0855514018131847,1.0830504919120185,1.084660567942182,4893
2024-04-21 10:00:00+00:00,1.083498989577848,1.087035878694644,1.083498989577848,1.0868968613194425,5277
2024-04-21 11:00:00+00:00,1.0852394772415195,1.0860031956639542,1.0848401919507684,1.0850639209520117,3932
2024-04-21 12:00:00+00:00,1.0861260731301503,1.0867900732738953,1.0855256667541044,1.0859580509825826,4550
2024-04-21 13:00:00+00:00,1.0854072831370982,1.0860394802563664,1.0843103944176091,1.0856227241762881,3814
2024-04-21 14:00:00+00:00,1.08753191150731,1.08753191150731,1.083933385865161,1.0845143831367217,4475
2024-04-21 15:00:00+00:00,1.0835688921339235,1.0857282550638896,1.083106210849908,1.0851052481725436,4806
2024-04-21 16:00:00+00:00,1.0857503513374918,1.0859204386828805,1.083390157199323,1.0836561661856663,2162
2024-04-21 17:00:00+00:00,1.0835639988567247,1.084280202637974,1.0829841516301106,1.0835175937997454,4649
2024-04-21 18:00:00+00:00,1.0830469677719259,1.083301672597256,1.080843315272036,1.081278202683479,3331
2024-04-21 19:00:00+00:00,1.0813259286775916,1.0817202324349957,1.0805845335561677,1.0807048280877272,4155
2024-04-21 20:00:00+00:00,1.0795025837148449,1.0807206515215924,1.0792325416076698,1.0796347257884915,5204
2024-04-21 21:00:00+00:00,1.0793277426053467,1.0800402498449668,1.0784769346607759,1.0792568742620723,4925
2024-04-21 22:00:00+00:00,1.0788941461974564,1.0801892266549322,1.078226488036791,1.0796479997367903,2624
2024-04-21 23:00:00+00:00,1.079476713587882,1.079476713587882,1.07832027501086,1.078745052005666,4329
2024-04-22 00:00:00+00:00,1.0791434679882415,1.080003575279614,1.0769643542585858,1.0777796735150602,5072
2024-04-22 01:00:00+00:00,1.0774619120034428,1.0785111359706823,1.0770677644095938,1.077864909742486,4773
2024-04-22 02:00:00+00:00,1.077711940535528,1.0784943577555826,1.0771846454507392,1.077952101536875,3784
2024-04-22 03:00:00+00:00,1.0785415965220853,1.0800318443386978,1.0781915866088172,1.0783602260608975,5431
2024-04-22 04:00:00+00:00,1.0793272181551485,1.080671503945502,1.0786353434667741,1.0803579707173523,5694
2024-04-22 05:00:00+00:00,1.080555100079064,1.0828266385749739,1.080555100079064,1.0824116916757496,5143
2024-04-22 06:00:00+00:00,1.0822450902432605,1.0828989266385738,1.0813237988291517,1.0819853809775757,4990
2024-04-22 07:00:00+00:00,1.081780991135345,1.0828292119756378,1.0805631356605714,1.0807664072269292,5507
2024-04-22 08:00:00+00:00,1.0815066760064185,1.0843799959184968,1.0810779689012404,1.0840579875448626,3617
2024-04-22 09:00:00+00:00,1.0840785367502357,1.0844232520697008,1.0819815184692836,1.0821702105724806,4866
2024-04-22 10:00:00+00:00,1.0816760648881705,1.0830989140990732,1.081177574136014,1.0828292629497782,3759
2024-04-22 11:00:00+00:00,1.082664534475791,1.0827555488650304,1.0804227034056413,1.0808839774597152,4006
2024-04-22 12:00:00+00:00,1.0817110223993556,1.082429905149314,1.0807119652649246,1.0819993468949491,5672
2024-04-22 13:00:00+00:00,1.0822044667965287,1.083355316470595,1.0810768879569976,1.0818221260293495,3475
2024-04-22 14:00:00+00:00,1.0818308148005356,1.0822496033749645,1.0809194086147376,1.0812004914530835,5084
2024-04-22 15:00:00+00:00,1.081097459692598,1.08156648937599,1.0807509994408384,1.0811341220340136,4716
2024-04-22 16:00:00+00:00,1.080718171334082,1.0818972209631086,1.0804721541661284,1.0811241122354414,4648
2024-04-22 17:00:00+00:00,1.0815776102104602,1.082476587770316,1.080509175002912,1.080823384771889,6505
2024-04-22 18:00:00+00:00,1.080802339460097,1.081380496212859,1.0799045512473373,1.0803608027200209,3007
2024-04-22 19:00:00+00:00,1.0804097540917834,1.0811598632440211,1.0793371721672167,1.080586648018228,5281
2024-04-22 20:00:00+00:00,1.0810813729877595,1.0813222673672713,1.0798843023732236,1.0810037578328886,5478
2024-04-22 21:00:00+00:00,1.0809232755483602,1.0816399465249151,1.079802730912491,1.0802731780790245,3985
2024-04-22 22:00:00+00:00,1.0806272441878342,1.0806272441878342,1.0786308557480864,1.078962274292193,3353
2024-04-22 23:00:00+00:00,1.0787521788118597,1.0797689290352976,1.0786880668272694,1.0794397367350146,5078
2024-04-23 00:00:00+00:00,1.0798871053877774,1.0806008587468254,1.078912925472208,1.0793001481833258,5303
2024-04-23 01:00:00+00:00,1.0798077466955267,1.080559496307243,1.078543105922071,1.0790812214062686,3375
2024-04-23 02:00:00+00:00,1.0791135841380923,1.0794173898275456,1.0782688151819353,1.0788443306298017,3498
2024-04-23 03:00:00+00:00,1.0788602398575031,1.0788602398575031,1.077607741628201,1.078166548447923,3307
2024-04-23 04:00:00+00:00,1.077985775003528,1.0789610880228988,1.0776557822967023,1.0786465455128031,4024
2024-04-23 05:00:00+00:00,1.0784200015400744,1.079048268597611,1.077669156404497,1.0788167780642954,6691
2024-04-23 06:00:00+00:00,1.0785837843763793,1.0801419437079842,1.0783647810535035,1.0798982724170498,4621
2024-04-23 07:00:00+00:00,1.0793490430577124,1.0804089956639287,1.078789740980127,1.079354795027885,2393
2024-04-23 08:00:00+00:00,1.0785928743148,1.0790462314939397,1.0765628188923875,1.077178924262164,4517
2024-04-23 09:00:00+00:00,1.0773766412940922,1.079298899802619,1.0763137585939146,1.0782293240374587,5298
2024-04-23 10:00:00+00:00,1.0777176648454694,1.0798016764714133,1.0773276608805655,1.0791643407442315,5023
2024-04-23 11:00:00+00:00,1.0796600868049753,1.0805155436794909,1.0791024020193556,1.079668261860758,5340
2024-04-23 12:00:00+00:00,1.0798674882571135,1.0802893766951862,1.0773303740592943,1.0777448187294403,5891
2024-04-23 13:00:00+00:00,1.0776666156920909,1.0778588709371946,1.0751789402360525,1.0752727689964852,3943
2024-04-23 14:00:00+00:00,1.0756367573991508,1.075977280649922,1.0730347828979754,1.0737643889555726,3738
2024-04-23 15:00:00+00:00,1.073783431603359,1.0744050584810163,1.0720121838999022,1.073084366282673,3511
2024-04-23 16:00:00+00:00,1.0731340630579824,1.0744128312475185,1.071831954139697,1.0721337241211437,4511
2024-04-23 17:00:00+00:00,1.071742222749161,1.0729413514041728,1.0714458783678464,1.0716319022561862,5518
2024-04-23 18:00:00+00:00,1.071483555047727,1.0724785279302256,1.0712328506205202,1.0722775202073151,6247
2024-04-23 19:00:00+00:00,1.0721061091982038,1.072674569046864,1.0711467885135981,1.07160813439255,5956
2024-04-23 20:00:00+00:00,1.0714577527425242,1.07230402044948,1.070441391650906,1.0709133533698305,4703
2024-04-23 21:00:00+00:00,1.0717231185386182,1.0723114216545058,1.0702370169427216,1.0713388122698249,3552
2024-04-23 22:00:00+00:00,1.0712773176122,1.0716470057341991,1.069853035088095,1.0702561713037773,4688
2024-04-23 23:00:00+00:00,1.0705660989128953,1.0708083109114108,1.0695223386139607,1.0700375648146523,5240
2024-04-24 00:00:00+00:00,1.0696928976131796,1.0714926875266835,1.069690040761922,1.070502158232467,4662
2024-04-24 01:00:00+00:00,1.070779516216113,1.0715250351575372,1.070108778556767,1.0711192517655743,4513
2024-04-24 02:00:00+00:00,1.0713955644788078,1.0722941294643016,1.0709934444499485,1.0717112999789569,4268
2024-04-24 03:00:00+00:00,1.071532888967546,1.0718985708279902,1.0703428138336848,1.071168117544926,2631
2024-04-24 04:00:00+00:00,1.0716246229875848,1.0718108841211267,1.069286581819571,1.06953499639586,6370
2024-04-24 05:00:00+00:00,1.0695027588615045,1.0709227572688338,1.0691833905536445,1.069970409750932,6091
2024-04-24 06:00:00+00:00,1.0695772099332987,1.0705751164393358,1.069388375142828,1.0701916106829525,3616
2024-04-24 07:00:00+00:00,1.070013859871428,1.0715328655894163,1.069577723063061,1.0706682280367112,3611
2024-04-24 08:00:00+00:00,1.0710159436973448,1.0727613542033891,1.0703058655559181,1.0718586763667828,5137
2024-04-24 09:00:00+00:00,1.0721353289415598,1.0726693536109255,1.0698132258396749,1.0703714780072722,4723
2024-04-24 10:00:00+00:00,1.0708560130958984,1.0730731075599715,1.0701947374516316,1.072941479660553,4368
2024-04-24 11:00:00+00:00,1.0730181991075052,1.0745634816016545,1.072124605967873,1.0738617713279175,5558
2024-04-24 12:00:00+00:00,1.074575232334998,1.074811979526201,1.0725203856356298,1.0727504866236226,4999
2024-04-24 13:00:00+00:00,1.073003642769766,1.0753281616525325,1.0728134844967707,1.0747082824949348,5165
2024-04-24 14:00:00+00:00,1.074611064675612,1.0752355112097753,1.0733088659495629,1.0748199288095397,5689
2024-04-24 15:00:00+00:00,1.0749699269062667,1.0765248195959287,1.0748350668269342,1.075736277108676,7091
2024-04-24 16:00:00+00:00,1.0753276848035305,1.0761875080906227,1.0745604753205582,1.075284530339683,5692
2024-04-24 17:00:00+00:00,1.0754480356650922,1.0759178679524668,1.0744329934162058,1.075297522855365,5318
2024-04-24 18:00:00+00:00,1.0751984774531027,1.076312842685919,1.0738659939116506,1.0745825220996792,3744
2024-04-24 19:00:00+00:00,1.074964688701128,1.0755494407316186,1.0741610877887542,1.074981565460433,2939
2024-04-24 20:00:00+00:00,1.075050603158834,1.076515795611151,1.0747037337254972,1.0760295438811749,4824
2024-04-24 21:00:00+00:00,1.0756094734000978,1.0760702408628107,1.0745524861497473,1.0755809859738845,5459
2024-04-24 22:00:00+00:00,1.0756966922116586,1.0763455663941823,1.0747797238065826,1.075283230553524,3536
2024-04-24 23:00:00+00:00,1.0750298546950987,1.0754990110620963,1.07433210507551,1.0751553327670829,4110
2024-04-25 00:00:00+00:00,1.074983222766719,1.0753410370367573,1.074020243499874,1.074291905331074,5048
2024-04-25 01:00:00+00:00,1.0744987082351776,1.075616988369894,1.0739892858525781,1.0755261869099706,3605
2024-04-25 02:00:00+00:00,1.0755635276778452,1.0768133226812433,1.0749303843961175,1.0765663313613751,3110
2024-04-25 03:00:00+00:00,1.0758163657328141,1.0776322086335024,1.0750329559546707,1.0764491015933444,4056
2024-04-25 04:00:00+00:00,1.076083988083695,1.0762555228915507,1.0751825033736726,1.0755014421859042,6095
2024-04-25 05:00:00+00:00,1.075893494070655,1.07654044681897,1.0744347073663378,1.0745754304256119,5739
2024-04-25 06:00:00+00:00,1.0749607809923836,1.0758141119968971,1.074391901921352,1.0752018167835844,4954
2024-04-25 07:00:00+00:00,1.075579234909018,1.0762772084957726,1.075300179569839,1.075820859182323,4754
2024-04-25 08:00:00+00:00,1.0744716527288691,1.0751683628354085,1.0722718627548957,1.0733837216829125,5278
2024-04-25 09:00:00+00:00,1.0736296967874057,1.0741993845944529,1.0712631022907813,1.0714944387155652,4849
2024-04-25 10:00:00+00:00,1.0726471453358155,1.0752099077622754,1.07214126724474,1.0750915838358297,5622
2024-04-25 11:00:00+00:00,1.0745974980699848,1.0768103516320988,1.0737304512826522,1.0759489958553483,3478
2024-04-25 12:00:00+00:00,1.076026017530829,1.076162453202465,1.0729680029111375,1.0753259522334364,2870
2024-04-25 13:00:00+00:00,1.0756524291504357,1.0760157328534392,1.0750911948553163,1.0752474540261177,4468
2024-04-25 14:00:00+00:00,1.0753255037741465,1.0759961924489927,1.0746301380918057,1.075337670124115,4384
2024-04-25 15:00:00+00:00,1.0753166178007545,1.0758672295442833,1.0729075760617612,1.0740461616738661,2900
2024-04-25 16:00:00+00:00,1.0742808390132328,1.07505043514528,1.0729221379157539,1.0737695724249712,4403
2024-04-25 17:00:00+00:00,1.0732922549974087,1.0740292199714454,1.072631566332508,1.0727990883620682,2974
2024-04-25 18:00:00+00:00,1.0735396080015336,1.0737809579710285,1.0722805043098966,1.0730298071028315,6490
2024-04-25 19:00:00+00:00,1.0734028985158088,1.0745022175248995,1.0730099795667332,1.0737664824686555,5435
2024-04-25 20:00:00+00:00,1.073818811000527,1.0752388942856164,1.073672502502406,1.0745515295340329,2750
2024-04-25 21:00:00+00:00,1.0746046843986294,1.0756113957413274,1.0737219586931044,1.0750395933278059,5561
2024-04-25 22:00:00+00:00,1.0747584627360542,1.0754209075003847,1.073755289473168,1.074253067284387,4454
2024-04-25 23:00:00+00:00,1.0743216916550804,1.0755277777885741,1.073698139480216,1.0750380044539753,6368
2024-04-26 00:00:00+00:00,1.0745717850849754,1.0748811149195405,1.0733258187403834,1.0736803982393015,5853
2024-04-26 01:00:00+00:00,1.0734199449717987,1.0741480086449529,1.0724832199446754,1.0733130524398982,4995
2024-04-26 02:00:00+00:00,1.073554630591675,1.0752012844890646,1.072705211169082,1.0743226934014454,2707
2024-04-26 03:00:00+00:00,1.0745429578627572,1.0748156910907627,1.073769887813156,1.0743392429956715,4169
2024-04-26 04:00:00+00:00,1.0739964853158899,1.0745397421856657,1.0720595065467768,1.0725897735736654,3881
2024-04-26 05:00:00+00:00,1.072916075554181,1.0735204409285504,1.0719435623901443,1.0730651685069992,3408
2024-04-26 06:00:00+00:00,1.073666313161678,1.0748096144479797,1.072765991751228,1.0731938622856834,6239
2024-04-26 07:00:00+00:00,1.074256578184905,1.075415532260245,1.0738356207968887,1.0744861754055446,4776
2024-04-26 08:00:00+00:00,1.0755324625883076,1.0759110953285898,1.0746665711881775,1.0757617776341473,5678
2024-04-26 09:00:00+00:00,1.0757531518029457,1.0763084397971443,1.0746178766910033,1.075421661059665,5021
2024-04-26 10:00:00+00:00,1.0757480724795325,1.0772291874231146,1.0751347760639844,1.0764736462488804,4557
2024-04-26 11:00:00+00:00,1.0768263196046004,1.076910362588511,1.0735325367577087,1.0743586925596782,5702
2024-04-26 12:00:00+00:00,1.074058599962239,1.0743349901317136,1.0726546241642596,1.0737405078943245,5624
2024-04-26 13:00:00+00:00,1.0740711780614673,1.074907539855734,1.073262415405793,1.0734077011073255,3065
2024-04-26 14:00:00+00:00,1.0734267184565252,1.0735755045711286,1.0722039819537075,1.0723213901935904,4687
2024-04-26 15:00:00+00:00,1.072837358980912,1.0737158757262302,1.0709754539365577,1.0732780886932867,4868
2024-04-26 16:00:00+00:00,1.0733183585831483,1.0741133371761462,1.0717253223768826,1.0723936934687297,5333
2024-04-26 17:00:00+00:00,1.0723545672467871,1.073404284865072,1.0722525126781302,1.0730280340368687,3432
2024-04-26 18:00:00+00:00,1.07277749954042,1.0746032923550533,1.0725598294572174,1.0739830391861702,4361
2024-04-26 19:00:00+00:00,1.074121617084021,1.0747871481040698,1.0737102556485167,1.0746217885049243,5028
2024-04-26 20:00:00+00:00,1.0749300555900552,1.0763089993949584,1.0739440657970436,1.0756252355402076,4750
2024-04-26 21:00:00+00:00,1.075515090702141,1.075861029910978,1.0740875007149195,1.0750936296641944,6029
2024-04-26 22:00:00+00:00,1.0747181343046606,1.0751103731997362,1.07362345281298,1.0748444783836049,4554
2024-04-26 23:00:00+00:00,1.0751421455095214,1.0758224168365556,1.0746527423748284,1.0754352755297567,4141
2024-04-27 00:00:00+00:00,1.075201496310143,1.075865791747653,1.0748850418568903,1.0752598138421718,2929
2024-04-27 01:00:00+00:00,1.075435292835606,1.0756870687888929,1.0744152087691676,1.074982251766867,4249
2024-04-27 02:00:00+00:00,1.0749407901469032,1.0757350805498924,1.074534595191928,1.0752738967307327,5147
2024-04-27 03:00:00+00:00,1.0755068505475773,1.0765819602447333,1.074678496620496,1.0759005112067914,6471
2024-04-27 04:00:00+00:00,1.0759724026647448,1.0773869933390123,1.0753947825727728,1.0767024835004695,5307
2024-04-27 05:00:00+00:00,1.0765179478031577,1.0771407607170993,1.0760148833028615,1.0765381642230458,5737
2024-04-27 06:00:00+00:00,1.076633038001694,1.077340075532587,1.0753141004556692,1.0756840495353364,4907
2024-04-27 07:00:00+00:00,1.075316463072848,1.0753662291580395,1.074572188791374,1.0749475826438535,3585
2024-04-27 08:00:00+00:00,1.0740071982249744,1.0757741873482147,1.073680290630662,1.0754443625723427,6271
2024-04-27 09:00:00+00:00,1.0761905351052945,1.0797171404020927,1.0754008580912402,1.0792437634914287,2683
2024-04-27 10:00:00+00:00,1.0789333790349702,1.0795658534042172,1.0779988599235362,1.0794818880140145,3991
2024-04-27 11:00:00+00:00,1.0799508928488266,1.0822669139756123,1.0799119397939143,1.0818341939911966,4628
2024-04-27 12:00:00+00:00,1.0805337250172657,1.083085718571755,1.0805337250172657,1.0822367099553192,3505
2024-04-27 13:00:00+00:00,1.0818354834973334,1.0826655883645244,1.0801219757670388,1.080574437588994,4890
2024-04-27 14:00:00+00:00,1.079597088977234,1.0812547219477637,1.0787484635902542,1.0810030152504204,1909
2024-04-27 15:00:00+00:00,1.0815991835336913,1.0844659759113346,1.0814273376630525,1.0826461142312842,4145
2024-04-27 16:00:00+00:00,1.082166049044106,1.082166049044106,1.0801836417574915,1.0805648959467542,4905
2024-04-27 17:00:00+00:00,1.0806233289443807,1.0810491856756694,1.079981373626391,1.080270578027032,2418
2024-04-27 18:00:00+00:00,1.0797838282542125,1.0800429390971327,1.078167330609719,1.0789129668517023,2297
2024-04-27 19:00:00+00:00,1.0787907744590182,1.0787907744590182,1.077245229605118,1.0779401424647994,4873
2024-04-27 20:00:00+00:00,1.0777967271893647,1.078079097370947,1.076048004676393,1.0767940418831863,5671
2024-04-27 21:00:00+00:00,1.0765436352818785,1.0775608699801467,1.0760224978384225,1.0769666541155358,5316
2024-04-27 22:00:00+00:00,1.0768374339451663,1.0775732120763644,1.076166065184659,1.0771528043238034,2639
2024-04-27 23:00:00+00:00,1.0773144220952724,1.0789614201558857,1.0773144220952724,1.0782784896436408,2926
2024-04-28 00:00:00+00:00,1.0786110689827777,1.078803196261324,1.077664922861091,1.0782327795036333,4263
2024-04-28 01:00:00+00:00,1.0784821196164969,1.0793267854043036,1.0779279033939186,1.078450493242598,4177
2024-04-28 02:00:00+00:00,1.0783322908895965,1.0794592231050901,1.0777137053559478,1.0791537387119228,5525
2024-04-28 03:00:00+00:00,1.0790676106619674,1.0797233884415778,1.0786405558470296,1.0789893859899207,4006
2024-04-28 04:00:00+00:00,1.0787013911269114,1.0795455491419976,1.0783288460088878,1.0788157252157486,3349
2024-04-28 05:00:00+00:00,1.0792038449712085,1.0802179003350931,1.078919778847271,1.0794197936001044,7469
2024-04-28 06:00:00+00:00,1.07975380876106,1.0816170180731686,1.0794662042779535,1.080916884628166,5913
2024-04-28 07:00:00+00:00,1.0815906709103795,1.0820109159815168,1.0809575393975974,1.0814375284988307,3335
2024-04-28 08:00:00+00:00,1.0816290703603306,1.0833895024959843,1.0809430318766078,1.081585736500077,3447
2024-04-28 09:00:00+00:00,1.0820408154443464,1.0826266064481294,1.0812660429006398,1.081657031119647,3978
2024-04-28 10:00:00+00:00,1.0831088509266693,1.083610458656185,1.0816578999113549,1.082363738387252,3748
2024-04-28 11:00:00+00:00,1.0811163967442488,1.0815039922298886,1.0799512685170056,1.0801943831787597,3898
2024-04-28 12:00:00+00:00,1.0792230511905758,1.0807096633701407,1.0787399577830485,1.080127914342263,3607
2024-04-28 13:00:00+00:00,1.0801120009768943,1.0809556300919618,1.078991131162385,1.0794634984008107,3828
2024-04-28 14:00:00+00:00,1.0782923039780032,1.0790203864328327,1.0778431738763858,1.0787969182826886,5988
2024-04-28 15:00:00+00:00,1.079528366733999,1.080391875702642,1.0783900439924796,1.0786034089263554,4834
2024-04-28 16:00:00+00:00,1.0786295673592072,1.0796011189468357,1.0767504607789329,1.076922800850929,4739
2024-04-28 17:00:00+00:00,1.0768683608953105,1.076895735251857,1.0761650558220244,1.0764690027665422,2167
2024-04-28 18:00:00+00:00,1.0761626386351448,1.0771055467446153,1.0752323010851708,1.0759078742233557,5671
2024-04-28 19:00:00+00:00,1.0755539589429217,1.076235781582509,1.074962516498952,1.0756379433352112,3138
2024-04-28 20:00:00+00:00,1.0764157279015802,1.0771901980405798,1.0753416866519414,1.0764143468894298,6172
2024-04-28 21:00:00+00:00,1.0757241487116236,1.0770562020945063,1.075060568454962,1.0759888790533172,4865
2024-04-28 22:00:00+00:00,1.0759248412554454,1.076485383578899,1.0750415155269903,1.0755120895088168,3463
2024-04-28 23:00:00+00:00,1.0757677429590835,1.0765005384548332,1.0755390068923172,1.0760481233963397,3779
2024-04-29 00:00:00+00:00,1.0758494100789489,1.0763336044739242,1.0736983705004848,1.0742778326756752,3769
2024-04-29 01:00:00+00:00,1.074084711935624,1.0747685007491592,1.07355577785542,1.0741971390455087,3256
2024-04-29 02:00:00+00:00,1.0742914091370688,1.0748730352893803,1.072690861794021,1.0730004948456182,3304
2024-04-29 03:00:00+00:00,1.0724818937627356,1.073599630669437,1.071996382439776,1.0731455612243015,4189
2024-04-29 04:00:00+00:00,1.0731280510680405,1.0734438215290367,1.072309074984936,1.0727605211246967,3238
2024-04-29 05:00:00+00:00,1.0731980975492614,1.073203214031286,1.0720508580384258,1.0725540039411516,4546
2024-04-29 06:00:00+00:00,1.0728554718272707,1.0738051999029554,1.0717002453937456,1.0724469435038937,3626
2024-04-29 07:00:00+00:00,1.0719114020842575,1.0723488675742496,1.0709702703646613,1.0720667589581867,3539
2024-04-29 08:00:00+00:00,1.072375612918555,1.0748392161715488,1.0718731601565448,1.0740820758963534,3841
2024-04-29 09:00:00+00:00,1.0734842889963652,1.0753212147756002,1.073472149304499,1.0741834397992782,4520
2024-04-29 10:00:00+00:00,1.0730013621624237,1.0764355821417328,1.0726736242184625,1.0752163595550122,4497
2024-04-29 11:00:00+00:00,1.0753996642729535,1.0765411745558477,1.0749438016027069,1.0762236521299149,3885
2024-04-29 12:00:00+00:00,1.0763532523615564,1.0767902502739093,1.0744623985585238,1.0748338589156363,2697
2024-04-29 13:00:00+00:00,1.0761202175356006,1.077533185107538,1.0757490900417626,1.0759452688785642,5286
2024-04-29 14:00:00+00:00,1.0753105150503603,1.0755566225516429,1.0744108654288906,1.0750551004644537,4084
2024-04-29 15:00:00+00:00,1.0747470316040775,1.0749510637705044,1.0723080443993984,1.0724954501949526,4298
2024-04-29 16:00:00+00:00,1.0717851013314,1.0722258177613857,1.070708083858575,1.071554875470322,3165
2024-04-29 17:00:00+00:00,1.071921557335697,1.072903669934408,1.070826094152915,1.0726543879678108,3999
2024-04-29 18:00:00+00:00,1.0728876048122546,1.0732617322497497,1.0715225402376825,1.0722090503195332,3315
2024-04-29 19:00:00+00:00,1.0720534328297873,1.0740298496538838,1.0713315669756878,1.0726641430295747,4945
2024-04-29 20:00:00+00:00,1.0731047566640237,1.0746288053196908,1.0729103473815182,1.074239930584159,5536
2024-04-29 21:00:00+00:00,1.074409162055042,1.0754537146824295,1.0739043735422718,1.075306207782569,2806
2024-04-29 22:00:00+00:00,1.0755882597222912,1.0758573697970653,1.0741616653405879,1.0746506709737336,5011
2024-04-29 23:00:00+00:00,1.0751257707927375,1.0758350188946055,1.074486104792801,1.0756966141472895,4263
2024-04-30 00:00:00+00:00,1.0758686752641309,1.0766210850479436,1.0746181812672286,1.074657591196624,2472
2024-04-30 01:00:00+00:00,1.0744007353722522,1.0748141791540602,1.0736676721449527,1.0743201368033974,4578
2024-04-30 02:00:00+00:00,1.07453317980145,1.0748124735703128,1.0730731409630903,1.0739579094399687,3119
2024-04-30 03:00:00+00:00,1.0740818329814728,1.074585105819088,1.0729821862870748,1.073719009386925,3550
2024-04-30 04:00:00+00:00,1.0740768031943155,1.0752994366549338,1.0739769536522863,1.0750872563183693,2934
2024-04-30 05:00:00+00:00,1.0757619665795377,1.076358453810727,1.074543732291257,1.075873543192926,2523
2024-04-30 06:00:00+00:00,1.0763153206826972,1.0775397811206948,1.075627797116025,1.0768332947788481,5171
2024-04-30 07:00:00+00:00,1.0763039309074645,1.0775482625140682,1.075954323009642,1.0769704893205445,5373
2024-04-30 08:00:00+00:00,1.0766491676393306,1.0793744045949585,1.0766073580216295,1.0789961456285848,2354
2024-04-30 09:00:00+00:00,1.0794866669696332,1.0803750594530608,1.0778722564573857,1.0783045987850004,2528
2024-04-30 10:00:00+00:00,1.07732121589545,1.077910043099747,1.0753279390317352,1.0758878588009477,4201
2024-04-30 11:00:00+00:00,1.0772080782612754,1.0784094861183613,1.0768825544836096,1.0780682889489335,3997
2024-04-30 12:00:00+00:00,1.0780738730186683,1.0788423394466389,1.0772067093727975,1.0785839068305572,5446
2024-04-30 13:00:00+00:00,1.0782870630800057,1.079158325211673,1.0770506433691258,1.0776869270510987,4621
2024-04-30 14:00:00+00:00,1.078380770497675,1.0791351942025773,1.0770170530138061,1.078830726380297,3857
2024-04-30 15:00:00+00:00,1.0780860011664974,1.0792241985564381,1.0776636126899817,1.0782465032753465,4725
2024-04-30 16:00:00+00:00,1.0787778743232745,1.0802528778461373,1.078036829362471,1.079401519335073,3112
2024-04-30 17:00:00+00:00,1.0792808728865406,1.0795458565257527,1.0783425894241194,1.0788546481636399,4542
2024-04-30 18:00:00+00:00,1.0780708777309012,1.0809779844879965,1.0780708777309012,1.0797542325434295,4407
2024-04-30 19:00:00+00:00,1.0800982010741829,1.0808280369130132,1.0793909666650747,1.0801898372933885,5140
2024-04-30 20:00:00+00:00,1.0796769751665123,1.0804227326581375,1.0788335248719054,1.0793095211657462,5542
2024-04-30 21:00:00+00:00,1.0791984779097652,1.0800183558779033,1.0784392221499681,1.078527234911284,2441
2024-04-30 22:00:00+00:00,1.0786513621455842,1.0788154291430458,1.0777379927093254,1.0781625625777478,4828
2024-04-30 23:00:00+00:00,1.079103072347936,1.0796965578369015,1.0784751027400283,1.0788236088712968,4702
2024-05-01 00:00:00+00:00,1.0788543181081833,1.079867178491743,1.077721893796467,1.0791371041765154,4652
2024-05-01 01:00:00+00:00,1.079415106860765,1.0802458636351544,1.0789675950844375,1.0797806605278404,3913
2024-05-01 02:00:00+00:00,1.0792139389613784,1.0804630579008623,1.0788816619376982,1.0793344736223958,3805
2024-05-01 03:00:00+00:00,1.0788568172732405,1.0815375435299568,1.078802275976022,1.0811770830565488,2121
2024-05-01 04:00:00+00:00,1.0810863967427375,1.082587477250996,1.080923694719384,1.082403257406448,3042
2024-05-01 05:00:00+00:00,1.0826058644877914,1.08322792055513,1.081773100842505,1.0823056346048916,6386
2024-05-01 06:00:00+00:00,1.0822762736627396,1.0839365332090651,1.0817422740198375,1.083182310169647,4367
2024-05-01 07:00:00+00:00,1.0826421347615776,1.0834187505091935,1.0819381803983246,1.082992804577539,5769
2024-05-01 08:00:00+00:00,1.082957692134254,1.0853367883685532,1.0826185328175342,1.0849730265219069,2432
2024-05-01 09:00:00+00:00,1.0844705884452288,1.0865459593114621,1.0837151614150944,1.0846208786129683,4424
2024-05-01 10:00:00+00:00,1.0840596770147943,1.087084744053086,1.0834657891880985,1.0864220195691674,6246
2024-05-01 11:00:00+00:00,1.0858946402905267,1.0862923169537606,1.0845214556901779,1.0861468847594877,3815
2024-05-01 12:00:00+00:00,1.0854101862981016,1.0863981990913387,1.0844003488576062,1.0858236529052916,4908
2024-05-01 13:00:00+00:00,1.0852584095483424,1.085927743116631,1.0826548147810404,1.0828811681121209,4303
2024-05-01 14:00:00+00:00,1.0826722542076597,1.0836514165379791,1.0809438432884202,1.0819425690966211,4815
2024-05-01 15:00:00+00:00,1.0811773491818546,1.0819718547472748,1.0795922434063303,1.0802752512820375,2858
2024-05-01 16:00:00+00:00,1.0797623286986735,1.0803561525226428,1.077860625868067,1.080093432526003,5233
2024-05-01 17:00:00+00:00,1.079447951441077,1.0819637822342616,1.079447951441077,1.0811285173591252,5194
2024-05-01 18:00:00+00:00,1.0807005431103283,1.0811207558829128,1.0796962550109235,1.0803255026712952,4198
2024-05-01 19:00:00+00:00,1.0808247199533172,1.081782437337845,1.0807619907009973,1.0811453620646911,4545
2024-05-01 20:00:00+00:00,1.0808231096394243,1.0813242760119417,1.0797517915806345,1.0803142383507134,3663
2024-05-01 21:00:00+00:00,1.0796225946522207,1.0807172823701705,1.0794811639312532,1.079681922685703,5001
2024-05-01 22:00:00+00:00,1.0802999440869436,1.0810343024453875,1.0798257215309575,1.0804279649441675,2553
2024-05-01 23:00:00+00:00,1.080807752877996,1.0825767979063528,1.0804327540264693,1.0817310375853841,4361
2024-05-02 00:00:00+00:00,1.0818182833322443,1.0829286556941515,1.0811611291052121,1.0824733181882749,4484
2024-05-02 01:00:00+00:00,1.0816674689770562,1.0822129194823273,1.0811768178627512,1.0814845703738787,4599
2024-05-02 02:00:00+00:00,1.0820914264568748,1.0825426313501005,1.0812300749144086,1.0815640350812725,4801
2024-05-02 03:00:00+00:00,1.081042892540351,1.0822730506792266,1.0801095791895492,1.0815748194257795,6595
2024-05-02 04:00:00+00:00,1.0818657017807338,1.0823775503595057,1.081307816982212,1.0817204904976752,3033
2024-05-02 05:00:00+00:00,1.0829791844905663,1.0834440356189674,1.0821476876189435,1.0825842719997152,3503
2024-05-02 06:00:00+00:00,1.0826007073156925,1.0839630022525013,1.0817447900279666,1.082697282695556,5654
2024-05-02 07:00:00+00:00,1.0830026626922593,1.0832080043109933,1.0821195956254517,1.0826760330299905,5580
2024-05-02 08:00:00+00:00,1.082753872193329,1.0844295446546406,1.0824753461312564,1.0840304666725336,4192
2024-05-02 09:00:00+00:00,1.0818978235139576,1.0823933716273828,1.0803242621645786,1.0812423036506755,3456
2024-05-02 10:00:00+00:00,1.0825681139301109,1.0830847689443177,1.0808013245834036,1.081028911980577,4307
2024-05-02 11:00:00+00:00,1.0819631174411617,1.0841602528640475,1.0809866272657351,1.0836529523031189,3362
2024-05-02 12:00:00+00:00,1.0836196471180413,1.084896170640199,1.0828615112629139,1.0832082818525246,5961
2024-05-02 13:00:00+00:00,1.0830779100684513,1.0842824617714635,1.082563512220318,1.0836375561608462,4172
2024-05-02 14:00:00+00:00,1.0829625072699536,1.0831027190166007,1.080461892657318,1.0806245068254627,4715
2024-05-02 15:00:00+00:00,1.0811901716317975,1.0836782483431258,1.080483202768511,1.0829542702694133,4414
2024-05-02 16:00:00+00:00,1.0826343907196008,1.0832267602189267,1.0808436365090985,1.0810888647940855,3330
2024-05-02 17:00:00+00:00,1.080560349154138,1.0810419888058376,1.0789326212109276,1.0799342129914482,3648
2024-05-02 18:00:00+00:00,1.0798617375126256,1.0805752544788696,1.0789152726986881,1.0792629320430764,3820
2024-05-02 19:00:00+00:00,1.0797198119620632,1.0809376138417526,1.0788527515790831,1.0799366564051915,5061
2024-05-02 20:00:00+00:00,1.0802764715574407,1.0818576115263077,1.0802764715574407,1.0815101011147075,4754
2024-05-02 21:00:00+00:00,1.0812153393960398,1.081961973546342,1.0803058109121757,1.0810270616652446,4792
2024-05-02 22:00:00+00:00,1.0805685366164617,1.0810997652257723,1.0801797405324318,1.0803628339109121,5788
2024-05-02 23:00:00+00:00,1.080027422475818,1.0814445111409194,1.0791419658822583,1.0795655315620178,3034
2024-05-03 00:00:00+00:00,1.0796450388257894,1.0805235856940658,1.0791037070308072,1.0800658264213752,4139
2024-05-03 01:00:00+00:00,1.07973205025675,1.0809180948885637,1.0790120252216038,1.080331774946289,3028
2024-05-03 02:00:00+00:00,1.0805681656581152,1.081697354632914,1.0803174310289685,1.0811042184416615,4626
2024-05-03 03:00:00+00:00,1.0812732989073188,1.081870884933839,1.080033253064055,1.0809265848273915,3131
2024-05-03 04:00:00+00:00,1.0815008864484232,1.0822455104093625,1.080684063425423,1.0818678061212856,4522
2024-05-03 05:00:00+00:00,1.081709434051032,1.0823332603638676,1.0808195667246092,1.0814521184505974,2740
2024-05-03 06:00:00+00:00,1.0810998935287492,1.0823575455690477,1.079897984097372,1.0803442603049676,4597
2024-05-03 07:00:00+00:00,1.080360803727871,1.0813907708114696,1.0795657562927474,1.081146235292262,4753
2024-05-03 08:00:00+00:00,1.0813905326706288,1.081979747980738,1.0806786191623186,1.0815405333562507,6496
2024-05-03 09:00:00+00:00,1.0808606658317144,1.0826181067043383,1.080347257615447,1.0819153629250922,4019
2024-05-03 10:00:00+00:00,1.0805164957456288,1.0811354223436915,1.0788438840293502,1.0794386112348515,4096
2024-05-03 11:00:00+00:00,1.079932235149233,1.0814149648214755,1.079384177991967,1.080409792243161,4370
2024-05-03 12:00:00+00:00,1.0786801280912732,1.0798836466752413,1.0780130714229197,1.0789958094687488,4237
2024-05-03 13:00:00+00:00,1.0790963190678955,1.0800912038841681,1.0782358331617043,1.079071062356045,2807
2024-05-03 14:00:00+00:00,1.0803654243538792,1.080749742112148,1.0786687734911944,1.0793016388536463,5365
2024-05-03 15:00:00+00:00,1.0777634774506946,1.08000820805029,1.077406547890368,1.0795168640620436,5893
2024-05-03 16:00:00+00:00,1.0792308790898923,1.0802041871886707,1.0780062048851264,1.0787948028252807,3810
2024-05-03 17:00:00+00:00,1.07802108332246,1.0790521810757954,1.077640566068306,1.0782252878462877,5514
2024-05-03 18:00:00+00:00,1.0778768204414872,1.0791150202504525,1.0771737865434383,1.0778392507336876,4611
2024-05-03 19:00:00+00:00,1.0779619336869648,1.07871179681318,1.0771921843130865,1.0781419554396314,2872
2024-05-03 20:00:00+00:00,1.0781034898282345,1.0788829394114838,1.0768911297610264,1.0776162343501419,3587
2024-05-03 21:00:00+00:00,1.0784105196029692,1.0789228075736097,1.0773027688154206,1.0778106358827717,3921
2024-05-03 22:00:00+00:00,1.0775237315785908,1.078310003692384,1.076831999178964,1.0771444604556477,3228
2024-05-03 23:00:00+00:00,1.0778915088086019,1.0783417855806263,1.0763228767344668,1.076537959891726,2518
2024-05-04 00:00:00+00:00,1.0757907348146794,1.0775401359809171,1.0757907348146794,1.0772463704909847,5059
2024-05-04 01:00:00+00:00,1.076743713523882,1.0771487849340189,1.0758458323499491,1.0764838528272502,3122
2024-05-04 02:00:00+00:00,1.0757202673187634,1.0770823892519725,1.0749599732387745,1.0753826812110256,5658
2024-05-04 03:00:00+00:00,1.0751845299431644,1.0769335830679951,1.0751845299431644,1.0762850878750536,5075
2024-05-04 04:00:00+00:00,1.0763400088878794,1.077156088174725,1.0753868687031467,1.0765588586813644,4566
2024-05-04 05:00:00+00:00,1.0762086743873773,1.0773518108768148,1.0758238458575167,1.0770933413101373,6394
2024-05-04 06:00:00+00:00,1.0771073768172934,1.0776887826004664,1.0762745917015755,1.0765613757825734,2934
2024-05-04 07:00:00+00:00,1.0770613229283355,1.0783554802583168,1.076369228720239,1.0774088884337027,4865
2024-05-04 08:00:00+00:00,1.0777677084098944,1.0786719997859915,1.0768652467039177,1.0773257866804344,3370
2024-05-04 09:00:00+00:00,1.0781194959096732,1.0806422175995576,1.0781002959365202,1.080524686047257,5592
2024-05-04 10:00:00+00:00,1.0805215377713198,1.08339357818724,1.0805047436493744,1.0828703488622393,3684
2024-05-04 11:00:00+00:00,1.0818568142280514,1.0820308370820746,1.0795611107474061,1.0812402696589527,5664
2024-05-04 12:00:00+00:00,1.0788826260227937,1.0796675911776563,1.0759160295912915,1.0761869764575756,7325
2024-05-04 13:00:00+00:00,1.0758524720044993,1.077443696771536,1.0747614362119542,1.0765719499287396,4111
2024-05-04 14:00:00+00:00,1.0772429519032898,1.078143777550953,1.0763830393723877,1.0765501671654214,3037
2024-05-04 15:00:00+00:00,1.075716357888877,1.0763733932072996,1.074772049037158,1.0753272583145064,3143
2024-05-04 16:00:00+00:00,1.076215341457295,1.0775186127204641,1.0743402695496629,1.0749850300305908,4816
2024-05-04 17:00:00+00:00,1.0742773750107213,1.0750663862701526,1.073352009732339,1.073673475688127,4778
2024-05-04 18:00:00+00:00,1.073049175802105,1.073843161935766,1.0723114816361454,1.0729494650343234,5168
2024-05-04 19:00:00+00:00,1.0736911536251084,1.0740429056023257,1.0719437223780701,1.0723391416431889,3809
2024-05-04 20:00:00+00:00,1.0723634844303038,1.0732839139694048,1.0719666812843414,1.0727962356229448,5833
2024-05-04 21:00:00+00:00,1.0730400555824746,1.0751175506838586,1.072788135280447,1.0744684376693456,3053
2024-05-04 22:00:00+00:00,1.0737752976283585,1.0742574438066175,1.0732662762736764,1.0736971148059715,3741
2024-05-04 23:00:00+00:00,1.0735686439749335,1.074094757630807,1.0727787590351257,1.0735703990147019,4486
2024-05-05 00:00:00+00:00,1.07313771757476,1.0741544162418126,1.0724170922357001,1.0729324686976052,4373
2024-05-05 01:00:00+00:00,1.0728559432850178,1.0736382181095456,1.0725605705735495,1.0732564384478838,6619
2024-05-05 02:00:00+00:00,1.0733573033985688,1.0742440413978764,1.0723934782906939,1.0728138677928163,3557
2024-05-05 03:00:00+00:00,1.0727666530492876,1.0736432820852475,1.0724882111404537,1.0732222319041405,4529
2024-05-05 04:00:00+00:00,1.0731214629325614,1.0737953216831944,1.072778405153675,1.0732803879594024,4511
2024-05-05 05:00:00+00:00,1.0732960828434475,1.0738007759323263,1.072957562436986,1.0735772622925943,6034
2024-05-05 06:00:00+00:00,1.074299299550894,1.0749712815346073,1.0736611377527014,1.074149383060123,2928
2024-05-05 07:00:00+00:00,1.0752729914296302,1.075515740839955,1.073911440990293,1.0750477210462581,4679
2024-05-05 08:00:00+00:00,1.074108739631323,1.075227479553777,1.0736129045592082,1.0750446329870968,4497
2024-05-05 09:00:00+00:00,1.0744572835399393,1.0752945185934564,1.071998758243958,1.07391370885017,4837
2024-05-05 10:00:00+00:00,1.0733360624876596,1.073943486758967,1.072382642147783,1.073260742998445,4118
2024-05-05 11:00:00+00:00,1.073989963130525,1.0760883197623383,1.0736800290710025,1.075851875117033,6303
2024-05-05 12:00:00+00:00,1.0759190991362402,1.0778043377459772,1.0756231789646702,1.0773636560111866,4337
2024-05-05 13:00:00+00:00,1.0784445061030445,1.0795040906650921,1.077676167112664,1.0784219331275655,5393
2024-05-05 14:00:00+00:00,1.0787506304643857,1.079365052359806,1.0773150890079477,1.0787949662075351,3196
2024-05-05 15:00:00+00:00,1.0792271646973697,1.0792271646973697,1.0768466437002617,1.0771609711805443,4261
2024-05-05 16:00:00+00:00,1.077640051914219,1.0784595875462035,1.0767298090912878,1.0782495060207395,4055
2024-05-05 17:00:00+00:00,1.0785527145977076,1.0801228705289594,1.077811809241164,1.079105338435943,5293
2024-05-05 18:00:00+00:00,1.0793819394636863,1.080143360898107,1.0779707903370839,1.0786308488128193,2054
2024-05-05 19:00:00+00:00,1.0787221429087994,1.080263181241002,1.07830486715287,1.0795597228710534,4770
2024-05-05 20:00:00+00:00,1.0797998153985906,1.081413504557959,1.0793150214102638,1.0800330996446599,4767
2024-05-05 21:00:00+00:00,1.0801116605137089,1.0811778487565138,1.079174697754324,1.0805811276337705,6400
2024-05-05 22:00:00+00:00,1.0805225724197576,1.0816030533086727,1.0801255567930044,1.080719648968475,5272
2024-05-05 23:00:00+00:00,1.0803208893383336,1.0810056278981939,1.0796095809746278,1.0804074663299716,4989
2024-05-06 00:00:00+00:00,1.0806943928431283,1.081518934237527,1.0799476414501525,1.0810210097233983,4826
2024-05-06 01:00:00+00:00,1.0811762271969583,1.0812986325604808,1.0793493418301545,1.0801566387761445,4189
2024-05-06 02:00:00+00:00,1.0804275679834514,1.0812685562787963,1.0797816568904637,1.080276758089568,2948
2024-05-06 03:00:00+00:00,1.0808726842217082,1.0822793546038803,1.0802933608385892,1.0811042362596701,4392
2024-05-06 04:00:00+00:00,1.0813190081906978,1.0820207917495583,1.0808684574871898,1.0812954449626322,5779
2024-05-06 05:00:00+00:00,1.0816619151827793,1.0821337669833277,1.0810043525452433,1.081531318789007,5774
2024-05-06 06:00:00+00:00,1.0814743797810618,1.0820317278783504,1.0808787030404845,1.0816688357322723,6026
2024-05-06 07:00:00+00:00,1.0812835169483155,1.0825496275701256,1.0810945774190215,1.081637155801022,4093
2024-05-06 08:00:00+00:00,1.0822270628885104,1.084602708599285,1.0814841135138749,1.0842016064560072,3333
2024-05-06 09:00:00+00:00,1.0845049987617261,1.0849587181026747,1.0834413263347602,1.0836556406824143,3557
2024-05-06 10:00:00+00:00,1.0838787434932178,1.084840867459378,1.0829421651639117,1.083333450350942,3670
2024-05-06 11:00:00+00:00,1.0840339754729307,1.0845844698365432,1.0820545762718765,1.0826678310396367,4835
2024-05-06 12:00:00+00:00,1.0839739098952579,1.0852777350060243,1.0825452646178086,1.0849499565786496,3894
2024-05-06 13:00:00+00:00,1.085861552866641,1.0859095605047726,1.082204253147753,1.082861259515724,5343
2024-05-06 14:00:00+00:00,1.082421741296922,1.083849371531151,1.08205216173859,1.0832459253875928,6169
2024-05-06 15:00:00+00:00,1.0828839668160883,1.0839524068147697,1.0821961829165379,1.082665527177387,5375
2024-05-06 16:00:00+00:00,1.0831631477571535,1.08358402717599,1.0822802156155158,1.0832044437148436,3972
2024-05-06 17:00:00+00:00,1.083039850287372,1.0841033744984534,1.0825913210179052,1.0837736059701653,4093
2024-05-06 18:00:00+00:00,1.0836758006761686,1.0853798294050279,1.0833071000864798,1.0846416804157004,3500
2024-05-06 19:00:00+00:00,1.0847970268710219,1.085190196075964,1.0822166086391636,1.0832032473393893,3881
2024-05-06 20:00:00+00:00,1.083368109818443,1.0835808796471684,1.081520958032954,1.0815721558343472,5394
2024-05-06 21:00:00+00:00,1.0818098978683088,1.0828575501669182,1.0811987397702996,1.0817974139473592,5548
2024-05-06 22:00:00+00:00,1.0810083503254895,1.0827160040660313,1.0808608418323284,1.0823263548474238,4690
2024-05-06 23:00:00+00:00,1.082203553204366,1.0824912579964836,1.0805247094583639,1.0815386284678863,3439
2024-05-07 00:00:00+00:00,1.0824032702933728,1.083439536086754,1.0816111495919516,1.0825533954918642,4462
2024-05-07 01:00:00+00:00,1.0827747139746282,1.0831833807677704,1.0815392104476385,1.0822817860229226,4230
2024-05-07 02:00:00+00:00,1.0825817157925908,1.0833067421595084,1.081898731820618,1.0825508637542722,4920
2024-05-07 03:00:00+00:00,1.0828785151794826,1.084453821288217,1.0824683130442139,1.08381091470168,4684
2024-05-07 04:00:00+00:00,1.0838204332537897,1.0848279408490313,1.0833616021611554,1.0836169262911208,3942
2024-05-07 05:00:00+00:00,1.0836536799453005,1.0842835773917117,1.0824411208269866,1.083730878940749,5636
2024-05-07 06:00:00+00:00,1.0839057599621837,1.0842700874438191,1.0826539502489558,1.0834561183260538,3885
2024-05-07 07:00:00+00:00,1.0833462102558813,1.084145273645535,1.0832600799145937,1.0839793995984242,3685
2024-05-07 08:00:00+00:00,1.084416636848991,1.085229756928219,1.083388791606314,1.083852250174203,5705
2024-05-07 09:00:00+00:00,1.0837383379340584,1.085089458800699,1.0834381345670208,1.0842100477183623,3517
2024-05-07 10:00:00+00:00,1.0846496668426917,1.0847915533769246,1.0830971110000034,1.0838116896400551,4917
2024-05-07 11:00:00+00:00,1.0833196768950168,1.0856934686329365,1.0830399497647942,1.085316606182927,2969
2024-05-07 12:00:00+00:00,1.0852701149506208,1.0855234703846641,1.0839443146130776,1.0847801174283005,4944
2024-05-07 13:00:00+00:00,1.0852432586198109,1.0898083745309772,1.085236607304352,1.0890412647959553,5195
2024-05-07 14:00:00+00:00,1.0887612090839949,1.090144793334735,1.0882703449239506,1.0893712746293183,3707
2024-05-07 15:00:00+00:00,1.0883376550943225,1.0911097860149168,1.088315883207511,1.0895429374316128,5320
2024-05-07 16:00:00+00:00,1.0889418800136408,1.0910517173408165,1.0886779445599757,1.089540637810095,4748
2024-05-07 17:00:00+00:00,1.0896477718012858,1.0900504228195766,1.0887824960724213,1.089457075221742,3959
2024-05-07 18:00:00+00:00,1.089137489434843,1.0898663630325645,1.0877155030488617,1.0885679135742818,4553
2024-05-07 19:00:00+00:00,1.0885400796436235,1.0893442288018138,1.0870659273525352,1.0874945882404388,4213
2024-05-07 20:00:00+00:00,1.0875567681019003,1.0879412727690059,1.0868301534219285,1.08714802193677,3885
2024-05-07 21:00:00+00:00,1.0877023091785738,1.0881834343504626,1.0871813550188094,1.0876199535493116,5518
2024-05-07 22:00:00+00:00,1.0874071162228716,1.0883102421488478,1.0869122450961097,1.0879805994695648,2599
2024-05-07 23:00:00+00:00,1.0888739370649165,1.0888739370649165,1.0876068390019427,1.0884945434111457,2725
2024-05-08 00:00:00+00:00,1.087953081723973,1.0884605259531035,1.087062434157612,1.0875020351591536,4529
2024-05-08 01:00:00+00:00,1.0870537673672607,1.088999811664493,1.0866528077127764,1.0883408982158633,5302
2024-05-08 02:00:00+00:00,1.0887587448287237,1.0891867627648208,1.0872126303046346,1.088163541431478,4106
2024-05-08 03:00:00+00:00,1.0882309098355463,1.08926916373575,1.0879647406333222,1.0888892559961998,5578
2024-05-08 04:00:00+00:00,1.089272860095841,1.0895027449772134,1.0880520007512966,1.088730689486972,3432
2024-05-08 05:00:00+00:00,1.0889732590943078,1.0906282239885816,1.0888619918238085,1.0905154926355431,3756
2024-05-08 06:00:00+00:00,1.0905744930081365,1.0908170809851818,1.0893192692515927,1.0897688143993105,3238
2024-05-08 07:00:00+00:00,1.0899114471557163,1.091754251426544,1.0895840011224995,1.0912136521639573,4469
2024-05-08 08:00:00+00:00,1.090845651356807,1.0922865081715598,1.0901201491569015,1.0906117411507155,6511
2024-05-08 09:00:00+00:00,1.090059728004381,1.0912238017647133,1.0897766489647702,1.0903072766119815,6490
2024-05-08 10:00:00+00:00,1.0885244623825816,1.0890424349324508,1.0873108844984085,1.0874865729085985,4555
2024-05-08 11:00:00+00:00,1.0877171762411977,1.0887061295915423,1.0857654489953745,1.0867062256470135,2475
2024-05-08 12:00:00+00:00,1.0858688763324091,1.0869945508936991,1.0847493703152458,1.0862922552927443,3365
2024-05-08 13:00:00+00:00,1.0870309578455575,1.087152365014843,1.0855114763846931,1.0855692089214655,5667
2024-05-08 14:00:00+00:00,1.0863203177110865,1.0868077313732674,1.0850088526371104,1.086253135543616,4169
2024-05-08 15:00:00+00:00,1.0861497269604825,1.0864078804135355,1.0839221197907378,1.084229508879634,6499
2024-05-08 16:00:00+00:00,1.0841574079878622,1.0846452204582913,1.0814989429033115,1.082765994055864,4080
2024-05-08 17:00:00+00:00,1.082888718502755,1.0832362203898422,1.0821774281553527,1.0826292647673927,3355
2024-05-08 18:00:00+00:00,1.0826173248678974,1.0847892995401305,1.0823302002698962,1.0837575055306363,2786
2024-05-08 19:00:00+00:00,1.0833439867988208,1.084505569751892,1.082738440579067,1.0831822768573705,3822
2024-05-08 20:00:00+00:00,1.083285400994148,1.0844798429658866,1.0830574161807938,1.083997256813951,4839
2024-05-08 21:00:00+00:00,1.0839413773130766,1.0844696011846289,1.0833179189163196,1.0835000616349084,2975
2024-05-08 22:00:00+00:00,1.0835212588830676,1.0843527367335186,1.0821575032974422,1.0831170556662502,4619
2024-05-08 23:00:00+00:00,1.0831464643679918,1.0845292245670022,1.0827808979933868,1.0839664176282595,5650
2024-05-09 00:00:00+00:00,1.0840031540388935,1.0843218842591518,1.083017547256958,1.0835728423322948,4346
2024-05-09 01:00:00+00:00,1.083086923324466,1.0840576898437042,1.08233992035576,1.0833005800388031,6436
2024-05-09 02:00:00+00:00,1.0842015563764635,1.0853594961081394,1.0830787936766737,1.0840356674972411,3651
2024-05-09 03:00:00+00:00,1.0841079799763023,1.0854924304521743,1.083467165691237,1.084092788081689,2738
2024-05-09 04:00:00+00:00,1.0843201573257581,1.0847186163200246,1.0833905548536271,1.0843651149206663,5523
2024-05-09 05:00:00+00:00,1.0843272067031264,1.0849511550054238,1.083554725392403,1.0841576408734432,5101
2024-05-09 06:00:00+00:00,1.0837604134106382,1.0840491700730028,1.0827810948391468,1.0834900912711347,3856
2024-05-09 07:00:00+00:00,1.0830402261655676,1.0847735473312399,1.0828624246124028,1.0840773912515191,3560
2024-05-09 08:00:00+00:00,1.0840378120144094,1.0847463147791858,1.0829930062265365,1.0846629542937785,3338
2024-05-09 09:00:00+00:00,1.084651056692858,1.0848707264864768,1.0815466550961996,1.0817599355205076,4997
2024-05-09 10:00:00+00:00,1.0823638635488961,1.08290455034539,1.0807145317546232,1.0811950669252821,3879
2024-05-09 11:00:00+00:00,1.0813394507550085,1.082276925495205,1.0805418836413765,1.0819099614543521,2560
2024-05-09 12:00:00+00:00,1.082896885839136,1.0834070279406367,1.0812612961892287,1.081538046072958,6261
2024-05-09 13:00:00+00:00,1.0810325064919588,1.0821684451168276,1.0808678004186383,1.0816191904259527,2836
2024-05-09 14:00:00+00:00,1.0820855560139049,1.0825742904715978,1.0813510821885304,1.0814078455361598,4870
2024-05-09 15:00:00+00:00,1.0803829434269463,1.0814624100274817,1.079013433053285,1.0805905548060946,3914
2024-05-09 16:00:00+00:00,1.0796736889977538,1.0805938465118174,1.0791587852129945,1.0797338829856187,4347
2024-05-09 17:00:00+00:00,1.0802881435384861,1.0811315348631774,1.0793033540613162,1.0801125234952555,4517
2024-05-09 18:00:00+00:00,1.0800446687631644,1.0806700748268674,1.0791871768253913,1.0795348533238707,4873
2024-05-09 19:00:00+00:00,1.0799927810652015,1.0799927810652015,1.0783916064036105,1.0794366566868392,4433
2024-05-09 20:00:00+00:00,1.0795716761268912,1.0797614229255779,1.0788354009527314,1.0792981321697122,5480
2024-05-09 21:00:00+00:00,1.079822203514358,1.081294618312563,1.0792473474909383,1.0807950377114444,4504
2024-05-09 22:00:00+00:00,1.0803854438662686,1.0813903981251862,1.0799530199401979,1.0807426201323476,5170
2024-05-09 23:00:00+00:00,1.0811832119428189,1.0817245958409405,1.0801267982987348,1.0812158370229596,3228
2024-05-10 00:00:00+00:00,1.080540906879752,1.080790829846284,1.0799952419348113,1.0801666530433236,5602
2024-05-10 01:00:00+00:00,1.0803877514244888,1.0808754771859328,1.079692879446041,1.0802468634128206,5529
2024-05-10 02:00:00+00:00,1.080818052228568,1.0817839659399182,1.0801020915379504,1.0813149709372183,4642
2024-05-10 03:00:00+00:00,1.0817733972152324,1.0823111055758676,1.0803488313115328,1.0805358658874837,5187
2024-05-10 04:00:00+00:00,1.0805410551484025,1.081553510435743,1.0800984605107087,1.0808895821257551,3564
2024-05-10 05:00:00+00:00,1.0805863534633509,1.0808698505770928,1.0797501637421325,1.080067013728546,4527
2024-05-10 06:00:00+00:00,1.0795456378069994,1.080770064468478,1.0792923018893374,1.0801119509431358,3430
2024-05-10 07:00:00+00:00,1.0797314834462444,1.0802178189243048,1.0789520736880869,1.0793718111306128,4544
2024-05-10 08:00:00+00:00,1.0792094514199857,1.080137584940161,1.0789580645999473,1.0797350962996002,4106
2024-05-10 09:00:00+00:00,1.0795727738771717,1.0827389845100046,1.0793293257576873,1.0823285922734076,5291
2024-05-10 10:00:00+00:00,1.0821013974909606,1.0830354635986685,1.0807744293789339,1.0811776404493152,3071
2024-05-10 11:00:00+00:00,1.0812015973585374,1.0812015973585374,1.0792225997218603,1.079895760372048,3864
2024-05-10 12:00:00+00:00,1.080915730316563,1.0817854307916221,1.0807954166274076,1.0814995530910287,3800
2024-05-10 13:00:00+00:00,1.0809605698479676,1.0823288505041384,1.0803903290929866,1.0815948578610743,3156
2024-05-10 14:00:00+00:00,1.0801760844769401,1.0817282011140592,1.0798814971829997,1.0803990901332166,3406
2024-05-10 15:00:00+00:00,1.0797427825029708,1.0801981970020802,1.0781075264386295,1.0784484010848805,4848
2024-05-10 16:00:00+00:00,1.0783272283403216,1.078826039605653,1.0764942333880547,1.077056482820224,4580
2024-05-10 17:00:00+00:00,1.0773033288355782,1.0778637533488422,1.0769123441621355,1.0776271895386134,2952
2024-05-10 18:00:00+00:00,1.0771025522151005,1.0778584749429032,1.0765803663115092,1.0773520067559272,3917
2024-05-10 19:00:00+00:00,1.0768057465429528,1.0772253050892961,1.076316620120436,1.076476336321111,3330
2024-05-10 20:00:00+00:00,1.0760420371360182,1.0767040308243219,1.0751532974452325,1.0757538426046591,6353
2024-05-10 21:00:00+00:00,1.0759331992315981,1.0764933851529734,1.0748137660403156,1.075419082098907,4343
2024-05-10 22:00:00+00:00,1.0752670806954592,1.0759302024727837,1.0739104226016254,1.0742193610177102,5923
2024-05-10 23:00:00+00:00,1.07398701011709,1.074848232017503,1.0733946871489448,1.0741606584406016,3684
2024-05-11 00:00:00+00:00,1.0736649152583528,1.0749805773396792,1.0731956704373804,1.0739151708193049,5342
2024-05-11 01:00:00+00:00,1.0738327914413468,1.0740318427013897,1.0730039953347315,1.0735198773737102,5707
2024-05-11 02:00:00+00:00,1.0741426103152627,1.0745728638872187,1.0736525060159068,1.0744101637798442,2596
2024-05-11 03:00:00+00:00,1.0740778026372022,1.0747317187629253,1.0734040826032396,1.0737633149672192,4499
2024-05-11 04:00:00+00:00,1.0741531360841912,1.0759677773349607,1.0732334716894467,1.075571531956849,4208
2024-05-11 05:00:00+00:00,1.0748245716350013,1.0763417141469123,1.0748245716350013,1.0758839822297241,4901
2024-05-11 06:00:00+00:00,1.0758842017079386,1.0769864695141143,1.0756436849331585,1.0763487656650441,4531
2024-05-11 07:00:00+00:00,1.076166152847763,1.0774736051578275,1.07561435472041,1.076799733088992,3836
2024-05-11 08:00:00+00:00,1.077131942450893,1.0777750365851047,1.0752150310341495,1.0762961426617639,3986
2024-05-11 09:00:00+00:00,1.0775444716595197,1.078803444782735,1.0759925115605513,1.0776658785869733,3437
2024-05-11 10:00:00+00:00,1.0782049488363505,1.0801847340628423,1.0774132766663196,1.0800436551932495,4134
2024-05-11 11:00:00+00:00,1.0800535249853767,1.080750398027626,1.078644706557573,1.0793327488436,4783
2024-05-11 12:00:00+00:00,1.0793734745406531,1.0798434294685038,1.0768079900018235,1.077811755953061,5176
2024-05-11 13:00:00+00:00,1.0778175736629612,1.078290006933489,1.0764650326997087,1.0781344005550613,4257
2024-05-11 14:00:00+00:00,1.0781796465201547,1.078570729164059,1.0766642680132856,1.0772784372031525,3728
2024-05-11 15:00:00+00:00,1.078360326156205,1.0804672759052067,1.0775954998120407,1.0801797382999008,6372
2024-05-11 16:00:00+00:00,1.0795393756268317,1.0807370307214883,1.0781622935862092,1.0785258973545977,5554
2024-05-11 17:00:00+00:00,1.0790217770357677,1.0806521526264357,1.078752071940003,1.0800166567796246,2928
2024-05-11 18:00:00+00:00,1.0794870861915087,1.0805604116873233,1.0789632382932768,1.0802184656102798,4263
2024-05-11 19:00:00+00:00,1.0797062482129933,1.0808490014132839,1.079256903434582,1.0804858353772637,3744
2024-05-11 20:00:00+00:00,1.081168558215403,1.0822558475240778,1.0806887038729742,1.0819383961303926,4561
2024-05-11 21:00:00+00:00,1.0821903641009,1.0827623269368372,1.0811792159405045,1.0816988862034858,3827
2024-05-11 22:00:00+00:00,1.081416488902271,1.0823105711675636,1.0803362476552196,1.0813015057051667,3483
2024-05-11 23:00:00+00:00,1.0812780082774762,1.0819088326961739,1.0801767283075625,1.0807797242394754,5180
2024-05-12 00:00:00+00:00,1.080851190173851,1.081430702736135,1.0796936361002103,1.080126857015222,3775
2024-05-12 01:00:00+00:00,1.0800268849333288,1.081924230676303,1.0795481358950831,1.0810410302177353,3732
2024-05-12 02:00:00+00:00,1.080865938577562,1.081965039486978,1.080865938577562,1.0815975777168476,3170
2024-05-12 03:00:00+00:00,1.0810772445526569,1.0821609379319788,1.0797401787841043,1.0804503578584632,3364
2024-05-12 04:00:00+00:00,1.0802980298083131,1.0813325891582621,1.080109671373146,1.080662715506591,4980
2024-05-12 05:00:00+00:00,1.0807640676121564,1.0812682798092632,1.0798255210236958,1.0803814466360664,3420
2024-05-12 06:00:00+00:00,1.0809774055611427,1.081853619365015,1.0804220991739406,1.0807599899789357,4076
2024-05-12 07:00:00+00:00,1.0803192648391549,1.0812240741744854,1.0799286312017378,1.0803618067166103,5281
2024-05-12 08:00:00+00:00,1.080117882015098,1.0812068763280445,1.079427043362611,1.0804327002140495,4963
2024-05-12 09:00:00+00:00,1.0794252812851044,1.0828631078422142,1.0791304083873194,1.0823068167998928,4117
2024-05-12 10:00:00+00:00,1.0827530189144574,1.0844800034646425,1.0825871281740482,1.0836514878001158,5490
2024-05-12 11:00:00+00:00,1.0837022905683111,1.084383056580897,1.0821893933245899,1.0840172151352714,5070
2024-05-12 12:00:00+00:00,1.0833117982275755,1.0839128900816468,1.0811417318773866,1.0814265264891496,3597
2024-05-12 13:00:00+00:00,1.0815529566442206,1.0838312815900781,1.081256752814769,1.083281689105093,3951
2024-05-12 14:00:00+00:00,1.0832503164884542,1.0839881189102754,1.0817578437671316,1.0820923853283948,4891
2024-05-12 15:00:00+00:00,1.082496942632064,1.0830887426176932,1.0808715182882587,1.0826731961199394,6042
2024-05-12 16:00:00+00:00,1.0824974979800694,1.0839425167274723,1.0813534181191504,1.0832096753517912,4366
2024-05-12 17:00:00+00:00,1.083634545695138,1.084268186024672,1.0827429375994997,1.0839554027942109,4774
2024-05-12 18:00:00+00:00,1.0840529899223799,1.085047335920526,1.083267698729748,1.084661740662118,4166
2024-05-12 19:00:00+00:00,1.0845312196202836,1.0849267200742456,1.083693365809253,1.0837929497824899,5158
2024-05-12 20:00:00+00:00,1.0848650836129674,1.085196251921606,1.0833952669356979,1.0836255345619812,4721
2024-05-12 21:00:00+00:00,1.083355465322841,1.0840272004872156,1.0828075941779427,1.0835641623757222,5493
2024-05-12 22:00:00+00:00,1.0837042693959806,1.0849964328560884,1.0831284396945977,1.0841599992182238,3812
2024-05-12 23:00:00+00:00,1.0838878645443832,1.085253803222846,1.0837198762078117,1.0844837880098812,4444
2024-05-13 00:00:00+00:00,1.084491709168628,1.0852499831914826,1.084082916488387,1.0849697628049355,4831
2024-05-13 01:00:00+00:00,1.0852458299344063,1.0861307338896873,1.0848632169633845,1.0856472603124663,6207
2024-05-13 02:00:00+00:00,1.0858651376748043,1.086219353719807,1.0845767035796259,1.0848544690917594,6252
2024-05-13 03:00:00+00:00,1.0846912146244012,1.0856647135886914,1.0841665865578178,1.0848941897401108,4389
2024-05-13 04:00:00+00:00,1.084541290721623,1.0853532596390052,1.0839327921817354,1.0849362912599454,3353
2024-05-13 05:00:00+00:00,1.0838256046171455,1.084894055937946,1.0834558260907587,1.0843917334137403,2887
2024-05-13 06:00:00+00:00,1.084841703412694,1.0865747294998869,1.084468883685891,1.086356381199413,3092
2024-05-13 07:00:00+00:00,1.0859383644731744,1.0866427991244958,1.0844408712072302,1.0850198275999965,3864
2024-05-13 08:00:00+00:00,1.086538845604933,1.0878558496996156,1.0859802421810358,1.0864912868745402,4492
2024-05-13 09:00:00+00:00,1.0864473378514328,1.087028450274149,1.0838237603868142,1.0843732060533973,5591
2024-05-13 10:00:00+00:00,1.0841547448441815,1.085367421985767,1.0835355870145629,1.0850918932619682,2281
2024-05-13 11:00:00+00:00,1.0848397220560797,1.0864957031572378,1.0846811569043948,1.0859606676322053,3022
2024-05-13 12:00:00+00:00,1.0855636042483068,1.0869642947654001,1.0842909536704288,1.0851415012135028,3374
2024-05-13 13:00:00+00:00,1.085976955459083,1.0873583512274474,1.0856837313062835,1.0867689929790403,5353
2024-05-13 14:00:00+00:00,1.08743580791035,1.0876329146427812,1.0864605468219652,1.0873250789214541,5902
2024-05-13 15:00:00+00:00,1.0863385093897326,1.0868018878750223,1.085515305365693,1.086449944458634,3501
2024-05-13 16:00:00+00:00,1.0861785250373093,1.0876259920740292,1.0854181958590208,1.08722998573425,3268
2024-05-13 17:00:00+00:00,1.0868084050094962,1.087793904931059,1.0855654536256245,1.086426452108734,5183
2024-05-13 18:00:00+00:00,1.0865035202935787,1.0870099657970285,1.08549367598476,1.085949715422846,2591
2024-05-13 19:00:00+00:00,1.0857372240321297,1.0882278375638088,1.0854519621652965,1.0872917532255237,5599
2024-05-13 20:00:00+00:00,1.0866805375683433,1.0878029936554934,1.0856339843616165,1.0863572152034302,5434
2024-05-13 21:00:00+00:00,1.0870769860034624,1.0874454576671413,1.0857508716743849,1.0861291801935855,6196
2024-05-13 22:00:00+00:00,1.0856135340972923,1.0865577378162172,1.0850047947092238,1.085833075925479,4077
2024-05-13 23:00:00+00:00,1.0851574825193397,1.0864648125695655,1.0851546977379023,1.085932793434861,5396
2024-05-14 00:00:00+00:00,1.0853131823409905,1.0860203920052696,1.0849551026264697,1.0855792900225338,4820
2024-05-14 01:00:00+00:00,1.0852756632427687,1.0860676648785166,1.0847941829181122,1.0854854599293622,4340
2024-05-14 02:00:00+00:00,1.0854626665506166,1.0863009391688978,1.0844943347674816,1.0851917992555578,3715
2024-05-14 03:00:00+00:00,1.0846728027001487,1.0853867796786372,1.0835702899248607,1.0845412600272866,3589
2024-05-14 04:00:00+00:00,1.0847036324598316,1.0855524941808303,1.0833979371579332,1.0838474060387888,5019
2024-05-14 05:00:00+00:00,1.0839961668209779,1.0847606169509947,1.0831570524323724,1.0840180377446185,3364
2024-05-14 06:00:00+00:00,1.08390964634073,1.0843494624801038,1.083544724370727,1.084196453406823,4018
2024-05-14 07:00:00+00:00,1.0839937270517874,1.084332387075651,1.0827498463015148,1.0832009934158842,4262
2024-05-14 08:00:00+00:00,1.0837258495381317,1.0848628370413387,1.082755214892899,1.0828518277339754,4425
2024-05-14 09:00:00+00:00,1.0834075573390816,1.0843435386795441,1.0824044595056121,1.0840029466819852,3997
2024-05-14 10:00:00+00:00,1.0839856931661138,1.0845630845808607,1.0809867147670416,1.0818025580919688,5315
2024-05-14 11:00:00+00:00,1.0808670015098307,1.0818307796227997,1.0807775263099093,1.0815576290784108,3552
2024-05-14 12:00:00+00:00,1.0810319752544095,1.0848666443577581,1.0803967773470733,1.0842751989058346,4220
2024-05-14 13:00:00+00:00,1.0847411276459507,1.0853893399999388,1.0833268367138225,1.0838043613854909,5196
2024-05-14 14:00:00+00:00,1.082805590179202,1.083588404048209,1.0814822121142773,1.08206971235144,3429
2024-05-14 15:00:00+00:00,1.0802645426948914,1.0828222457096732,1.0800108456058606,1.081475793859033,5661
2024-05-14 16:00:00+00:00,1.0821323702803427,1.082344869895597,1.0780547448023243,1.0784598828649576,4525
2024-05-14 17:00:00+00:00,1.0779253050553115,1.0791670154321702,1.0779253050553115,1.0789989953282264,3426
2024-05-14 18:00:00+00:00,1.0782011649676464,1.079591887973053,1.0774431731765624,1.0784515285932859,4066
2024-05-14 19:00:00+00:00,1.078871756786525,1.0795390469059494,1.0782597397759754,1.0788142099115756,4601
2024-05-14 20:00:00+00:00,1.079367211842578,1.079818758945709,1.0782318700304818,1.0794558377307868,4656
2024-05-14 21:00:00+00:00,1.0788462929985614,1.0804082658946053,1.0788462929985614,1.0801486418376256,4240
2024-05-14 22:00:00+00:00,1.0799304255905962,1.080680364245284,1.078720537110514,1.0803133835336247,4485
2024-05-14 23:00:00+00:00,1.0797892221288878,1.080672663066501,1.079293458055797,1.080412181567147,3353
2024-05-15 00:00:00+00:00,1.0800289839201567,1.0813561547613202,1.0794046953542444,1.080412873414525,5460
2024-05-15 01:00:00+00:00,1.0810286323706793,1.081471114533261,1.079417181716885,1.0804373504856701,4422
2024-05-15 02:00:00+00:00,1.0798841082522,1.0807788843197108,1.0798841082522,1.0802766772385268,3424
2024-05-15 03:00:00+00:00,1.0806237525490547,1.0814674366531107,1.079938687406448,1.080996454245223,4524
2024-05-15 04:00:00+00:00,1.0812636038025276,1.0821667821104073,1.0807718737308243,1.0813527660822058,3497
2024-05-15 05:00:00+00:00,1.0812419126879516,1.0813575895103233,1.0788678799321993,1.0802795939415935,5781
2024-05-15 06:00:00+00:00,1.0808958779846496,1.0815064630371927,1.079099094469298,1.0799116805218656,4468
2024-05-15 07:00:00+00:00,1.0793750109447369,1.079976904427873,1.0787128316123165,1.0793433519771496,3976
2024-05-15 08:00:00+00:00,1.0790035971611687,1.0802729754159603,1.0778613859278856,1.07910686165027,5128
2024-05-15 09:00:00+00:00,1.0788012649483576,1.0795305031560007,1.0778683045650546,1.0794349685266722,2045
2024-05-15 10:00:00+00:00,1.078363778923036,1.0796474571588766,1.0772868403603748,1.0777404323683961,5629
2024-05-15 11:00:00+00:00,1.077296870945184,1.0773737219020694,1.0755596700565595,1.0757026198434048,4969
2024-05-15 12:00:00+00:00,1.0754737985233878,1.0770701913947895,1.0747494361971306,1.0765243814971364,4665
2024-05-15 13:00:00+00:00,1.075566669748751,1.0766398775400126,1.0744673853439861,1.07583292648172,5291
2024-05-15 14:00:00+00:00,1.0749826013208934,1.0756784925709193,1.0734403515294515,1.0741429046109667,5115
2024-05-15 15:00:00+00:00,1.0740268328727385,1.0749316977538659,1.0735368878966418,1.0745096813566464,4240
2024-05-15 16:00:00+00:00,1.0763518193502104,1.0780747134665385,1.0758294999868232,1.0778119312448138,4228
2024-05-15 17:00:00+00:00,1.078414208684962,1.078414208684962,1.0773598967636733,1.077925486670193,6051
2024-05-15 18:00:00+00:00,1.0775469671145224,1.079229905887425,1.0768984255089744,1.0789767488136306,4245
2024-05-15 19:00:00+00:00,1.0798190718277638,1.080371828389389,1.0791349795508043,1.0799831874877697,5344
2024-05-15 20:00:00+00:00,1.08035792875255,1.0807860997686403,1.0797330429822465,1.080603680989542,2537
2024-05-15 21:00:00+00:00,1.0803547040818302,1.0811803145474974,1.0795086163597531,1.0807736348401735,5648
2024-05-15 22:00:00+00:00,1.080940413363739,1.081318223671672,1.0801617690116743,1.080878677010086,5170
2024-05-15 23:00:00+00:00,1.0814997949171479,1.0828740522324862,1.0809323189570512,1.081981129738795,2964
2024-05-16 00:00:00+00:00,1.082250233098408,1.0824748205185524,1.0806554298390032,1.0814309989365023,3952
2024-05-16 01:00:00+00:00,1.0814048550269868,1.0831885523002354,1.081088472250559,1.0827034450509934,2378
2024-05-16 02:00:00+00:00,1.0829016021859874,1.0848253935494014,1.082342646919692,1.0845712230875462,3108
2024-05-16 03:00:00+00:00,1.0848343863663603,1.0851704647460692,1.0827033657039278,1.0843262975345345,3323
2024-05-16 04:00:00+00:00,1.0847508149598333,1.085271946288677,1.083761479150372,1.0849035847652586,4349
2024-05-16 05:00:00+00:00,1.0846203016646885,1.0864343898137612,1.0842140700360179,1.0858356448187474,3654
2024-05-16 06:00:00+00:00,1.0859473914740445,1.0867300202412695,1.0854776535182298,1.0860788735104805,4258
2024-05-16 07:00:00+00:00,1.0857113354900592,1.086868249085725,1.0848266576718057,1.0860531912325422,5581
2024-05-16 08:00:00+00:00,1.0859160083042017,1.0871205203573382,1.08481294885383,1.086217655357145,4383
2024-05-16 09:00:00+00:00,1.0864006432005493,1.0872694637583429,1.0854454260563324,1.0867483422745983,6283
2024-05-16 10:00:00+00:00,1.087373811625836,1.0886598835330306,1.0868330788091565,1.0879576435016447,4648
2024-05-16 11:00:00+00:00,1.0883499495188724,1.0883499495188724,1.086474309192265,1.0871740249435724,3090
2024-05-16 12:00:00+00:00,1.0862739353858284,1.0869509360425103,1.0832197838370563,1.0833913211277888,4522
2024-05-16 13:00:00+00:00,1.0836911974081211,1.0843806301418015,1.0827915499146468,1.0838214784097697,5111
2024-05-16 14:00:00+00:00,1.0841236946090165,1.0867481649058095,1.0839005594908517,1.086617081491796,3955
2024-05-16 15:00:00+00:00,1.086245893609884,1.0885855504678665,1.085736200746855,1.0861854791962509,3509
2024-05-16 16:00:00+00:00,1.0866446526094837,1.0870952280830817,1.0849073672672698,1.0853060163174302,4723
2024-05-16 17:00:00+00:00,1.0852249782912848,1.086136217872323,1.0841007288347289,1.0849310559523566,5065
2024-05-16 18:00:00+00:00,1.0849272924728575,1.085324793160323,1.0839850502798591,1.084622361500651,4154
2024-05-16 19:00:00+00:00,1.084982505360779,1.086469881924526,1.083907199065883,1.0851552319747253,3118
2024-05-16 20:00:00+00:00,1.0850907558211345,1.0864422446638988,1.0843373939288796,1.085101962683907,5583
2024-05-16 21:00:00+00:00,1.0849029382140323,1.0857194265344212,1.084365182235102,1.0854118943068272,4359
2024-05-16 22:00:00+00:00,1.0853881759916788,1.0866725657533303,1.0845740382910267,1.0854870735145423,5044
2024-05-16 23:00:00+00:00,1.0857692112097357,1.0864441918592178,1.0849023764712211,1.0857223250575343,3779
2024-05-17 00:00:00+00:00,1.0858231122858946,1.0861263662355944,1.0849213240752993,1.0853612747108108,5791
2024-05-17 01:00:00+00:00,1.085911448119887,1.0862222205693552,1.0847549134804049,1.0853183138174187,3827
2024-05-17 02:00:00+00:00,1.0856437342659737,1.0861950366964186,1.085239348519156,1.0856353008838835,4272
2024-05-17 03:00:00+00:00,1.0860404331192313,1.086183903209289,1.0849257620946913,1.085487467896914,3479
2024-05-17 04:00:00+00:00,1.0850376361732559,1.0862532307327957,1.0844521106858591,1.0854180300695773,4684
2024-05-17 05:00:00+00:00,1.0858039321265287,1.0863408004202975,1.0849973928784382,1.086027214770774,3224
2024-05-17 06:00:00+00:00,1.0867344549592195,1.0875272897384074,1.085448370643439,1.0868442477011624,2243
2024-05-17 07:00:00+00:00,1.086678846719142,1.087148792458206,1.0860531855922197,1.0865199251115294,5256
2024-05-17 08:00:00+00:00,1.086244528664278,1.0885096717038767,1.0860005452192112,1.0875190662159389,4875
2024-05-17 09:00:00+00:00,1.0888523379336572,1.0892166262998455,1.0875790397219425,1.0883806781800893,3050
2024-05-17 10:00:00+00:00,1.0878287296956977,1.0879671925793581,1.085128449231273,1.0853224344653087,4629
2024-05-17 11:00:00+00:00,1.0845154969381416,1.0865024248729294,1.0835293559270298,1.0862808614908703,5881
2024-05-17 12:00:00+00:00,1.0868166264475205,1.0883453026649357,1.0856752883122576,1.0874853522874877,4193
2024-05-17 13:00:00+00:00,1.0876307549561912,1.0897165014685435,1.0865391379010467,1.089454876011297,3383
2024-05-17 14:00:00+00:00,1.0895839691964877,1.0915273611233887,1.0892903825450813,1.0912006429152974,2854
2024-05-17 15:00:00+00:00,1.0911583073221858,1.091529707283403,1.089647872429395,1.0897654078171592,4575
2024-05-17 16:00:00+00:00,1.0903159246258698,1.0924601201399278,1.089838412539206,1.0912979446372129,3459
2024-05-17 17:00:00+00:00,1.090569252572172,1.0921633272954658,1.090226331242153,1.0919823140938352,4861
2024-05-17 18:00:00+00:00,1.092111959917164,1.0940112553527204,1.0914368871271731,1.0935093408423617,3777
2024-05-17 19:00:00+00:00,1.0932062460536915,1.0932936542404323,1.0921483522948123,1.0924778372150667,3672
2024-05-17 20:00:00+00:00,1.0927254153183823,1.0941813635983084,1.0922343219159314,1.093643247333146,3203
2024-05-17 21:00:00+00:00,1.0942456541079788,1.0945168826461524,1.0926380845498211,1.0937319633233569,5724
2024-05-17 22:00:00+00:00,1.0940413753317706,1.094061013250777,1.0920540343957121,1.0925100337330313,3860
2024-05-17 23:00:00+00:00,1.0917917758478153,1.0928377195407006,1.09115606521553,1.0924237675111694,6068
2024-05-18 00:00:00+00:00,1.0924906462614854,1.0930678947130221,1.0913941617121772,1.0920609534176937,4165
2024-05-18 01:00:00+00:00,1.0918483393197769,1.0925961061691705,1.0911001870136219,1.091533428786326,2516
2024-05-18 02:00:00+00:00,1.0911843849122733,1.0929197732805922,1.0911843849122733,1.092381768901165,3764
2024-05-18 03:00:00+00:00,1.0922947423931388,1.0936640551161467,1.0922461531893592,1.0926213351387022,5513
2024-05-18 04:00:00+00:00,1.0923318927085517,1.0939874062006656,1.0923318927085517,1.0933708158830784,4934
2024-05-18 05:00:00+00:00,1.0940823825441819,1.0945683102355492,1.0930197200560037,1.0933914518453478,3342
2024-05-18 06:00:00+00:00,1.0934151501749336,1.0943755115652727,1.0926802195217598,1.0938507300941527,4618
2024-05-18 07:00:00+00:00,1.0930437522255048,1.094136764801576,1.092355218155682,1.0928357651064453,4385
2024-05-18 08:00:00+00:00,1.0927514589111722,1.093132467717733,1.091968204202572,1.0926584782833886,6527
2024-05-18 09:00:00+00:00,1.0916668079245015,1.0930979222860182,1.0908234450496532,1.092568979499215,4507
2024-05-18 10:00:00+00:00,1.0931414911006863,1.0939438147832472,1.091809657667027,1.0938228563159438,4966
2024-05-18 11:00:00+00:00,1.094350052586811,1.096891335308898,1.0938182104626764,1.0965145131160412,6415
2024-05-18 12:00:00+00:00,1.096948531826731,1.0986176163971408,1.096948531826731,1.097694476898354,3697
2024-05-18 13:00:00+00:00,1.0965708223274833,1.0975288583453784,1.095647526514503,1.096289555832849,4725
2024-05-18 14:00:00+00:00,1.0969925830937772,1.097455430050186,1.0944288184778752,1.0947112369380005,6162
2024-05-18 15:00:00+00:00,1.093549058173821,1.0949473732651527,1.0930917454194644,1.0931160605730355,3728
2024-05-18 16:00:00+00:00,1.0939822159559556,1.094715799599246,1.0929864135176683,1.0939357093485156,4337
2024-05-18 17:00:00+00:00,1.093915638079932,1.0954704985315729,1.0932259883354176,1.094915861963154,3835
2024-05-18 18:00:00+00:00,1.094635732595506,1.0949162098113359,1.0937325172999022,1.0945165586739296,5328
2024-05-18 19:00:00+00:00,1.0942480677006925,1.0954331374233124,1.0937463719266618,1.0943942433710359,5052
2024-05-18 20:00:00+00:00,1.0949386112913122,1.0953956955236113,1.0943683223664926,1.0946924987722115,4045
2024-05-18 21:00:00+00:00,1.0948201575663352,1.0961509014598927,1.0940980632531687,1.0957539617706769,5052
2024-05-18 22:00:00+00:00,1.0963833353748942,1.0964069891956492,1.0952442894753673,1.095610394713061,4221
2024-05-18 23:00:00+00:00,1.0958335780786088,1.0958335780786088,1.0939784694443107,1.0942389918581514,3960
2024-05-19 00:00:00+00:00,1.0943080592148535,1.0947990929141531,1.0934797674869838,1.0943164153020086,2385
2024-05-19 01:00:00+00:00,1.0937251509482313,1.0944757952261344,1.0924929269192596,1.0928569820953566,4886
2024-05-19 02:00:00+00:00,1.093150183261133,1.094259505839206,1.0927398528924275,1.0939069430036223,5072
2024-05-19 03:00:00+00:00,1.0940038005394956,1.0942843246827136,1.0924021964061348,1.0928615943397681,6122
2024-05-19 04:00:00+00:00,1.0933123927689146,1.093868669790045,1.0921085292260069,1.092398210006565,4609
2024-05-19 05:00:00+00:00,1.0922570487501093,1.092914709345773,1.0913105220661679,1.0923405904960133,2852
2024-05-19 06:00:00+00:00,1.0917536840479674,1.0920548100887932,1.0910598754318892,1.0913338201865792,3319
2024-05-19 07:00:00+00:00,1.091334713968648,1.0921619000407903,1.09015328966054,1.0911879448367354,2757
2024-05-19 08:00:00+00:00,1.0912423780419154,1.0926042003514564,1.0905133552060906,1.0918285596381274,4808
2024-05-19 09:00:00+00:00,1.0921121042245139,1.0945503825456204,1.091985129326546,1.0941596203602237,6278
2024-05-19 10:00:00+00:00,1.0948097525945775,1.0949755097791902,1.0926484867696862,1.0936590119347898,4710
2024-05-19 11:00:00+00:00,1.0947387103460213,1.0963324810625619,1.094280325802075,1.095388485802978,4612
2024-05-19 12:00:00+00:00,1.095676270300499,1.096464435390853,1.094765345005424,1.095327078298592,5183
2024-05-19 13:00:00+00:00,1.0952490288009074,1.0960280286898312,1.0936462378913652,1.0943530901266856,4377
2024-05-19 14:00:00+00:00,1.0956108218942255,1.0956108218942255,1.0932085006290295,1.0936431123023371,4419
2024-05-19 15:00:00+00:00,1.0929130685495259,1.093318009869325,1.0911019793007426,1.0913268811047458,3780
2024-05-19 16:00:00+00:00,1.09058274490619,1.092506950591409,1.0904176938709835,1.0918777247541147,3526
2024-05-19 17:00:00+00:00,1.0919322125169013,1.0933362641667916,1.0913760019005432,1.092505540818333,3080
2024-05-19 18:00:00+00:00,1.0928488134240333,1.0932241348072402,1.0908972752362058,1.0918002883328406,4098
2024-05-19 19:00:00+00:00,1.0917597481285455,1.0927377547224877,1.091163458478277,1.0914500181700142,3998
2024-05-19 20:00:00+00:00,1.0909243398617252,1.092823445748713,1.0909243398617252,1.09166239234146,6770
2024-05-19 21:00:00+00:00,1.0914279160872946,1.0916373048823933,1.0904275623022184,1.0908916023942035,3324
2024-05-19 22:00:00+00:00,1.0909399289589212,1.0918373185064663,1.0906112608491367,1.091059235053236,3935
2024-05-19 23:00:00+00:00,1.0913851664539966,1.0916153835107612,1.0900033849406114,1.0910839004135344,4513
2024-05-20 00:00:00+00:00,1.0909841142889072,1.0916762537891915,1.090221614912813,1.091361119471958,5278
2024-05-20 01:00:00+00:00,1.0912991665720186,1.0935723355642275,1.0911612898635847,1.0932907290383054,5123
2024-05-20 02:00:00+00:00,1.0928373683298975,1.0934816484911456,1.0918137910398988,1.0930006656910771,4123
2024-05-20 03:00:00+00:00,1.0932723063120668,1.093533412929718,1.0915333655054011,1.092363988386854,5480
2024-05-20 04:00:00+00:00,1.0924512748268698,1.0934006059600976,1.091650038898698,1.0923675311503445,6047
2024-05-20 05:00:00+00:00,1.0920808361754692,1.0933468158697626,1.0919437592047816,1.092506132700633,3455
2024-05-20 06:00:00+00:00,1.09224264140997,1.0934588368159732,1.0912783809516449,1.0928502937910118,4490
2024-05-20 07:00:00+00:00,1.0929609980709896,1.0936521977905873,1.0926252256534084,1.0934925173733967,4232
2024-05-20 08:00:00+00:00,1.0920302589518787,1.0929915987986014,1.0895612518168745,1.0904143325955933,1903
2024-05-20 09:00:00+00:00,1.0906203184892205,1.0911589595135252,1.0895593322311679,1.0899532802495928,5420
2024-05-20 10:00:00+00:00,1.0899990190778364,1.0924959423114076,1.0896081156291688,1.092283343943949,4399
2024-05-20 11:00:00+00:00,1.0924035136184267,1.0933990583501607,1.0917741514284471,1.093054131186561,4520
2024-05-20 12:00:00+00:00,1.0927270497464843,1.0937138480035866,1.091495281955504,1.0921894422638074,5738
2024-05-20 13:00:00+00:00,1.0925746685593967,1.0934110146300708,1.092237331255725,1.0927188353877715,4907
2024-05-20 14:00:00+00:00,1.0933508682169986,1.093534211324148,1.0916566456222725,1.0928791233470578,4566
2024-05-20 15:00:00+00:00,1.0928375528017322,1.094000789338964,1.0923268240217203,1.0937791224854931,3405
2024-05-20 16:00:00+00:00,1.094385760850796,1.096733926608888,1.093319774570964,1.09636658418047,5431
2024-05-20 17:00:00+00:00,1.0963293637477172,1.097300750174852,1.095724607996081,1.0963808847705288,4204
2024-05-20 18:00:00+00:00,1.0962131202584973,1.096473995288282,1.0949030650123142,1.0957421442981083,3163
2024-05-20 19:00:00+00:00,1.095513412547069,1.0964365803101064,1.0949259643331946,1.0961042734205182,5080
2024-05-20 20:00:00+00:00,1.0961289084162982,1.0964933968826351,1.0953475240757036,1.0958586098227583,4598
2024-05-20 21:00:00+00:00,1.0956877377930114,1.0960759612034294,1.0949470433787771,1.0952039985191317,2528
2024-05-20 22:00:00+00:00,1.0952421598069015,1.097284096748433,1.0948790359730356,1.0964329870814398,5155
2024-05-20 23:00:00+00:00,1.0966439567419424,1.0982404448100138,1.095853593739891,1.097873045557993,4068
2024-05-21 00:00:00+00:00,1.0980598820518095,1.0992411615603912,1.0970544668020408,1.0977550615081229,4918
2024-05-21 01:00:00+00:00,1.0975785149671973,1.0980036759705478,1.0958334036393742,1.096422297521059,4387
2024-05-21 02:00:00+00:00,1.0963026536339686,1.098176012227462,1.0963026536339686,1.0969224758706382,4071
2024-05-21 03:00:00+00:00,1.0972542551394606,1.0990128053745483,1.0971141137704536,1.098524577820689,4701
2024-05-21 04:00:00+00:00,1.0987270189020364,1.0992534247171037,1.096993081245819,1.0980934848037713,5564
2024-05-21 05:00:00+00:00,1.0976778940286198,1.0982891105186836,1.0968290629384998,1.0972634528606726,3808
2024-05-21 06:00:00+00:00,1.097519629162223,1.097812872663172,1.0962990210947117,1.0968161304010136,4784
2024-05-21 07:00:00+00:00,1.096700445158034,1.0969197796744488,1.0957785397679218,1.0963883346824175,4285
2024-05-21 08:00:00+00:00,1.095719223869823,1.0961003645447334,1.0926814495510524,1.0934704582598005,4445
2024-05-21 09:00:00+00:00,1.0928301676193966,1.0932120978899529,1.0919151084493959,1.0920562546821806,5460
2024-05-21 10:00:00+00:00,1.0916523263382745,1.093703342560713,1.0916523263382745,1.0921722075663167,4725
2024-05-21 11:00:00+00:00,1.0910978978705201,1.0916828402812375,1.0878116698831553,1.088324084608511,5873
2024-05-21 12:00:00+00:00,1.0894114182060488,1.0912762199587196,1.0891298319351848,1.089801860356108,5040
2024-05-21 13:00:00+00:00,1.0898646739045674,1.090244837813614,1.0882535024845927,1.0890463036639768,4846
2024-05-21 14:00:00+00:00,1.0902751005088784,1.090663603568859,1.088192362378158,1.089949091035391,3063
2024-05-21 15:00:00+00:00,1.0894551835924127,1.0914816211780143,1.088882677796364,1.091270835166342,3678
2024-05-21 16:00:00+00:00,1.0914938932777642,1.092919509010796,1.090626038749269,1.0922255199433812,5237
2024-05-21 17:00:00+00:00,1.0930925331013697,1.0938832057611507,1.092620330135971,1.0935153737776344,2941
2024-05-21 18:00:00+00:00,1.0938179010331044,1.094000174489224,1.0929476354122813,1.0932845448521877,5605
2024-05-21 19:00:00+00:00,1.0933659836841445,1.093721707117856,1.092028373646596,1.093223643752208,2223
2024-05-21 20:00:00+00:00,1.0934126801653712,1.0937331282719749,1.0921173346212576,1.0922999891709795,4200
2024-05-21 21:00:00+00:00,1.092064957850534,1.0932039282158472,1.091412900623492,1.092821761633502,3816
2024-05-21 22:00:00+00:00,1.0931723791405943,1.0940497415773067,1.0923805220396232,1.0931134938502447,4793
2024-05-21 23:00:00+00:00,1.0941193768132522,1.0944053968379102,1.0921034609879805,1.0928469361286268,5838
2024-05-22 00:00:00+00:00,1.0923612014766328,1.0928821534010038,1.0916114723440424,1.0918184935300086,1800
2024-05-22 01:00:00+00:00,1.091897424299317,1.0922589178809874,1.0909481403666486,1.0918112093772263,3917
2024-05-22 02:00:00+00:00,1.0917951948724642,1.0921019489318253,1.0903800854506183,1.0910576285229145,6201
2024-05-22 03:00:00+00:00,1.0908103528927986,1.0917175434418152,1.0900801231256547,1.090877051063123,4244
2024-05-22 04:00:00+00:00,1.0903023225775834,1.0909269856944463,1.0887363902112674,1.090033204894349,3980
2024-05-22 05:00:00+00:00,1.0903529185279033,1.0915237130510262,1.0903529185279033,1.0911868931506903,3301
2024-05-22 06:00:00+00:00,1.0912971398935805,1.0927051057205956,1.0900691546332921,1.092238580138088,4897
2024-05-22 07:00:00+00:00,1.0923003121784856,1.093629658526267,1.091905026913061,1.0935404411098497,5510
2024-05-22 08:00:00+00:00,1.0917240515252695,1.0937155489964887,1.0914824359270767,1.0931503370089906,4250
2024-05-22 09:00:00+00:00,1.0946923394164507,1.0973981412265732,1.0939315772647613,1.0967945806635726,5215
2024-05-22 10:00:00+00:00,1.0966860150951034,1.0991947176420183,1.0962762408992568,1.0984769700367516,3883
2024-05-22 11:00:00+00:00,1.0993425324407953,1.1002695888094485,1.0979623002918477,1.0999347931656558,5089
2024-05-22 12:00:00+00:00,1.099749321335229,1.1002889846211243,1.0978362984712196,1.0983817742677506,4448
2024-05-22 13:00:00+00:00,1.0991616919739955,1.1014921846823837,1.0985699868926275,1.1012875183307842,3020
2024-05-22 14:00:00+00:00,1.1019225647419406,1.1036937599897654,1.1011648711067692,1.103623592463053,5285
2024-05-22 15:00:00+00:00,1.1028845266631024,1.1053852322864197,1.10284736315509,1.1033387847216904,4281
2024-05-22 16:00:00+00:00,1.1033698527236997,1.1047598301735866,1.1029639471129697,1.103992678546132,4338
2024-05-22 17:00:00+00:00,1.1042416261939545,1.104373765222966,1.102652064827783,1.102991319114082,5753
2024-05-22 18:00:00+00:00,1.1025052817123122,1.1036563075745665,1.1025052817123122,1.1027348648096134,4568
2024-05-22 19:00:00+00:00,1.1026605671315137,1.102974304809349,1.1022422614919365,1.1023858198046972,5819
2024-05-22 20:00:00+00:00,1.1021079548299042,1.1027473368333909,1.101178931254317,1.1019210246376288,3317
2024-05-22 21:00:00+00:00,1.10114976244723,1.1022729386657883,1.1006429758027836,1.101706334115006,3377
2024-05-22 22:00:00+00:00,1.1009883519875407,1.1021105372072018,1.100228038619258,1.101145346361524,3332
2024-05-22 23:00:00+00:00,1.101800138524499,1.1027691507338608,1.1005728886030495,1.1021061055407837,5646
2024-05-23 00:00:00+00:00,1.1021718572642105,1.1034556998659624,1.1017673106088737,1.1025072090468024,4293
2024-05-23 01:00:00+00:00,1.1024233064754367,1.103380877360333,1.1019532184746683,1.102853586521588,2851
2024-05-23 02:00:00+00:00,1.1033870390621305,1.1042569790516994,1.1030530739047912,1.1036793175679713,5328
2024-05-23 03:00:00+00:00,1.1028295268252089,1.1033926578368907,1.1020656864955682,1.1023325462083924,2933
2024-05-23 04:00:00+00:00,1.1021290683892937,1.1027693638799712,1.1004638334664127,1.1006302686670306,5191
2024-05-23 05:00:00+00:00,1.100926738140539,1.1024440259861914,1.1004828450166657,1.1017366791424297,4924
2024-05-23 06:00:00+00:00,1.1016448564395012,1.102138033197828,1.1007843899720058,1.1015301966705986,6047
2024-05-23 07:00:00+00:00,1.1012978193124023,1.1025803498709636,1.100474204068685,1.1014979443392683,6091
2024-05-23 08:00:00+00:00,1.1014813069171312,1.1033071700858903,1.1010450199397817,1.1027726064254544,3698
2024-05-23 09:00:00+00:00,1.1022218534407453,1.103028856326616,1.1005512711072871,1.1011228690762453,5624
2024-05-23 10:00:00+00:00,1.0995916096665148,1.0999188918658902,1.0987741592819724,1.0993364082306107,5104
2024-05-23 11:00:00+00:00,1.0978674864773073,1.0990221786136565,1.0967483355452776,1.0980043360333476,3845
2024-05-23 12:00:00+00:00,1.0972940690307649,1.097772081931539,1.0959408360975245,1.0962952499965573,5989
2024-05-23 13:00:00+00:00,1.0961275365918102,1.0982581836431586,1.0959123327548066,1.0973195838948626,3436
2024-05-23 14:00:00+00:00,1.097140185993481,1.0980780414573639,1.0955208261727973,1.0957699140212462,3345
2024-05-23 15:00:00+00:00,1.0953356938177876,1.0964464557529958,1.0949145063090502,1.0951143153261118,4901
2024-05-23 16:00:00+00:00,1.0955193841421658,1.0967562787838765,1.0947873929410235,1.0956467855016738,2087
2024-05-23 17:00:00+00:00,1.0954965457165031,1.0970382482973369,1.0947309877761857,1.0964107020745242,4796
2024-05-23 18:00:00+00:00,1.0955033439938873,1.0961017005777252,1.0946558373054587,1.0957504194900365,3103
2024-05-23 19:00:00+00:00,1.0955123662323747,1.0965723830828737,1.0946860516023293,1.0955193980235565,4204
2024-05-23 20:00:00+00:00,1.0952868970780862,1.097202259919678,1.095164139436466,1.096731996598611,5239
2024-05-23 21:00:00+00:00,1.0964267549802504,1.097588172347032,1.0962068397870153,1.0966191455872394,2761
2024-05-23 22:00:00+00:00,1.0962860003236903,1.096713528913267,1.0952248376064189,1.0961252119825413,3847
2024-05-23 23:00:00+00:00,1.0957994176840813,1.0972798962045336,1.0957994176840813,1.096821086433295,2550
2024-05-24 00:00:00+00:00,1.0970174998995705,1.098789681592538,1.0968153202138176,1.0986229826833216,4609
2024-05-24 01:00:00+00:00,1.0983665590230403,1.0994333227047286,1.0974708020878206,1.0982634404037972,5478
2024-05-24 02:00:00+00:00,1.0984682113381414,1.0991748613420862,1.0978688346429784,1.0982588332471097,5844
2024-05-24 03:00:00+00:00,1.0986102612744348,1.0996325751368712,1.0985347203065035,1.0990225867244368,5359
2024-05-24 04:00:00+00:00,1.0995730472727385,1.1003175287775706,1.0988698512035175,1.0997594500752061,3497
2024-05-24 05:00:00+00:00,1.0996689383177072,1.1008690515486195,1.0994147298736694,1.1001979652521827,6256
2024-05-24 06:00:00+00:00,1.1010780085066436,1.10182274725741,1.1002155906836797,1.10078589547997,4525
2024-05-24 07:00:00+00:00,1.1008070898551237,1.1018995928763182,1.1004244489553938,1.1008882740010286,3917
2024-05-24 08:00:00+00:00,1.1011767263912333,1.101859141497895,1.0993937082871972,1.1000587885192858,5615
2024-05-24 09:00:00+00:00,1.100647619896031,1.1023511258746719,1.0997431955504622,1.101512755634524,6672
2024-05-24 10:00:00+00:00,1.1012535736749671,1.1042492813568567,1.101200027123143,1.1037176593422418,4526
2024-05-24 11:00:00+00:00,1.1038714724380956,1.1051324163444283,1.1036278288297159,1.1041763632593615,6802
2024-05-24 12:00:00+00:00,1.1042556948451194,1.1058152931396934,1.1042020773630798,1.1052858325480521,4127
2024-05-24 13:00:00+00:00,1.10534621424766,1.1053830265652955,1.1029794456759932,1.1035413022095433,3797
2024-05-24 14:00:00+00:00,1.1030638935520285,1.1035612729689286,1.101318537582536,1.1021411177965053,3265
2024-05-24 15:00:00+00:00,1.1035408440452381,1.1049189351487927,1.103174985443871,1.1042240755785102,3224
2024-05-24 16:00:00+00:00,1.1037434549931888,1.1041341024680797,1.1025205429596536,1.1034069890562646,3754
2024-05-24 17:00:00+00:00,1.1037242908645761,1.1042153181278902,1.10269110676324,1.1037760955869846,6041
2024-05-24 18:00:00+00:00,1.1041030856914336,1.1050622726064774,1.1033121592460269,1.1038760790436295,5278
2024-05-24 19:00:00+00:00,1.103560716779379,1.1039890482326071,1.1029930929135792,1.1033227490353126,4183
2024-05-24 20:00:00+00:00,1.1027270491613295,1.103330502623767,1.1014974982370367,1.1016807408096072,6316
2024-05-24 21:00:00+00:00,1.1016916316599799,1.102121322685101,1.100564858787912,1.1013972280255813,4200
2024-05-24 22:00:00+00:00,1.1016766999367207,1.1027085373396484,1.1013439701372565,1.10175154153007,2879
2024-05-24 23:00:00+00:00,1.101790894061494,1.1019056630771173,1.0996464042111938,1.1003021639905204,3211
2024-05-25 00:00:00+00:00,1.1011677229641312,1.1025914479546697,1.1004101688893961,1.1013746343446584,4513
2024-05-25 01:00:00+00:00,1.1021479380278438,1.1027984457538595,1.1015505139461814,1.1017495848539987,4254
2024-05-25 02:00:00+00:00,1.1009573409061184,1.101858742062044,1.1003430252493094,1.1014679243785357,4996
2024-05-25 03:00:00+00:00,1.1008103582985165,1.1014555147337663,1.0999015009485624,1.1004916293039055,3763
2024-05-25 04:00:00+00:00,1.1000830435761415,1.1006307924054137,1.098983590577488,1.1000849054691388,2779
2024-05-25 05:00:00+00:00,1.1001023214528265,1.1006357548154488,1.0986595636629115,1.0989837592933782,5911
2024-05-25 06:00:00+00:00,1.0989162708384888,1.0998844359681201,1.0981121621619656,1.0997227003554275,5108
2024-05-25 07:00:00+00:00,1.099981037724245,1.1014889221459363,1.0994897643677874,1.1008485467329425,5450
2024-05-25 08:00:00+00:00,1.1013021274266246,1.1038895290356847,1.1007504836438398,1.1033254966883252,4095
2024-05-25 09:00:00+00:00,1.1034255846255439,1.104475872444992,1.1021875790392182,1.104162702927157,6010
2024-05-25 10:00:00+00:00,1.104194207100222,1.1045744078067303,1.1028038554055124,1.104207300077907,3598
2024-05-25 11:00:00+00:00,1.1045249908398995,1.1053154691714049,1.1037778916645011,1.1049497533594195,3266
2024-05-25 12:00:00+00:00,1.1053220942736879,1.1059191866699396,1.1028522070454632,1.1037447584356515,4966
2024-05-25 13:00:00+00:00,1.1037514651399134,1.1048940264274258,1.1030947265804614,1.104053931008478,3643
2024-05-25 14:00:00+00:00,1.103723377441236,1.1049558356944624,1.1032042633361614,1.1044105833975106,5564
2024-05-25 15:00:00+00:00,1.1042572738037142,1.1063460880017761,1.1042517250156405,1.1053736760005604,5534
2024-05-25 16:00:00+00:00,1.1056092031465756,1.1060265656291528,1.1044421988916215,1.1051595209870588,4745
2024-05-25 17:00:00+00:00,1.1057274762474074,1.1057274762474074,1.1039027867785762,1.1042294350763928,4640
2024-05-25 18:00:00+00:00,1.1035356562179366,1.1045299676865,1.1029366291178093,1.103364241148099,3589
2024-05-25 19:00:00+00:00,1.1036712251477179,1.1040371119369627,1.1029796103742004,1.1035921867693412,4540
2024-05-25 20:00:00+00:00,1.1036929853931035,1.1048255567857594,1.1030300658087926,1.1041936597828392,4120
2024-05-25 21:00:00+00:00,1.1038747136259064,1.10583565707936,1.1038747136259064,1.1050703888917075,5774
2024-05-25 22:00:00+00:00,1.104618069457451,1.1054155709084912,1.1038979159701687,1.1047328789658184,4582
2024-05-25 23:00:00+00:00,1.1051176102924805,1.1054256954650878,1.1038832344804046,1.1044097057526199,4180
2024-05-26 00:00:00+00:00,1.104484703768598,1.1051358287831032,1.1041789443941707,1.1046522619667698,6269
2024-05-26 01:00:00+00:00,1.1047651347810372,1.1047651347810372,1.1034581984139584,1.1037931935753436,4560
2024-05-26 02:00:00+00:00,1.1041819475732064,1.1046399445705077,1.1031237274234882,1.1038916854963,5037
2024-05-26 03:00:00+00:00,1.1033965877553669,1.105032363969872,1.1033965877553669,1.1047235278601784,3504
2024-05-26 04:00:00+00:00,1.1046235838539298,1.1055497292511944,1.104176657520459,1.1044246895484144,6488
2024-05-26 05:00:00+00:00,1.103772792656022,1.1048214428560041,1.1036957933377696,1.1046267174628153,4668
2024-05-26 06:00:00+00:00,1.1044939177388078,1.105682122149659,1.1036473974580598,1.1046897062643808,4452
2024-05-26 07:00:00+00:00,1.104378981192018,1.1047993075347975,1.103732803120834,1.1040085654963363,3368
2024-05-26 08:00:00+00:00,1.1044057505043565,1.1044057505043565,1.1022564676813784,1.1028152294724964,3552
2024-05-26 09:00:00+00:00,1.101944762063273,1.1024620313022928,1.1007179405545915,1.100751614694188,3559
2024-05-26 10:00:00+00:00,1.1016070540653673,1.1040575693467847,1.1010436613309695,1.103598822493094,4131
2024-05-26 11:00:00+00:00,1.1029164023086837,1.1039548516024222,1.1021241079731523,1.1023983697720507,3388
2024-05-26 12:00:00+00:00,1.1021208268378002,1.1029507195374477,1.1010307704400488,1.102677663565277,3667
2024-05-26 13:00:00+00:00,1.1019716855019464,1.1021858637414357,1.0995761525849441,1.1003981119340793,5785
2024-05-26 14:00:00+00:00,1.100201061375538,1.101414866868783,1.0989815439737127,1.1013751756237469,3282
2024-05-26 15:00:00+00:00,1.1006669322139013,1.1018924782323922,1.099911681501973,1.100616089282459,2741
2024-05-26 16:00:00+00:00,1.1014604021542425,1.1026298311990803,1.1003465451758854,1.1021553933537775,3971
2024-05-26 17:00:00+00:00,1.1017850831749065,1.1022733106291966,1.100708784699184,1.101973687076215,4629
2024-05-26 18:00:00+00:00,1.1017420445098502,1.1020720984543546,1.1006823317365872,1.1010359624529407,4941
2024-05-26 19:00:00+00:00,1.1009914708194117,1.1012671163544876,1.0998106312874592,1.100189771607086,5695
2024-05-26 20:00:00+00:00,1.1001760220251924,1.101177918631446,1.0996071061659132,1.1004518429386116,3524
2024-05-26 21:00:00+00:00,1.1005351481609003,1.1009047345179654,1.0992571060949141,1.0999281553444258,3911
2024-05-26 22:00:00+00:00,1.0996754521815606,1.1014175820959142,1.0992574825977806,1.1009043067880697,5292
2024-05-26 23:00:00+00:00,1.1010975565183703,1.1019700961291718,1.0998915479538003,1.1003558142397551,3900
2024-05-27 00:00:00+00:00,1.1000211238036106,1.1008933861436123,1.0986825872280193,1.098992232711045,3713
2024-05-27 01:00:00+00:00,1.0989394191654873,1.1001400823513643,1.0987784277041628,1.0995531336286248,5140
2024-05-27 02:00:00+00:00,1.0995299803405145,1.0997205780819068,1.09789291381035,1.0984759759754539,3916
2024-05-27 03:00:00+00:00,1.0981477822683001,1.099896183373804,1.0973969650454785,1.0989270987843514,4547
2024-05-27 04:00:00+00:00,1.098396974551453,1.0989486436802123,1.097386895376807,1.0980548569384412,3009
2024-05-27 05:00:00+00:00,1.0983801998742524,1.0990524339024077,1.0979625228794412,1.0984378594172737,5070
2024-05-27 06:00:00+00:00,1.0985383682845222,1.0990414177622212,1.0971258130722363,1.097603664519401,6061
2024-05-27 07:00:00+00:00,1.097513054393661,1.0983304859339957,1.096883111001353,1.097698361914154,5385
2024-05-27 08:00:00+00:00,1.0978697169136966,1.0979285898246887,1.0938117227772277,1.0943407623653476,4701
2024-05-27 09:00:00+00:00,1.0962637395962358,1.0971987064601356,1.0955756555249028,1.0966468947162062,3756
2024-05-27 10:00:00+00:00,1.0965568115333295,1.097838306999894,1.0961746826595704,1.0973621348701708,3898
2024-05-27 11:00:00+00:00,1.0972887701226963,1.100323411691495,1.0967263052586365,1.1000027466478908,5956
2024-05-27 12:00:00+00:00,1.099463411117996,1.1008465041309583,1.0994375029308452,1.1001541630581058,4730
2024-05-27 13:00:00+00:00,1.1013616389886893,1.1018258612202259,1.1001400159966799,1.101024505246091,4691
2024-05-27 14:00:00+00:00,1.101583419783188,1.1028940072823479,1.1008855306722511,1.1016118476937742,5930
2024-05-27 15:00:00+00:00,1.1030543973366271,1.1052797611343,1.102037728955909,1.1037869208650646,3982
2024-05-27 16:00:00+00:00,1.1032977009225868,1.1046427497784908,1.1014480112912424,1.1015757078730626,4046
2024-05-27 17:00:00+00:00,1.101257059914325,1.1021294948119875,1.1009015074847321,1.1019060388471433,5088
2024-05-27 18:00:00+00:00,1.1015685119857876,1.1027343531608784,1.1009041053551256,1.1020616553415905,3802
2024-05-27 19:00:00+00:00,1.102279159050663,1.102279159050663,1.1007026274788765,1.1014327287412176,4586
2024-05-27 20:00:00+00:00,1.1016119027252729,1.1019607709095807,1.101111184485746,1.1013231319896957,3746
2024-05-27 21:00:00+00:00,1.100972157770867,1.1018622323012912,1.1000930931785624,1.101116348278586,3342
2024-05-27 22:00:00+00:00,1.101414011235009,1.1016680736929878,1.0997554133497578,1.1001042111307353,4316
2024-05-27 23:00:00+00:00,1.1002155390200294,1.101173669381466,1.0995835160015102,1.1000813716987217,2288
2024-05-28 00:00:00+00:00,1.0998119775119202,1.1009705401164058,1.0990850341179572,1.0998502783290292,4279
2024-05-28 01:00:00+00:00,1.1005925180521645,1.1017557471975288,1.1001135317511002,1.1009987491955313,4689
2024-05-28 02:00:00+00:00,1.1006417767664993,1.1014262266907173,1.1000854934382187,1.1009593631485919,4517
2024-05-28 03:00:00+00:00,1.1012837984510473,1.1027073773247598,1.1011045183738142,1.1023280370936175,2304
2024-05-28 04:00:00+00:00,1.10247003035314,1.1036035635205603,1.1017630674260999,1.1032875136118394,5015
2024-05-28 05:00:00+00:00,1.1035379554755476,1.1037657900332403,1.10269761307047,1.1034182779994988,3675
2024-05-28 06:00:00+00:00,1.1032848405702111,1.1038447924878392,1.1025533707304667,1.1031454908495495,5444
2024-05-28 07:00:00+00:00,1.1035391724846864,1.1039000182485188,1.1029678981953626,1.103709395135835,2297
2024-05-28 08:00:00+00:00,1.1038047666318986,1.1041185350781104,1.1016577304961155,1.101899069561208,3500
2024-05-28 09:00:00+00:00,1.101687621348018,1.1044371859877031,1.1013726862610718,1.1036136666943897,4060
2024-05-28 10:00:00+00:00,1.1033130381109717,1.106413871600898,1.1030610688950189,1.1060665291610654,4477
2024-05-28 11:00:00+00:00,1.1064331565432521,1.1079312148162266,1.1049811638683817,1.107351657337854,3950
2024-05-28 12:00:00+00:00,1.1071183797370745,1.1098299730150574,1.1065929448740452,1.1093421600293114,5514
2024-05-28 13:00:00+00:00,1.1093400360741097,1.109889263602018,1.1082852567378272,1.1091070555275813,3992
2024-05-28 14:00:00+00:00,1.1099423848108818,1.11049829371448,1.1092384345475859,1.110079732111675,5413
2024-05-28 15:00:00+00:00,1.110946304985785,1.1112433452140833,1.1098795465320683,1.1101522528036043,2412
2024-05-28 16:00:00+00:00,1.1104008557888556,1.1111180095594022,1.1078376568922983,1.109296076367992,5363
2024-05-28 17:00:00+00:00,1.109024264776794,1.1102286934276657,1.1086819404313577,1.1094790414094835,4688
2024-05-28 18:00:00+00:00,1.109409551287871,1.1097927934506864,1.1082645284679995,1.1094854420282523,5321
2024-05-28 19:00:00+00:00,1.1091146232223248,1.1096292395862228,1.1076249702560617,1.1086284346872268,5036
2024-05-28 20:00:00+00:00,1.1083982995772337,1.1094926549651993,1.1078438343856005,1.1085283054179056,4593
2024-05-28 21:00:00+00:00,1.1079298393257997,1.1084783588317104,1.1072532110101103,1.1078633025612163,3592
2024-05-28 22:00:00+00:00,1.108499497309978,1.108499497309978,1.107157647713038,1.1080921651688644,1991
2024-05-28 23:00:00+00:00,1.1085409589944362,1.1099215167801142,1.10784234030054,1.10915131812831,5651
2024-05-29 00:00:00+00:00,1.1088430228902015,1.1093232402475492,1.1073592961812304,1.1077918270551295,4051
2024-05-29 01:00:00+00:00,1.107643351496352,1.1078408395289447,1.1070792876412463,1.1073231506970784,6794
2024-05-29 02:00:00+00:00,1.1073631371278176,1.107493843989061,1.1064527986253767,1.1070984749294446,3657
2024-05-29 03:00:00+00:00,1.1070206853060363,1.1082230518352263,1.106692534214352,1.1076593408052195,5149
2024-05-29 04:00:00+00:00,1.108197907059166,1.1088224829312594,1.106934083106783,1.108121820104434,4092
2024-05-29 05:00:00+00:00,1.1082663526442902,1.1082663526442902,1.1064201792787847,1.106940605871696,3691
2024-05-29 06:00:00+00:00,1.1057327090535287,1.1070852057579106,1.1055373051821056,1.1062791103559368,3887
2024-05-29 07:00:00+00:00,1.1060973549128674,1.106739385839894,1.1041391656864028,1.104971649250953,4450
2024-05-29 08:00:00+00:00,1.105916068411909,1.1063486795338973,1.103897104082227,1.10450928715685,3750
2024-05-29 09:00:00+00:00,1.1051059459256511,1.1077030709994877,1.1051059459256511,1.1076867321336192,4402
2024-05-29 10:00:00+00:00,1.1078619977914936,1.1079886920873894,1.10563933056838,1.106213624806554,6604
2024-05-29 11:00:00+00:00,1.1045467365927162,1.106039346038828,1.1045467365927162,1.1059386583619848,4626
2024-05-29 12:00:00+00:00,1.1066674814833095,1.1082344379743174,1.1060197995442094,1.1069367669414496,3682
2024-05-29 13:00:00+00:00,1.1081849907430494,1.1089140972459066,1.1075687042814717,1.108018045526268,4867
2024-05-29 14:00:00+00:00,1.1074797412854631,1.1081198388333957,1.1064917590178833,1.1071660325831865,4532
2024-05-29 15:00:00+00:00,1.1058723845149823,1.1067197431227243,1.104708113630351,1.1054956269972958,3461
2024-05-29 16:00:00+00:00,1.1052813156647947,1.106947485898773,1.104429837742017,1.1048678991057401,3238
2024-05-29 17:00:00+00:00,1.1045308089955037,1.1069866197855494,1.1040101310482604,1.1060534982101604,3960
2024-05-29 18:00:00+00:00,1.106479132328894,1.107349596998663,1.1056809348538668,1.1068226202727385,3748
2024-05-29 19:00:00+00:00,1.1070942724138917,1.1076981132963704,1.106491911862604,1.1074926296689984,3072
2024-05-29 20:00:00+00:00,1.1075852264691337,1.1089921279155426,1.1068470337954934,1.1078984323327519,4884
2024-05-29 21:00:00+00:00,1.1077537054688134,1.108256489355393,1.1065602096059972,1.1070407042833796,4161
2024-05-29 22:00:00+00:00,1.1070812019403,1.1078152554051455,1.106913826364593,1.1073415399089206,5664
2024-05-29 23:00:00+00:00,1.1070005114207901,1.108171198320545,1.1066383485654319,1.1072627840535525,4833
2024-05-30 00:00:00+00:00,1.107392357521662,1.1076989028947808,1.106602117263345,1.1071001069411415,5801
2024-05-30 01:00:00+00:00,1.1074745111029967,1.1078843707896042,1.1063034967546812,1.107421890131196,4549
2024-05-30 02:00:00+00:00,1.107166312072246,1.1075947874750194,1.1056085145937895,1.107101472171297,5349
2024-05-30 03:00:00+00:00,1.1069373309874935,1.107391196229554,1.1057886282158547,1.1061886314995766,3213
2024-05-30 04:00:00+00:00,1.1058242892263934,1.1063426100254146,1.1048271163580041,1.105946720957362,4002
2024-05-30 05:00:00+00:00,1.1055875016172012,1.1059459982036286,1.1044940403623333,1.1050673413192507,3123
2024-05-30 06:00:00+00:00,1.1048225069509032,1.1059667078791815,1.1043519616305997,1.1052716474428574,3281
2024-05-30 07:00:00+00:00,1.1047936862482652,1.1055126295069921,1.1039081634545502,1.1044369767362376,4868
2024-05-30 08:00:00+00:00,1.103790885090937,1.1058214223694778,1.1030331412730299,1.1052067765164033,4677
2024-05-30 09:00:00+00:00,1.106383058016057,1.1071118242230507,1.105997428823613,1.1061706012429777,3570
2024-05-30 10:00:00+00:00,1.105160724426452,1.1082867906138523,1.1045864008049204,1.1074588825177483,3634
2024-05-30 11:00:00+00:00,1.1086611105593984,1.108734951407613,1.1066508815866112,1.1072275031320031,4481
2024-05-30 12:00:00+00:00,1.1067883653831492,1.1077472391425367,1.105994639751323,1.107339694548254,4313
2024-05-30 13:00:00+00:00,1.1076554219742734,1.108241041526529,1.1069925094995667,1.10740098021655,4863
2024-05-30 14:00:00+00:00,1.105733937000444,1.107293735913859,1.1054230471367674,1.1071044623056094,3919
2024-05-30 15:00:00+00:00,1.1067296010157495,1.1069356476028869,1.105350232792217,1.1061724852933745,3652
2024-05-30 16:00:00+00:00,1.105875895450984,1.1082804714199936,1.1049766631492701,1.10798785156453,3413
2024-05-30 17:00:00+00:00,1.1081435371303348,1.108567423641372,1.1067987489582964,1.1075471170371238,3130
2024-05-30 18:00:00+00:00,1.1069518776344964,1.1076549241160125,1.1060395258849918,1.1064649919351006,2901
2024-05-30 19:00:00+00:00,1.106989762261061,1.10714851333146,1.1058064152121254,1.1062126602900466,3899
2024-05-30 20:00:00+00:00,1.1064728597651163,1.1073115454881157,1.10518046924596,1.1053090429350994,4973
2024-05-30 21:00:00+00:00,1.1055825706491078,1.1059584119986465,1.1042563113078578,1.1052293528816632,5361
2024-05-30 22:00:00+00:00,1.1053777479647846,1.1060059877546906,1.104290774928529,1.1048260493162891,5359
2024-05-30 23:00:00+00:00,1.1046733022550859,1.1055049909261137,1.1035002411178112,1.1049900440462994,4644
2024-05-31 00:00:00+00:00,1.103933805395353,1.1053983401728473,1.103152421703971,1.1049341693981087,4654
2024-05-31 01:00:00+00:00,1.1051882154300463,1.106330723264199,1.104534012051062,1.105792967280872,4541
2024-05-31 02:00:00+00:00,1.1060810283609275,1.1064716873230949,1.105696579215782,1.1061043931190921,5570
2024-05-31 03:00:00+00:00,1.1057464302016826,1.1062101786202136,1.1049852850469255,1.1051419755148393,5257
2024-05-31 04:00:00+00:00,1.1047112666332348,1.10532086326917,1.1036265588518264,1.104407413290649,5953
2024-05-31 05:00:00+00:00,1.1045830474274676,1.1056626353280246,1.1041377303731295,1.105114958198128,6294
2024-05-31 06:00:00+00:00,1.1052550215514017,1.1061020519992664,1.1051205900309082,1.105711632168386,5063
2024-05-31 07:00:00+00:00,1.106247969469737,1.107314295493119,1.1059174615894762,1.106959745897834,4071
2024-05-31 08:00:00+00:00,1.1070557690468712,1.1087317532359908,1.1069176633265256,1.1075945182272031,5270
2024-05-31 09:00:00+00:00,1.1078555754416344,1.109139362154146,1.107050617050849,1.108710150070489,4128
2024-05-31 10:00:00+00:00,1.1074292268265638,1.108030580793176,1.104843543037548,1.1058741418791065,6042
2024-05-31 11:00:00+00:00,1.1051241441182826,1.1066183276059485,1.1044156854771119,1.1061469202376761,3570
2024-05-31 12:00:00+00:00,1.1063277410335979,1.107391357618522,1.105692668416711,1.1063468549461284,4296
2024-05-31 13:00:00+00:00,1.1062242002715585,1.1074371204953157,1.1053973666804737,1.1057089083891003,3474
2024-05-31 14:00:00+00:00,1.1055852295639488,1.1079175274146633,1.1052200752388068,1.1072379390439984,3756
2024-05-31 15:00:00+00:00,1.106100769329824,1.1065627524817883,1.1045014960569173,1.1051651409532377,4634
2024-05-31 16:00:00+00:00,1.1047076635155473,1.1062293654284698,1.1042895793596972,1.105748096156266,4181
2024-05-31 17:00:00+00:00,1.1057358635900998,1.1059399272165849,1.1045537311710987,1.1048441124034396,3964
2024-05-31 18:00:00+00:00,1.1050403340840256,1.1053470676372164,1.1037549449905122,1.103954672006582,4959
2024-05-31 19:00:00+00:00,1.1033818325010745,1.104194044297467,1.1026196163853526,1.102899071564089,5396
2024-05-31 20:00:00+00:00,1.1026975942278021,1.1034815620012786,1.1025429791758732,1.103150736364053,4075
2024-05-31 21:00:00+00:00,1.1027127349106245,1.1034389225100045,1.100834917484673,1.1015820796477926,3723
2024-05-31 22:00:00+00:00,1.1014668201418867,1.101866775341761,1.1009212324704027,1.1015961854582523,6063
2024-05-31 23:00:00+00:00,1.1011276573011732,1.1017197145152469,1.100350830256392,1.1006319960600441,4555
2024-06-01 00:00:00+00:00,1.1000985338400933,1.101092184979963,1.0996759295061127,1.1001380220740762,4746
2024-06-01 01:00:00+00:00,1.0988593283223231,1.1005359806710964,1.0988593283223231,1.099250470583365,2605
2024-06-01 02:00:00+00:00,1.0995569678148218,1.101756707449448,1.0984271405735004,1.100599177155169,2145
2024-06-01 03:00:00+00:00,1.1008932616832485,1.1015664812354191,1.0996627259645497,1.1005093461212008,5031
2024-06-01 04:00:00+00:00,1.10056383885362,1.1017808836919927,1.0995815183971818,1.1013418831320467,6140
2024-06-01 05:00:00+00:00,1.1017122887549233,1.102087783920795,1.1012320772292767,1.101328872114689,5259
2024-06-01 06:00:00+00:00,1.1016649726650067,1.1028387179924126,1.101214811218065,1.1025610322498427,5679
2024-06-01 07:00:00+00:00,1.1024469606768577,1.1046538541080577,1.1020474061906975,1.104071216159606,5795
2024-06-01 08:00:00+00:00,1.103473284524734,1.1042705080107869,1.1016361394767358,1.103354915334574,4032
2024-06-01 09:00:00+00:00,1.103842315862723,1.1055819551416417,1.103474624549092,1.1042109472392734,4484
2024-06-01 10:00:00+00:00,1.103035614984822,1.1037419295123716,1.102058829824165,1.1031438206597382,4427
2024-06-01 11:00:00+00:00,1.1031847840472757,1.104033999069349,1.1021379336486496,1.1027938688491814,5019
2024-06-01 12:00:00+00:00,1.102111715124319,1.104559191046282,1.102060883453837,1.102505955249487,5266
2024-06-01 13:00:00+00:00,1.1018620266940657,1.1044795527841869,1.1016032598636534,1.1042817309883737,4151
2024-06-01 14:00:00+00:00,1.1038185260396012,1.1064659966868577,1.1033396665867499,1.1062450326505877,4023
2024-06-01 15:00:00+00:00,1.1051766499557303,1.1060233308340894,1.1000119264598744,1.1000164634346639,4413
2024-06-01 16:00:00+00:00,1.1012659217300245,1.1024791120350237,1.1006240492000334,1.1013510517150724,4556
2024-06-01 17:00:00+00:00,1.101671266290417,1.1023811072563467,1.1010391790442557,1.1018981343710552,3310
2024-06-01 18:00:00+00:00,1.101627720022508,1.1023919331186869,1.100758801571347,1.1021365456741434,4418
2024-06-01 19:00:00+00:00,1.102831023696931,1.1032372006757247,1.1019699332619293,1.1025147153090915,4355
2024-06-01 20:00:00+00:00,1.1020972305406045,1.1026675490963478,1.1016680142842616,1.1019589671601193,3237
2024-06-01 21:00:00+00:00,1.102677819268598,1.1030024592372374,1.1019536403480024,1.1025477790627685,3397
2024-06-01 22:00:00+00:00,1.1020451257860093,1.1029205445926453,1.1016291827138105,1.1024069122605584,7138
2024-06-01 23:00:00+00:00,1.102786053308935,1.10339767615284,1.1019413839063548,1.1025555152242652,4820
2024-06-02 00:00:00+00:00,1.102110490763204,1.1029377862487237,1.101947678514677,1.1026075448252872,3392
2024-06-02 01:00:00+00:00,1.1026359239734862,1.1034304345248374,1.1019486188823482,1.1027593756491765,5854
2024-06-02 02:00:00+00:00,1.1020873155742257,1.1027098110723075,1.100898319526107,1.1022139239331303,5360
2024-06-02 03:00:00+00:00,1.101626327312184,1.1023821135273102,1.10130718125613,1.1016698691271858,5958
2024-06-02 04:00:00+00:00,1.1019430753577033,1.102780049897845,1.1011204103354193,1.1021085198430474,3033
2024-06-02 05:00:00+00:00,1.102334742213986,1.1033348862899228,1.101736915925183,1.1023744949987893,4479
2024-06-02 06:00:00+00:00,1.1025121291882913,1.1035709648825973,1.101639524613268,1.102939230085987,4941
2024-06-02 07:00:00+00:00,1.1017868429062503,1.1026138518757977,1.1009766383609205,1.1016298101706967,2962
2024-06-02 08:00:00+00:00,1.101972845573996,1.1039224779887655,1.1017419648103615,1.1036987045909041,4724
2024-06-02 09:00:00+00:00,1.1025196054357314,1.1043273997668677,1.101330048199926,1.104037093120849,3496
2024-06-02 10:00:00+00:00,1.1043382735555332,1.1050128273810322,1.1021654665873146,1.1030370493542985,3403
2024-06-02 11:00:00+00:00,1.1030317572612267,1.1044019711933193,1.1023899831981492,1.1037614447541644,3984
2024-06-02 12:00:00+00:00,1.1021497364638728,1.1029044535999744,1.100684567853513,1.1012703840914944,5627
2024-06-02 13:00:00+00:00,1.1004325407913282,1.1025143234264323,1.1003550327396163,1.1023010329575065,3712
2024-06-02 14:00:00+00:00,1.1028261685290612,1.1041502764110713,1.1022844694941571,1.1036652094627113,4757
2024-06-02 15:00:00+00:00,1.101817608080575,1.1026498016673316,1.1004627558343303,1.1019624203150264,5551
2024-06-02 16:00:00+00:00,1.1021151872280954,1.1021642961106977,1.1002810231960143,1.101450737370243,4427
2024-06-02 17:00:00+00:00,1.1016548005392421,1.1020527671909317,1.1010749512235025,1.1012514225776864,3859
2024-06-02 18:00:00+00:00,1.1010853153653464,1.1018946902753581,1.1001374120701044,1.1004256799789074,6119
2024-06-02 19:00:00+00:00,1.1002163471496325,1.1014437807578987,1.0995191104636952,1.1010415791913548,4785
2024-06-02 20:00:00+00:00,1.1018594333523883,1.1019338758381216,1.099766237273914,1.1004368103932995,4472
2024-06-02 21:00:00+00:00,1.1009595591681247,1.1020874464434098,1.1002564916940818,1.1010350181236899,6121
2024-06-02 22:00:00+00:00,1.1007021802603743,1.101565260877199,1.1004005351812889,1.1008572286600231,4818
2024-06-02 23:00:00+00:00,1.100530667683509,1.1016300281716276,1.100197920374365,1.1008020627750073,3486
2024-06-03 00:00:00+00:00,1.1011167791895116,1.101910620555613,1.1006986750864447,1.1014982652803387,3385
2024-06-03 01:00:00+00:00,1.1013903254721535,1.1018151834293641,1.1008063645346462,1.1012685945503184,4687
2024-06-03 02:00:00+00:00,1.1015572047770956,1.101606564596281,1.0998553414449643,1.1008700243245035,4902
2024-06-03 03:00:00+00:00,1.1008177314448009,1.10157972567338,1.1002242130525153,1.1006193973702345,4078
2024-06-03 04:00:00+00:00,1.1004625162872583,1.1009872648941124,1.0995486482408279,1.0999052460767167,3137
2024-06-03 05:00:00+00:00,1.0996763766741002,1.1009012713083695,1.098840832807679,1.0998423296049518,3581
2024-06-03 06:00:00+00:00,1.0995917336470953,1.1000349846182285,1.0982602716941539,1.09892584596223,2846
2024-06-03 07:00:00+00:00,1.099076811753998,1.0996360856960283,1.0982953718472126,1.0991631170148932,4119
2024-06-03 08:00:00+00:00,1.0997028298887481,1.100223548891488,1.0974336383773229,1.098048433422713,4270
2024-06-03 09:00:00+00:00,1.0983926099800914,1.0989362748788183,1.0968591191978498,1.098617732997178,4515
2024-06-03 10:00:00+00:00,1.098840175417797,1.1008116598981688,1.0985895979809008,1.1006225009836204,3584
2024-06-03 11:00:00+00:00,1.1020502230382903,1.1032109980058271,1.1009041797983703,1.1024015114418344,5154
2024-06-03 12:00:00+00:00,1.1019783248944366,1.1033344409013255,1.1009832001998818,1.1015401521987127,4763
2024-06-03 13:00:00+00:00,1.10141394253264,1.1020525530064074,1.1004330775874631,1.1014986555550492,2759
2024-06-03 14:00:00+00:00,1.1021283230270735,1.1039716632362386,1.1015017505815405,1.1032263100275195,5283
2024-06-03 15:00:00+00:00,1.103946516126179,1.104360734870124,1.1028093819928964,1.1034510815546095,4571
2024-06-03 16:00:00+00:00,1.1040185119816295,1.105149941060203,1.1022382900090797,1.1032660500387397,5473
2024-06-03 17:00:00+00:00,1.1026244043463183,1.1031701750654757,1.1020139650936036,1.1028182984778507,4356
2024-06-03 18:00:00+00:00,1.1025648816277323,1.1031660471350557,1.1019180733090648,1.102400125527085,3291
2024-06-03 19:00:00+00:00,1.1026160279298332,1.1026160279298332,1.1016017578473012,1.101885511304484,4092
2024-06-03 20:00:00+00:00,1.1016652588821156,1.1027266076681217,1.1014729807055204,1.102381983623821,4905
2024-06-03 21:00:00+00:00,1.102789192538727,1.1040407260507508,1.1024085428792878,1.10345708468164,4223
2024-06-03 22:00:00+00:00,1.103382960780633,1.1048102410069096,1.1032617424740143,1.1042837284652147,5532
2024-06-03 23:00:00+00:00,1.1038130865809876,1.1053925095817916,1.1032053332326852,1.1043968912855047,3043
2024-06-04 00:00:00+00:00,1.1042057827473457,1.1053626258148708,1.1038382594644298,1.1048787704323824,4327
2024-06-04 01:00:00+00:00,1.1050406894527787,1.1060101065831156,1.1043182228107595,1.105532296003168,5236
2024-06-04 02:00:00+00:00,1.105458221551351,1.1057209254441684,1.1048546113323057,1.1050966807615565,3535
2024-06-04 03:00:00+00:00,1.1044295239800859,1.105363464872539,1.103648268816184,1.1037676353316759,6252
2024-06-04 04:00:00+00:00,1.103929804245658,1.1050092863862069,1.1033636587145284,1.103883276502263,3794
2024-06-04 05:00:00+00:00,1.1033396942290716,1.1037788015419145,1.1027493199927294,1.103237302490701,3626
2024-06-04 06:00:00+00:00,1.1026728665181185,1.103959205088437,1.1023813914523644,1.1031502704191083,3732
2024-06-04 07:00:00+00:00,1.103524761226072,1.1043998957677872,1.1028435181546734,1.1033992236027883,3240
2024-06-04 08:00:00+00:00,1.1021974526851237,1.1056365175818303,1.1013208641035381,1.1049344364087859,4328
2024-06-04 09:00:00+00:00,1.1038563934269865,1.106496541604698,1.103623615970627,1.1060293553038825,5418
2024-06-04 10:00:00+00:00,1.1048880386014333,1.105962227961011,1.1030533473140678,1.1033967577613546,4838
2024-06-04 11:00:00+00:00,1.1035591782508134,1.1046401067826803,1.1029242937036419,1.1041011689723683,2424
2024-06-04 12:00:00+00:00,1.1045822211785667,1.1055835827047822,1.1029170488002285,1.1051356266622094,4002
2024-06-04 13:00:00+00:00,1.1043266990784038,1.1066828360813625,1.1032243248219558,1.1062839800852429,3278
2024-06-04 14:00:00+00:00,1.1062168235155152,1.106461921226298,1.1049062487367942,1.1054147227256372,4320
2024-06-04 15:00:00+00:00,1.1051443524297657,1.105606531623558,1.1042905932625933,1.1045992869649965,4756
2024-06-04 16:00:00+00:00,1.10397848534586,1.105311562204591,1.1032155374678398,1.104890207041635,6792
2024-06-04 17:00:00+00:00,1.1045211299768203,1.1058281859835963,1.1043717710144414,1.105564900992774,5441
2024-06-04 18:00:00+00:00,1.1056704068763092,1.106044491206008,1.1050549858512488,1.1056463051154417,2565
2024-06-04 19:00:00+00:00,1.1057440184075251,1.1061773423337262,1.1044307174860135,1.1052493380874835,2537
2024-06-04 20:00:00+00:00,1.105593341056847,1.1060164102011358,1.105007188135895,1.1055507473712638,4738
2024-06-04 21:00:00+00:00,1.1056486225811104,1.1061000131214784,1.1047617634647222,1.1054340452349163,3987
2024-06-04 22:00:00+00:00,1.1065380632303892,1.1070810579992187,1.1060897774676859,1.1067896939469606,4076
2024-06-04 23:00:00+00:00,1.106550023998541,1.1082525065175886,1.1064815044075116,1.1073383981887415,5712
2024-06-05 00:00:00+00:00,1.1070445876052601,1.1075388575741294,1.1060462088150878,1.1065463527849133,3718
2024-06-05 01:00:00+00:00,1.1067384539365366,1.1068647706814363,1.1053872868633468,1.1056254302043123,3095
2024-06-05 02:00:00+00:00,1.106478789842024,1.1067397034657844,1.1055836564086012,1.1063623954211963,2136
2024-06-05 03:00:00+00:00,1.1066298052449535,1.107752616511086,1.106402111988383,1.1073060462136188,6236
2024-06-05 04:00:00+00:00,1.1077506728763262,1.1082505391953141,1.106846898549729,1.1075955750297415,5535
2024-06-05 05:00:00+00:00,1.107213819855514,1.1087934797397616,1.1068985220807537,1.1077774047858202,3324
2024-06-05 06:00:00+00:00,1.1078127390165462,1.1082909023010714,1.1068054301693755,1.107601743544274,3897
2024-06-05 07:00:00+00:00,1.1078187121999916,1.1082526339369356,1.106945777121904,1.1077257568158736,4539
2024-06-05 08:00:00+00:00,1.1073798352103756,1.1074786303031017,1.1053038435870417,1.1057406283439428,4937
2024-06-05 09:00:00+00:00,1.1071945089020567,1.1095204830614829,1.1061409736363752,1.1089954982439056,4530
2024-06-05 10:00:00+00:00,1.1094460361161016,1.1099553710880594,1.1074815412539094,1.1082089348322752,5992
2024-06-05 11:00:00+00:00,1.1077819569464074,1.1099001890409461,1.1073186440518885,1.1095633336026256,3777
2024-06-05 12:00:00+00:00,1.1088877486012598,1.1095030101644425,1.107637296034582,1.1081294895902745,5521
2024-06-05 13:00:00+00:00,1.1087583234311738,1.1098368815278383,1.107835462705202,1.1081312613311083,5090
2024-06-05 14:00:00+00:00,1.1067485753362247,1.109228899828643,1.1064624392171696,1.107779438118555,3568
2024-06-05 15:00:00+00:00,1.1082692152116849,1.1091596437061508,1.1062624798221632,1.1067934500122316,4449
2024-06-05 16:00:00+00:00,1.1069518999681107,1.107770661760017,1.103963703016414,1.1041692281589,5213
2024-06-05 17:00:00+00:00,1.1035387155140945,1.1047070877643341,1.103034446670681,1.1036952168409053,5501
2024-06-05 18:00:00+00:00,1.103699379092859,1.1047162135975648,1.1029995978727969,1.1041576148230816,1930
2024-06-05 19:00:00+00:00,1.1041900392547275,1.1052827899507975,1.1035867817236613,1.1039286390007625,5170
2024-06-05 20:00:00+00:00,1.1035478933292961,1.1040731766890672,1.1023343807473718,1.1032264802834093,5033
2024-06-05 21:00:00+00:00,1.1031559246257059,1.1040068711419484,1.10220211742776,1.1035996090457614,3674
2024-06-05 22:00:00+00:00,1.1031146621825347,1.1046425212392157,1.1031146621825347,1.103895409899985,3889
2024-06-05 23:00:00+00:00,1.1039491914039494,1.1043625219981956,1.1031981616405826,1.1032437093351237,4154
2024-06-06 00:00:00+00:00,1.1031471342255192,1.1045401887056427,1.1031471342255192,1.1044113233974118,5215
2024-06-06 01:00:00+00:00,1.1042946213875446,1.1043750508878822,1.1028014491509226,1.1032170442788585,3841
2024-06-06 02:00:00+00:00,1.1031998013477555,1.1034507274315892,1.1026853513471533,1.102943314656268,4527
2024-06-06 03:00:00+00:00,1.1032225692782274,1.1032619891468327,1.1010959645437413,1.1013089294837002,3884
2024-06-06 04:00:00+00:00,1.1014335728092317,1.101973701604797,1.0999827524425458,1.1002742028880235,4564
2024-06-06 05:00:00+00:00,1.10019432953506,1.1011780409397594,1.099851272134224,1.1006274791906996,6107
2024-06-06 06:00:00+00:00,1.1011862067079892,1.1020811729689068,1.1005364055776905,1.101454709490475,6131
2024-06-06 07:00:00+00:00,1.1007369256237522,1.1023163957386546,1.1007068001193523,1.1012870459319677,6113
2024-06-06 08:00:00+00:00,1.0999393042236545,1.1020333455124056,1.0997834986759687,1.1017809205546591,5168
2024-06-06 09:00:00+00:00,1.1017718700527743,1.1035696646215252,1.100855545289544,1.1031040185207994,5113
2024-06-06 10:00:00+00:00,1.103137377637594,1.1035287295201166,1.1010977720667618,1.1018392437918125,4420
2024-06-06 11:00:00+00:00,1.1016102982037062,1.1016336086761165,1.0999487356255016,1.10018909625986,3433
2024-06-06 12:00:00+00:00,1.101566906293376,1.102085274949382,1.1007962762403618,1.1014890604937604,5073
2024-06-06 13:00:00+00:00,1.1019147242038632,1.1026062878712373,1.1009740480035768,1.1020168025754693,3648
2024-06-06 14:00:00+00:00,1.1017437659503833,1.1027461569903927,1.0997654490896331,1.1004411063755186,4428
2024-06-06 15:00:00+00:00,1.0996196172841204,1.1000531474206772,1.0986722248408376,1.0993246622749755,3693
2024-06-06 16:00:00+00:00,1.1005581429170057,1.1015454908515552,1.1000336807898419,1.1010143842719193,3859
2024-06-06 17:00:00+00:00,1.1014628002246154,1.1022680640393787,1.100074700515025,1.1006562457647395,5429
2024-06-06 18:00:00+00:00,1.100322687973647,1.1013819090056636,1.0992480549555772,1.099739310744976,3393
2024-06-06 19:00:00+00:00,1.1001953138208276,1.1007812916805508,1.0987704305216504,1.1003349476060351,4591
2024-06-06 20:00:00+00:00,1.100396133914792,1.100795418975439,1.0992763374629462,1.0996694047775593,2817
2024-06-06 21:00:00+00:00,1.0996160441908542,1.1001945675823124,1.0982055315954617,1.0994489682367963,4983
2024-06-06 22:00:00+00:00,1.0997950357350772,1.1002281831833791,1.0975617490481264,1.0977912719270333,6529
2024-06-06 23:00:00+00:00,1.098729401818743,1.0992832464458535,1.0975570400299448,1.0980085887262963,5332
2024-06-07 00:00:00+00:00,1.0981521638218286,1.0985622024550656,1.0968113257941998,1.0973309474577615,5045
2024-06-07 01:00:00+00:00,1.0979603747220104,1.098673905787539,1.0970008117835177,1.0983107301643609,2802
2024-06-07 02:00:00+00:00,1.0986653189534281,1.0991495106970026,1.0980826848375178,1.0985669728413459,4183
2024-06-07 03:00:00+00:00,1.0989181318593784,1.099136874530307,1.0973161798903994,1.0980128119540875,5686
2024-06-07 04:00:00+00:00,1.0979246633366777,1.0981400165540096,1.0969936325688658,1.097861771921965,4550
2024-06-07 05:00:00+00:00,1.098309843861956,1.0993510839896772,1.0974523913470804,1.0977813416490363,3340
2024-06-07 06:00:00+00:00,1.096946166017797,1.0976912988948948,1.096475413987786,1.0972566138080009,4382
2024-06-07 07:00:00+00:00,1.0972220933646988,1.0983445245380772,1.096410530702477,1.097752135006217,4432
2024-06-07 08:00:00+00:00,1.0983459145915377,1.1001883080746218,1.0983123035557698,1.0989492655510462,3856
2024-06-07 09:00:00+00:00,1.0994840224443854,1.1007506048371634,1.099432096705175,1.1005027962729985,4200
2024-06-07 10:00:00+00:00,1.100837820956021,1.1038672740574538,1.100464706024902,1.1034541917946443,3419
2024-06-07 11:00:00+00:00,1.1032048720200833,1.1049521001474298,1.1026801188130406,1.1046051908009467,3099
2024-06-07 12:00:00+00:00,1.1055198792952392,1.1064259665627325,1.1043321495083087,1.1049154122517502,3862
2024-06-07 13:00:00+00:00,1.1056500940174057,1.1068761539180128,1.105164081777374,1.1061038740155626,4475
2024-06-07 14:00:00+00:00,1.1053925230163844,1.1064668310664296,1.1041956669698183,1.1057546576947712,4682
2024-06-07 15:00:00+00:00,1.105562781488275,1.1060669823781384,1.1045474186984223,1.1053702460194927,6299
2024-06-07 16:00:00+00:00,1.105362335444325,1.1056877728154528,1.104554697284429,1.10525688677363,4842
2024-06-07 17:00:00+00:00,1.1050336446607938,1.1068059195288784,1.1050336446607938,1.1059033471881548,5320
2024-06-07 18:00:00+00:00,1.107035907103032,1.1078509626793762,1.10632249327695,1.1074576951335864,4725
2024-06-07 19:00:00+00:00,1.1074613345308666,1.10828311163828,1.1065806755546344,1.1075237828162183,4600
2024-06-07 20:00:00+00:00,1.1072579656284618,1.1074202460442313,1.1060616005993897,1.1067899964245302,3793
2024-06-07 21:00:00+00:00,1.1069164385485892,1.1076781619148077,1.1060731856621238,1.1068836776094766,4539
2024-06-07 22:00:00+00:00,1.1068561784093132,1.1077757897806166,1.1060611717614375,1.1070066813839796,4954
2024-06-07 23:00:00+00:00,1.1063656304394993,1.1077031626152714,1.1057666941734958,1.1069293193398786,4416
2024-06-08 00:00:00+00:00,1.106550894692224,1.1075236190163025,1.1058139304900718,1.107421153574933,3383
2024-06-08 01:00:00+00:00,1.1079043615422919,1.1085761567530856,1.1074612414787801,1.1077997375339812,3282
2024-06-08 02:00:00+00:00,1.107956086233707,1.1087310230999872,1.107178108322613,1.1082285988250211,3325
2024-06-08 03:00:00+00:00,1.1072049041653729,1.1072866941518185,1.1056425903095168,1.1059572058455287,4197
2024-06-08 04:00:00+00:00,1.105868230567723,1.1063361714080018,1.105165209376001,1.1059650008174384,3291
2024-06-08 05:00:00+00:00,1.1062636768168008,1.1073122699616027,1.104821775315764,1.1051881247225073,2244
2024-06-08 06:00:00+00:00,1.1061262880304084,1.1069451491854574,1.1053015445873335,1.1062759418190904,3837
2024-06-08 07:00:00+00:00,1.1069120351782513,1.1069745463105434,1.104626745574535,1.1053316391267964,3497
2024-06-08 08:00:00+00:00,1.1052721107654195,1.1056599171676342,1.10289204732303,1.1032112550123674,3225
2024-06-08 09:00:00+00:00,1.1030864212452416,1.1040219504659725,1.1003683276814635,1.1026603571172156,2758
2024-06-08 10:00:00+00:00,1.1019809477879872,1.1030356488220439,1.101547609889887,1.1021320931113658,5125
2024-06-08 11:00:00+00:00,1.1030159545171474,1.1031746011056371,1.0994627762599931,1.0999978057731175,4037
2024-06-08 12:00:00+00:00,1.0998133573493687,1.1009906144856265,1.0990917336742747,1.099581802950024,1649
2024-06-08 13:00:00+00:00,1.098266415507834,1.0995766273404863,1.09776642749507,1.098716066940852,4604
2024-06-08 14:00:00+00:00,1.0985761047104226,1.1021536726383734,1.09774178329952,1.1013524270639024,3867
2024-06-08 15:00:00+00:00,1.1016329411585206,1.102495355153106,1.1003312962882787,1.1005711326918135,3897
2024-06-08 16:00:00+00:00,1.0994206565077809,1.1004336749037085,1.0991226657457125,1.099550756762488,4325
2024-06-08 17:00:00+00:00,1.0993310570345167,1.100272688144801,1.0981155357031995,1.098525906774383,6535
2024-06-08 18:00:00+00:00,1.097919102879026,1.0988761348505582,1.0969428325154824,1.0975482895941686,3777
2024-06-08 19:00:00+00:00,1.0975108904335824,1.0981894545304458,1.0968242608084517,1.097861776029841,4045
2024-06-08 20:00:00+00:00,1.0981487778503465,1.0990233708034631,1.0978631486698824,1.0983596724321056,5338
2024-06-08 21:00:00+00:00,1.0987094780756863,1.099354552008479,1.0969251716215898,1.0973755480870557,4794
2024-06-08 22:00:00+00:00,1.0970341815687747,1.0975941063372576,1.096334343916268,1.0970186774551407,5370
2024-06-08 23:00:00+00:00,1.0970704328404484,1.0972308534964557,1.0958305339197911,1.0961565266862605,4954
2024-06-09 00:00:00+00:00,1.095726068893264,1.0958898483910868,1.0947107295572338,1.0950558519702245,4553
2024-06-09 01:00:00+00:00,1.0956047800637767,1.0957340042155352,1.0942793509829225,1.0953002628962136,2212
2024-06-09 02:00:00+00:00,1.095257083646841,1.0955493502389244,1.0938940405462154,1.093959543259949,2630
2024-06-09 03:00:00+00:00,1.0946460991621172,1.0950716787966353,1.093481255053654,1.093984456886162,4440
2024-06-09 04:00:00+00:00,1.093920148220784,1.095393903907354,1.0937732171822894,1.0951218632968753,4120
2024-06-09 05:00:00+00:00,1.094425726324965,1.0956611081497973,1.0942575069583615,1.09441002931039,6167
2024-06-09 06:00:00+00:00,1.094373511596058,1.0953084928360883,1.0934003099307863,1.0940637009406788,4927
2024-06-09 07:00:00+00:00,1.0945149896790631,1.0951411404201659,1.0939951011549345,1.0943971988920373,2866
2024-06-09 08:00:00+00:00,1.0949045291491981,1.0958433471131184,1.0939025634606148,1.0952317750405676,4394
2024-06-09 09:00:00+00:00,1.0948817075439692,1.096489923969522,1.094675923727943,1.0951685847883852,4321
2024-06-09 10:00:00+00:00,1.094795910089879,1.0957168874648764,1.0939604958230853,1.0942581501275275,3646
2024-06-09 11:00:00+00:00,1.0953756753123713,1.0970792319717324,1.0951392991459004,1.0961183966389292,4338
2024-06-09 12:00:00+00:00,1.0959786543723555,1.0974227198206101,1.0954274200694005,1.096742025811703,3547
2024-06-09 13:00:00+00:00,1.0971806430078066,1.0976950951650282,1.096071442864164,1.0964955878588618,4136
2024-06-09 14:00:00+00:00,1.0971507199072223,1.0975175095376886,1.095777360271465,1.096263552572203,6072
2024-06-09 15:00:00+00:00,1.0961248402992827,1.0976099421288672,1.0954482633461382,1.0973108621529033,2841
2024-06-09 16:00:00+00:00,1.0964950853823154,1.0973610170440493,1.0956143526008293,1.0965189150393138,6531
2024-06-09 17:00:00+00:00,1.0965245640433,1.0970096296351093,1.0961829338275422,1.0966076981712942,4243
2024-06-09 18:00:00+00:00,1.0967953683355083,1.0971844043178152,1.0960340588889634,1.096126341114988,5542
2024-06-09 19:00:00+00:00,1.095614801279118,1.0970584935314962,1.095210990343127,1.0964997852599103,5430
2024-06-09 20:00:00+00:00,1.097426108537529,1.0979281576999218,1.0963813802364504,1.0975196311049673,5387
2024-06-09 21:00:00+00:00,1.0975375826955527,1.0980125747082952,1.096984829533684,1.0974677376848199,3795
2024-06-09 22:00:00+00:00,1.096498940820278,1.0990957267670343,1.096315969321562,1.098084913083277,5413
2024-06-09 23:00:00+00:00,1.0981379915394818,1.098977688113881,1.097506857140105,1.0986904593826479,3712
2024-06-10 00:00:00+00:00,1.0993206866959595,1.0998962706599376,1.0982211830861965,1.0988915239005703,4621
2024-06-10 01:00:00+00:00,1.0988808931797418,1.0996829262151386,1.098080473282882,1.0989678699658367,4334
2024-06-10 02:00:00+00:00,1.0992549894198445,1.1005444147220091,1.0987127187134402,1.1000137167872381,3244
2024-06-10 03:00:00+00:00,1.0999054381662354,1.0999198921875626,1.0989771635075265,1.099429470496538,4930
2024-06-10 04:00:00+00:00,1.0992663218983214,1.1006504022720833,1.0985936383686328,1.0995641787933779,3556
2024-06-10 05:00:00+00:00,1.0996057611630792,1.101006960451163,1.0988728470942095,1.1003274106652547,4855
2024-06-10 06:00:00+00:00,1.0998420265757838,1.1001358072133172,1.0983426045648852,1.0989916387712846,4421
2024-06-10 07:00:00+00:00,1.098533249429354,1.0996208251452535,1.0980205702372683,1.098285826822236,4127
2024-06-10 08:00:00+00:00,1.1006719067668775,1.1008072689074382,1.0995865166684673,1.0998493293731642,5709
2024-06-10 09:00:00+00:00,1.1002373178223825,1.1005588070177776,1.09760442594309,1.0976523708317674,5751
2024-06-10 10:00:00+00:00,1.0981879572018607,1.101597229634879,1.0979218696548816,1.1007617427452567,4182
2024-06-10 11:00:00+00:00,1.1005672557963828,1.1028274134636922,1.1001756184753217,1.1025900310445225,4331
2024-06-10 12:00:00+00:00,1.1034410124867862,1.1040447592632014,1.1024018071997421,1.1028604633803076,2804
2024-06-10 13:00:00+00:00,1.1028695267710051,1.104511482372431,1.1022535969860172,1.1042601779970962,4546
2024-06-10 14:00:00+00:00,1.1055929645199485,1.1063572446916359,1.1032597148898666,1.104451941158207,4002
2024-06-10 15:00:00+00:00,1.1055301150866168,1.1071934192827178,1.105121215248888,1.1064702746241732,4117
2024-06-10 16:00:00+00:00,1.1065896885848094,1.1072383553103708,1.103872906363544,1.104137718763158,5959
2024-06-10 17:00:00+00:00,1.1037720734974903,1.1043156574969422,1.1025933184457195,1.103892574819683,5032
2024-06-10 18:00:00+00:00,1.103556249088444,1.1043526340620649,1.1028311574824219,1.1040378468783578,3538
2024-06-10 19:00:00+00:00,1.1042202596248434,1.105093286738079,1.103345601132006,1.103913578981682,4317
2024-06-10 20:00:00+00:00,1.1045316123392752,1.1056029984451643,1.1034625203810027,1.104360392950384,3400
2024-06-10 21:00:00+00:00,1.1041786626030763,1.1051648880959999,1.1027667847662812,1.103378712062499,6104
2024-06-10 22:00:00+00:00,1.1031246733380153,1.1033760692530517,1.1016779523023608,1.1025938095983698,5668
2024-06-10 23:00:00+00:00,1.1024052635491148,1.1028965174419687,1.1013157252673471,1.1015274859871733,3917
2024-06-11 00:00:00+00:00,1.1017804719796105,1.1018811871766019,1.1001369127726839,1.1008007975039744,3261
2024-06-11 01:00:00+00:00,1.1006638898932326,1.101956340872823,1.0991322514227786,1.0998726052990997,4294
2024-06-11 02:00:00+00:00,1.1000321827567936,1.1002312753926633,1.0981632104909744,1.0987200236463481,4151
2024-06-11 03:00:00+00:00,1.098205365097936,1.0988904229200676,1.097107710058835,1.0982821214348288,4281
2024-06-11 04:00:00+00:00,1.098627076725706,1.0994032338502266,1.0959393488946292,1.0968866088744729,4705
2024-06-11 05:00:00+00:00,1.0974937707250358,1.098561755175924,1.097198358291825,1.0979275973024596,3095
2024-06-11 06:00:00+00:00,1.0981755577391772,1.0995745954736507,1.0968433644150029,1.0982438307205875,5184
2024-06-11 07:00:00+00:00,1.0981978675964283,1.098527635682809,1.0973142354682826,1.0981046225539397,5617
2024-06-11 08:00:00+00:00,1.0966679877475694,1.0973423532642386,1.0958021421761188,1.0965296131093563,3527
2024-06-11 09:00:00+00:00,1.0967443869921987,1.0973331605886762,1.0940811389453355,1.094374876910935,3823
2024-06-11 10:00:00+00:00,1.094122292259185,1.0952503576675316,1.0934063156555127,1.094785262246257,4100
2024-06-11 11:00:00+00:00,1.0961349690888127,1.096704700355168,1.094151149099726,1.0954238431996133,4936
2024-06-11 12:00:00+00:00,1.0943502166913557,1.095655124081272,1.0934680628574007,1.0954605835835776,4942
2024-06-11 13:00:00+00:00,1.096331837174527,1.09698220588087,1.095468074910376,1.0960360270798803,4761
2024-06-11 14:00:00+00:00,1.0968179375254465,1.0973201732877431,1.0946658144525263,1.0953613057111105,3252
2024-06-11 15:00:00+00:00,1.0955277055860633,1.0974816686538238,1.0951106864285252,1.0959890476458354,4143
2024-06-11 16:00:00+00:00,1.096551692571948,1.0990214915890888,1.0959458606837376,1.0987107051259695,4697
2024-06-11 17:00:00+00:00,1.0983314541528444,1.099354438809461,1.0977520668475582,1.0985188015498726,2762
2024-06-11 18:00:00+00:00,1.098883242122482,1.0998572216023799,1.0981351202554865,1.099169342591353,5131
2024-06-11 19:00:00+00:00,1.0995250177303455,1.0999161807699565,1.0981657292912583,1.0992021073355458,5054
2024-06-11 20:00:00+00:00,1.0990662072862571,1.0995659182589574,1.0973623920870677,1.0980849447077872,3601
2024-06-11 21:00:00+00:00,1.09870190646921,1.0997528174563074,1.0979284913090424,1.0985631606751507,4975
2024-06-11 22:00:00+00:00,1.0982275889814688,1.098978454785611,1.0974474544967947,1.0981555959323548,4059
2024-06-11 23:00:00+00:00,1.098093772683954,1.098892895266763,1.0976006943368481,1.0982445922279964,4511
2024-06-12 00:00:00+00:00,1.0979369955930378,1.0983737730063072,1.0967621763100712,1.097274482245157,4260
2024-06-12 01:00:00+00:00,1.0970562866287137,1.0984443266495723,1.0966515041190463,1.097571643041913,3125
2024-06-12 02:00:00+00:00,1.0971489693997425,1.09781256435857,1.0964827512236335,1.0968694413512348,4249
2024-06-12 03:00:00+00:00,1.0968595837191497,1.0970627217908522,1.096150831851686,1.0967191130461889,3712
2024-06-12 04:00:00+00:00,1.0962248475650378,1.097988957882601,1.0962126842745974,1.0975395186505974,4609
2024-06-12 05:00:00+00:00,1.0966420708701792,1.098083069254099,1.0963863214748542,1.0975449268835473,5659
2024-06-12 06:00:00+00:00,1.0976066950032353,1.0980986859283626,1.0958536440259052,1.0963344198864995,3047
2024-06-12 07:00:00+00:00,1.0966944031006651,1.096758424698433,1.0950445240932236,1.095392723486751,2380
2024-06-12 08:00:00+00:00,1.0951254499222969,1.0960535824965074,1.094373087148833,1.0956929385340117,6516
2024-06-12 09:00:00+00:00,1.0976501886694736,1.0991376728297686,1.0968329985040568,1.0979976782114316,1535
2024-06-12 10:00:00+00:00,1.0982615523966832,1.0988723925774606,1.0977373927638843,1.0986210597201724,5720
2024-06-12 11:00:00+00:00,1.0970941097986204,1.0982151189792952,1.0967865808391597,1.097547069605777,4582
2024-06-12 12:00:00+00:00,1.0972908699249413,1.0981321945769424,1.0960429836385115,1.0975015621460407,6267
2024-06-12 13:00:00+00:00,1.0967443036679203,1.0978019096063178,1.0962742177343798,1.0965349806628992,5810
2024-06-12 14:00:00+00:00,1.0964059503627217,1.0973459871657156,1.0956774525288993,1.0960588527908242,4127
2024-06-12 15:00:00+00:00,1.0955067140409265,1.095951199355636,1.093495608912972,1.0947935410336944,5745
2024-06-12 16:00:00+00:00,1.0950889529679897,1.0957086547125892,1.0943939863333578,1.095462052885748,4394
2024-06-12 17:00:00+00:00,1.0953890551593,1.0962882247179135,1.094421164372523,1.0948872093470818,3189
2024-06-12 18:00:00+00:00,1.0954218997160627,1.0959802012794604,1.0945009030064674,1.0952635669004507,6206
2024-06-12 19:00:00+00:00,1.0947775167456202,1.0956968553429745,1.0944657862433838,1.095312367035432,4598
2024-06-12 20:00:00+00:00,1.0945445902748856,1.0946731343235299,1.092296429294604,1.0929954413052805,5065
2024-06-12 21:00:00+00:00,1.0922890472723092,1.0935014172510726,1.0915373324031077,1.0932638799950016,5780
2024-06-12 22:00:00+00:00,1.0938467748690912,1.0945006929981527,1.093479439595062,1.094061933316869,5809
2024-06-12 23:00:00+00:00,1.0931536506847706,1.093516602087001,1.0920427721615222,1.0928709243315344,6943
2024-06-13 00:00:00+00:00,1.0927055667851733,1.094254767418218,1.0920960382240212,1.0934834376124178,3148
2024-06-13 01:00:00+00:00,1.0938798334226112,1.0948142545579584,1.0930438462534442,1.094311566227125,5030
2024-06-13 02:00:00+00:00,1.0945398357025833,1.095404751673115,1.093980647588849,1.0945971657146605,2864
2024-06-13 03:00:00+00:00,1.0942956593543358,1.0950069821332407,1.0938657335000848,1.0944285381403855,3496
2024-06-13 04:00:00+00:00,1.0947420343133565,1.0957411292026558,1.0940648736765104,1.0953496186129554,2458
2024-06-13 05:00:00+00:00,1.0950285384347078,1.0962848380715282,1.0949538968321701,1.0958657264938028,3890
2024-06-13 06:00:00+00:00,1.0957361213774572,1.095963876401529,1.0945136543944922,1.0949780399451745,3832
2024-06-13 07:00:00+00:00,1.0947341552083196,1.096039313067191,1.0939529878576006,1.095251559947941,5426
2024-06-13 08:00:00+00:00,1.0938255177081535,1.0961424042402221,1.0938255177081535,1.0947552549456177,3773
2024-06-13 09:00:00+00:00,1.0952579805058629,1.095839638659848,1.0938528110859085,1.0945922718681418,4772
2024-06-13 10:00:00+00:00,1.093963262708861,1.0949969574924014,1.0928208888211772,1.093201142829837,4089
2024-06-13 11:00:00+00:00,1.093713936408553,1.0942277566006293,1.0910666605498176,1.0927164270633587,5015
2024-06-13 12:00:00+00:00,1.0918980833363872,1.0918980833363872,1.089787211851814,1.0903039504630583,6576
2024-06-13 13:00:00+00:00,1.0901729826711997,1.090745764418945,1.088838686758551,1.089501637855389,3076
2024-06-13 14:00:00+00:00,1.0906656923860356,1.0911346517587475,1.0891655985352913,1.0903053681839419,4335
2024-06-13 15:00:00+00:00,1.0896991386804433,1.0905260298898916,1.0885407342437223,1.0889768414317502,4173
2024-06-13 16:00:00+00:00,1.088749262963217,1.0897392103893286,1.0876271280476815,1.0878576351353215,2431
2024-06-13 17:00:00+00:00,1.0884922899444582,1.089036845877976,1.0874174506650542,1.0882274153178066,4293
2024-06-13 18:00:00+00:00,1.0883785258813785,1.0895205878905827,1.0881087870949397,1.0888342890805645,6019
2024-06-13 19:00:00+00:00,1.088791205007542,1.0901993654604665,1.0877489938916183,1.0896405913374694,6274
2024-06-13 20:00:00+00:00,1.0894783147692675,1.089970779110991,1.0882675544655858,1.0888166195733884,4325
2024-06-13 21:00:00+00:00,1.0884432777227533,1.089739533691292,1.0881605583646325,1.0892714365069256,6345
2024-06-13 22:00:00+00:00,1.0897212592001204,1.089914209233788,1.0889112105546102,1.089099115891128,4228
2024-06-13 23:00:00+00:00,1.089562634829191,1.0907639758241512,1.089140575660669,1.0905271563158676,3034
2024-06-14 00:00:00+00:00,1.0906271422218048,1.0907335279611425,1.0892368012785008,1.0897736237795497,5513
2024-06-14 01:00:00+00:00,1.0909808068577815,1.0920357997872567,1.0905823304030147,1.0917643027653203,5118
2024-06-14 02:00:00+00:00,1.0922298752629573,1.0942573760247727,1.0916201396362917,1.093976507218731,4685
2024-06-14 03:00:00+00:00,1.0937470293912481,1.0937470293912481,1.091405133223951,1.0923634923045036,5054
2024-06-14 04:00:00+00:00,1.0925187476201785,1.0940160217472443,1.0917517197830484,1.093648276931119,5164
2024-06-14 05:00:00+00:00,1.0939554047057518,1.0953423331669636,1.0928932674740177,1.0946650440148014,3207
2024-06-14 06:00:00+00:00,1.0939185593936187,1.094227755690834,1.0927600896625898,1.0937040604025967,4814
2024-06-14 07:00:00+00:00,1.0937018274042667,1.0944894313647615,1.0927473755456056,1.0934891564415563,5883
2024-06-14 08:00:00+00:00,1.0939637236095194,1.0945261359609841,1.0928822158938305,1.09430967532451,3791
2024-06-14 09:00:00+00:00,1.0934098558003658,1.093548911642056,1.0923031644276882,1.0926798707541079,5281
2024-06-14 10:00:00+00:00,1.0932724938357232,1.0936698280433288,1.0911022154818362,1.0918422505314274,5512
2024-06-14 11:00:00+00:00,1.0927942750791293,1.094418392064341,1.092118806988267,1.0940973705012182,4657
2024-06-14 12:00:00+00:00,1.0940891407391111,1.097208426894157,1.0936043655068721,1.0968681119035388,5569
2024-06-14 13:00:00+00:00,1.0965938119447198,1.0978303083376832,1.0954391936119954,1.095747152762993,3410
2024-06-14 14:00:00+00:00,1.0953698584513802,1.0971538184967726,1.0949496937714116,1.0957077327144042,5448
2024-06-14 15:00:00+00:00,1.0951410084291666,1.096482044192094,1.0947213806333795,1.0962333075689912,4962
2024-06-14 16:00:00+00:00,1.0967399309766315,1.0970349728584066,1.0948448445734094,1.096084286483238,3913
2024-06-14 17:00:00+00:00,1.0963646997233902,1.0968425874785572,1.0953156171237408,1.09600087321521,4347
2024-06-14 18:00:00+00:00,1.0957469615359532,1.0962038606923579,1.0946059229695844,1.0953935388664304,4948
2024-06-14 19:00:00+00:00,1.0952463791341591,1.0962603008067158,1.0943616506704807,1.0947716975548716,5467
2024-06-14 20:00:00+00:00,1.094554543763968,1.0949949156544379,1.0938915189592127,1.094852021920377,3930
2024-06-14 21:00:00+00:00,1.0954245928753699,1.095924648626814,1.0948280704449738,1.0951381294468325,6456
2024-06-14 22:00:00+00:00,1.095328448460444,1.0955533078363846,1.0941855926866253,1.0944573513431997,5513
2024-06-14 23:00:00+00:00,1.0944177856793675,1.095537448947147,1.0935165578684172,1.094745404972293,3131
2024-06-15 00:00:00+00:00,1.0951290973380123,1.095378009087736,1.0939628581843812,1.0945443397044947,4338
2024-06-15 01:00:00+00:00,1.0939182571249464,1.0945492540830883,1.093303473251849,1.0941819931228522,2932
2024-06-15 02:00:00+00:00,1.0945892579135357,1.095815712055588,1.094409130448346,1.0951595219320913,6616
2024-06-15 03:00:00+00:00,1.0954235478904553,1.0962746875099023,1.0945729912665947,1.0956973590488355,4616
2024-06-15 04:00:00+00:00,1.0959762606979153,1.0961972573120962,1.0951423558423794,1.0959638148067474,4852
2024-06-15 05:00:00+00:00,1.096162864059663,1.0970799109330318,1.0958428833777978,1.0965810837648455,3466
2024-06-15 06:00:00+00:00,1.0963241728776245,1.0969760342820105,1.0951751825529517,1.0954670965156668,4808
2024-06-15 07:00:00+00:00,1.0957961094118809,1.0960869618993725,1.0944334137266467,1.095618713021109,3192
2024-06-15 08:00:00+00:00,1.0963199845735627,1.0985825288416675,1.095407562595304,1.0983218689658418,5455
2024-06-15 09:00:00+00:00,1.097424885740947,1.1002070974847034,1.0964809652714584,1.0998060705279378,3787
2024-06-15 10:00:00+00:00,1.0998059419439508,1.100929110441654,1.09859124640467,1.0991416777440408,3387
2024-06-15 11:00:00+00:00,1.0997257707600474,1.1005305327336343,1.0976756998275268,1.0990339340431723,3258
2024-06-15 12:00:00+00:00,1.0986240384089139,1.0990937766422868,1.097753615356332,1.0982204851054478,3077
2024-06-15 13:00:00+00:00,1.0972870767392897,1.0985803955066387,1.0958445281095068,1.0963974122206968,4961
2024-06-15 14:00:00+00:00,1.096687263355626,1.0977440246086272,1.0961500368270396,1.0966957854835084,5243
2024-06-15 15:00:00+00:00,1.0972661339178043,1.0985098766923858,1.0963046139479173,1.0981789176809194,5662
2024-06-15 16:00:00+00:00,1.098391044396001,1.0997546182280356,1.098209265510413,1.0985602692222807,3381
2024-06-15 17:00:00+00:00,1.0985264177011766,1.0993665055972073,1.0975577444378224,1.0989388859331848,5457
2024-06-15 18:00:00+00:00,1.099427885286449,1.100285439688598,1.098452548676461,1.0996264574278847,4535
2024-06-15 19:00:00+00:00,1.1003861107773147,1.1003861107773147,1.0979932836927753,1.0996486533130065,5234
2024-06-15 20:00:00+00:00,1.099442158488101,1.1000356316168,1.098465214874991,1.0992062287876778,3423
2024-06-15 21:00:00+00:00,1.0991153488997891,1.1011679782595405,1.0991153488997891,1.1006646612332647,2835
2024-06-15 22:00:00+00:00,1.1003887521474387,1.1010135445820717,1.099246946259914,1.1000167243037886,6023
2024-06-15 23:00:00+00:00,1.0998595646346399,1.1016858472317503,1.0994255187574726,1.101113084684589,5026
2024-06-16 00:00:00+00:00,1.1007339108669958,1.1012937207988371,1.1001353554892874,1.1006524732053218,5715
2024-06-16 01:00:00+00:00,1.1009139388753486,1.1017525824775378,1.1003595787525815,1.1009273886989757,3788
2024-06-16 02:00:00+00:00,1.1010234781301638,1.102135621846386,1.1004438758512043,1.100956140027279,4773
2024-06-16 03:00:00+00:00,1.1007058204480031,1.1019322893597492,1.100133868750085,1.1007380886404383,4920
2024-06-16 04:00:00+00:00,1.1000018770136681,1.1009356960994563,1.0994857696324625,1.10037820850381,5894
2024-06-16 05:00:00+00:00,1.100450917154165,1.1008246809802837,1.0991939411889493,1.0996945265033473,3759
2024-06-16 06:00:00+00:00,1.099565115334315,1.1003082639418618,1.098731762272869,1.0996529360915335,4368
2024-06-16 07:00:00+00:00,1.0993114371599009,1.1005171365185402,1.0987830411174264,1.1002554491140526,3958
2024-06-16 08:00:00+00:00,1.0985438125665223,1.100791421529467,1.0985438125665223,1.1003891478512786,4972
2024-06-16 09:00:00+00:00,1.0999640202706784,1.1000663471820538,1.0982625674889526,1.098332691422289,2434
2024-06-16 10:00:00+00:00,1.0971432929963985,1.097784023537645,1.0958193877042353,1.0968173293965835,3550
2024-06-16 11:00:00+00:00,1.0975535812640043,1.098146120788744,1.0969003439473965,1.0974957733476571,5375
2024-06-16 12:00:00+00:00,1.0973405140413977,1.0973426425962092,1.0959931250493762,1.0964821417366737,3227
2024-06-16 13:00:00+00:00,1.097273248877652,1.097934012059546,1.0964918253136158,1.0976820909218195,4399
2024-06-16 14:00:00+00:00,1.0978017908288866,1.0982639759537476,1.0947214191350436,1.0953016656714585,6257
2024-06-16 15:00:00+00:00,1.0957164188798745,1.0977073688176155,1.0944968512877005,1.097159023828166,4623
2024-06-16 16:00:00+00:00,1.0963450841268514,1.0989317799612721,1.0959988625193195,1.0973862408340878,3518
2024-06-16 17:00:00+00:00,1.0980029515005234,1.0985837409347754,1.0970744481781833,1.098107075775449,4584
2024-06-16 18:00:00+00:00,1.0980179921110718,1.0998521251753133,1.09789296857446,1.0991186126058694,3293
2024-06-16 19:00:00+00:00,1.0992449644404332,1.0996678394953567,1.0987120141049933,1.0990827551172873,4653
2024-06-16 20:00:00+00:00,1.0993353136027288,1.1009063253231335,1.0987923181659747,1.1002318090768013,5649
2024-06-16 21:00:00+00:00,1.1005560692030933,1.102072764046,1.1001331795768257,1.100614110385398,3298
2024-06-16 22:00:00+00:00,1.1002934890427933,1.1014676457219381,1.0995867246617745,1.1004209967133731,4236
2024-06-16 23:00:00+00:00,1.0998095982236133,1.1009329027009174,1.0998095982236133,1.1007505982287742,3946
2024-06-17 00:00:00+00:00,1.10167511456589,1.1025600552254056,1.1008769757319767,1.1021563049651237,3174
2024-06-17 01:00:00+00:00,1.1020205840365636,1.1022154721412418,1.0997707840350224,1.1002148122641582,3868
2024-06-17 02:00:00+00:00,1.1001912415682,1.1009182014954695,1.09928957106731,1.1001000269202141,4277
2024-06-17 03:00:00+00:00,1.0999538808768008,1.1008115926513855,1.0989523428684767,1.0992166614544854,4495
2024-06-17 04:00:00+00:00,1.0989915138635074,1.1011473743658022,1.0983636266713699,1.1000676622551693,4701
2024-06-17 05:00:00+00:00,1.1004943657182937,1.1010281687708825,1.0995862955449576,1.0999057909115804,4849
2024-06-17 06:00:00+00:00,1.1001133706682162,1.1011095193541816,1.0994048240557788,1.1008259439785695,5388
2024-06-17 07:00:00+00:00,1.1007076207363393,1.1011952422206281,1.0998370506059374,1.1005668100800299,3467
2024-06-17 08:00:00+00:00,1.1004365279272688,1.1007164824964781,1.0979221012512637,1.0985095352135692,3566
2024-06-17 09:00:00+00:00,1.0989398905777361,1.0993855414272238,1.095958819099244,1.0965741733695418,3828
2024-06-17 10:00:00+00:00,1.0961671955589531,1.0975625258626545,1.0957857801378956,1.0959836299789467,2591
2024-06-17 11:00:00+00:00,1.09629768222519,1.0966624316474614,1.0951415577995571,1.0956313302493579,5371
2024-06-17 12:00:00+00:00,1.0947549600047437,1.0959414882726288,1.0935081796151194,1.095455902542232,4940
2024-06-17 13:00:00+00:00,1.0951668109896995,1.0965421792649537,1.0947810552655384,1.0963309858099946,4152
2024-06-17 14:00:00+00:00,1.0955376017419667,1.0966923901633825,1.0951574848642365,1.0954811125027817,4626
2024-06-17 15:00:00+00:00,1.0958998393995936,1.096968009544382,1.0952131116124963,1.0964788368595662,3735
2024-06-17 16:00:00+00:00,1.0951925404665481,1.0957619311550664,1.0934070273628922,1.095391368460605,2493
2024-06-17 17:00:00+00:00,1.0955023996566866,1.0957961712987636,1.0938085670984703,1.0946065082494896,6562
2024-06-17 18:00:00+00:00,1.0949140567232323,1.0957872257969636,1.0944040573866982,1.0950058102782136,5107
2024-06-17 19:00:00+00:00,1.0956852909399557,1.0966015154981033,1.0948567415235364,1.0962544314449898,5743
2024-06-17 20:00:00+00:00,1.0962510653377744,1.0972946886065642,1.0955965314254115,1.0968307332302665,3999
2024-06-17 21:00:00+00:00,1.0966997405430732,1.0987315776864566,1.0964661061595056,1.0975811298610287,3356
2024-06-17 22:00:00+00:00,1.097505101625938,1.0982312742580067,1.0964983082385755,1.0968445787543453,3586
2024-06-17 23:00:00+00:00,1.097415005329724,1.097415005329724,1.0965693527013372,1.0969852796734676,2994
2024-06-18 00:00:00+00:00,1.0972103408237495,1.0989128336173681,1.0971366333258803,1.0984047364714726,3646
2024-06-18 01:00:00+00:00,1.0984053268547886,1.0993517843890426,1.0974516776248413,1.0979837486511352,4598
2024-06-18 02:00:00+00:00,1.0974647443829544,1.0985318608018149,1.0970955962911668,1.0975858602634743,5707
2024-06-18 03:00:00+00:00,1.096876858694158,1.0982333051434685,1.096418218785059,1.0978349838512682,4508
2024-06-18 04:00:00+00:00,1.0979472691966192,1.0989428935266603,1.0974988051816472,1.0984469644043755,5895
2024-06-18 05:00:00+00:00,1.0977468180151573,1.098581555940652,1.0971069752075076,1.0981943652172932,3938
2024-06-18 06:00:00+00:00,1.0980287218973097,1.098797090880934,1.097401862079875,1.0983913726386558,3896
2024-06-18 07:00:00+00:00,1.0970347149477848,1.0982998957668029,1.0966787621257574,1.0975701370263327,3107
2024-06-18 08:00:00+00:00,1.0978091628489548,1.0978091628489548,1.0937277738014253,1.0953175558385726,4630
2024-06-18 09:00:00+00:00,1.095323539107201,1.0976262417991118,1.0949431467087287,1.0968540847770363,3329
2024-06-18 10:00:00+00:00,1.0966738494278574,1.0986174192175564,1.0965426742896807,1.0981427535720283,3957
2024-06-18 11:00:00+00:00,1.098815447579307,1.0995103575075,1.0975950509193015,1.097907185616345,5542
2024-06-18 12:00:00+00:00,1.0979009621375992,1.0985876910458832,1.0960553466744898,1.0964517002936298,6270
2024-06-18 13:00:00+00:00,1.0961196081387712,1.097105819325422,1.0952115350440361,1.0968569148195266,2975
2024-06-18 14:00:00+00:00,1.0979443019960122,1.0979443019960122,1.0957567139040347,1.0970731787290884,6017
2024-06-18 15:00:00+00:00,1.0977828503692841,1.0977828503692841,1.0958628885634696,1.096087762284079,3146
2024-06-18 16:00:00+00:00,1.0956795280106102,1.0975200998669636,1.0949713983184877,1.0966337394733563,4637
2024-06-18 17:00:00+00:00,1.0963726729562118,1.0968774208239573,1.0958014242216243,1.0960536354045713,3335
2024-06-18 18:00:00+00:00,1.09656974238128,1.0973693252587813,1.0955449548303045,1.0956478104571412,2496
2024-06-18 19:00:00+00:00,1.0960657362653683,1.0966417468691203,1.0946452933216975,1.095544425137361,4774
2024-06-18 20:00:00+00:00,1.0955100899398127,1.0960708360058309,1.0946243533098619,1.0949594710799198,4968
2024-06-18 21:00:00+00:00,1.0943560724631614,1.0959382640088389,1.0938750300897124,1.0949321891373671,4547
2024-06-18 22:00:00+00:00,1.0940448028657133,1.094986108232581,1.0930788908654159,1.093679821291512,5302
2024-06-18 23:00:00+00:00,1.0941185293428635,1.095046139946164,1.0934775952372158,1.0938481639037099,4720
2024-06-19 00:00:00+00:00,1.094202909193524,1.0951925065277521,1.0933224498332943,1.094245850412663,4570
2024-06-19 01:00:00+00:00,1.0940420284188064,1.094967067141901,1.093844564972192,1.0947074248120874,3806
2024-06-19 02:00:00+00:00,1.0945746645176184,1.0956767182481402,1.09432734682663,1.0953626678553106,4798
2024-06-19 03:00:00+00:00,1.0954930187882315,1.0957034518417186,1.094343886180513,1.0951500431227827,5716
2024-06-19 04:00:00+00:00,1.0941893795588002,1.0951629432594006,1.0931202608583435,1.0940212813396684,4002
2024-06-19 05:00:00+00:00,1.0935021194719954,1.094433732795408,1.0926071642218642,1.0939553145870424,3822
2024-06-19 06:00:00+00:00,1.0944768661010171,1.0947255678004475,1.0934774734867978,1.094248699814882,2141
2024-06-19 07:00:00+00:00,1.0942636341710945,1.095086485648891,1.0934818596082132,1.0936707760184474,5189
2024-06-19 08:00:00+00:00,1.0927949069481995,1.0936343390048449,1.0902525558944585,1.090965584027851,4958
2024-06-19 09:00:00+00:00,1.0910365581838513,1.0912031012797514,1.089451209512348,1.0899747827383126,3319
2024-06-19 10:00:00+00:00,1.0904127780636215,1.0910946043949095,1.088750529689555,1.0890208958533056,2032
2024-06-19 11:00:00+00:00,1.0870963006070544,1.0891739538244696,1.086792932550631,1.088771123289317,5329
2024-06-19 12:00:00+00:00,1.0881303401757063,1.0882930851411048,1.0869797851718292,1.0878141781926287,3927
2024-06-19 13:00:00+00:00,1.0881156167733204,1.0893531332780073,1.0876868402343998,1.0884444252728063,3400
2024-06-19 14:00:00+00:00,1.088429828205953,1.089876542596189,1.0878426815445326,1.0883997130984646,4424
2024-06-19 15:00:00+00:00,1.0877765295006385,1.0881339900686569,1.0865290774172176,1.0867870256046026,6301
2024-06-19 16:00:00+00:00,1.0874127399839868,1.0874127399839868,1.0838134266109196,1.0850786207996053,4083
2024-06-19 17:00:00+00:00,1.085110659775723,1.0857750350806539,1.084051325503572,1.0848108037920112,2256
2024-06-19 18:00:00+00:00,1.085079603485002,1.0862225219127455,1.084860300995466,1.0856427434785698,4668
2024-06-19 19:00:00+00:00,1.0856693368138024,1.0860607860962783,1.0848380249271348,1.0856529620050352,3420
2024-06-19 20:00:00+00:00,1.0859739206911798,1.0864151730046547,1.0852836304827211,1.0863643911113883,5870
2024-06-19 21:00:00+00:00,1.0872119161654463,1.0874777822449875,1.0862259781557015,1.0868420047758183,3960
2024-06-19 22:00:00+00:00,1.0870172904870254,1.0883778040132914,1.0865375126595624,1.0877083499216103,3387
2024-06-19 23:00:00+00:00,1.0876023509542716,1.0891159717999122,1.0873001913810763,1.0879378284076853,5196
2024-06-20 00:00:00+00:00,1.0877496740234076,1.0880898038240165,1.0859168758735667,1.0864086840211158,4232
2024-06-20 01:00:00+00:00,1.086403317504443,1.0870465348667153,1.085681958423719,1.0862303034221743,2312
2024-06-20 02:00:00+00:00,1.0865740591498736,1.0870971651083563,1.085894392034379,1.0867932642183953,3397
2024-06-20 03:00:00+00:00,1.0863922649246336,1.0866249490551645,1.0852048967761483,1.0856194833115678,3499
2024-06-20 04:00:00+00:00,1.0864534801420251,1.0871384265365749,1.085240685265455,1.0856298052613396,3340
2024-06-20 05:00:00+00:00,1.0858731506485126,1.0861668432363318,1.0850620807886495,1.085354034227845,4035
2024-06-20 06:00:00+00:00,1.0853913981806789,1.0858309549456127,1.084414473912557,1.0851763900900449,5232
2024-06-20 07:00:00+00:00,1.085545681308213,1.0857750277222329,1.0840800702643096,1.084874185590659,5931
2024-06-20 08:00:00+00:00,1.0849193162067259,1.0865701410959776,1.0844850610173404,1.0862313948818496,5058
2024-06-20 09:00:00+00:00,1.088079451425854,1.0887892305813767,1.086677904163308,1.087127030745243,6727
2024-06-20 10:00:00+00:00,1.0875168026654667,1.0887782894801878,1.0856176104694657,1.0871049339953127,3383
2024-06-20 11:00:00+00:00,1.088489113849027,1.0897924783079003,1.0879564164794655,1.0891956555403983,4172
2024-06-20 12:00:00+00:00,1.0900351116267106,1.0903130326312966,1.0880084630139204,1.0887072833469753,3924
2024-06-20 13:00:00+00:00,1.0873896736109883,1.0892099658798913,1.0870969206630556,1.088880785657203,5049
2024-06-20 14:00:00+00:00,1.089252228884559,1.0913541044136563,1.0887638502180792,1.089791381539708,4572
2024-06-20 15:00:00+00:00,1.0893829018928858,1.092592283652831,1.0893829018928858,1.0922502556990652,3539
2024-06-20 16:00:00+00:00,1.093288866958143,1.093288866958143,1.0912702695893712,1.092186241300797,4549
2024-06-20 17:00:00+00:00,1.0919561194157277,1.0927955828699132,1.0911920744684789,1.0914601207371823,3200
2024-06-20 18:00:00+00:00,1.091323375463678,1.0932129066189835,1.0911252260061042,1.0929463287868255,3213
2024-06-20 19:00:00+00:00,1.0931265282168483,1.0936826254183196,1.0922701189578596,1.0928024288236864,4377
2024-06-20 20:00:00+00:00,1.0924831658754506,1.0937108828226783,1.0922186508307992,1.0931998012596833,3867
2024-06-20 21:00:00+00:00,1.0941675307211158,1.0941675307211158,1.0921449148981779,1.093299474646239,4318
2024-06-20 22:00:00+00:00,1.0931091583868333,1.0938727817966012,1.0925789275777187,1.0937277771941485,5472
2024-06-20 23:00:00+00:00,1.093845589808143,1.0941162739383659,1.0929112204623683,1.093470121709329,4835
2024-06-21 00:00:00+00:00,1.0930323524333923,1.093413572468045,1.0922653456661633,1.0930150207812195,3522
2024-06-21 01:00:00+00:00,1.0932279448744597,1.093551051732197,1.0929395506205635,1.093297897341934,4876
2024-06-21 02:00:00+00:00,1.0938186391915994,1.0952881719169676,1.0931018933127687,1.0948788375894536,6063
2024-06-21 03:00:00+00:00,1.0948470933015069,1.0950690297961803,1.0932927259914886,1.0936071183252787,5480
2024-06-21 04:00:00+00:00,1.0931071323934132,1.0937667908436968,1.0926856149873885,1.093293151441124,3350
2024-06-21 05:00:00+00:00,1.0935433553017753,1.0948994729552888,1.0931111982845845,1.0940001360728229,2290
2024-06-21 06:00:00+00:00,1.0938340997157965,1.0947823702351185,1.0927504858296917,1.0932747714852917,4569
2024-06-21 07:00:00+00:00,1.0929231829646375,1.0941154142970468,1.0924263643037768,1.0933301210073727,3412
2024-06-21 08:00:00+00:00,1.0922197833923388,1.0932593182399215,1.091041414013775,1.0921857721731167,5718
2024-06-21 09:00:00+00:00,1.0913258680218882,1.0943636753440402,1.0912977133666908,1.0942788808291575,2045
2024-06-21 10:00:00+00:00,1.0932054711652028,1.0940940184786774,1.0920859791935391,1.092748989872999,2306
2024-06-21 11:00:00+00:00,1.0929891946107206,1.094873549385794,1.0923392929583282,1.0934508282840052,4787
2024-06-21 12:00:00+00:00,1.0925625820829818,1.0936979240809415,1.0919447068977317,1.0922792381783824,5162
2024-06-21 13:00:00+00:00,1.0918765722842303,1.0922163094498138,1.089838162968372,1.0901708427797272,5071
2024-06-21 14:00:00+00:00,1.09106671612188,1.0933225058233444,1.090147447829688,1.09276481443296,3338
2024-06-21 15:00:00+00:00,1.0930875640663815,1.0947852275979548,1.092112123711617,1.0925926335371428,4321
2024-06-21 16:00:00+00:00,1.0930313206565203,1.0948935407070424,1.0907429109400335,1.0945853123702716,7253
2024-06-21 17:00:00+00:00,1.0952233290701852,1.0959255409827935,1.0950229017281574,1.0953636428219136,4841
2024-06-21 18:00:00+00:00,1.0954571536878404,1.096210849279791,1.0934498467612805,1.094047805016778,4205
2024-06-21 19:00:00+00:00,1.0934725336876023,1.0954163911321515,1.0931079850842478,1.0941718338313413,5653
2024-06-21 20:00:00+00:00,1.0943494594940233,1.095153119433922,1.0936250910805718,1.0942407880695162,5988
2024-06-21 21:00:00+00:00,1.094258728487539,1.0946582920591186,1.0932735032974785,1.0938064465287205,2877
2024-06-21 22:00:00+00:00,1.0935619229926488,1.0943247703059782,1.0930069914858687,1.0934421048996885,5081
2024-06-21 23:00:00+00:00,1.0932830545130965,1.0944603251414626,1.0930139813260857,1.0935430147329612,4842
2024-06-22 00:00:00+00:00,1.0936933735399443,1.0942530258746292,1.09273177113508,1.0939565256184405,3652
2024-06-22 01:00:00+00:00,1.0937026224706532,1.094373052020403,1.093456591845844,1.094335180696754,5167
2024-06-22 02:00:00+00:00,1.0937349019516824,1.0949666524156967,1.0933265646046442,1.094591006764312,3210
2024-06-22 03:00:00+00:00,1.09433345713263,1.0950794914250574,1.0929304541375007,1.094451728774018,4690
2024-06-22 04:00:00+00:00,1.0943381800283336,1.0950829776865547,1.0934147378019545,1.0935851265628382,3711
2024-06-22 05:00:00+00:00,1.0934259519320848,1.0947582474471051,1.092954470770145,1.0940181716059387,3084
2024-06-22 06:00:00+00:00,1.0938890990000643,1.0950613602312307,1.0933723682272871,1.0945021600266058,3461
2024-06-22 07:00:00+00:00,1.0943009311996583,1.0951346376403024,1.0936047465107008,1.094286323818934,6498
2024-06-22 08:00:00+00:00,1.0946430959791775,1.0957523456935587,1.094102927027628,1.0951433402646222,4325
2024-06-22 09:00:00+00:00,1.094356747975663,1.0975140422464278,1.0939087339085796,1.0971917718414652,3326
2024-06-22 10:00:00+00:00,1.0969198232112396,1.098705377683582,1.096585289847731,1.0980616537288854,2624
2024-06-22 11:00:00+00:00,1.0988968152266734,1.0997905511171928,1.0974208783611776,1.0992269717905048,3413
2024-06-22 12:00:00+00:00,1.099580239632407,1.0998288704348427,1.0978562942375838,1.0983097440243221,4964
2024-06-22 13:00:00+00:00,1.098825609244851,1.099846888304511,1.097519040316975,1.0979703929914595,5447
2024-06-22 14:00:00+00:00,1.0987855013839376,1.0998626982755806,1.0981439804595539,1.0992377414511625,5981
2024-06-22 15:00:00+00:00,1.099491827079198,1.099491827079198,1.097383378552628,1.0978221972021387,5808
2024-06-22 16:00:00+00:00,1.0969999392136902,1.098420423430243,1.096508426101204,1.0970841611113251,2713
2024-06-22 17:00:00+00:00,1.0970670272405114,1.0973946022272116,1.096101357754446,1.096349591771254,5749
2024-06-22 18:00:00+00:00,1.0965204423912134,1.0970692158351765,1.0952193897942955,1.0960279426133264,4886
2024-06-22 19:00:00+00:00,1.0955187097859354,1.0967357900063779,1.0952666862873646,1.095834749928964,3394
2024-06-22 20:00:00+00:00,1.0964579617774068,1.0966815657102287,1.095265109723606,1.0961330901529396,4470
2024-06-22 21:00:00+00:00,1.0961871860700518,1.096682933884464,1.0956703404791908,1.0961780416838465,2960
2024-06-22 22:00:00+00:00,1.096624301246418,1.0971680673269293,1.0960219514605833,1.0968703212180804,5043
2024-06-22 23:00:00+00:00,1.0973753504415564,1.0978927600616832,1.0965073316883043,1.0974223621881445,4249
2024-06-23 00:00:00+00:00,1.0976664036849038,1.0979939369469423,1.0966912164619915,1.0977371588549076,3974
2024-06-23 01:00:00+00:00,1.097638629129774,1.0983067062990395,1.0971394504147474,1.097489337900363,6239
2024-06-23 02:00:00+00:00,1.0972063446912692,1.0986249822744931,1.09663026250602,1.0969168500598174,3676
2024-06-23 03:00:00+00:00,1.0965201236414195,1.0982719216289334,1.0965201236414195,1.0970337183374415,3507
2024-06-23 04:00:00+00:00,1.0972248286362722,1.0977122267568686,1.0958313250074665,1.0962377281182072,4542
2024-06-23 05:00:00+00:00,1.096910428341848,1.0975280922757753,1.0960752769015463,1.0966754246848454,3535
2024-06-23 06:00:00+00:00,1.0963961177100292,1.0969198007394498,1.0957222593938671,1.0960433549613957,4132
2024-06-23 07:00:00+00:00,1.0961457664236485,1.0965313476132343,1.0948584231556346,1.0953105957405824,3478
2024-06-23 08:00:00+00:00,1.0951577297323363,1.0960662794341367,1.094000183348404,1.0955531576170077,2622
2024-06-23 09:00:00+00:00,1.0952816987728642,1.095388801371844,1.0943811104328973,1.0947423863888497,4670
2024-06-23 10:00:00+00:00,1.095027898004314,1.0955964261594058,1.093710712999425,1.0949160931615536,4475
2024-06-23 11:00:00+00:00,1.096339127981476,1.0982172138992123,1.0955342047296475,1.0977940571161933,4473
2024-06-23 12:00:00+00:00,1.098276232791932,1.0990771915264677,1.0966925362836126,1.098391188575913,4665
2024-06-23 13:00:00+00:00,1.097840640205423,1.099400906581154,1.0968510008377588,1.0990426159451534,3498
2024-06-23 14:00:00+00:00,1.0985066094978426,1.0995701879497723,1.0982309004423263,1.0992414652396651,3587
2024-06-23 15:00:00+00:00,1.0993071302405515,1.0995371999593748,1.097863763118278,1.0981968154832291,4151
2024-06-23 16:00:00+00:00,1.0976538960464297,1.0983250391709067,1.0967720083209367,1.0972359682984665,3579
2024-06-23 17:00:00+00:00,1.0968117740150378,1.0968930378108321,1.095038192060298,1.0958577219008436,3888
2024-06-23 18:00:00+00:00,1.0956276066908506,1.0967666429664202,1.0954701046905648,1.0962103332207351,3261
2024-06-23 19:00:00+00:00,1.0959771721791822,1.097054936134372,1.0959771721791822,1.09705303713776,3796
2024-06-23 20:00:00+00:00,1.0973259557296458,1.0978859595666866,1.0964716912148795,1.096585292480032,4664
2024-06-23 21:00:00+00:00,1.0968682327912733,1.0974967137345664,1.0962522848047758,1.0966631253051558,4121
2024-06-23 22:00:00+00:00,1.0961583765980303,1.0980461841450093,1.0956900513773162,1.097673865278397,5186
2024-06-23 23:00:00+00:00,1.0979364478672133,1.0979976143500054,1.0965559627573531,1.0972227506467562,4246
2024-06-24 00:00:00+00:00,1.0968314537073456,1.0979856124918368,1.09659675824673,1.0975432643024157,4314
2024-06-24 01:00:00+00:00,1.0971782179879785,1.09811078827737,1.0964927205391626,1.0977948556696375,5063
2024-06-24 02:00:00+00:00,1.0981192857587068,1.0990020195394716,1.0976337121768225,1.0981409783290372,3819
2024-06-24 03:00:00+00:00,1.09842524051465,1.0990874928628038,1.0977663978717127,1.098147644845532,3245
2024-06-24 04:00:00+00:00,1.0980012032032107,1.0984287461243722,1.0973559991892197,1.0975968193922356,3326
2024-06-24 05:00:00+00:00,1.0977798342918141,1.0981824306685817,1.096255071054145,1.0962924690433158,4871
2024-06-24 06:00:00+00:00,1.0961739871300842,1.097184178782686,1.0957167360280147,1.096264630114295,3609
2024-06-24 07:00:00+00:00,1.0963710068628423,1.0983008444787734,1.0960521263504512,1.0977611989608629,2561
2024-06-24 08:00:00+00:00,1.0987080043652946,1.0993671560246594,1.0979284828794782,1.0987121283928398,5449
2024-06-24 09:00:00+00:00,1.0989470530461,1.0993706796179212,1.098290810275612,1.0987996970571472,4742
2024-06-24 10:00:00+00:00,1.0983416625229863,1.0983743756546736,1.0958200874901771,1.096155816970369,6466
2024-06-24 11:00:00+00:00,1.096584357058596,1.0972779307001448,1.0950374732597066,1.0964810178989863,5536
2024-06-24 12:00:00+00:00,1.0966237884819454,1.0992448499988443,1.0962446991709154,1.098849222263946,5771
2024-06-24 13:00:00+00:00,1.0991636194711467,1.099758924998047,1.0983096882667487,1.0986725493005511,3820
2024-06-24 14:00:00+00:00,1.0994461537036666,1.099875530660599,1.0987209239746971,1.0991696910043867,4199
2024-06-24 15:00:00+00:00,1.0994530545880639,1.1017581190218095,1.0994530545880639,1.101067585164935,3388
2024-06-24 16:00:00+00:00,1.1002245404062951,1.102492183202111,1.0995780090915575,1.1020582741243985,3092
2024-06-24 17:00:00+00:00,1.101995378761259,1.102313375058704,1.1011875963359645,1.1015031484648583,2783
2024-06-24 18:00:00+00:00,1.101296839936141,1.1016771662764167,1.0996182784102544,1.1001744964922995,4316
2024-06-24 19:00:00+00:00,1.1002973148870157,1.1002973148870157,1.0990353310216083,1.0997908532651153,5695
2024-06-24 20:00:00+00:00,1.100341546150537,1.1003586304819242,1.0986370435452215,1.0989986727744223,4597
2024-06-24 21:00:00+00:00,1.099034822015474,1.1001169561107282,1.098524402969283,1.0989880282967674,2944
2024-06-24 22:00:00+00:00,1.098826453160533,1.0996102922213535,1.098473275403632,1.0992729193986621,4861
2024-06-24 23:00:00+00:00,1.099422513501628,1.1004871242692866,1.0988974600668138,1.0996485197740724,3827
2024-06-25 00:00:00+00:00,1.0999061760579392,1.1010830568813739,1.0996255397507506,1.1007845969641605,4950
2024-06-25 01:00:00+00:00,1.1013736819265059,1.1023680340800517,1.1005083134957043,1.1012993395133284,6462
2024-06-25 02:00:00+00:00,1.1012334245950306,1.102134535771662,1.1004712802260417,1.1017267773293762,5161
2024-06-25 03:00:00+00:00,1.101759337673361,1.1034173857821745,1.101232189351122,1.1024824446113233,6136
2024-06-25 04:00:00+00:00,1.102304209702505,1.1025302782380466,1.1012689446654331,1.101648099781825,3079
2024-06-25 05:00:00+00:00,1.1014443526714206,1.10160924553536,1.1007798398269286,1.101112747794945,5027
2024-06-25 06:00:00+00:00,1.1015155401307815,1.102379398412288,1.100943381083052,1.1020988984268594,4733
2024-06-25 07:00:00+00:00,1.1024848386161548,1.10295946506195,1.1016239029815154,1.102190560301446,2974
2024-06-25 08:00:00+00:00,1.1019102204981686,1.1026402995125293,1.10037636811807,1.1022536981838322,4947
2024-06-25 09:00:00+00:00,1.1026799771673557,1.1033582697905813,1.1016158474873345,1.1025977671267078,2911
2024-06-25 10:00:00+00:00,1.1018332527150572,1.1034455041019489,1.1011052425317134,1.1029543488577993,5209
2024-06-25 11:00:00+00:00,1.1025713646892128,1.1032609060155087,1.101606338972448,1.1018062841377274,4421
2024-06-25 12:00:00+00:00,1.1021401959419452,1.1034983178106248,1.1010979477359681,1.1020614265756905,4218
2024-06-25 13:00:00+00:00,1.101650328134144,1.1029292647155766,1.1007883041883573,1.1023684707304073,4701
2024-06-25 14:00:00+00:00,1.1025713667364336,1.104415892472326,1.1015468837292188,1.1041188324400408,4614
2024-06-25 15:00:00+00:00,1.1045505974607408,1.1065231629092889,1.103965614221052,1.104822489033588,3132
2024-06-25 16:00:00+00:00,1.1055130782618703,1.105770087507424,1.1029793108960757,1.103235671452098,3835
2024-06-25 17:00:00+00:00,1.1031406737959444,1.1034204751507066,1.1020399761653672,1.1024894760215203,2674
2024-06-25 18:00:00+00:00,1.1027965043690942,1.1030721789012516,1.101834743552942,1.1023911716210535,3426
2024-06-25 19:00:00+00:00,1.10253334467898,1.1026173225631832,1.1014823140452215,1.101569152000642,2974
2024-06-25 20:00:00+00:00,1.101343775878693,1.1026197403288314,1.101242324007253,1.101887191921443,3210
2024-06-25 21:00:00+00:00,1.1020666264296413,1.1023960692788095,1.100635562420451,1.101101479750606,5565
2024-06-25 22:00:00+00:00,1.1006147575587317,1.1013158240413987,1.0999632308223637,1.1004946622734197,4481
2024-06-25 23:00:00+00:00,1.100921032590821,1.1014911155086728,1.099698653096618,1.1008043833815744,4239
2024-06-26 00:00:00+00:00,1.1010030653229572,1.101907815661238,1.100178345997438,1.1006615289637602,3498
2024-06-26 01:00:00+00:00,1.1005732066485538,1.1026825255510622,1.100003047258774,1.1020310813000933,2738
2024-06-26 02:00:00+00:00,1.1019699460066428,1.102998643249901,1.1018360673111902,1.1024948688539529,4205
2024-06-26 03:00:00+00:00,1.1023422762582695,1.102566727519866,1.1006516433219107,1.1017211038510468,2812
2024-06-26 04:00:00+00:00,1.1018521240112065,1.1024685251527087,1.101059330925676,1.1017341071399294,3969
2024-06-26 05:00:00+00:00,1.101834020276285,1.1025973677596856,1.1010093801034975,1.1015822962190496,4068
2024-06-26 06:00:00+00:00,1.1017855252950801,1.102333338546097,1.1004898351262624,1.1017578741623957,5320
2024-06-26 07:00:00+00:00,1.1014592579653384,1.1028387958986203,1.1007700656810566,1.102242439903489,3654
2024-06-26 08:00:00+00:00,1.1029070597015511,1.1031063242325536,1.1015621094125585,1.1023754056963282,2857
2024-06-26 09:00:00+00:00,1.1026019363559898,1.102852801847249,1.101448193066721,1.102387910492994,3957
2024-06-26 10:00:00+00:00,1.1027586336674862,1.103124687913611,1.1008656568100215,1.101429999190253,2143
2024-06-26 11:00:00+00:00,1.1016106662346272,1.1024019742992504,1.0996765204118246,1.100260005719701,2879
2024-06-26 12:00:00+00:00,1.1006472687258817,1.1013668215565637,1.0993595056968302,1.1003865110574869,5064
2024-06-26 13:00:00+00:00,1.10008881120347,1.1012906060470198,1.098213349209055,1.0996221842314429,4872
2024-06-26 14:00:00+00:00,1.09915612558206,1.100370808452755,1.098263014503813,1.0991109323655786,6014
2024-06-26 15:00:00+00:00,1.0977135528897775,1.1005578736850117,1.0977135528897775,1.1000504097547688,4722
2024-06-26 16:00:00+00:00,1.1012027374572813,1.1029554848854626,1.101073235485566,1.1017643270733346,5892
2024-06-26 17:00:00+00:00,1.101391152566445,1.1022345873804527,1.1013260838847028,1.1017407435158981,3195
2024-06-26 18:00:00+00:00,1.1013249528251368,1.1018518594251026,1.1004437780356098,1.1012437587440584,3491
2024-06-26 19:00:00+00:00,1.101375526919748,1.102111861954773,1.0999387458359062,1.1007996328423189,3604
2024-06-26 20:00:00+00:00,1.1006699704340173,1.1017771024852732,1.0998926855468265,1.1008582562411895,3476
2024-06-26 21:00:00+00:00,1.1009294226465047,1.101964558575215,1.100547077870173,1.101483170279718,2011
2024-06-26 22:00:00+00:00,1.1020688884622745,1.1025324169044135,1.1012240117725074,1.101810825713611,2551
2024-06-26 23:00:00+00:00,1.102305875443289,1.1026514383925328,1.1017169754518712,1.1021912749268232,2861
2024-06-27 00:00:00+00:00,1.1015567148273733,1.1023150961224304,1.09996212778155,1.1002234746169859,7213
2024-06-27 01:00:00+00:00,1.100032932093876,1.100874807115609,1.0997066299878946,1.1003675864797042,4184
2024-06-27 02:00:00+00:00,1.099592785996917,1.1000990873267407,1.0991638510922657,1.09974913940932,4983
2024-06-27 03:00:00+00:00,1.099358628816354,1.1002594636006449,1.098878678743772,1.0992117609653398,3140
2024-06-27 04:00:00+00:00,1.099692393230347,1.1007062141077464,1.099333191237702,1.0997787607966134,2836
2024-06-27 05:00:00+00:00,1.099589458410643,1.10030297093123,1.0988008630544797,1.0990925592518752,4976
2024-06-27 06:00:00+00:00,1.098565140935177,1.0986448105120914,1.0977005660088954,1.0981929846097649,5040
2024-06-27 07:00:00+00:00,1.097936776937615,1.098749170963131,1.0974028644108424,1.098050673916166,4346
2024-06-27 08:00:00+00:00,1.0984504804162483,1.098804946216446,1.0973848632636118,1.097768922486743,2839
2024-06-27 09:00:00+00:00,1.0979249576264758,1.098524849425683,1.0961154013632906,1.096998477197968,5968
2024-06-27 10:00:00+00:00,1.0971849093702166,1.0978546667469953,1.0941688118733959,1.0946407006143826,3817
2024-06-27 11:00:00+00:00,1.0959934104545521,1.0964318494877288,1.0951213009935143,1.0957403398111512,4013
2024-06-27 12:00:00+00:00,1.0958209770407306,1.0968104340375502,1.0954391850265768,1.0966110417562966,3878
2024-06-27 13:00:00+00:00,1.0978773515948375,1.1005600456807365,1.0971621994450778,1.0998404462720897,5015
2024-06-27 14:00:00+00:00,1.1012471045039163,1.1017807273518627,1.099373892519147,1.1012649829726204,3829
2024-06-27 15:00:00+00:00,1.1009247737846273,1.1020365879652416,1.0995790622810173,1.1010413749144106,4343
2024-06-27 16:00:00+00:00,1.102223265654408,1.1038373060922635,1.1009769846207753,1.1034015156460966,4578
2024-06-27 17:00:00+00:00,1.1034630960771115,1.1038512890267995,1.102094210503631,1.1029392350396827,3192
2024-06-27 18:00:00+00:00,1.1026532604886747,1.1043179680895583,1.1024418414831896,1.104055224835109,5076
2024-06-27 19:00:00+00:00,1.1038880684637915,1.1041735361318434,1.102356042987967,1.1030768405237243,3992
2024-06-27 20:00:00+00:00,1.1027565030371687,1.1042560390912632,1.1023090690175619,1.1031479762104754,5349
2024-06-27 21:00:00+00:00,1.102988580668762,1.103726031278298,1.101313500109271,1.1022925536352126,3515
2024-06-27 22:00:00+00:00,1.1027340942117976,1.1032689541620615,1.1018090319733087,1.102290268394013,3548
2024-06-27 23:00:00+00:00,1.1019102683225377,1.1025300706599885,1.1008177121225782,1.1015479110207829,2528
2024-06-28 00:00:00+00:00,1.1020302560132715,1.1029025195617526,1.101167159584438,1.1019771687273734,6186
2024-06-28 01:00:00+00:00,1.1017827499043416,1.102440470241357,1.1008313850446367,1.101606314898741,4959
2024-06-28 02:00:00+00:00,1.1019709792146168,1.1026545922890953,1.1007488358896853,1.1012043762117882,4720
2024-06-28 03:00:00+00:00,1.101404982135923,1.1029376949655572,1.1006521915298222,1.1024070581335104,5745
2024-06-28 04:00:00+00:00,1.1025579062277902,1.103115273597678,1.1016348091271764,1.1020949119735381,4895
2024-06-28 05:00:00+00:00,1.1026795099373914,1.1026795099373914,1.1012192762029802,1.1021062212752777,4174
2024-06-28 06:00:00+00:00,1.1022901861016885,1.1029327615927564,1.1015553716261048,1.1016932221691387,5813
2024-06-28 07:00:00+00:00,1.1016824265569338,1.1033182177560656,1.1004205809672138,1.1030741571146045,4778
2024-06-28 08:00:00+00:00,1.1039969105640388,1.104852894926938,1.10378169550938,1.104409851202432,4239
2024-06-28 09:00:00+00:00,1.1035797953836484,1.1055147448675744,1.1027021274404847,1.1050497933016359,4577
2024-06-28 10:00:00+00:00,1.105349241201086,1.1071255108136884,1.1046753545955088,1.1056481851985578,6685
2024-06-28 11:00:00+00:00,1.105982932876721,1.107688774908386,1.1053072669513317,1.107237597196697,2835
2024-06-28 12:00:00+00:00,1.1084411006600217,1.1084411006600217,1.1065563157873826,1.107554081631219,3482
2024-06-28 13:00:00+00:00,1.1067853961277903,1.1072894738326544,1.1052799622949872,1.105879424418663,2813
2024-06-28 14:00:00+00:00,1.1073243433393176,1.1081942999719565,1.1068066136328518,1.1072071757088242,5918
2024-06-28 15:00:00+00:00,1.1088243589745144,1.109507498866852,1.1075121347747157,1.1076827661055755,2362
2024-06-28 16:00:00+00:00,1.1073884207706481,1.1082162106905402,1.1057373264626216,1.1062280799050441,5188
2024-06-28 17:00:00+00:00,1.1061676350926024,1.1068979476760217,1.1057991883140212,1.1061842921859144,3878
2024-06-28 18:00:00+00:00,1.1063964777453386,1.1070110196163034,1.1055925361840477,1.1062488919015236,2080
2024-06-28 19:00:00+00:00,1.106487317615714,1.1072208860498818,1.105432630177384,1.1065468013453774,1962
2024-06-28 20:00:00+00:00,1.1067137514097543,1.1085628636417835,1.106584137790724,1.1080449022400798,5112
2024-06-28 21:00:00+00:00,1.1079123629890857,1.108876236237339,1.1074910640206754,1.1079568269743272,5362
2024-06-28 22:00:00+00:00,1.108065063756938,1.1086692420164679,1.1078882178865361,1.1082276170990326,2986
2024-06-28 23:00:00+00:00,1.1080900539968028,1.109057987740409,1.1073042585970823,1.1081578420425975,3857
2024-06-29 00:00:00+00:00,1.107772961248958,1.1089879012367898,1.1077088350340656,1.108480387711928,4062
2024-06-29 01:00:00+00:00,1.1079247129104408,1.109095028940985,1.1073490836827067,1.1080744383896088,5859
2024-06-29 02:00:00+00:00,1.1079154678693313,1.1082768237954708,1.1070039206148206,1.1077606736266246,4501
2024-06-29 03:00:00+00:00,1.108619230535873,1.1086603893535647,1.107734110786885,1.1082070294642292,3589
2024-06-29 04:00:00+00:00,1.1085067830382491,1.1095142133360578,1.1079549719158408,1.1084102715439326,4837
2024-06-29 05:00:00+00:00,1.108949367300179,1.108949367300179,1.1069415286608209,1.1078015285125675,5001
2024-06-29 06:00:00+00:00,1.1072766006174277,1.1082283212570065,1.106883190528603,1.1076608455832007,4210
2024-06-29 07:00:00+00:00,1.1078850001405836,1.1089441438674899,1.1077557627353183,1.108333783146523,2701
2024-06-29 08:00:00+00:00,1.110208594494093,1.111887710297037,1.1097834837972214,1.1116926993008942,3788
2024-06-29 09:00:00+00:00,1.1117901090067772,1.1126888781297348,1.1109722788088827,1.1122804389008405,4063
2024-06-29 10:00:00+00:00,1.1106803227614348,1.1120028274638685,1.1096904172391235,1.1111265707191869,7096
2024-06-29 11:00:00+00:00,1.1123746824512386,1.1134688896798635,1.1120859694454934,1.1127697498943014,5095
2024-06-29 12:00:00+00:00,1.1124346695861416,1.1166566137287917,1.1122141176273734,1.1159448738571267,4494
2024-06-29 13:00:00+00:00,1.1154005906098179,1.116067318196436,1.1144316979504427,1.1147122933035511,4322
2024-06-29 14:00:00+00:00,1.1148018380553832,1.1160899345812565,1.1136649479010252,1.1149230519417401,5784
2024-06-29 15:00:00+00:00,1.11556387860216,1.1169595453660397,1.1150882624806742,1.1161715662317606,2827
2024-06-29 16:00:00+00:00,1.1162782747506712,1.1168309721223448,1.1151076909085285,1.1154622645246124,3486
2024-06-29 17:00:00+00:00,1.11550269265689,1.1161903688657078,1.1151406253444545,1.115390328720187,3921
2024-06-29 18:00:00+00:00,1.1159463045584002,1.1162660647947023,1.114866654151336,1.1161427905968095,4957
2024-06-29 19:00:00+00:00,1.1154768125269312,1.1161732821847155,1.1138193264460252,1.1146992736042702,7526
2024-06-29 20:00:00+00:00,1.1142898633487415,1.1150195364983377,1.1136146299791072,1.1143719673982184,4245
2024-06-29 21:00:00+00:00,1.1145326785791376,1.1151827254583349,1.1139419354761533,1.1143858597042033,4558
2024-06-29 22:00:00+00:00,1.1146960793816354,1.1149622858258774,1.1126250708038743,1.1131884329198736,6024
2024-06-29 23:00:00+00:00,1.1136521238902433,1.114322939198106,1.1128700506314175,1.1130919814834452,4534
2024-06-30 00:00:00+00:00,1.113066743596001,1.1137963821743284,1.1123009961777628,1.1131556718856839,3144
2024-06-30 01:00:00+00:00,1.1131633286143277,1.1144368727675662,1.1122578686267892,1.1138030298136197,4286
2024-06-30 02:00:00+00:00,1.1138095343684709,1.1138095343684709,1.112207278863871,1.1129064327325116,4702
2024-06-30 03:00:00+00:00,1.113177947854434,1.1144926339087777,1.1127215464363578,1.1139257513596506,5533
2024-06-30 04:00:00+00:00,1.1143162313405623,1.115089795158928,1.113770137260764,1.1140462072751747,4159
2024-06-30 05:00:00+00:00,1.113695680012868,1.1141419090309073,1.1127750901877025,1.1130885178379109,3513
2024-06-30 06:00:00+00:00,1.1132055521971995,1.1144873066116674,1.1126142962367969,1.1137842097817436,3878
2024-06-30 07:00:00+00:00,1.113786884222527,1.1141485225615733,1.1129617209295977,1.1136651877776105,5277
2024-06-30 08:00:00+00:00,1.1135775051264536,1.1142556858734203,1.1099809905463027,1.1103776655729274,4721
2024-06-30 09:00:00+00:00,1.1094734444169136,1.1099043066692342,1.106730747977967,1.1071790408031947,3576
2024-06-30 10:00:00+00:00,1.1068427493170514,1.1084056026067144,1.105341059262624,1.105972698422733,5544
2024-06-30 11:00:00+00:00,1.1061768118269313,1.1064976010850263,1.105514251054209,1.1059055764877133,2689
2024-06-30 12:00:00+00:00,1.1055208875098077,1.106854637692353,1.1047670857739131,1.1051814591266325,5622
2024-06-30 13:00:00+00:00,1.106108500947841,1.109240928533826,1.106108500947841,1.1083372590739804,3323
2024-06-30 14:00:00+00:00,1.1095144398186805,1.111277627887666,1.1092892491740334,1.1101010179847943,4077
2024-06-30 15:00:00+00:00,1.1100397934666082,1.1128734962239621,1.1095092400987139,1.1105957750582693,4932
2024-06-30 16:00:00+00:00,1.109422224878367,1.10968514265294,1.1080902838445519,1.1085558967759672,4300
2024-06-30 17:00:00+00:00,1.1075912387180264,1.1086906162192915,1.1075039363681498,1.108298062550719,3673
2024-06-30 18:00:00+00:00,1.1082140453924638,1.1092206907925182,1.107612659300246,1.1081586621051795,5266
2024-06-30 19:00:00+00:00,1.1085126660239517,1.109204765524462,1.1078474731117343,1.1083799855663852,4574
2024-06-30 20:00:00+00:00,1.1089056830617359,1.1092229640548794,1.1070088204580768,1.1075027732628677,1779
2024-06-30 21:00:00+00:00,1.1076134284776382,1.108137626388686,1.106554196686972,1.1068733933434585,3911
2024-06-30 22:00:00+00:00,1.1061378633474654,1.1073447844962738,1.1060246255303583,1.106228048494114,3894
2024-06-30 23:00:00+00:00,1.1057748398156086,1.1061926091947698,1.1049694570526423,1.105449319608001,4519
2024-07-01 00:00:00+00:00,1.105656054320939,1.1057809260061253,1.1042284568176146,1.104919829511163,3371
2024-07-01 01:00:00+00:00,1.1059300404016612,1.1059300404016612,1.1047710566343008,1.105134776636441,3223
2024-07-01 02:00:00+00:00,1.104834086202479,1.1062111139738888,1.1041669146668864,1.1048948894010409,5670
2024-07-01 03:00:00+00:00,1.1051314766446656,1.1052918434257446,1.1042304730160801,1.1047075406290343,6316
2024-07-01 04:00:00+00:00,1.1048531307234986,1.1056793184370817,1.1039928990357386,1.103993872996849,4916
2024-07-01 05:00:00+00:00,1.1036991403056313,1.1043661286770186,1.1025470825528176,1.10314284455587,2490
2024-07-01 06:00:00+00:00,1.1033087314756824,1.1037700940866497,1.1028119284507294,1.1034113117724238,4758
